RADICADO,FECHA,HORA,DÍA DE LA SEMANA,CLASE DE VEHICULO,TIPO DE SERVICIO,TIPO DE VICTIMA,SEXO,ESTADO DE BEODEZ,RESULTADO DE BEODEZ,GRAVEDAD,CLASE DE ACCIDENTE,CAUSA,DIRECCIÓN,BARRIO,AREA,Coordenadas
2180040,01/04/2018,6:35 a.m.,jueves,MOTOCICLETA,PARTICULAR,Motociclista,Masculino,No,N/A,SOLO DAÑOS,Choque,No mantener distancia de seguridad,Calle 36 D Sur Carrera 27,VEREDA EL ESCOBERO,Urbana,"(6.162479576, -75.570222573)"
2180040,01/04/2018,6:35 a.m.,jueves,CAMPERO,PARTICULAR,Conductor,Femenino,No,N/A,SOLO DAÑOS,Choque,No mantener distancia de seguridad,Calle 36 D Sur Carrera 27,VEREDA EL ESCOBERO,Urbana,"(6.162479576, -75.570222573)"
2180048,01/05/2018,12:00 a.m.,viernes,AUTOMOVIL,PARTICULAR,Conductor,Masculino,No,N/A,SOLO DAÑOS,Choque,No mantener distancia de seguridad,Carrera 40 Calle 36  Sur,ZONA CENTRO,Urbana,"(6.17006539, -75.585029162)"
2180048,01/05/2018,12:00 a.m.,viernes,MOTOCICLETA,PARTICULAR,Motociclista,Femenino,No,N/A,SOLO DAÑOS,Choque,No mantener distancia de seguridad,Carrera 40 Calle 36  Sur,ZONA CENTRO,Urbana,"(6.17006539, -75.585029162)"
2180034,01/05/2018,1:00 p.m.,viernes,MOTOCICLETA,PARTICULAR,Motociclista,Masculino,No,N/A,HERIDO,Atropello,Exceso de velocidad,Carrera 24 E Calle 40  Sur,EL SALADO,Urbana,
2180024,01/05/2018,11:00 p.m.,viernes,MOTOCICLETA,PARTICULAR,Motociclista,Masculino,No,N/A,HERIDO,Caida Ocupante,Impericia en el manejo,Tramo 371 Kilometro  8,VEREDA EL ESCOBERO,Rural,
2180055,01/05/2018,10:10 p.m.,viernes,CAMPERO,PARTICULAR,Conductor,Masculino,No,N/A,SOLO DAÑOS,Choque,No mantener distancia de seguridad,Carrera 50 Calle 38  Sur,LAS VEGAS,Urbana,
2180055,01/05/2018,10:10 p.m.,viernes,MOTOCICLETA,PARTICULAR,Motociclista,Masculino,No,N/A,SOLO DAÑOS,Choque,No mantener distancia de seguridad,Carrera 50 Calle 38  Sur,LAS VEGAS,Urbana,
2180023,01/05/2018,12:10 a.m.,viernes,AUTOMOVIL,PARTICULAR,Conductor,Masculino,No,N/A,MUERTO,Choque,Transitar entre vehiculos,Carrera 43 A Calle 46 A Sur,AVENIDA EL POBLADO,Urbana,"(6.163261247, -75.596452832)"
2180023,01/05/2018,12:10 a.m.,viernes,BICICLETA,N/A,Ciclista,Masculino,No,N/A,MUERTO,Choque,Transitar entre vehiculos,Carrera 43 A Calle 46 A Sur,AVENIDA EL POBLADO,Urbana,"(6.163261247, -75.596452832)"
2180047,01/05/2018,4:20 p.m.,viernes,AUTOMOVIL,PARTICULAR,Conductor,Femenino,No,N/A,SOLO DAÑOS,Choque,No respetar prelacion,Tramo 372 Kilometro  12,VEREDA PALMAS,Rural,
2180047,01/05/2018,4:20 p.m.,viernes,AUTOMOVIL,PARTICULAR,Conductor,Masculino,No,N/A,SOLO DAÑOS,Choque,No respetar prelacion,Tramo 372 Kilometro  12,VEREDA PALMAS,Rural,
2180045,01/05/2018,3:30 p.m.,viernes,BUS,PUBLICO,Conductor,Masculino,No,N/A,SOLO DAÑOS,Choque,Reverso imprudente,Carrera 39 E Calle 48 F Sur,LOMA DEL BARRO,Urbana,
2180045,01/05/2018,3:30 p.m.,viernes,AUTOMOVIL,PARTICULAR,Conductor,Masculino,No,N/A,SOLO DAÑOS,Choque,Reverso imprudente,Carrera 39 E Calle 48 F Sur,LOMA DEL BARRO,Urbana,
2180049,01/05/2018,3:30 p.m.,viernes,CAMIONETA,PARTICULAR,Conductor,Masculino,No,N/A,SOLO DAÑOS,Choque,Girar bruscamente,Carrera 48 Calle 36 A Sur,LAS VEGAS,Urbana,"(6.173906662, -75.591875412)"
2180033,01/05/2018,1:30 p.m.,viernes,MOTOCICLETA,PARTICULAR,Motociclista,Masculino,No,N/A,HERIDO,Atropello,Cruzar sin observar,Carrera 41 Calle 37  Sur,ZONA CENTRO,Urbana,"(6.169735041, -75.586166246)"
2180049,01/05/2018,3:30 p.m.,viernes,AUTOMOVIL,PARTICULAR,Conductor,Masculino,No,N/A,SOLO DAÑOS,Choque,Girar bruscamente,Carrera 48 Calle 36 A Sur,LAS VEGAS,Urbana,"(6.173906662, -75.591875412)"
2180041,01/05/2018,12:30 a.m.,viernes,AUTOMOVIL,PUBLICO,Conductor,Masculino,No,N/A,SOLO DAÑOS,Choque,No mantener distancia de seguridad,Carrera 48 Calle 25  Sur,LAS VEGAS,Urbana,"(6.185059174, -75.58329333)"
2180041,01/05/2018,12:30 a.m.,viernes,CAMIONETA,PARTICULAR,Conductor,Femenino,No,N/A,SOLO DAÑOS,Choque,No mantener distancia de seguridad,Carrera 48 Calle 25  Sur,LAS VEGAS,Urbana,"(6.185059174, -75.58329333)"
2180031,01/05/2018,7:40 a.m.,viernes,MOTOCICLETA,PARTICULAR,Motociclista,Masculino,No,N/A,HERIDO,Caida Ocupante,Impericia en el manejo,Carrera 43 A Transversal 27 A Sur,VILLA GRANDE,Urbana,"(6.178993539, -75.583605914)"
2180042,01/05/2018,9:50 a.m.,viernes,AUTOMOVIL,PUBLICO,Conductor,Masculino,No,N/A,SOLO DAÑOS,Choque,No respetar prelacion,Carrera 50 Calle 37  Sur,LAS VEGAS,Urbana,
2180042,01/05/2018,9:50 a.m.,viernes,BUS,PUBLICO,Conductor,Masculino,No,N/A,SOLO DAÑOS,Choque,No respetar prelacion,Carrera 50 Calle 37  Sur,LAS VEGAS,Urbana,
2180052,01/06/2018,3:00 p.m.,sábado,AUTOMOVIL,PARTICULAR,Conductor,Masculino,No,N/A,SOLO DAÑOS,Choque,No mantener distancia de seguridad,Calle 37  Sur Carrera 50,LAS VEGAS,Urbana,
2180052,01/06/2018,3:00 p.m.,sábado,CAMIONETA,PARTICULAR,Conductor,Masculino,No,N/A,SOLO DAÑOS,Choque,No mantener distancia de seguridad,Calle 37  Sur Carrera 50,LAS VEGAS,Urbana,
2180050,01/06/2018,12:10 a.m.,sábado,AUTOMOVIL,PUBLICO,Conductor,Masculino,No,N/A,SOLO DAÑOS,Choque,Transitar entre vehiculos,Calle 38  Sur Carrera 41,ZONA CENTRO,Urbana,"(6.169244976, -75.586588065)"
2180050,01/06/2018,12:10 a.m.,sábado,MOTOCICLETA,PARTICULAR,Motociclista,Masculino,No,N/A,SOLO DAÑOS,Choque,Transitar entre vehiculos,Calle 38  Sur Carrera 41,ZONA CENTRO,Urbana,"(6.169244976, -75.586588065)"
2180026,01/06/2018,9:30 a.m.,sábado,AUTOMOVIL,PARTICULAR,Conductor,Masculino,No,N/A,HERIDO,Choque,Impericia en el manejo,Diagonal 30 B Transversal 32 D Sur,LAS FLORES,Urbana,"(6.174345526, -75.578327371)"
2180026,01/06/2018,9:30 a.m.,sábado,MOTOCICLETA,PARTICULAR,Motociclista,Masculino,No,N/A,HERIDO,Choque,Impericia en el manejo,Diagonal 30 B Transversal 32 D Sur,LAS FLORES,Urbana,"(6.174345526, -75.578327371)"
2180051,01/06/2018,1:40 p.m.,sábado,AUTOMOVIL,PUBLICO,Conductor,Masculino,No,N/A,SOLO DAÑOS,Choque,Poner en marcha un vehiculo sin precauci,Calle 33 B Sur Carrera 45,ZONA CENTRO,Urbana,"(6.174167802, -75.587992107)"
2180051,01/06/2018,1:40 p.m.,sábado,AUTOMOVIL,PARTICULAR,Conductor,Masculino,No,N/A,SOLO DAÑOS,Choque,Poner en marcha un vehiculo sin precauci,Calle 33 B Sur Carrera 45,ZONA CENTRO,Urbana,"(6.174167802, -75.587992107)"
2180053,01/06/2018,8:50 p.m.,sábado,MOTOCICLETA,PARTICULAR,Motociclista,Masculino,No,N/A,SOLO DAÑOS,Choque,Embriaguez aparente,Calle 25  Sur Carrera 42,LAS ORQUIDEAS,Urbana,"(6.179561127, -75.579866326)"
2180006,01/01/2018,1:00 p.m.,lunes,CAMPERO,PARTICULAR,Conductor,Masculino,No,N/A,SOLO DAÑOS,Choque,Impericia en el manejo,Carrera 48 Calle 30  Sur,LAS VEGAS,Urbana,"(6.179366643, -75.588084104)"
2180005,01/01/2018,7:00 p.m.,lunes,MOTOCICLETA,PARTICULAR,Motociclista,Femenino,No,N/A,HERIDO,Choque,No respetar prelacion,Carrera 48 Calle 25 A Sur,LAS VEGAS,Urbana,"(6.184740152, -75.583657425)"
2180005,01/01/2018,7:00 p.m.,lunes,AUTOMOVIL,PARTICULAR,Conductor,Masculino,No,N/A,HERIDO,Choque,No respetar prelacion,Carrera 48 Calle 25 A Sur,LAS VEGAS,Urbana,"(6.184740152, -75.583657425)"
2173913,01/01/2018,10:30 a.m.,lunes,AUTOMOVIL,PARTICULAR,Conductor,Femenino,No,N/A,SOLO DAÑOS,Choque,No mantener distancia de seguridad,Carrera 48 Calle 34  Sur,LAS VEGAS,Urbana,"(6.175414344, -75.590782176)"
2173913,01/01/2018,10:30 a.m.,lunes,MOTOCICLETA,PARTICULAR,Motociclista,Masculino,No,N/A,SOLO DAÑOS,Choque,No mantener distancia de seguridad,Carrera 48 Calle 34  Sur,LAS VEGAS,Urbana,"(6.175414344, -75.590782176)"
2180002,01/01/2018,8:30 p.m.,lunes,AUTOMOVIL,PARTICULAR,Conductor,Masculino,No,N/A,SOLO DAÑOS,Choque,No mantener distancia de seguridad,Tramo 12 Kilometro  0,VEREDA PALMAS,Rural,
2180002,01/01/2018,8:30 p.m.,lunes,MOTOCICLETA,PARTICULAR,Motociclista,Masculino,No,N/A,SOLO DAÑOS,Choque,No mantener distancia de seguridad,Tramo 12 Kilometro  0,VEREDA PALMAS,Rural,
2180003,01/02/2018,10:02 a.m.,martes,MOTOCICLETA,PARTICULAR,Motociclista,Femenino,No,N/A,SOLO DAÑOS,Choque,Adelantar en zona prohibida,Calle 27 D Sur Carrera 27,EL ESMERALDAL,Urbana,"(6.169224506, -75.571738164)"
2180003,01/02/2018,10:02 a.m.,martes,AUTOMOVIL,PARTICULAR,Conductor,Masculino,No,N/A,SOLO DAÑOS,Choque,Adelantar en zona prohibida,Calle 27 D Sur Carrera 27,EL ESMERALDAL,Urbana,"(6.169224506, -75.571738164)"
2180014,01/02/2018,7:15 p.m.,martes,MOTOCICLETA,PARTICULAR,Motociclista,Masculino,No,N/A,SOLO DAÑOS,Choque,Impericia en el manejo,Tramo 372 Kilometro  12,VEREDA PALMAS,Rural,
2180014,01/02/2018,7:15 p.m.,martes,AUTOMOVIL,PARTICULAR,Conductor,Femenino,No,N/A,SOLO DAÑOS,Choque,Impericia en el manejo,Tramo 372 Kilometro  12,VEREDA PALMAS,Rural,
2180017,01/02/2018,8:10 p.m.,martes,TRACTOCAMION,PUBLICO,Conductor,Masculino,No,N/A,SOLO DAÑOS,Choque,No respetar prelacion,Carrera 48 Calle 39  Sur,LAS VEGAS,Urbana,"(6.17163722, -75.593649993)"
2180017,01/02/2018,8:10 p.m.,martes,AUTOMOVIL,PUBLICO,Conductor,Masculino,No,N/A,SOLO DAÑOS,Choque,No respetar prelacion,Carrera 48 Calle 39  Sur,LAS VEGAS,Urbana,"(6.17163722, -75.593649993)"
2180015,01/02/2018,3:30 p.m.,martes,CAMPERO,PARTICULAR,Conductor,Masculino,No,N/A,SOLO DAÑOS,Choque,Transitar entre vehiculos,Calle 38  Sur Carrera 45 A,ALCALA,Urbana,"(6.17126287, -75.59030689)"
2180015,01/02/2018,3:30 p.m.,martes,MOTOCICLETA,PARTICULAR,Motociclista,Masculino,No,N/A,SOLO DAÑOS,Choque,Transitar entre vehiculos,Calle 38  Sur Carrera 45 A,ALCALA,Urbana,"(6.17126287, -75.59030689)"
2180120,01/15/2018,1:20 p.m.,lunes,MOTOCICLETA,PARTICULAR,Motociclista,Masculino,No,N/A,SOLO DAÑOS,Choque,Girar bruscamente,Carrera 50 Calle 30  Sur,LAS VEGAS,Urbana,
2180015,01/02/2018,3:30 p.m.,martes,AUTOMOVIL,PARTICULAR,Conductor,Masculino,No,N/A,SOLO DAÑOS,Choque,Transitar entre vehiculos,Calle 38  Sur Carrera 45 A,ALCALA,Urbana,"(6.17126287, -75.59030689)"
2180015,01/02/2018,3:30 p.m.,martes,AUTOMOVIL,PARTICULAR,Conductor,Masculino,No,N/A,SOLO DAÑOS,Choque,Transitar entre vehiculos,Calle 38  Sur Carrera 45 A,ALCALA,Urbana,"(6.17126287, -75.59030689)"
2180013,01/02/2018,1:30 p.m.,martes,AUTOMOVIL,PUBLICO,Conductor,Masculino,No,N/A,SOLO DAÑOS,Choque,Impericia en el manejo,Tramo 372 Kilometro  12,VEREDA PALMAS,Rural,
2180000,01/02/2018,8:40 p.m.,martes,BUS,PUBLICO,Conductor,Masculino,No,N/A,HERIDO,Choque,Desobedecer senales,Calle 37  Sur Carrera 36,MESA,Urbana,"(6.168044613, -75.583236971)"
2180000,01/02/2018,8:40 p.m.,martes,AUTOMOVIL,PARTICULAR,Conductor,Masculino,No,N/A,HERIDO,Choque,Desobedecer senales,Calle 37  Sur Carrera 36,MESA,Urbana,"(6.168044613, -75.583236971)"
2180007,01/02/2018,12:40 a.m.,martes,AUTOMOVIL,PARTICULAR,Conductor,Masculino,No,N/A,SOLO DAÑOS,Choque,No mantener distancia de seguridad,Carrera 48 Calle 34 B Sur,LAS VEGAS,Urbana,"(6.175414344, -75.590782176)"
2180007,01/02/2018,12:40 a.m.,martes,AUTOMOVIL,PARTICULAR,Conductor,Femenino,No,N/A,SOLO DAÑOS,Choque,No mantener distancia de seguridad,Carrera 48 Calle 34 B Sur,LAS VEGAS,Urbana,"(6.175414344, -75.590782176)"
2173901,01/02/2018,10:50 p.m.,martes,AUTOMOVIL,PUBLICO,Conductor,Masculino,No,N/A,HERIDO,Choque,Desobedecer senales,Transversal 34 C Sur Diagonal 32,LOS NARANJOS,Urbana,"(6.172231013, -75.581268087)"
2173901,01/02/2018,10:50 p.m.,martes,MOTOCICLETA,DIPLOMATICO,Motociclista,Masculino,No,N/A,HERIDO,Choque,Desobedecer senales,Transversal 34 C Sur Diagonal 32,LOS NARANJOS,Urbana,"(6.172231013, -75.581268087)"
2173901,01/02/2018,10:50 p.m.,martes,MOTOCICLETA,PARTICULAR,Motociclista,Femenino,No,N/A,HERIDO,Choque,Desobedecer senales,Transversal 34 C Sur Diagonal 32,LOS NARANJOS,Urbana,"(6.172231013, -75.581268087)"
2180008,01/03/2018,9:00 a.m.,miércoles,AUTOMOVIL,PARTICULAR,Conductor,Masculino,No,N/A,HERIDO,Choque,Impericia en el manejo,Transversal 34  Sur Diagonal 31 E,LAS FLORES,Urbana,"(6.173807152, -75.581083293)"
2180008,01/03/2018,9:00 a.m.,miércoles,MOTOCICLETA,PARTICULAR,Motociclista,Femenino,No,N/A,HERIDO,Choque,Impericia en el manejo,Transversal 34  Sur Diagonal 31 E,LAS FLORES,Urbana,"(6.173807152, -75.581083293)"
2180018,01/03/2018,9:00 a.m.,miércoles,CAMIONETA,PARTICULAR,Conductor,Femenino,No,N/A,HERIDO,Choque,Impericia en el manejo,Calle 36 AA Sur Carrera 25 B,EL CHOCHO,Urbana,"(6.161179912, -75.565130046)"
2180028,01/03/2018,8:10 p.m.,miércoles,MOTOCICLETA,PARTICULAR,Motociclista,Masculino,No,N/A,HERIDO,Choque,No mantener distancia de seguridad,Carrera 50 Calle 25 AA Sur,LAS VEGAS,Urbana,"(6.18564452, -75.586338909)"
2180038,01/03/2018,2:05 p.m.,miércoles,AUTOMOVIL,PUBLICO,Conductor,Masculino,No,N/A,SOLO DAÑOS,Choque,Girar bruscamente,Carrera 43 A Calle 40  Sur,AVENIDA EL POBLADO,Urbana,"(6.168044687, -75.59026877)"
2180028,01/03/2018,8:10 p.m.,miércoles,AUTOMOVIL,PARTICULAR,Conductor,Femenino,No,N/A,HERIDO,Choque,No mantener distancia de seguridad,Carrera 50 Calle 25 AA Sur,LAS VEGAS,Urbana,"(6.18564452, -75.586338909)"
2180032,01/03/2018,7:20 p.m.,miércoles,MOTOCICLETA,PARTICULAR,Motociclista,Masculino,No,N/A,HERIDO,Choque,No respetar pelacion de interseccion o giros,Carrera 48 Calle 37  Sur,LAS VEGAS,Urbana,"(6.172859211, -75.592769925)"
2180032,01/03/2018,7:20 p.m.,miércoles,AUTOMOVIL,PARTICULAR,Conductor,Masculino,No,N/A,HERIDO,Choque,Adelantar cerrando,Carrera 48 Calle 37  Sur,LAS VEGAS,Urbana,"(6.172859211, -75.592769925)"
2180038,01/03/2018,2:05 p.m.,miércoles,AUTOMOVIL,PARTICULAR,Conductor,Masculino,No,N/A,SOLO DAÑOS,Choque,No respetar prelacion,Carrera 43 A Calle 40  Sur,AVENIDA EL POBLADO,Urbana,"(6.168044687, -75.59026877)"
2180038,01/03/2018,2:05 p.m.,miércoles,AUTOMOVIL,PARTICULAR,Conductor,Masculino,No,N/A,SOLO DAÑOS,Choque,Girar bruscamente,Carrera 43 A Calle 40  Sur,AVENIDA EL POBLADO,Urbana,"(6.168044687, -75.59026877)"
2180032,01/03/2018,7:20 p.m.,miércoles,AUTOMOVIL,PARTICULAR,Conductor,Masculino,No,N/A,HERIDO,Choque,No respetar pelacion de interseccion o giros,Carrera 48 Calle 37  Sur,LAS VEGAS,Urbana,"(6.172859211, -75.592769925)"
2180032,01/03/2018,7:20 p.m.,miércoles,MOTOCICLETA,PARTICULAR,Motociclista,Masculino,No,N/A,HERIDO,Choque,Adelantar cerrando,Carrera 48 Calle 37  Sur,LAS VEGAS,Urbana,"(6.172859211, -75.592769925)"
2180038,01/03/2018,2:05 p.m.,miércoles,AUTOMOVIL,PUBLICO,Conductor,Masculino,No,N/A,SOLO DAÑOS,Choque,No respetar prelacion,Carrera 43 A Calle 40  Sur,AVENIDA EL POBLADO,Urbana,"(6.168044687, -75.59026877)"
2180039,01/03/2018,2:10 p.m.,miércoles,BUS,PUBLICO,Conductor,Masculino,No,N/A,SOLO DAÑOS,Choque,Frenar bruscamente,Calle 36  Sur Carrera 27 B,EL CHOCHO,Urbana,"(6.167598765, -75.572615819)"
2180039,01/03/2018,2:10 p.m.,miércoles,CAMION,PUBLICO,Conductor,Masculino,No,N/A,SOLO DAÑOS,Choque,Impericia en el manejo,Calle 36  Sur Carrera 27 B,EL CHOCHO,Urbana,"(6.167598765, -75.572615819)"
2180039,01/03/2018,2:10 p.m.,miércoles,CAMION,PUBLICO,Conductor,Masculino,No,N/A,SOLO DAÑOS,Choque,Frenar bruscamente,Calle 36  Sur Carrera 27 B,EL CHOCHO,Urbana,"(6.167598765, -75.572615819)"
2180039,01/03/2018,2:10 p.m.,miércoles,BUS,PUBLICO,Conductor,Masculino,No,N/A,SOLO DAÑOS,Choque,Impericia en el manejo,Calle 36  Sur Carrera 27 B,EL CHOCHO,Urbana,"(6.167598765, -75.572615819)"
2180009,01/03/2018,6:30 p.m.,miércoles,AUTOMOVIL,PARTICULAR,Conductor,Masculino,No,N/A,SOLO DAÑOS,Choque,Adelantar por la derecha,Carrera 36 Calle 38 A Sur,MESA,Urbana,"(6.166548376, -75.584101466)"
2180009,01/03/2018,6:30 p.m.,miércoles,AUTOMOVIL,PUBLICO,Conductor,Masculino,No,N/A,SOLO DAÑOS,Choque,Adelantar por la derecha,Carrera 36 Calle 38 A Sur,MESA,Urbana,"(6.166548376, -75.584101466)"
2180020,01/03/2018,9:30 p.m.,miércoles,AUTOMOVIL,PUBLICO,Conductor,Masculino,No,N/A,HERIDO,Atropello,Reverso imprudente,Transversal 32 A Sur Diagonal 33,LA MAGNOLIA,Urbana,"(6.174957688, -75.584745217)"
2180010,01/03/2018,8:50 a.m.,miércoles,CAMPERO,PARTICULAR,Conductor,Masculino,No,N/A,SOLO DAÑOS,Choque,Desobedecer senales,Calle 36 D Sur Carrera 27 G,VEREDA EL ESCOBERO,Urbana,"(6.162479576, -75.570222573)"
2180010,01/03/2018,8:50 a.m.,miércoles,AUTOMOVIL,PARTICULAR,Conductor,Masculino,No,N/A,SOLO DAÑOS,Choque,Desobedecer senales,Calle 36 D Sur Carrera 27 G,VEREDA EL ESCOBERO,Urbana,"(6.162479576, -75.570222573)"
2180019,01/03/2018,11:50 a.m.,miércoles,CAMION,PUBLICO,Conductor,Masculino,No,N/A,SOLO DAÑOS,Choque,Impericia en el manejo,Carrera 32 B Calle 40 F Sur,N/R,Urbana,"(6.162538385, -75.584717885)"
2180019,01/03/2018,11:50 a.m.,miércoles,AUTOMOVIL,PARTICULAR,Conductor,Masculino,No,N/A,SOLO DAÑOS,Choque,Impericia en el manejo,Carrera 32 B Calle 40 F Sur,N/R,Urbana,"(6.162538385, -75.584717885)"
2180012,01/03/2018,10:50 a.m.,miércoles,AUTOMOVIL,PUBLICO,Conductor,Masculino,No,N/A,SOLO DAÑOS,Choque,No mantener distancia de seguridad,Calle 25 A Sur Carrera 46,VILLA GRANDE,Urbana,"(6.182479713, -75.583295985)"
2180027,01/03/2018,8:50 a.m.,miércoles,MOTOCICLETA,PARTICULAR,Motociclista,Masculino,No,N/A,HERIDO,Atropello,Cruzar sin observar,Carrera 40 Calle 35  Sur,ZONA CENTRO,Urbana,"(6.170776136, -75.584583255)"
2180027,01/03/2018,8:50 a.m.,miércoles,MOTOCICLETA,PARTICULAR,Motociclista,Masculino,No,N/A,HERIDO,Atropello,Poner en marcha un vehiculo sin precauci,Carrera 40 Calle 35  Sur,ZONA CENTRO,Urbana,"(6.170776136, -75.584583255)"
2180012,01/03/2018,10:50 a.m.,miércoles,AUTOMOVIL,PARTICULAR,Conductor,Masculino,No,N/A,SOLO DAÑOS,Choque,No mantener distancia de seguridad,Calle 25 A Sur Carrera 46,VILLA GRANDE,Urbana,"(6.182479713, -75.583295985)"
2180011,01/03/2018,10:45 p.m.,miércoles,CAMION,PARTICULAR,Conductor,Masculino,No,N/A,HERIDO,Choque,Embriaguez aparente,Carrera 50 Calle 25 AA Sur,LAS VEGAS,Urbana,"(6.18564452, -75.586338909)"
2180011,01/03/2018,10:45 p.m.,miércoles,MOTOCICLETA,PARTICULAR,Motociclista,Masculino,Si,2,HERIDO,Choque,Embriaguez aparente,Carrera 50 Calle 25 AA Sur,LAS VEGAS,Urbana,"(6.18564452, -75.586338909)"
2180029,01/04/2018,1:00 p.m.,jueves,AUTOMOVIL,PUBLICO,Conductor,Masculino,No,N/A,HERIDO,Choque,Desobedecer senales,Calle 45 B Sur Carrera 42 B,LA PAZ,Urbana,"(6.163155121, -75.593708386)"
2180022,01/04/2018,8:00 a.m.,jueves,MOTOCICLETA,PARTICULAR,Motociclista,Masculino,No,N/A,HERIDO,Choque,No mantener distancia de seguridad,Carrera 48 Calle 49 D Sur,LAS CASITAS,Urbana,"(6.162290273, -75.603105027)"
2180022,01/04/2018,8:00 a.m.,jueves,BICICLETA,N/A,Ciclista,Masculino,No,N/A,HERIDO,Choque,No mantener distancia de seguridad,Carrera 48 Calle 49 D Sur,LAS CASITAS,Urbana,"(6.162290273, -75.603105027)"
2180021,01/04/2018,6:00 a.m.,jueves,MOTOCICLETA,PARTICULAR,Motociclista,Masculino,No,N/A,HERIDO,Caida Ocupante,Impericia en el manejo,Carrera 50 Calle 23  Sur,LAS VEGAS,Urbana,
2180029,01/04/2018,1:00 p.m.,jueves,AUTOMOVIL,PUBLICO,Conductor,Masculino,No,N/A,HERIDO,Choque,Desobedecer senales,Calle 45 B Sur Carrera 42 B,LA PAZ,Urbana,"(6.163155121, -75.593708386)"
2180025,01/04/2018,11:30 a.m.,jueves,AUTOMOVIL,PARTICULAR,Conductor,Masculino,No,N/A,HERIDO,Choque,No mantener distancia de seguridad,Carrera 43 A Calle 45  Sur,LA PAZ,Urbana,"(6.165116925, -75.594483161)"
2180025,01/04/2018,11:30 a.m.,jueves,CAMIONETA,PARTICULAR,Conductor,Masculino,No,N/A,HERIDO,Choque,No mantener distancia de seguridad,Carrera 43 A Calle 45  Sur,LA PAZ,Urbana,"(6.165116925, -75.594483161)"
2180025,01/04/2018,11:30 a.m.,jueves,AUTOMOVIL,PUBLICO,Conductor,Masculino,No,N/A,HERIDO,Choque,No mantener distancia de seguridad,Carrera 43 A Calle 45  Sur,LA PAZ,Urbana,"(6.165116925, -75.594483161)"
2180053,01/06/2018,8:50 p.m.,sábado,AUTOMOVIL,PARTICULAR,Conductor,Masculino,No,N/A,SOLO DAÑOS,Choque,Embriaguez aparente,Calle 25  Sur Carrera 42,LAS ORQUIDEAS,Urbana,"(6.179561127, -75.579866326)"
2180059,01/07/2018,10:00 p.m.,domingo,CAMIONETA,PARTICULAR,Conductor,Masculino,No,N/A,SOLO DAÑOS,Choque,No mantener distancia de seguridad,Calle 38  Sur Carrera 42,ZONA CENTRO,Urbana,"(6.16961293, -75.587384695)"
2180059,01/07/2018,10:00 p.m.,domingo,AUTOMOVIL,PARTICULAR,Conductor,Masculino,No,N/A,SOLO DAÑOS,Choque,No mantener distancia de seguridad,Calle 38  Sur Carrera 42,ZONA CENTRO,Urbana,"(6.16961293, -75.587384695)"
2180056,01/07/2018,6:00 p.m.,domingo,AUTOMOVIL,PARTICULAR,Conductor,Femenino,No,N/A,SOLO DAÑOS,Choque,Desobedecer senales,Calle 45 B Sur Carrera 43,LA PAZ,Urbana,"(6.164485785, -75.594678415)"
2180056,01/07/2018,6:00 p.m.,domingo,AUTOMOVIL,PARTICULAR,Conductor,Masculino,No,N/A,SOLO DAÑOS,Choque,Desobedecer senales,Calle 45 B Sur Carrera 43,LA PAZ,Urbana,"(6.164485785, -75.594678415)"
2180058,01/07/2018,5:10 p.m.,domingo,AUTOMOVIL,PUBLICO,Conductor,Masculino,No,N/A,SOLO DAÑOS,Choque,No mantener distancia de seguridad,Carrera 43 A Calle 38  Sur,ZONA CENTRO,Urbana,"(6.170421178, -75.588598773)"
2180058,01/07/2018,5:10 p.m.,domingo,AUTOMOVIL,PUBLICO,Conductor,Masculino,No,N/A,SOLO DAÑOS,Choque,No mantener distancia de seguridad,Carrera 43 A Calle 38  Sur,ZONA CENTRO,Urbana,"(6.170421178, -75.588598773)"
2180057,01/07/2018,12:45 a.m.,domingo,MOTOCICLETA,PARTICULAR,Motociclista,Masculino,No,N/A,SOLO DAÑOS,Choque,Estacionar sin seguridad,Carrera 45 F Sur Calle 40  Sur,ALCALA,Urbana,"(6.168610036, -75.592935563)"
2180057,01/07/2018,12:45 a.m.,domingo,CAMIONETA,PARTICULAR,Conductor,Masculino,No,N/A,SOLO DAÑOS,Choque,Estacionar sin seguridad,Carrera 45 F Sur Calle 40  Sur,ALCALA,Urbana,"(6.168610036, -75.592935563)"
2180074,01/08/2018,4:00 p.m.,lunes,AUTOMOVIL,PARTICULAR,Conductor,Femenino,No,N/A,SOLO DAÑOS,Choque,Desobedecer senales,Calle 37  Sur Carrera 31,MESA,Urbana,"(6.166120684, -75.580740605)"
2180074,01/08/2018,4:00 p.m.,lunes,CAMPERO,PARTICULAR,Conductor,Masculino,No,N/A,SOLO DAÑOS,Choque,Desobedecer senales,Calle 37  Sur Carrera 31,MESA,Urbana,"(6.166120684, -75.580740605)"
2180035,01/08/2018,9:20 a.m.,lunes,AUTOMOVIL,PARTICULAR,Conductor,Masculino,No,N/A,HERIDO,Choque,Semaforo en rojo,Carrera 43 A Calle 45  Sur,LA PAZ,Urbana,"(6.165116925, -75.594483161)"