RADICADO,FECHA,HORA,DÍA DE LA SEMANA,CLASE DE VEHICULO,TIPO DE SERVICIO,TIPO DE VICTIMA,SEXO,ESTADO DE BEODEZ,RESULTADO DE BEODEZ,GRAVEDAD,CLASE DE ACCIDENTE,CAUSA,DIRECCIÓN,BARRIO,AREA,Coordenadas
2180035,01/08/2018,9:20 a.m.,lunes,BICICLETA,N/A,Ciclista,Masculino,No,N/A,HERIDO,Choque,Semaforo en rojo,Carrera 43 A Calle 45  Sur,LA PAZ,Urbana,"(6.165116925, -75.594483161)"
2180075,01/08/2018,10:15 p.m.,lunes,MOTOCICLETA,PARTICULAR,Motociclista,Femenino,No,N/A,SOLO DAÑOS,Choque,Embriaguez o droga,Diagonal 31 Transversal 34 E Sur,LA SEBASTIANA,Urbana,"(6.172689669, -75.578827286)"
2180075,01/08/2018,10:15 p.m.,lunes,AUTOMOVIL,PARTICULAR,Conductor,Masculino,No,N/A,SOLO DAÑOS,Choque,Embriaguez o droga,Diagonal 31 Transversal 34 E Sur,LA SEBASTIANA,Urbana,"(6.172689669, -75.578827286)"
2180076,01/08/2018,9:40 p.m.,lunes,AUTOMOVIL,DIPLOMATICO,Conductor,Masculino,No,N/A,SOLO DAÑOS,Choque,Exceso de velocidad,Tramo 371 Kilometro  4,VEREDA EL ESCOBERO,Rural,
2180076,01/08/2018,9:40 p.m.,lunes,MOTOCICLETA,PARTICULAR,Motociclista,Masculino,No,N/A,SOLO DAÑOS,Choque,Exceso de velocidad,Tramo 371 Kilometro  4,VEREDA EL ESCOBERO,Rural,
2180073,01/08/2018,4:45 p.m.,lunes,AUTOMOVIL,PARTICULAR,Conductor,Masculino,No,N/A,SOLO DAÑOS,Choque,Impericia en el manejo,Calle 40  Sur Carrera 24,EL SALADO,Urbana,"(6.147263187, -75.576335752)"
2180073,01/08/2018,4:45 p.m.,lunes,AUTOMOVIL,PARTICULAR,Conductor,Masculino,No,N/A,SOLO DAÑOS,Choque,Impericia en el manejo,Calle 40  Sur Carrera 24,EL SALADO,Urbana,"(6.147263187, -75.576335752)"
2180078,01/09/2018,3:00 p.m.,martes,CAMIONETA,PARTICULAR,Conductor,Masculino,No,N/A,SOLO DAÑOS,Choque,Impericia en el manejo,Tramo 372 Kilometro  11,VEREDA PALMAS,Rural,
2180078,01/09/2018,3:00 p.m.,martes,CAMIONETA,PARTICULAR,Conductor,Masculino,No,N/A,SOLO DAÑOS,Choque,Exceso de velocidad,Tramo 372 Kilometro  11,VEREDA PALMAS,Rural,
2180036,01/09/2018,10:10 p.m.,martes,BUS,PUBLICO,Conductor,Masculino,No,N/A,HERIDO,Choque,Adelantar por la derecha,Carrera 50 Calle 37  Sur,LAS VEGAS,Urbana,
2180036,01/09/2018,10:10 p.m.,martes,AUTOMOVIL,PARTICULAR,Conductor,Masculino,No,N/A,HERIDO,Choque,Adelantar cerrando,Carrera 50 Calle 37  Sur,LAS VEGAS,Urbana,
2180036,01/09/2018,10:10 p.m.,martes,AUTOMOVIL,PARTICULAR,Conductor,Masculino,No,N/A,HERIDO,Choque,Adelantar por la derecha,Carrera 50 Calle 37  Sur,LAS VEGAS,Urbana,
2180036,01/09/2018,10:10 p.m.,martes,BUS,PUBLICO,Conductor,Masculino,No,N/A,HERIDO,Choque,Adelantar cerrando,Carrera 50 Calle 37  Sur,LAS VEGAS,Urbana,
2180030,01/09/2018,3:15 p.m.,martes,CAMION,PUBLICO,Conductor,Masculino,No,N/A,HERIDO,Choque,Impericia en el manejo,Carrera 50 Calle 43  Sur,LAS VEGAS,Urbana,
2180030,01/09/2018,3:15 p.m.,martes,MOTOCICLETA,PARTICULAR,Motociclista,Masculino,No,N/A,HERIDO,Choque,Impericia en el manejo,Carrera 50 Calle 43  Sur,LAS VEGAS,Urbana,
2180037,01/09/2018,6:30 a.m.,martes,MOTOCICLETA,PARTICULAR,Motociclista,Femenino,No,N/A,HERIDO,Choque,Transitar entre vehiculos,Carrera 50 Calle 39  Sur,LAS VEGAS,Urbana,
2180037,01/09/2018,6:30 a.m.,martes,MOTOCICLETA,PARTICULAR,Motociclista,Masculino,No,N/A,HERIDO,Choque,Transitar entre vehiculos,Carrera 50 Calle 39  Sur,LAS VEGAS,Urbana,
2180079,01/09/2018,4:25 p.m.,martes,AUTOMOVIL,PARTICULAR,Conductor,Masculino,No,N/A,SOLO DAÑOS,Choque,Girar bruscamente,Carrera 48 Calle 44  Sur,MILAN VALLEJUELOS,Urbana,"(6.167284881, -75.598245434)"
2180046,01/09/2018,8:30 a.m.,martes,MOTOCICLETA,PARTICULAR,Motociclista,Masculino,No,N/A,SOLO DAÑOS,Choque,No mantener distancia de seguridad,Tramo 372 Kilometro  7,VEREDA PALMAS,Rural,
2180046,01/09/2018,8:30 a.m.,martes,AUTOMOVIL,PARTICULAR,Conductor,Masculino,No,N/A,SOLO DAÑOS,Choque,No mantener distancia de seguridad,Tramo 372 Kilometro  7,VEREDA PALMAS,Rural,
2180079,01/09/2018,4:25 p.m.,martes,AUTOMOVIL,PARTICULAR,Conductor,Femenino,No,N/A,SOLO DAÑOS,Choque,Girar bruscamente,Carrera 48 Calle 44  Sur,MILAN VALLEJUELOS,Urbana,"(6.167284881, -75.598245434)"
2180077,01/09/2018,7:20 a.m.,martes,BUS,PUBLICO,Conductor,Masculino,No,N/A,SOLO DAÑOS,Choque,No mantener distancia de seguridad,Carrera 48 Calle 43  Sur,LAS VEGAS,Urbana,"(6.168335134, -75.597233576)"
2180077,01/09/2018,7:20 a.m.,martes,CAMIONETA,PARTICULAR,Conductor,Masculino,No,N/A,SOLO DAÑOS,Choque,No mantener distancia de seguridad,Carrera 48 Calle 43  Sur,LAS VEGAS,Urbana,"(6.168335134, -75.597233576)"
2180099,01/09/2018,8:45 a.m.,martes,CAMIONETA,PARTICULAR,Conductor,Masculino,No,N/A,SOLO DAÑOS,Volcamiento,Impericia en el manejo,Tramo 371 Kilometro  11,VEREDA EL ESCOBERO,Rural,
2180043,01/09/2018,7:45 a.m.,martes,MOTOCICLETA,PARTICULAR,Motociclista,Masculino,No,N/A,HERIDO,Choque,Desobedecer senales,Calle 46 D Sur Carrera 42 D,LA PAZ,Urbana,"(6.161005965, -75.595094671)"
2180043,01/09/2018,7:45 a.m.,martes,MOTOCICLETA,OFICIAL,Motociclista,Masculino,No,N/A,HERIDO,Choque,Desobedecer senales,Calle 46 D Sur Carrera 42 D,LA PAZ,Urbana,"(6.161005965, -75.595094671)"
2180080,01/10/2018,10:10 a.m.,miércoles,AUTOMOVIL,PARTICULAR,Conductor,Masculino,No,N/A,SOLO DAÑOS,Choque,No respetar pelacion de interseccion o giros,Carrera 48 Calle 50  Sur,LAS VEGAS,Urbana,
2180080,01/10/2018,10:10 a.m.,miércoles,CAMIONETA,PUBLICO,Conductor,Masculino,No,N/A,SOLO DAÑOS,Choque,No respetar prelacion,Carrera 48 Calle 50  Sur,LAS VEGAS,Urbana,
2180080,01/10/2018,10:10 a.m.,miércoles,CAMIONETA,PUBLICO,Conductor,Masculino,No,N/A,SOLO DAÑOS,Choque,No respetar pelacion de interseccion o giros,Carrera 48 Calle 50  Sur,LAS VEGAS,Urbana,
2180080,01/10/2018,10:10 a.m.,miércoles,AUTOMOVIL,PARTICULAR,Conductor,Masculino,No,N/A,SOLO DAÑOS,Choque,No respetar prelacion,Carrera 48 Calle 50  Sur,LAS VEGAS,Urbana,
2180089,01/10/2018,11:10 a.m.,miércoles,BUS,PUBLICO,Conductor,Masculino,No,N/A,SOLO DAÑOS,Choque,No mantener distancia de seguridad,Carrera 48 Calle 44  Sur,LAS VEGAS,Urbana,"(6.167284881, -75.598245434)"
2180089,01/10/2018,11:10 a.m.,miércoles,CAMIONETA,PARTICULAR,Conductor,Masculino,No,N/A,SOLO DAÑOS,Choque,No mantener distancia de seguridad,Carrera 48 Calle 44  Sur,LAS VEGAS,Urbana,"(6.167284881, -75.598245434)"
2180086,01/10/2018,1:15 p.m.,miércoles,AUTOMOVIL,PARTICULAR,Conductor,Femenino,No,N/A,SOLO DAÑOS,Choque,No mantener distancia de seguridad,Calle 46 A Sur Carrera 49,LAS VEGAS,Urbana,"(6.167038176, -75.600817262)"
2180072,01/10/2018,10:14 a.m.,miércoles,CAMIONETA,PARTICULAR,Conductor,Femenino,No,N/A,SOLO DAÑOS,Choque,Girar bruscamente,Calle 38  Sur Carrera 40,ZONA CENTRO,Urbana,"(6.16879573, -75.585889779)"
2180086,01/10/2018,1:15 p.m.,miércoles,AUTOMOVIL,PARTICULAR,Conductor,Femenino,No,N/A,SOLO DAÑOS,Choque,No mantener distancia de seguridad,Calle 46 A Sur Carrera 49,LAS VEGAS,Urbana,"(6.167038176, -75.600817262)"
2180072,01/10/2018,10:14 a.m.,miércoles,CAMPERO,PARTICULAR,Conductor,Masculino,No,N/A,SOLO DAÑOS,Choque,Girar bruscamente,Calle 38  Sur Carrera 40,ZONA CENTRO,Urbana,"(6.16879573, -75.585889779)"
2180090,01/10/2018,7:20 a.m.,miércoles,CAMIONETA,PARTICULAR,Conductor,Femenino,No,N/A,SOLO DAÑOS,Choque,Impericia en el manejo,Tramo 372 Kilometro  16,VEREDA PALMAS,Rural,
2180090,01/10/2018,7:20 a.m.,miércoles,AUTOMOVIL,PARTICULAR,Conductor,Masculino,No,N/A,SOLO DAÑOS,Choque,Impericia en el manejo,Tramo 372 Kilometro  16,VEREDA PALMAS,Rural,
2180087,01/10/2018,6:30 p.m.,miércoles,AUTOMOVIL,PARTICULAR,Conductor,Femenino,No,N/A,SOLO DAÑOS,Choque,Impericia en el manejo,Calle 31  Sur Carrera 45 A,SAN MARCOS,Urbana,"(6.17732964, -75.587025837)"
2180087,01/10/2018,6:30 p.m.,miércoles,AUTOMOVIL,PARTICULAR,Conductor,Masculino,No,N/A,SOLO DAÑOS,Choque,Impericia en el manejo,Calle 31  Sur Carrera 45 A,SAN MARCOS,Urbana,"(6.17732964, -75.587025837)"
2180093,01/10/2018,10:30 a.m.,miércoles,MOTOCICLETA,PARTICULAR,Motociclista,Masculino,No,N/A,SOLO DAÑOS,Choque,Adelantar en zona prohibida,Calle 36 D Sur Carrera 27,VEREDA EL ESCOBERO,Urbana,"(6.162479576, -75.570222573)"
2180093,01/10/2018,10:30 a.m.,miércoles,AUTOMOVIL,PARTICULAR,Conductor,Femenino,No,N/A,SOLO DAÑOS,Choque,Adelantar en zona prohibida,Calle 36 D Sur Carrera 27,VEREDA EL ESCOBERO,Urbana,"(6.162479576, -75.570222573)"
2180084,01/10/2018,8:30 p.m.,miércoles,BUS,PUBLICO,Conductor,Masculino,No,N/A,SOLO DAÑOS,Choque,Semaforo en rojo,Carrera 43 A Calle 45 B Sur,LA PAZ,Urbana,"(6.164786739, -75.594935267)"
2180084,01/10/2018,8:30 p.m.,miércoles,CAMPERO,PARTICULAR,Conductor,Femenino,No,N/A,SOLO DAÑOS,Choque,Semaforo en rojo,Carrera 43 A Calle 45 B Sur,LA PAZ,Urbana,"(6.164786739, -75.594935267)"
2180082,01/10/2018,2:50 p.m.,miércoles,BUS,PUBLICO,Conductor,Masculino,No,N/A,SOLO DAÑOS,Choque,Reverso imprudente,Calle 40 B Sur Carrera 39 A,EL DORADO,Urbana,"(6.165386968, -75.587185007)"
2180082,01/10/2018,2:50 p.m.,miércoles,AUTOMOVIL,PARTICULAR,Conductor,Masculino,No,N/A,SOLO DAÑOS,Choque,Reverso imprudente,Calle 40 B Sur Carrera 39 A,EL DORADO,Urbana,"(6.165386968, -75.587185007)"
2180081,01/10/2018,6:45 a.m.,miércoles,MOTOCICLETA,PARTICULAR,Motociclista,Femenino,No,N/A,SOLO DAÑOS,Choque,No mantener distancia de seguridad,Calle 36 D Sur Carrera 27 D,VEREDA EL ESCOBERO,Urbana,"(6.164970853, -75.574637268)"
2180083,01/10/2018,12:40 a.m.,miércoles,CAMIONETA,PARTICULAR,Conductor,Masculino,No,N/A,SOLO DAÑOS,Choque,Impericia en el manejo,Carrera 41 Calle 38  Sur,ZONA CENTRO,Urbana,"(6.169124429, -75.586560125)"
2180083,01/10/2018,12:40 a.m.,miércoles,AUTOMOVIL,PARTICULAR,Conductor,Masculino,No,N/A,SOLO DAÑOS,Choque,Arrancar sin precaucion,Carrera 41 Calle 38  Sur,ZONA CENTRO,Urbana,"(6.169124429, -75.586560125)"
2180083,01/10/2018,12:40 a.m.,miércoles,AUTOMOVIL,PARTICULAR,Conductor,Masculino,No,N/A,SOLO DAÑOS,Choque,Impericia en el manejo,Carrera 41 Calle 38  Sur,ZONA CENTRO,Urbana,"(6.169124429, -75.586560125)"
2180083,01/10/2018,12:40 a.m.,miércoles,CAMIONETA,PARTICULAR,Conductor,Masculino,No,N/A,SOLO DAÑOS,Choque,Arrancar sin precaucion,Carrera 41 Calle 38  Sur,ZONA CENTRO,Urbana,"(6.169124429, -75.586560125)"
2180081,01/10/2018,6:45 a.m.,miércoles,AUTOMOVIL,PUBLICO,Conductor,Masculino,No,N/A,SOLO DAÑOS,Choque,No mantener distancia de seguridad,Calle 36 D Sur Carrera 27 D,VEREDA EL ESCOBERO,Urbana,"(6.164970853, -75.574637268)"
2180064,01/11/2018,6:00 p.m.,jueves,AUTOMOVIL,PARTICULAR,Conductor,Masculino,No,N/A,HERIDO,Choque,Adelantar por la derecha,Carrera 48 Calle 36 A Sur,EL PORTAL,Urbana,"(6.173906662, -75.591875412)"
2180064,01/11/2018,6:00 p.m.,jueves,MOTOCICLETA,PARTICULAR,Motociclista,Femenino,No,N/A,HERIDO,Choque,Adelantar por la derecha,Carrera 48 Calle 36 A Sur,EL PORTAL,Urbana,"(6.173906662, -75.591875412)"
2180054,01/11/2018,9:04 p.m.,jueves,CAMIONETA,PARTICULAR,Conductor,Femenino,No,N/A,MUERTO,Choque,Impericia en el manejo,Calle 36 D Sur Carrera 24,VEREDA EL ESCOBERO,Urbana,"(6.157425668, -75.56691387)"
2180054,01/11/2018,9:04 p.m.,jueves,BICICLETA,N/A,Ciclista,Masculino,No,N/A,MUERTO,Choque,Impericia en el manejo,Calle 36 D Sur Carrera 24,VEREDA EL ESCOBERO,Urbana,"(6.157425668, -75.56691387)"
2180107,01/11/2018,8:10 p.m.,jueves,AUTOMOVIL,PARTICULAR,Conductor,Masculino,No,N/A,HERIDO,Choque,Transitar entre vehiculos,Carrera 50 Calle 30  Sur,LAS VEGAS,Urbana,
2180107,01/11/2018,8:10 p.m.,jueves,MOTOCICLETA,PARTICULAR,Motociclista,Masculino,No,N/A,HERIDO,Choque,Transitar entre vehiculos,Carrera 50 Calle 30  Sur,LAS VEGAS,Urbana,
2180107,01/11/2018,8:10 p.m.,jueves,CAMIONETA,PARTICULAR,Conductor,Masculino,No,N/A,HERIDO,Choque,Transitar entre vehiculos,Carrera 50 Calle 30  Sur,LAS VEGAS,Urbana,
2180091,01/11/2018,9:30 p.m.,jueves,BUS,PUBLICO,Conductor,Masculino,No,N/A,SOLO DAÑOS,Choque,No mantener distancia de seguridad,Carrera 43 A Calle 38 B Sur,ZONA CENTRO,Urbana,"(6.169316859, -75.589299327)"
2180091,01/11/2018,9:30 p.m.,jueves,AUTOMOVIL,PARTICULAR,Conductor,Masculino,No,N/A,SOLO DAÑOS,Choque,No mantener distancia de seguridad,Carrera 43 A Calle 38 B Sur,ZONA CENTRO,Urbana,"(6.169316859, -75.589299327)"
2180101,01/11/2018,11:45 a.m.,jueves,AUTOMOVIL,PARTICULAR,Conductor,Femenino,No,N/A,HERIDO,Atropello,Cruzar sin observar,Carrera 43 A Calle 38 A Sur,ZONA CENTRO,Urbana,"(6.169698887, -75.589058765)"
2180066,01/11/2018,4:40 p.m.,jueves,AUTOMOVIL,PARTICULAR,Conductor,Masculino,No,N/A,HERIDO,Atropello,Cruzar sin observar,Calle 39  Sur Carrera 31,MESA,Urbana,"(6.164350999, -75.581942513)"
2180044,01/11/2018,10:40 a.m.,jueves,CAMION,PUBLICO,Conductor,Masculino,No,N/A,HERIDO,Atropello,Impericia en el manejo,Calle 36  Sur Carrera 27,EL CHOCHO,Urbana,"(6.167154903, -75.569336965)"
2180092,01/11/2018,7:50 p.m.,jueves,MOTOCICLETA,PARTICULAR,Motociclista,Masculino,No,N/A,SOLO DAÑOS,Choque,Adelantar por la derecha,Transversal 32 A Sur Diagonal 32,LA MAGNOLIA,Urbana,"(6.175680905, -75.58257581)"
2180092,01/11/2018,7:50 p.m.,jueves,AUTOMOVIL,PARTICULAR,Conductor,Masculino,No,N/A,SOLO DAÑOS,Choque,Adelantar por la derecha,Transversal 32 A Sur Diagonal 32,LA MAGNOLIA,Urbana,"(6.175680905, -75.58257581)"
2180104,01/12/2018,8:00 a.m.,viernes,AUTOMOVIL,PARTICULAR,Conductor,Masculino,No,N/A,HERIDO,Volcamiento,Impericia en el manejo,Tramo 373 Kilometro  14,VEREDA PALMAS,Rural,
2180104,01/12/2018,8:00 a.m.,viernes,CAMION,PUBLICO,Conductor,Masculino,No,N/A,HERIDO,Volcamiento,Impericia en el manejo,Tramo 373 Kilometro  14,VEREDA PALMAS,Rural,
2180098,01/12/2018,6:00 p.m.,viernes,MOTOCICLETA,PARTICULAR,Motociclista,Masculino,No,N/A,SOLO DAÑOS,Choque,Desobedecer senales,Transversal 32 A Sur Diagonal 32 B,LA MAGNOLIA,Urbana,"(6.175421467, -75.583353668)"
2180098,01/12/2018,6:00 p.m.,viernes,AUTOMOVIL,PARTICULAR,Conductor,Masculino,No,N/A,SOLO DAÑOS,Choque,Desobedecer senales,Transversal 32 A Sur Diagonal 32 B,LA MAGNOLIA,Urbana,"(6.175421467, -75.583353668)"
2180070,01/12/2018,7:10 p.m.,viernes,AUTOMOVIL,PARTICULAR,Conductor,Masculino,No,N/A,SOLO DAÑOS,Choque,Reverso imprudente,Calle 37  Sur Carrera 48,LAS VEGAS,Urbana,"(6.17412211, -75.593061115)"
2180070,01/12/2018,7:10 p.m.,viernes,TRACTOCAMION,PUBLICO,Conductor,Masculino,No,N/A,SOLO DAÑOS,Choque,Reverso imprudente,Calle 37  Sur Carrera 48,LAS VEGAS,Urbana,"(6.17412211, -75.593061115)"
2180060,01/12/2018,8:10 a.m.,viernes,BUS,PUBLICO,Conductor,Masculino,No,N/A,SOLO DAÑOS,Choque,Desobedecer senales,Calle 46 D Sur Carrera 40,EL TRIANON,Urbana,"(6.160324408, -75.592782492)"
2180060,01/12/2018,8:10 a.m.,viernes,AUTOMOVIL,PARTICULAR,Conductor,Masculino,No,N/A,SOLO DAÑOS,Choque,Desobedecer senales,Calle 46 D Sur Carrera 40,EL TRIANON,Urbana,"(6.160324408, -75.592782492)"
2180063,01/12/2018,4:05 p.m.,viernes,BUS,PUBLICO,Conductor,Masculino,No,N/A,SOLO DAÑOS,Choque,Fallas en los frenos,Calle 25  Sur Carrera 43 A,LAS ORQUIDEAS,Urbana,"(6.181560189, -75.582016491)"
2180063,01/12/2018,4:05 p.m.,viernes,AUTOMOVIL,PARTICULAR,Conductor,Femenino,No,N/A,SOLO DAÑOS,Choque,Fallas en los frenos,Calle 25  Sur Carrera 43 A,LAS ORQUIDEAS,Urbana,"(6.181560189, -75.582016491)"
2180063,01/12/2018,4:05 p.m.,viernes,AUTOMOVIL,PARTICULAR,Conductor,Femenino,No,N/A,SOLO DAÑOS,Choque,Fallas en los frenos,Calle 25  Sur Carrera 43 A,LAS ORQUIDEAS,Urbana,"(6.181560189, -75.582016491)"
2180148,01/20/2018,3:00 p.m.,sábado,BUS,PUBLICO,Conductor,Masculino,No,N/A,SOLO DAÑOS,Choque,Arrancar sin precaucion,Carrera 27 Calle 39 B Sur,EL CHINGU├ì,Urbana,
2180061,01/12/2018,2:15 p.m.,viernes,AUTOMOVIL,PARTICULAR,Conductor,Masculino,No,N/A,SOLO DAÑOS,Choque,No mantener distancia de seguridad,Transversal 36 A Sur Diagonal 30,MANUEL URIBE ANGEL,Urbana,
2180061,01/12/2018,2:15 p.m.,viernes,MOTOCICLETA,PARTICULAR,Motociclista,Masculino,No,N/A,SOLO DAÑOS,Choque,No mantener distancia de seguridad,Transversal 36 A Sur Diagonal 30,MANUEL URIBE ANGEL,Urbana,
2180067,01/12/2018,2:30 p.m.,viernes,BUS,PUBLICO,Conductor,Masculino,No,N/A,HERIDO,Caida Ocupante,Arrancar sin precaucion,Calle 38  Sur Carrera 43,ZONA CENTRO,Urbana,"(6.170061667, -75.587839128)"
2180068,01/12/2018,4:50 p.m.,viernes,MOTOCICLETA,OFICIAL,Motociclista,Masculino,No,N/A,HERIDO,Caida Ocupante,Impericia en el manejo,Tramo 371 Kilometro  0,VEREDA EL ESCOBERO,Rural,
2180068,01/12/2018,4:50 p.m.,viernes,MOTOCICLETA,OFICIAL,Motociclista,Masculino,No,N/A,HERIDO,Caida Ocupante,Superficie lisa,Tramo 371 Kilometro  0,VEREDA EL ESCOBERO,Rural,
2180065,01/13/2018,11:00 p.m.,sábado,MOTOCICLETA,PARTICULAR,Motociclista,Masculino,No,N/A,HERIDO,Caida Ocupante,Impericia en el manejo,Carrera 27 B Calle 39,SAN JOSE,Urbana,"(6.159176964, -75.578911066)"
2180062,01/13/2018,1:10 p.m.,sábado,MOTOCICLETA,PARTICULAR,Motociclista,Masculino,No,N/A,HERIDO,Choque,Transitar en contravia,Tramo 371 Kilometro  6,VEREDA EL ESCOBERO,Rural,
2180062,01/13/2018,1:10 p.m.,sábado,BUSETA,PUBLICO,Conductor,Masculino,No,N/A,HERIDO,Choque,Transitar en contravia,Tramo 371 Kilometro  6,VEREDA EL ESCOBERO,Rural,
2180978,01/13/2018,9:30 a.m.,sábado,AUTOMOVIL,PARTICULAR,Conductor,Femenino,No,N/A,SOLO DAÑOS,Choque,Impericia en el manejo,Carrera 36 B Calle 40 AA Sur,EL DORADO,Urbana,"(6.164340224, -75.585687961)"
2180978,01/13/2018,9:30 a.m.,sábado,AUTOMOVIL,PARTICULAR,Conductor,Masculino,No,N/A,SOLO DAÑOS,Choque,Impericia en el manejo,Carrera 36 B Calle 40 AA Sur,EL DORADO,Urbana,"(6.164340224, -75.585687961)"
2180103,01/13/2018,8:40 a.m.,sábado,CAMION,PUBLICO,Conductor,Masculino,No,N/A,SOLO DAÑOS,Choque,Adelantar cerrando,Carrera 49 Calle 37  Sur,LAS VEGAS,Urbana,
2180103,01/13/2018,8:40 a.m.,sábado,CAMION,PARTICULAR,Conductor,Masculino,No,N/A,SOLO DAÑOS,Choque,Adelantar cerrando,Carrera 49 Calle 37  Sur,LAS VEGAS,Urbana,
2180069,01/13/2018,12:50 a.m.,sábado,AUTOMOVIL,PARTICULAR,Conductor,Femenino,No,N/A,HERIDO,Choque,Desobedecer senales,Carrera 42 Calle 33 B Sur,ZONA CENTRO,Urbana,"(6.172431982, -75.585528606)"
2180069,01/13/2018,12:50 a.m.,sábado,MOTOCICLETA,PARTICULAR,Motociclista,Masculino,No,N/A,HERIDO,Choque,Desobedecer senales,Carrera 42 Calle 33 B Sur,ZONA CENTRO,Urbana,"(6.172431982, -75.585528606)"
2180114,01/13/2018,12:50 a.m.,sábado,AUTOMOVIL,PUBLICO,Conductor,Masculino,No,N/A,SOLO DAÑOS,Choque,Impericia en el manejo,Carrera 43 A Calle 38  Sur,ZONA CENTRO,Urbana,"(6.170421178, -75.588598773)"
2180114,01/13/2018,12:50 a.m.,sábado,MOTOCICLETA,PARTICULAR,Motociclista,Masculino,No,N/A,SOLO DAÑOS,Choque,Impericia en el manejo,Carrera 43 A Calle 38  Sur,ZONA CENTRO,Urbana,"(6.170421178, -75.588598773)"
2180071,01/14/2018,11:00 a.m.,domingo,BUS,PUBLICO,Conductor,Masculino,No,N/A,SOLO DAÑOS,Choque,Impericia en el manejo,Transversal 35  Sur Diagonal 30,LA SEBASTIANA,Urbana,"(6.170161165, -75.578370522)"
2180071,01/14/2018,11:00 a.m.,domingo,AUTOMOVIL,PARTICULAR,Conductor,Masculino,No,N/A,SOLO DAÑOS,Choque,Impericia en el manejo,Transversal 35  Sur Diagonal 30,LA SEBASTIANA,Urbana,"(6.170161165, -75.578370522)"
2180122,01/14/2018,6:00 p.m.,domingo,AUTOMOVIL,PARTICULAR,Conductor,Masculino,No,N/A,SOLO DAÑOS,Choque,Reverso imprudente,Tramo 371 Kilometro  4,VEREDA EL ESCOBERO,Rural,
2180122,01/14/2018,6:00 p.m.,domingo,AUTOMOVIL,PARTICULAR,Conductor,Femenino,No,N/A,SOLO DAÑOS,Choque,Reverso imprudente,Tramo 371 Kilometro  4,VEREDA EL ESCOBERO,Rural,
2180094,01/14/2018,7:20 p.m.,domingo,AUTOMOVIL,PARTICULAR,Conductor,Masculino,No,N/A,SOLO DAÑOS,Choque,No mantener distancia de seguridad,Tramo 372 Kilometro  13,VEREDA PALMAS,Rural,
2180094,01/14/2018,7:20 p.m.,domingo,AUTOMOVIL,PARTICULAR,Conductor,Masculino,No,N/A,SOLO DAÑOS,Choque,No mantener distancia de seguridad,Tramo 372 Kilometro  13,VEREDA PALMAS,Rural,
2180094,01/14/2018,7:20 p.m.,domingo,AUTOMOVIL,PARTICULAR,Conductor,Masculino,No,N/A,SOLO DAÑOS,Choque,No mantener distancia de seguridad,Tramo 372 Kilometro  13,VEREDA PALMAS,Rural,
2180105,01/14/2018,7:45 p.m.,domingo,AUTOMOVIL,PARTICULAR,Conductor,Femenino,No,N/A,SOLO DAÑOS,Choque,Adelantar cerrando,Calle 37  Sur Carrera 31,MESA,Urbana,"(6.166120684, -75.580740605)"
2180105,01/14/2018,7:45 p.m.,domingo,AUTOMOVIL,PARTICULAR,Conductor,Masculino,No,N/A,SOLO DAÑOS,Choque,Adelantar cerrando,Calle 37  Sur Carrera 31,MESA,Urbana,"(6.166120684, -75.580740605)"
2180096,01/14/2018,6:50 p.m.,domingo,CAMPERO,PARTICULAR,Conductor,Masculino,No,N/A,SOLO DAÑOS,Choque,No respetar prelacion,Tramo 372 Kilometro  16,VEREDA PALMAS,Rural,
2180096,01/14/2018,6:50 p.m.,domingo,CAMIONETA,PARTICULAR,Conductor,Femenino,No,N/A,SOLO DAÑOS,Choque,No respetar prelacion,Tramo 372 Kilometro  16,VEREDA PALMAS,Rural,
2180118,01/15/2018,1:00 p.m.,lunes,MOTOCICLETA,PARTICULAR,Motociclista,Masculino,No,N/A,HERIDO,Choque,Transitar entre vehiculos,Carrera 50 Calle 26  Sur,LAS VEGAS,Urbana,"(6.184812544, -75.586911093)"
2180118,01/15/2018,1:00 p.m.,lunes,MOTOCICLETA,PARTICULAR,Motociclista,Masculino,No,N/A,HERIDO,Choque,Transitar entre vehiculos,Carrera 50 Calle 26  Sur,LAS VEGAS,Urbana,"(6.184812544, -75.586911093)"
2180106,01/15/2018,5:00 p.m.,lunes,AUTOMOVIL,PUBLICO,Conductor,Masculino,No,N/A,SOLO DAÑOS,Choque,No mantener distancia de seguridad,Calle 25  Sur Carrera 48,LAS VEGAS,Urbana,
2180106,01/15/2018,5:00 p.m.,lunes,AUTOMOVIL,PARTICULAR,Conductor,Femenino,No,N/A,SOLO DAÑOS,Choque,No mantener distancia de seguridad,Calle 25  Sur Carrera 48,LAS VEGAS,Urbana,
2180108,01/15/2018,9:10 a.m.,lunes,AUTOMOVIL,PUBLICO,Conductor,Masculino,No,N/A,SOLO DAÑOS,Choque,Desobedecer senales,Calle 45 B Sur Carrera 43,LA PAZ,Urbana,"(6.164485785, -75.594678415)"
2180108,01/15/2018,9:10 a.m.,lunes,AUTOMOVIL,PARTICULAR,Conductor,Femenino,No,N/A,SOLO DAÑOS,Choque,Desobedecer senales,Calle 45 B Sur Carrera 43,LA PAZ,Urbana,"(6.164485785, -75.594678415)"
2180102,01/15/2018,5:30 a.m.,lunes,AUTOMOVIL,PUBLICO,Conductor,Masculino,No,N/A,SOLO DAÑOS,Choque,No mantener distancia de seguridad,Carrera 50 Calle 19  Sur,LAS VEGAS,Urbana,