RADICADO,FECHA,HORA,DÍA DE LA SEMANA,CLASE DE VEHICULO,TIPO DE SERVICIO,TIPO DE VICTIMA,SEXO,ESTADO DE BEODEZ,RESULTADO DE BEODEZ,GRAVEDAD,CLASE DE ACCIDENTE,CAUSA,DIRECCIÓN,BARRIO,AREA,Coordenadas
2180102,01/15/2018,5:30 a.m.,lunes,MOTOCICLETA,PARTICULAR,Motociclista,Masculino,No,N/A,SOLO DAÑOS,Choque,No mantener distancia de seguridad,Carrera 50 Calle 19  Sur,LAS VEGAS,Urbana,
2180111,01/15/2018,12:20 a.m.,lunes,AUTOMOVIL,PUBLICO,Conductor,Masculino,No,N/A,SOLO DAÑOS,Choque,Reverso imprudente,Carrera 41 Calle 40  Sur,EL DORADO,Urbana,"(6.166920833, -75.587995017)"
2180111,01/15/2018,12:20 a.m.,lunes,AUTOMOVIL,PARTICULAR,Conductor,Femenino,No,N/A,SOLO DAÑOS,Choque,Reverso imprudente,Carrera 41 Calle 40  Sur,EL DORADO,Urbana,"(6.166920833, -75.587995017)"
2180117,01/15/2018,7:30 p.m.,lunes,MICROBUS,PUBLICO,Conductor,Masculino,No,N/A,SOLO DAÑOS,Choque,Adelantar cerrando,Carrera 43 A Calle 40  Sur,ALCALA,Urbana,"(6.168044687, -75.59026877)"
2180117,01/15/2018,7:30 p.m.,lunes,AUTOMOVIL,PARTICULAR,Conductor,Femenino,No,N/A,SOLO DAÑOS,Choque,No respetar pelacion de interseccion o giros,Carrera 43 A Calle 40  Sur,ALCALA,Urbana,"(6.168044687, -75.59026877)"
2180117,01/15/2018,7:30 p.m.,lunes,AUTOMOVIL,PARTICULAR,Conductor,Femenino,No,N/A,SOLO DAÑOS,Choque,Adelantar cerrando,Carrera 43 A Calle 40  Sur,ALCALA,Urbana,"(6.168044687, -75.59026877)"
2180117,01/15/2018,7:30 p.m.,lunes,MICROBUS,PUBLICO,Conductor,Masculino,No,N/A,SOLO DAÑOS,Choque,No respetar pelacion de interseccion o giros,Carrera 43 A Calle 40  Sur,ALCALA,Urbana,"(6.168044687, -75.59026877)"
2180120,01/15/2018,1:20 p.m.,lunes,AUTOMOVIL,PARTICULAR,Conductor,Masculino,No,N/A,SOLO DAÑOS,Choque,Exceso de velocidad,Carrera 50 Calle 30  Sur,LAS VEGAS,Urbana,
2180120,01/15/2018,1:20 p.m.,lunes,AUTOMOVIL,PARTICULAR,Conductor,Masculino,No,N/A,SOLO DAÑOS,Choque,Girar bruscamente,Carrera 50 Calle 30  Sur,LAS VEGAS,Urbana,
2180120,01/15/2018,1:20 p.m.,lunes,AUTOMOVIL,PARTICULAR,Conductor,Masculino,No,N/A,SOLO DAÑOS,Choque,Exceso de velocidad,Carrera 50 Calle 30  Sur,LAS VEGAS,Urbana,
2180120,01/15/2018,1:20 p.m.,lunes,CAMION,PUBLICO,Conductor,Masculino,No,N/A,SOLO DAÑOS,Choque,Girar bruscamente,Carrera 50 Calle 30  Sur,LAS VEGAS,Urbana,
2180120,01/15/2018,1:20 p.m.,lunes,CAMION,PUBLICO,Conductor,Masculino,No,N/A,SOLO DAÑOS,Choque,Exceso de velocidad,Carrera 50 Calle 30  Sur,LAS VEGAS,Urbana,
2180120,01/15/2018,1:20 p.m.,lunes,MOTOCICLETA,PARTICULAR,Motociclista,Masculino,No,N/A,SOLO DAÑOS,Choque,Exceso de velocidad,Carrera 50 Calle 30  Sur,LAS VEGAS,Urbana,
2180120,01/15/2018,1:20 p.m.,lunes,CAMIONETA,PUBLICO,Conductor,Masculino,No,N/A,SOLO DAÑOS,Choque,Girar bruscamente,Carrera 50 Calle 30  Sur,LAS VEGAS,Urbana,
2180120,01/15/2018,1:20 p.m.,lunes,CAMIONETA,PUBLICO,Conductor,Masculino,No,N/A,SOLO DAÑOS,Choque,Exceso de velocidad,Carrera 50 Calle 30  Sur,LAS VEGAS,Urbana,
2180120,01/15/2018,1:20 p.m.,lunes,AUTOMOVIL,PARTICULAR,Conductor,Masculino,No,N/A,SOLO DAÑOS,Choque,Girar bruscamente,Carrera 50 Calle 30  Sur,LAS VEGAS,Urbana,
2180097,01/15/2018,10:30 a.m.,lunes,AUTOMOVIL,PUBLICO,Conductor,Masculino,No,N/A,SOLO DAÑOS,Choque,No mantener distancia de seguridad,Calle 37  Sur Carrera 50,LAS VEGAS,Urbana,
2180097,01/15/2018,10:30 a.m.,lunes,AUTOMOVIL,PARTICULAR,Conductor,Masculino,No,N/A,SOLO DAÑOS,Choque,No mantener distancia de seguridad,Calle 37  Sur Carrera 50,LAS VEGAS,Urbana,
2180100,01/15/2018,7:30 a.m.,lunes,MOTOCICLETA,PARTICULAR,Motociclista,Femenino,No,N/A,HERIDO,Atropello,Cruzar sin observar,Carrera 43 Calle 36  Sur,ZONA CENTRO,Urbana,"(6.171314659, -75.587007533)"
2180116,01/15/2018,5:35 p.m.,lunes,AUTOMOVIL,PARTICULAR,Conductor,Masculino,No,N/A,SOLO DAÑOS,Choque,Girar bruscamente,Tramo 372 Kilometro  13,VEREDA PALMAS,Rural,
2180116,01/15/2018,5:35 p.m.,lunes,MOTOCICLETA,PARTICULAR,Motociclista,Masculino,No,N/A,SOLO DAÑOS,Choque,Girar bruscamente,Tramo 372 Kilometro  13,VEREDA PALMAS,Rural,
2180112,01/15/2018,4:31 p.m.,lunes,MOTOCICLETA,PARTICULAR,Motociclista,Masculino,No,N/A,HERIDO,Atropello,Cruzar sin observar,Calle 38  Sur Carrera 45 A,ALCALA,Urbana,"(6.17126287, -75.59030689)"
2180112,01/15/2018,4:31 p.m.,lunes,MOTOCICLETA,PARTICULAR,Motociclista,Masculino,No,N/A,HERIDO,Atropello,No respetar prelacion,Calle 38  Sur Carrera 45 A,ALCALA,Urbana,"(6.17126287, -75.59030689)"
2180095,01/15/2018,10:35 a.m.,lunes,CAMPERO,PARTICULAR,Conductor,Masculino,No,N/A,SOLO DAÑOS,Choque,No mantener distancia de seguridad,Carrera 41 Calle 36  Sur,ZONA CENTRO,Urbana,"(6.170520335, -75.585754245)"
2180095,01/15/2018,10:35 a.m.,lunes,AUTOMOVIL,PARTICULAR,Conductor,Femenino,No,N/A,SOLO DAÑOS,Choque,No mantener distancia de seguridad,Carrera 41 Calle 36  Sur,ZONA CENTRO,Urbana,"(6.170520335, -75.585754245)"
2180133,01/15/2018,8:45 p.m.,lunes,CAMPERO,PARTICULAR,Conductor,Masculino,No,N/A,HERIDO,Choque,Transitar distante de la acera u orilla,Calle 36 D Sur Carrera 23,VEREDA EL ESCOBERO,Urbana,"(6.162479576, -75.570222573)"
2180133,01/15/2018,8:45 p.m.,lunes,BICICLETA,N/A,Ciclista,Masculino,No,N/A,HERIDO,Choque,Transitar distante de la acera u orilla,Calle 36 D Sur Carrera 23,VEREDA EL ESCOBERO,Urbana,"(6.162479576, -75.570222573)"
2180115,01/15/2018,6:45 p.m.,lunes,AUTOMOVIL,PARTICULAR,Conductor,Masculino,No,N/A,HERIDO,Choque,Adelantar por la derecha,Carrera 48 Calle 32 B Sur,LAS VEGAS,Urbana,"(6.176994311, -75.589841192)"
2180115,01/15/2018,6:45 p.m.,lunes,MOTOCICLETA,PARTICULAR,Motociclista,Femenino,No,N/A,HERIDO,Choque,Adelantar por la derecha,Carrera 48 Calle 32 B Sur,LAS VEGAS,Urbana,"(6.176994311, -75.589841192)"
2180126,01/16/2018,11:00 a.m.,martes,BICICLETA,N/A,Ciclista,Masculino,No,N/A,HERIDO,Caida Ocupante,Impericia en el manejo,Calle 40 H Sur Carrera 43,EL DORADO,Urbana,"(6.167061568, -75.590806626)"
2180124,01/16/2018,1:00 p.m.,martes,MOTOCICLETA,PARTICULAR,Motociclista,Masculino,No,N/A,SOLO DAÑOS,Choque,Girar bruscamente,Carrera 48 Calle 32 B Sur,LAS VEGAS,Urbana,"(6.176994311, -75.589841192)"
2180124,01/16/2018,1:00 p.m.,martes,CAMPERO,PARTICULAR,Conductor,Masculino,No,N/A,SOLO DAÑOS,Choque,Girar bruscamente,Carrera 48 Calle 32 B Sur,LAS VEGAS,Urbana,"(6.176994311, -75.589841192)"
2180134,01/16/2018,6:00 p.m.,martes,BUS,PUBLICO,Conductor,Masculino,No,N/A,SOLO DAÑOS,Choque,Impericia en el manejo,Carrera 43 A Calle 39  Sur,ALCALA,Urbana,"(6.169011071, -75.589484903)"
2180134,01/16/2018,6:00 p.m.,martes,CAMPERO,PARTICULAR,Conductor,Masculino,No,N/A,SOLO DAÑOS,Choque,Impericia en el manejo,Carrera 43 A Calle 39  Sur,ALCALA,Urbana,"(6.169011071, -75.589484903)"
2180135,01/16/2018,3:10 p.m.,martes,AUTOMOVIL,PARTICULAR,Conductor,Masculino,No,N/A,SOLO DAÑOS,Choque,Dejar/recoger pasajeros sitio no demarca,Carrera 46 A Calle 30  Sur,JARDINES,Urbana,"(6.174306692, -75.590260781)"
2180110,01/16/2018,4:50 p.m.,martes,CAMION,PUBLICO,Conductor,Masculino,No,N/A,SOLO DAÑOS,Choque,Impericia en el manejo,Tramo 372 Kilometro  15,VEREDA PALMAS,Rural,
2180135,01/16/2018,3:10 p.m.,martes,TRACTOCAMION,PUBLICO,Conductor,Masculino,No,N/A,SOLO DAÑOS,Choque,Dejar/recoger pasajeros sitio no demarca,Carrera 46 A Calle 30  Sur,JARDINES,Urbana,"(6.174306692, -75.590260781)"
2180147,01/16/2018,12:10 a.m.,martes,AUTOMOVIL,PARTICULAR,Conductor,Femenino,No,N/A,HERIDO,Choque,No respetar prelacion,Carrera 43 A Calle 31  Sur,SAN MARCOS,Urbana,"(6.176754685, -75.585468966)"
2180147,01/16/2018,12:10 a.m.,martes,AUTOMOVIL,PARTICULAR,Conductor,Masculino,No,N/A,HERIDO,Choque,No respetar prelacion,Carrera 43 A Calle 31  Sur,SAN MARCOS,Urbana,"(6.176754685, -75.585468966)"
2180132,01/16/2018,12:20 a.m.,martes,AUTOMOVIL,DIPLOMATICO,Conductor,Masculino,No,N/A,SOLO DAÑOS,Choque,Impericia en el manejo,Calle 25 A Sur Carrera 42 B,LAS ORQUIDEAS,Urbana,"(6.181402463, -75.58167941)"
2180132,01/16/2018,12:20 a.m.,martes,CAMION,PUBLICO,Conductor,Masculino,No,N/A,SOLO DAÑOS,Choque,Impericia en el manejo,Calle 25 A Sur Carrera 42 B,LAS ORQUIDEAS,Urbana,"(6.181402463, -75.58167941)"
2180127,01/16/2018,5:20 p.m.,martes,MOTOCICLETA,PARTICULAR,Motociclista,Masculino,No,N/A,SOLO DAÑOS,Choque,Semaforo en rojo,Calle 38 A Sur Carrera 41,ZONA CENTRO,Urbana,"(6.168560755, -75.587015366)"
2180127,01/16/2018,5:20 p.m.,martes,MOTOCICLETA,PARTICULAR,Motociclista,Masculino,No,N/A,SOLO DAÑOS,Choque,Semaforo en rojo,Calle 38 A Sur Carrera 41,ZONA CENTRO,Urbana,"(6.168560755, -75.587015366)"
2180123,01/16/2018,10:15 a.m.,martes,CAMIONETA,PUBLICO,Conductor,Masculino,No,N/A,SOLO DAÑOS,Choque,Reverso imprudente,Tramo 373 Kilometro  11,VEREDA PALMAS,Rural,
2180123,01/16/2018,10:15 a.m.,martes,CAMIONETA,PARTICULAR,Conductor,Femenino,No,N/A,SOLO DAÑOS,Choque,Reverso imprudente,Tramo 373 Kilometro  11,VEREDA PALMAS,Rural,
2180139,01/16/2018,10:15 a.m.,martes,AUTOMOVIL,PARTICULAR,Conductor,Masculino,No,N/A,SOLO DAÑOS,Choque,Impericia en el manejo,Carrera 48 Calle 50  Sur,LAS VEGAS,Urbana,
2180139,01/16/2018,10:15 a.m.,martes,AUTOMOVIL,PARTICULAR,Conductor,Masculino,No,N/A,SOLO DAÑOS,Choque,Impericia en el manejo,Carrera 48 Calle 50  Sur,LAS VEGAS,Urbana,
2180127,01/16/2018,5:20 p.m.,martes,AUTOMOVIL,PARTICULAR,Conductor,Masculino,No,N/A,SOLO DAÑOS,Choque,Semaforo en rojo,Calle 38 A Sur Carrera 41,ZONA CENTRO,Urbana,"(6.168560755, -75.587015366)"
2180109,01/16/2018,8:30 a.m.,martes,MOTOCICLETA,PARTICULAR,Motociclista,Femenino,No,N/A,HERIDO,Choque,No mantener distancia de seguridad,Calle 30  Sur Carrera 46 A,EL PORTAL,Urbana,"(6.179166125, -75.587495869)"
2180109,01/16/2018,8:30 a.m.,martes,MOTOCICLETA,PARTICULAR,Motociclista,Masculino,No,N/A,HERIDO,Choque,No mantener distancia de seguridad,Calle 30  Sur Carrera 46 A,EL PORTAL,Urbana,"(6.179166125, -75.587495869)"
2180138,01/16/2018,4:30 p.m.,martes,MOTOCICLETA,PARTICULAR,Motociclista,Masculino,No,N/A,HERIDO,Choque,Desobedecer senales,Calle 37  Noreste Carrera 50,LAS VEGAS,Urbana,
2180138,01/16/2018,4:30 p.m.,martes,AUTOMOVIL,PARTICULAR,Conductor,Masculino,No,N/A,HERIDO,Choque,Desobedecer senales,Calle 37  Noreste Carrera 50,LAS VEGAS,Urbana,
2180141,01/16/2018,4:30 p.m.,martes,BUSETA,PUBLICO,Conductor,Masculino,No,N/A,HERIDO,Atropello,Arrancar sin precaucion,Carrera 42 Calle 26  Sur,LAS ORQUIDEAS,Urbana,
2180144,01/16/2018,3:30 p.m.,martes,AUTOMOVIL,PARTICULAR,Conductor,Masculino,No,N/A,SOLO DAÑOS,Choque,Impericia en el manejo,Carrera 43 A Calle 25 B Sur,PONTE VEDRA,Urbana,"(6.180259996, -75.582940198)"
2180144,01/16/2018,3:30 p.m.,martes,CAMION,PARTICULAR,Conductor,Masculino,No,N/A,SOLO DAÑOS,Choque,Impericia en el manejo,Carrera 43 A Calle 25 B Sur,PONTE VEDRA,Urbana,"(6.180259996, -75.582940198)"
2180113,01/16/2018,10:30 p.m.,martes,CAMPERO,PARTICULAR,Conductor,Masculino,No,N/A,SOLO DAÑOS,Choque,Desobedecer senales,Carrera 43 A Calle 21  Sur,AVENIDA EL POBLADO,Urbana,"(6.183599544, -75.579409862)"
2180113,01/16/2018,10:30 p.m.,martes,MOTOCICLETA,PARTICULAR,Motociclista,Masculino,No,N/A,SOLO DAÑOS,Choque,Desobedecer senales,Carrera 43 A Calle 21  Sur,AVENIDA EL POBLADO,Urbana,"(6.183599544, -75.579409862)"
2180143,01/16/2018,7:35 a.m.,martes,MOTOCICLETA,PARTICULAR,Motociclista,Femenino,No,N/A,HERIDO,Choque,Adelantar por la derecha,Carrera 50 Calle 46 A Sur,LAS VEGAS,Urbana,"(6.16131219, -75.603198185)"
2180143,01/16/2018,7:35 a.m.,martes,MOTOCICLETA,PARTICULAR,Motociclista,Masculino,No,N/A,HERIDO,Choque,Adelantar por la derecha,Carrera 50 Calle 46 A Sur,LAS VEGAS,Urbana,"(6.16131219, -75.603198185)"
2180110,01/16/2018,4:50 p.m.,martes,AUTOMOVIL,PARTICULAR,Conductor,Masculino,No,N/A,SOLO DAÑOS,Choque,Impericia en el manejo,Tramo 372 Kilometro  15,VEREDA PALMAS,Rural,
2180121,01/16/2018,4:50 p.m.,martes,BUSETA,PUBLICO,Conductor,Masculino,No,N/A,SOLO DAÑOS,Choque,No respetar pelacion de interseccion o giros,Carrera 29 B Calle 41 A Sur,SAN RAFAEL,Urbana,"(6.159002612, -75.585412849)"
2180121,01/16/2018,4:50 p.m.,martes,CAMPERO,PARTICULAR,Conductor,Masculino,No,N/A,SOLO DAÑOS,Choque,No respetar pelacion de interseccion o giros,Carrera 29 B Calle 41 A Sur,SAN RAFAEL,Urbana,"(6.159002612, -75.585412849)"
2180119,01/16/2018,9:45 p.m.,martes,CAMPERO,PARTICULAR,Conductor,Femenino,No,N/A,HERIDO,Choque,No respetar prelacion,Carrera 27 Calle 28  Sur,LA INMACULADA,Urbana,"(6.171086787, -75.569080997)"
2180119,01/16/2018,9:45 p.m.,martes,MOTOCICLETA,DIPLOMATICO,Motociclista,Masculino,No,N/A,HERIDO,Choque,No respetar prelacion,Carrera 27 Calle 28  Sur,LA INMACULADA,Urbana,"(6.171086787, -75.569080997)"
2180125,01/17/2018,4:00 p.m.,miércoles,AUTOMOVIL,PARTICULAR,Conductor,Masculino,No,N/A,SOLO DAÑOS,Choque,Adelantar por la derecha,Calle 30  Sur Carrera 43 A,MESA,Urbana,"(6.177126039, -75.585250895)"
2180125,01/17/2018,4:00 p.m.,miércoles,MOTOCICLETA,PARTICULAR,Motociclista,Masculino,No,N/A,SOLO DAÑOS,Choque,Adelantar por la derecha,Calle 30  Sur Carrera 43 A,MESA,Urbana,"(6.177126039, -75.585250895)"
2180136,01/17/2018,9:10 p.m.,miércoles,AUTOMOVIL,PUBLICO,Conductor,Masculino,No,N/A,HERIDO,Atropello,Cruzar sin observar,Carrera 40 Calle 39  Sur,ZONA CENTRO,Urbana,"(6.16729029, -75.586691325)"
2180131,01/17/2018,7:15 a.m.,miércoles,AUTOMOVIL,PARTICULAR,Conductor,Masculino,No,N/A,SOLO DAÑOS,Choque,Adelantar por la derecha,Tramo 372 Kilometro  14,VEREDA PALMAS,Rural,
2180131,01/17/2018,7:15 a.m.,miércoles,MOTOCICLETA,PARTICULAR,Motociclista,Masculino,No,N/A,SOLO DAÑOS,Choque,Adelantar por la derecha,Tramo 372 Kilometro  14,VEREDA PALMAS,Rural,
2180137,01/17/2018,9:30 p.m.,miércoles,AUTOMOVIL,PUBLICO,Conductor,Masculino,No,N/A,SOLO DAÑOS,Choque,No mantener distancia de seguridad,Carrera 40 A Calle 46  Sur,EL TRIANON,Urbana,"(6.160223373, -75.592823994)"
2180137,01/17/2018,9:30 p.m.,miércoles,AUTOMOVIL,PARTICULAR,Conductor,Masculino,No,N/A,SOLO DAÑOS,Choque,No mantener distancia de seguridad,Carrera 40 A Calle 46  Sur,EL TRIANON,Urbana,"(6.160223373, -75.592823994)"
2180140,01/17/2018,12:30 a.m.,miércoles,BUS,PUBLICO,Conductor,Masculino,No,N/A,SOLO DAÑOS,Choque,Transitar con las puertas abiertas,Calle 27 A Sur Carrera 45,JARDINES,Urbana,"(6.179449536, -75.585041503)"
2180140,01/17/2018,12:30 a.m.,miércoles,AUTOMOVIL,PARTICULAR,Conductor,Masculino,No,N/A,SOLO DAÑOS,Choque,Transitar con las puertas abiertas,Calle 27 A Sur Carrera 45,JARDINES,Urbana,"(6.179449536, -75.585041503)"
2180130,01/17/2018,4:35 p.m.,miércoles,AUTOMOVIL,PARTICULAR,Conductor,Masculino,No,N/A,SOLO DAÑOS,Choque,No respetar prelacion,Carrera 41 Calle 37  Sur,ZONA CENTRO,Urbana,"(6.169735041, -75.586166246)"
2180130,01/17/2018,4:35 p.m.,miércoles,CAMION,PUBLICO,Conductor,Masculino,No,N/A,SOLO DAÑOS,Choque,No respetar prelacion,Carrera 41 Calle 37  Sur,ZONA CENTRO,Urbana,"(6.169735041, -75.586166246)"
2180162,01/17/2018,7:45 p.m.,miércoles,AUTOMOVIL,PARTICULAR,Conductor,Masculino,No,N/A,SOLO DAÑOS,Choque,Adelantar invadiendo carril del mismo sentido en zigzag,Calle 40 C Sur Carrera 29,LA MINA,Urbana,"(6.160404351, -75.582515029)"
2180162,01/17/2018,7:45 p.m.,miércoles,MOTOCICLETA,PARTICULAR,Motociclista,Masculino,No,N/A,SOLO DAÑOS,Choque,Adelantar invadiendo carril del mismo sentido en zigzag,Calle 40 C Sur Carrera 29,LA MINA,Urbana,"(6.160404351, -75.582515029)"
2180129,01/18/2018,6:00 a.m.,jueves,AUTOMOVIL,PARTICULAR,Conductor,Femenino,No,N/A,HERIDO,Choque,No mantener distancia de seguridad,Calle 50  Sur Carrera 48,LAS CASITAS,Urbana,
2180129,01/18/2018,6:00 a.m.,jueves,MOTOCICLETA,PARTICULAR,Motociclista,Femenino,No,N/A,HERIDO,Choque,No mantener distancia de seguridad,Calle 50  Sur Carrera 48,LAS CASITAS,Urbana,
2180128,01/18/2018,12:40 a.m.,jueves,AUTOMOVIL,PARTICULAR,Conductor,Masculino,No,N/A,SOLO DAÑOS,Choque,No mantener distancia de seguridad,Tramo 371 Kilometro  2,VEREDA EL ESCOBERO,Rural,
2180128,01/18/2018,12:40 a.m.,jueves,AUTOMOVIL,PARTICULAR,Conductor,Masculino,No,N/A,SOLO DAÑOS,Choque,No mantener distancia de seguridad,Tramo 371 Kilometro  2,VEREDA EL ESCOBERO,Rural,
2180164,01/18/2018,5:10 p.m.,jueves,AUTOMOVIL,PARTICULAR,Conductor,Femenino,No,N/A,SOLO DAÑOS,Choque,Adelantar en zona prohibida,Tramo 372 Kilometro  12,VEREDA PALMAS,Rural,
2180164,01/18/2018,5:10 p.m.,jueves,MOTOCICLETA,PARTICULAR,Motociclista,Masculino,No,N/A,SOLO DAÑOS,Choque,Adelantar en zona prohibida,Tramo 372 Kilometro  12,VEREDA PALMAS,Rural,
2180146,01/18/2018,4:20 p.m.,jueves,AUTOMOVIL,PARTICULAR,Conductor,Masculino,No,N/A,SOLO DAÑOS,Choque,No mantener distancia de seguridad,Calle 33 B Sur Carrera 43 A,SAN MARCOS,Urbana,"(6.173429457, -75.586716615)"
2180146,01/18/2018,4:20 p.m.,jueves,CAMIONETA,PARTICULAR,Conductor,Femenino,No,N/A,SOLO DAÑOS,Choque,No mantener distancia de seguridad,Calle 33 B Sur Carrera 43 A,SAN MARCOS,Urbana,"(6.173429457, -75.586716615)"
2180146,01/18/2018,4:20 p.m.,jueves,AUTOMOVIL,PARTICULAR,Conductor,Masculino,No,N/A,SOLO DAÑOS,Choque,No mantener distancia de seguridad,Calle 33 B Sur Carrera 43 A,SAN MARCOS,Urbana,"(6.173429457, -75.586716615)"
2180159,01/18/2018,4:30 p.m.,jueves,AUTOMOVIL,PARTICULAR,Conductor,Femenino,No,N/A,SOLO DAÑOS,Choque,No mantener distancia de seguridad,Calle 21  Sur Carrera 43 A,ZU├æIGA,Urbana,"(6.18399286, -75.579597643)"
2180159,01/18/2018,4:30 p.m.,jueves,CAMPERO,PARTICULAR,Conductor,Femenino,No,N/A,SOLO DAÑOS,Choque,No mantener distancia de seguridad,Calle 21  Sur Carrera 43 A,ZU├æIGA,Urbana,"(6.18399286, -75.579597643)"
2180195,01/18/2018,3:30 p.m.,jueves,AUTOMOVIL,PARTICULAR,Conductor,Masculino,No,N/A,SOLO DAÑOS,Choque,No mantener distancia de seguridad,Tramo 373 Kilometro  5,VEREDA PALMAS,Rural,
2180145,01/18/2018,9:30 a.m.,jueves,CAMIONETA,PARTICULAR,Conductor,Femenino,No,N/A,HERIDO,Choque,Desobedecer senales,Diagonal 32 Transversal 34  Sur,OBRERO,Urbana,"(6.173484731, -75.581690487)"
2180145,01/18/2018,9:30 a.m.,jueves,MOTOCICLETA,PARTICULAR,Motociclista,Masculino,No,N/A,HERIDO,Choque,Desobedecer senales,Diagonal 32 Transversal 34  Sur,OBRERO,Urbana,"(6.173484731, -75.581690487)"
2180195,01/18/2018,3:30 p.m.,jueves,AUTOMOVIL,PARTICULAR,Conductor,Femenino,No,N/A,SOLO DAÑOS,Choque,No mantener distancia de seguridad,Tramo 373 Kilometro  5,VEREDA PALMAS,Rural,
2180161,01/18/2018,1:35 p.m.,jueves,CAMIONETA,PARTICULAR,Conductor,Masculino,No,N/A,SOLO DAÑOS,Choque,No mantener distancia de seguridad,Calle 24  Sur Carrera 40,ZU├æIGA,Urbana,"(6.179387707, -75.575843414)"
2180161,01/18/2018,1:35 p.m.,jueves,AUTOMOVIL,PARTICULAR,Conductor,Masculino,No,N/A,SOLO DAÑOS,Choque,No mantener distancia de seguridad,Calle 24  Sur Carrera 40,ZU├æIGA,Urbana,"(6.179387707, -75.575843414)"
2180961,01/18/2018,6:35 p.m.,jueves,MOTOCICLETA,PARTICULAR,Motociclista,Femenino,No,N/A,HERIDO,Choque,Adelantar cerrando,Carrera 50 Calle 39  Sur,LAS VEGAS,Urbana,
2180961,01/18/2018,6:35 p.m.,jueves,CAMIONETA,PUBLICO,Conductor,Sin Registro,No,N/A,HERIDO,Choque,Adelantar cerrando,Carrera 50 Calle 39  Sur,LAS VEGAS,Urbana,
2180142,01/18/2018,12:46 a.m.,jueves,TRACTOCAMION,PUBLICO,Conductor,Masculino,No,N/A,SOLO DAÑOS,Choque,Carga sobresaliente sin autorizacion,Carrera 47 Calle 38  Sur,ALCALA,Urbana,"(6.1715299, -75.592589544)"
2180174,01/19/2018,9:00 p.m.,viernes,MOTOCICLETA,PARTICULAR,Motociclista,Masculino,No,N/A,HERIDO,Choque,Transitar entre vehiculos,Carrera 48 Calle 50  Sur,LAS VEGAS,Urbana,
2180174,01/19/2018,9:00 p.m.,viernes,MOTOCICLETA,PARTICULAR,Motociclista,Masculino,No,N/A,HERIDO,Choque,Transitar entre vehiculos,Carrera 48 Calle 50  Sur,LAS VEGAS,Urbana,
2180151,01/19/2018,5:00 p.m.,viernes,CAMIONETA,PUBLICO,Conductor,Masculino,No,N/A,HERIDO,Choque,No mantener distancia de seguridad,Carrera 49 Calle 46 A Sur,LAS VEGAS,Urbana,"(6.166966077, -75.600888173)"
2180151,01/19/2018,5:00 p.m.,viernes,MOTOCICLETA,DIPLOMATICO,Motociclista,Masculino,No,N/A,HERIDO,Choque,No mantener distancia de seguridad,Carrera 49 Calle 46 A Sur,LAS VEGAS,Urbana,"(6.166966077, -75.600888173)"
2180172,01/19/2018,12:05 a.m.,viernes,CAMIONETA,PARTICULAR,Conductor,Masculino,No,N/A,HERIDO,Choque,No respetar prelacion,Calle 25  Sur Carrera 42 B,VILLA GRANDE,Urbana,"(6.179561127, -75.579866326)"
2180172,01/19/2018,12:05 a.m.,viernes,MOTOCICLETA,PARTICULAR,Motociclista,Femenino,No,N/A,HERIDO,Choque,No respetar pelacion de interseccion o giros,Calle 25  Sur Carrera 42 B,VILLA GRANDE,Urbana,"(6.179561127, -75.579866326)"
2180172,01/19/2018,12:05 a.m.,viernes,MOTOCICLETA,PARTICULAR,Motociclista,Femenino,No,N/A,HERIDO,Choque,No respetar prelacion,Calle 25  Sur Carrera 42 B,VILLA GRANDE,Urbana,"(6.179561127, -75.579866326)"
2180172,01/19/2018,12:05 a.m.,viernes,CAMIONETA,PARTICULAR,Conductor,Masculino,No,N/A,HERIDO,Choque,No respetar pelacion de interseccion o giros,Calle 25  Sur Carrera 42 B,VILLA GRANDE,Urbana,"(6.179561127, -75.579866326)"
2180154,01/19/2018,12:15 a.m.,viernes,CAMION,PUBLICO,Conductor,Masculino,No,N/A,HERIDO,Choque,Impericia en el manejo,Carrera 43 A Calle 31  Sur,AVENIDA EL POBLADO,Urbana,"(6.176754685, -75.585468966)"
2180154,01/19/2018,12:15 a.m.,viernes,CAMION,PUBLICO,Conductor,Masculino,No,N/A,HERIDO,Choque,Exceso de velocidad,Carrera 43 A Calle 31  Sur,AVENIDA EL POBLADO,Urbana,"(6.176754685, -75.585468966)"
2180169,01/19/2018,4:30 p.m.,viernes,AUTOMOVIL,PARTICULAR,Conductor,Masculino,No,N/A,HERIDO,Choque,No respetar pelacion de interseccion o giros,Diagonal 31 Calle 37  Sur,URIBE ANGEL,Urbana,"(6.165165175, -75.580268963)"
2180169,01/19/2018,4:30 p.m.,viernes,BICICLETA,N/A,Ciclista,Masculino,No,N/A,HERIDO,Choque,Transitar entre vehiculos,Diagonal 31 Calle 37  Sur,URIBE ANGEL,Urbana,"(6.165165175, -75.580268963)"
2180169,01/19/2018,4:30 p.m.,viernes,BICICLETA,N/A,Ciclista,Masculino,No,N/A,HERIDO,Choque,No respetar pelacion de interseccion o giros,Diagonal 31 Calle 37  Sur,URIBE ANGEL,Urbana,"(6.165165175, -75.580268963)"