RADICADO,FECHA,HORA,DÍA DE LA SEMANA,CLASE DE VEHICULO,TIPO DE SERVICIO,TIPO DE VICTIMA,SEXO,ESTADO DE BEODEZ,RESULTADO DE BEODEZ,GRAVEDAD,CLASE DE ACCIDENTE,CAUSA,DIRECCIÓN,BARRIO,AREA,Coordenadas
2180294,02/02/2018,1:30 p.m.,viernes,BUS,PUBLICO,Conductor,Masculino,No,N/A,SOLO DAÑOS,Choque,Adelantar en curva,Carrera 42 Calle 46 E Sur,EL TRIANON,Urbana,"(6.161815042, -75.593562757)"
2180294,02/02/2018,1:30 p.m.,viernes,AUTOMOVIL,PARTICULAR,Conductor,Femenino,No,N/A,SOLO DAÑOS,Choque,Adelantar en curva,Carrera 42 Calle 46 E Sur,EL TRIANON,Urbana,"(6.161815042, -75.593562757)"
2180317,02/02/2018,1:30 p.m.,viernes,MOTOCICLETA,PARTICULAR,Motociclista,Masculino,No,N/A,HERIDO,Atropello,Desobedecer senales,Transversal 32 A Sur Diagonal 31 E,LA MAGNOLIA,Urbana,"(6.176205136, -75.581005959)"
2180321,02/02/2018,3:50 p.m.,viernes,AUTOMOVIL,PARTICULAR,Conductor,Masculino,No,N/A,SOLO DAÑOS,Choque,Semaforo en rojo,Carrera 43 A Calle 25  Sur,AVENIDA EL POBLADO,Urbana,"(6.181616833, -75.581857267)"
2180321,02/02/2018,3:50 p.m.,viernes,AUTOMOVIL,PARTICULAR,Conductor,Masculino,No,N/A,SOLO DAÑOS,Choque,Semaforo en rojo,Carrera 43 A Calle 25  Sur,AVENIDA EL POBLADO,Urbana,"(6.181616833, -75.581857267)"
2180296,02/02/2018,6:50 p.m.,viernes,CAMIONETA,OFICIAL,Conductor,Masculino,No,N/A,SOLO DAÑOS,Choque,No mantener distancia de seguridad,Carrera 40 Calle 39  Sur,ZONA CENTRO,Urbana,"(6.16729029, -75.586691325)"
2180296,02/02/2018,6:50 p.m.,viernes,AUTOMOVIL,PARTICULAR,Conductor,Masculino,No,N/A,SOLO DAÑOS,Choque,No mantener distancia de seguridad,Carrera 40 Calle 39  Sur,ZONA CENTRO,Urbana,"(6.16729029, -75.586691325)"
2180298,02/02/2018,3:55 p.m.,viernes,BUS,PUBLICO,Conductor,Masculino,No,N/A,SOLO DAÑOS,Choque,No mantener distancia de seguridad,Calle 27 D Sur Carrera 27,EL ESMERALDAL,Urbana,"(6.169224506, -75.571738164)"
2180298,02/02/2018,3:55 p.m.,viernes,AUTOMOVIL,PARTICULAR,Conductor,Masculino,No,N/A,SOLO DAÑOS,Choque,No mantener distancia de seguridad,Calle 27 D Sur Carrera 27,EL ESMERALDAL,Urbana,"(6.169224506, -75.571738164)"
2180325,02/03/2018,10:00 a.m.,sábado,BUS,PUBLICO,Conductor,Masculino,No,N/A,SOLO DAÑOS,Choque,No mantener distancia de seguridad,Carrera 25 Calle 36  Sur,LA INMACULADA,Urbana,
2180325,02/03/2018,10:00 a.m.,sábado,AUTOMOVIL,PARTICULAR,Conductor,Masculino,No,N/A,SOLO DAÑOS,Choque,No mantener distancia de seguridad,Carrera 25 Calle 36  Sur,LA INMACULADA,Urbana,
2180335,02/03/2018,12:00 a.m.,sábado,AUTOMOVIL,PARTICULAR,Conductor,Femenino,No,N/A,SOLO DAÑOS,Choque,Girar bruscamente,Carrera 43 Calle 33 B Sur,ZONA CENTRO,Urbana,"(6.172873357, -75.5860846)"
2180335,02/03/2018,12:00 a.m.,sábado,MOTOCICLETA,PARTICULAR,Motociclista,Masculino,No,N/A,SOLO DAÑOS,Choque,Girar bruscamente,Carrera 43 Calle 33 B Sur,ZONA CENTRO,Urbana,"(6.172873357, -75.5860846)"
2180335,02/03/2018,12:00 a.m.,sábado,AUTOMOVIL,PARTICULAR,Conductor,Femenino,No,N/A,SOLO DAÑOS,Choque,Girar bruscamente,Carrera 43 Calle 33 B Sur,ZONA CENTRO,Urbana,"(6.172873357, -75.5860846)"
2180300,02/03/2018,1:10 p.m.,sábado,AUTOMOVIL,PARTICULAR,Conductor,Masculino,No,N/A,SOLO DAÑOS,Choque,No mantener distancia de seguridad,Carrera 50 Calle 46 A Sur,LAS VEGAS,Urbana,"(6.16131219, -75.603198185)"
2180300,02/03/2018,1:10 p.m.,sábado,CAMPERO,PARTICULAR,Conductor,Masculino,No,N/A,SOLO DAÑOS,Choque,No mantener distancia de seguridad,Carrera 50 Calle 46 A Sur,LAS VEGAS,Urbana,"(6.16131219, -75.603198185)"
2180324,02/03/2018,1:10 p.m.,sábado,AUTOMOVIL,PARTICULAR,Conductor,Femenino,No,N/A,SOLO DAÑOS,Choque,No mantener distancia de seguridad,Tramo 373 Kilometro  14,VEREDA PALMAS,Rural,
2180324,02/03/2018,1:10 p.m.,sábado,AUTOMOVIL,PARTICULAR,Conductor,Masculino,No,N/A,SOLO DAÑOS,Choque,No mantener distancia de seguridad,Tramo 373 Kilometro  14,VEREDA PALMAS,Rural,
2180323,02/03/2018,9:30 a.m.,sábado,AUTOMOVIL,PARTICULAR,Conductor,Masculino,No,N/A,SOLO DAÑOS,Choque,Reverso imprudente,Tramo 376 Kilometro  2,VEREDA PALMAS,Rural,
2180327,02/03/2018,5:30 p.m.,sábado,AUTOMOVIL,PARTICULAR,Conductor,Masculino,No,N/A,SOLO DAÑOS,Choque,No mantener distancia de seguridad,Carrera 50 Calle 24  Sur,LAS VEGAS,Urbana,"(6.187110769, -75.584296234)"
2180327,02/03/2018,5:30 p.m.,sábado,CAMIONETA,DIPLOMATICO,Conductor,Femenino,No,N/A,SOLO DAÑOS,Choque,No mantener distancia de seguridad,Carrera 50 Calle 24  Sur,LAS VEGAS,Urbana,"(6.187110769, -75.584296234)"
2180323,02/03/2018,9:30 a.m.,sábado,CAMION,PUBLICO,Conductor,Masculino,No,N/A,SOLO DAÑOS,Choque,Reverso imprudente,Tramo 376 Kilometro  2,VEREDA PALMAS,Rural,
2180322,02/03/2018,12:30 a.m.,sábado,CAMIONETA,PARTICULAR,Conductor,Masculino,No,N/A,SOLO DAÑOS,Choque,No mantener distancia de seguridad,Carrera 29 A Calle 38  Sur,LOMA DE LAS BRUJAS,Urbana,"(6.16496822, -75.580828364)"
2180322,02/03/2018,12:30 a.m.,sábado,CAMPERO,PARTICULAR,Conductor,Masculino,No,N/A,SOLO DAÑOS,Choque,No mantener distancia de seguridad,Carrera 29 A Calle 38  Sur,LOMA DE LAS BRUJAS,Urbana,"(6.16496822, -75.580828364)"
2180299,02/03/2018,12:35 a.m.,sábado,AUTOMOVIL,PARTICULAR,Conductor,Masculino,No,N/A,SOLO DAÑOS,Choque,No mantener distancia de seguridad,Carrera 50 Calle 39  Sur,LAS VEGAS,Urbana,
2180312,02/03/2018,2:30 a.m.,sábado,AUTOMOVIL,PARTICULAR,Conductor,Masculino,No,N/A,SOLO DAÑOS,Choque,Impericia en el manejo,Tramo 372 Kilometro  14,VEREDA PALMAS,Rural,
2180299,02/03/2018,12:35 a.m.,sábado,MOTOCICLETA,PARTICULAR,Motociclista,Masculino,No,N/A,SOLO DAÑOS,Choque,No mantener distancia de seguridad,Carrera 50 Calle 39  Sur,LAS VEGAS,Urbana,
2180337,02/03/2018,12:45 a.m.,sábado,CAMIONETA,PARTICULAR,Conductor,Masculino,No,N/A,SOLO DAÑOS,Choque,Transitar entre vehiculos,Carrera 50 Calle 46  Sur,LAS VEGAS,Urbana,"(6.16131219, -75.603198185)"
2180337,02/03/2018,12:45 a.m.,sábado,MOTOCICLETA,PARTICULAR,Motociclista,Masculino,No,N/A,SOLO DAÑOS,Choque,Transitar entre vehiculos,Carrera 50 Calle 46  Sur,LAS VEGAS,Urbana,"(6.16131219, -75.603198185)"
2180308,02/04/2018,2:00 p.m.,domingo,MOTOCICLETA,PARTICULAR,Motociclista,Masculino,No,N/A,HERIDO,Choque,Adelantar en zona prohibida,Tramo 373 Kilometro  13,VEREDA PALMAS,Rural,
2180308,02/04/2018,2:00 p.m.,domingo,CAMIONETA,PARTICULAR,Conductor,Masculino,No,N/A,HERIDO,Choque,Adelantar en zona prohibida,Tramo 373 Kilometro  13,VEREDA PALMAS,Rural,
2180319,02/04/2018,3:15 p.m.,domingo,MOTOCICLETA,PARTICULAR,Motociclista,Masculino,No,N/A,SOLO DAÑOS,Choque,Reverso imprudente,Calle 40  Sur Carrera 23,EL SALADO,Urbana,
2180319,02/04/2018,3:15 p.m.,domingo,AUTOMOVIL,DIPLOMATICO,Conductor,Masculino,No,N/A,SOLO DAÑOS,Choque,Reverso imprudente,Calle 40  Sur Carrera 23,EL SALADO,Urbana,
2180303,02/04/2018,2:30 p.m.,domingo,AUTOMOVIL,PARTICULAR,Conductor,Masculino,No,N/A,SOLO DAÑOS,Choque,No mantener distancia de seguridad,Carrera 47 B Calle 25 A Sur,LAS VEGAS,Urbana,"(6.184283598, -75.583653875)"
2180369,02/08/2018,9:50 a.m.,jueves,BUS,PUBLICO,Conductor,Masculino,No,N/A,SOLO DAÑOS,Choque,Reverso imprudente,Calle 36 A Sur Carrera 47,EL PORTAL,Urbana,"(6.173604362, -75.591284932)"
2180303,02/04/2018,2:30 p.m.,domingo,AUTOMOVIL,PARTICULAR,Conductor,Masculino,No,N/A,SOLO DAÑOS,Choque,No mantener distancia de seguridad,Carrera 47 B Calle 25 A Sur,LAS VEGAS,Urbana,"(6.184283598, -75.583653875)"
2180307,02/04/2018,4:50 a.m.,domingo,AUTOMOVIL,PUBLICO,Conductor,Masculino,No,N/A,SOLO DAÑOS,Choque,Reverso imprudente,Carrera 45 Calle 39  Sur,ALCALA,Urbana,"(6.169521683, -75.590988058)"
2180307,02/04/2018,4:50 a.m.,domingo,AUTOMOVIL,PARTICULAR,Conductor,Masculino,No,N/A,SOLO DAÑOS,Choque,Reverso imprudente,Carrera 45 Calle 39  Sur,ALCALA,Urbana,"(6.169521683, -75.590988058)"
2180314,02/04/2018,1:40 p.m.,domingo,MOTOCICLETA,PARTICULAR,Motociclista,Masculino,No,N/A,HERIDO,Choque,Impericia en el manejo,Tramo 371 Kilometro  4,VEREDA EL ESCOBERO,Rural,
2180314,02/04/2018,1:40 p.m.,domingo,MOTOCICLETA,PARTICULAR,Motociclista,Masculino,No,N/A,HERIDO,Choque,Exceso de velocidad,Tramo 371 Kilometro  4,VEREDA EL ESCOBERO,Rural,
2180342,02/04/2018,8:50 p.m.,domingo,MOTOCICLETA,PARTICULAR,Motociclista,Masculino,No,N/A,HERIDO,Choque,Semaforo en rojo,Carrera 43 A Calle 39  Sur,ZONA CENTRO,Urbana,"(6.169011071, -75.589484903)"
2180342,02/04/2018,8:50 p.m.,domingo,MOTOCICLETA,PARTICULAR,Motociclista,Masculino,No,N/A,HERIDO,Choque,Semaforo en rojo,Carrera 43 A Calle 39  Sur,ZONA CENTRO,Urbana,"(6.169011071, -75.589484903)"
2180333,02/04/2018,12:50 a.m.,domingo,MOTOCICLETA,PARTICULAR,Motociclista,Masculino,No,N/A,SOLO DAÑOS,Choque,Adelantar invadiendo carril de sentido contrario,Calle 40 A Sur Carrera 25 AA Sur,EL SALADO,Urbana,"(6.154962416, -75.580959858)"
2180333,02/04/2018,12:50 a.m.,domingo,AUTOMOVIL,PARTICULAR,Conductor,Masculino,No,N/A,SOLO DAÑOS,Choque,Adelantar invadiendo carril de sentido contrario,Calle 40 A Sur Carrera 25 AA Sur,EL SALADO,Urbana,"(6.154962416, -75.580959858)"
2180306,02/04/2018,6:55 p.m.,domingo,CAMIONETA,PARTICULAR,Conductor,Masculino,No,N/A,HERIDO,Choque,No mantener distancia de seguridad,Carrera 50 Calle 39  Sur,LAS VEGAS,Urbana,
2180306,02/04/2018,6:55 p.m.,domingo,MOTOCICLETA,PARTICULAR,Motociclista,Masculino,No,N/A,HERIDO,Choque,No mantener distancia de seguridad,Carrera 50 Calle 39  Sur,LAS VEGAS,Urbana,
2180336,02/05/2018,2:00 p.m.,lunes,AUTOMOVIL,PARTICULAR,Conductor,Femenino,No,N/A,SOLO DAÑOS,Choque,No mantener distancia de seguridad,Carrera 43 Calle 35  Sur,ZONA CENTRO,Urbana,"(6.171975228, -75.586622638)"
2180336,02/05/2018,2:00 p.m.,lunes,CAMPERO,PARTICULAR,Conductor,Masculino,No,N/A,SOLO DAÑOS,Choque,No mantener distancia de seguridad,Carrera 43 Calle 35  Sur,ZONA CENTRO,Urbana,"(6.171975228, -75.586622638)"
2180338,02/05/2018,7:00 a.m.,lunes,AUTOMOVIL,PARTICULAR,Conductor,Femenino,No,N/A,SOLO DAÑOS,Choque,Girar bruscamente,Diagonal 31 Transversal 36 A Sur,LA SEBASTIANA,Urbana,"(6.167967817, -75.580281768)"
2180338,02/05/2018,7:00 a.m.,lunes,CAMPERO,PARTICULAR,Conductor,Femenino,No,N/A,SOLO DAÑOS,Choque,Girar bruscamente,Diagonal 31 Transversal 36 A Sur,LA SEBASTIANA,Urbana,"(6.167967817, -75.580281768)"
2180349,02/05/2018,12:10 a.m.,lunes,CAMION,PUBLICO,Conductor,Masculino,No,N/A,SOLO DAÑOS,Choque,Impericia en el manejo,Tramo 372 Kilometro  16,VEREDA PALMAS,Rural,
2180315,02/05/2018,5:18 p.m.,lunes,BUS,PUBLICO,Conductor,Masculino,No,N/A,SOLO DAÑOS,Choque,Girar bruscamente,Carrera 27 Calle 36 C Sur,EL CHOCHO,Urbana,"(6.163344515, -75.568634699)"
2180315,02/05/2018,5:18 p.m.,lunes,AUTOMOVIL,PARTICULAR,Conductor,Masculino,No,N/A,SOLO DAÑOS,Choque,Girar bruscamente,Carrera 27 Calle 36 C Sur,EL CHOCHO,Urbana,"(6.163344515, -75.568634699)"
2180332,02/05/2018,12:20 a.m.,lunes,CAMIONETA,PARTICULAR,Conductor,Masculino,No,N/A,SOLO DAÑOS,Choque,Reverso imprudente,Calle 38 A Sur Carrera 41,ZONA CENTRO,Urbana,"(6.168560755, -75.587015366)"
2180332,02/05/2018,12:20 a.m.,lunes,AUTOMOVIL,PARTICULAR,Conductor,Femenino,No,N/A,SOLO DAÑOS,Choque,Reverso imprudente,Calle 38 A Sur Carrera 41,ZONA CENTRO,Urbana,"(6.168560755, -75.587015366)"
2180340,02/05/2018,12:20 a.m.,lunes,AUTOMOVIL,PARTICULAR,Conductor,Masculino,No,N/A,SOLO DAÑOS,Choque,No mantener distancia de seguridad,Carrera 43 A Calle 48 C Sur,AVENIDA EL POBLADO,Urbana,"(6.162218777, -75.597644457)"
2180340,02/05/2018,12:20 a.m.,lunes,MOTOCICLETA,PARTICULAR,Motociclista,Masculino,No,N/A,SOLO DAÑOS,Choque,No mantener distancia de seguridad,Carrera 43 A Calle 48 C Sur,AVENIDA EL POBLADO,Urbana,"(6.162218777, -75.597644457)"
2180460,02/16/2018,7:20 p.m.,viernes,CAMIONETA,PARTICULAR,Conductor,Femenino,No,N/A,SOLO DAÑOS,Choque,No respetar pelacion de interseccion o giros,Calle 50  Sur Carrera 48,LAS VEGAS,Urbana,
2180340,02/05/2018,12:20 a.m.,lunes,MOTOCICLETA,PARTICULAR,Motociclista,Femenino,No,N/A,SOLO DAÑOS,Choque,No mantener distancia de seguridad,Carrera 43 A Calle 48 C Sur,AVENIDA EL POBLADO,Urbana,"(6.162218777, -75.597644457)"
2180329,02/05/2018,2:20 p.m.,lunes,AUTOMOVIL,PARTICULAR,Conductor,Masculino,No,N/A,HERIDO,Choque,Desobedecer senales,Calle 45  Sur Carrera 43 A,PRIMAVERA,Urbana,"(6.165246116, -75.594494166)"
2180329,02/05/2018,2:20 p.m.,lunes,MOTOCICLETA,PARTICULAR,Motociclista,Masculino,No,N/A,HERIDO,Choque,Desobedecer senales,Calle 45  Sur Carrera 43 A,PRIMAVERA,Urbana,"(6.165246116, -75.594494166)"
2180343,02/05/2018,1:30 p.m.,lunes,CAMIONETA,PARTICULAR,Conductor,Masculino,No,N/A,HERIDO,Choque,No mantener distancia de seguridad,Carrera 50 Calle 49  Sur,LAS VEGAS,Urbana,
2180343,02/05/2018,1:30 p.m.,lunes,MOTOCICLETA,PARTICULAR,Motociclista,Masculino,No,N/A,HERIDO,Choque,No mantener distancia de seguridad,Carrera 50 Calle 49  Sur,LAS VEGAS,Urbana,
2180320,02/05/2018,5:30 p.m.,lunes,MOTOCICLETA,PARTICULAR,Motociclista,Masculino,No,N/A,HERIDO,Choque,No respetar prelacion,Calle 36  Sur Carrera 24,EL CHOCHO,Urbana,"(6.167448218, -75.563785077)"
2180320,02/05/2018,5:30 p.m.,lunes,CAMIONETA,PARTICULAR,Conductor,Femenino,No,N/A,HERIDO,Choque,No respetar prelacion,Calle 36  Sur Carrera 24,EL CHOCHO,Urbana,"(6.167448218, -75.563785077)"
2180347,02/05/2018,11:45 a.m.,lunes,MOTOCICLETA,PARTICULAR,Motociclista,Masculino,No,N/A,HERIDO,Atropello,Cruzar sin observar,Calle 52 B Sur Carrera 40,LA INMACULADA,Urbana,"(6.155899821, -75.601282788)"
2180347,02/05/2018,11:45 a.m.,lunes,MOTOCICLETA,PARTICULAR,Motociclista,Masculino,No,N/A,HERIDO,Atropello,Transitar en contravia,Calle 52 B Sur Carrera 40,LA INMACULADA,Urbana,"(6.155899821, -75.601282788)"
2180344,02/06/2018,3:00 p.m.,martes,CAMION,PUBLICO,Conductor,Masculino,No,N/A,SOLO DAÑOS,Choque,No mantener distancia de seguridad,Calle 37  Sur Carrera 50,LAS VEGAS,Urbana,
2180344,02/06/2018,3:00 p.m.,martes,CAMIONETA,PARTICULAR,Conductor,Masculino,No,N/A,SOLO DAÑOS,Choque,No mantener distancia de seguridad,Calle 37  Sur Carrera 50,LAS VEGAS,Urbana,
2180341,02/06/2018,5:00 p.m.,martes,CAMPERO,PARTICULAR,Conductor,Masculino,No,N/A,SOLO DAÑOS,Choque,No mantener distancia de seguridad,Tramo 373 Kilometro  7,VEREDA PALMAS,Rural,
2180341,02/06/2018,5:00 p.m.,martes,MOTOCICLETA,PARTICULAR,Motociclista,Masculino,No,N/A,SOLO DAÑOS,Choque,No mantener distancia de seguridad,Tramo 373 Kilometro  7,VEREDA PALMAS,Rural,
2180350,02/06/2018,5:15 p.m.,martes,MOTOCICLETA,PARTICULAR,Motociclista,Masculino,No,N/A,HERIDO,Choque,Desobedecer senales,Calle 39 B Sur Carrera 30,SAN JOSE,Urbana,"(6.16327841, -75.581916425)"
2180350,02/06/2018,5:15 p.m.,martes,AUTOMOVIL,PARTICULAR,Conductor,Masculino,No,N/A,HERIDO,Choque,Desobedecer senales,Calle 39 B Sur Carrera 30,SAN JOSE,Urbana,"(6.16327841, -75.581916425)"
2180350,02/06/2018,5:15 p.m.,martes,AUTOMOVIL,PARTICULAR,Conductor,Masculino,No,N/A,HERIDO,Choque,Desobedecer senales,Calle 39 B Sur Carrera 30,SAN JOSE,Urbana,"(6.16327841, -75.581916425)"
2180339,02/06/2018,4:30 p.m.,martes,MOTOCICLETA,PARTICULAR,Motociclista,Masculino,No,N/A,SOLO DAÑOS,Choque,Girar bruscamente,Tramo 372 Kilometro  17,VEREDA PALMAS,Rural,
2180339,02/06/2018,4:30 p.m.,martes,MOTOCICLETA,PARTICULAR,Motociclista,Sin Registro,No,N/A,SOLO DAÑOS,Choque,Girar bruscamente,Tramo 372 Kilometro  17,VEREDA PALMAS,Rural,
2180346,02/06/2018,3:30 p.m.,martes,BUS,PUBLICO,Conductor,Masculino,No,N/A,SOLO DAÑOS,Choque,Reverso imprudente,Carrera 49 A Calle 46 A Sur,LAS VEGAS,Urbana,"(6.167871749, -75.602138766)"
2180346,02/06/2018,3:30 p.m.,martes,BUS,PUBLICO,Conductor,Masculino,No,N/A,SOLO DAÑOS,Choque,Reverso imprudente,Carrera 49 A Calle 46 A Sur,LAS VEGAS,Urbana,"(6.167871749, -75.602138766)"
2180357,02/06/2018,8:40 p.m.,martes,AUTOMOVIL,PARTICULAR,Conductor,Masculino,No,N/A,SOLO DAÑOS,Choque,No mantener distancia de seguridad,Carrera 48 Calle 25 A Sur,LAS VEGAS,Urbana,"(6.184740152, -75.583657425)"
2180357,02/06/2018,8:40 p.m.,martes,CAMPERO,PARTICULAR,Conductor,Masculino,No,N/A,SOLO DAÑOS,Choque,No mantener distancia de seguridad,Carrera 48 Calle 25 A Sur,LAS VEGAS,Urbana,"(6.184740152, -75.583657425)"
2180345,02/06/2018,9:40 a.m.,martes,MOTOCICLETA,PARTICULAR,Motociclista,Masculino,No,N/A,HERIDO,Choque,Impericia en el manejo,Calle 39 D Sur Carrera 25,EL SALADO,Urbana,"(6.154343948, -75.578021489)"
2180328,02/06/2018,9:33 p.m.,martes,AUTOMOVIL,PARTICULAR,Conductor,Masculino,No,N/A,HERIDO,Choque,No respetar prelacion,Calle 36 D Sur Carrera 27,VEREDA EL ESCOBERO,Urbana,"(6.162479576, -75.570222573)"
2180328,02/06/2018,9:33 p.m.,martes,BICICLETA,N/A,Ciclista,Masculino,No,N/A,HERIDO,Choque,No respetar prelacion,Calle 36 D Sur Carrera 27,VEREDA EL ESCOBERO,Urbana,"(6.162479576, -75.570222573)"
2180366,02/06/2018,12:45 a.m.,martes,MOTOCICLETA,PARTICULAR,Motociclista,Masculino,No,N/A,SOLO DAÑOS,Choque,Transitar entre vehiculos,Diagonal 31 Transversal 33 A Sur,LAS FLORES,Urbana,"(6.173761816, -75.578919701)"
2180366,02/06/2018,12:45 a.m.,martes,BUS,PUBLICO,Conductor,Masculino,No,N/A,SOLO DAÑOS,Choque,Transitar entre vehiculos,Diagonal 31 Transversal 33 A Sur,LAS FLORES,Urbana,"(6.173761816, -75.578919701)"
2180366,02/06/2018,12:45 a.m.,martes,BUS,PUBLICO,Conductor,Masculino,No,N/A,SOLO DAÑOS,Choque,Transitar entre vehiculos,Diagonal 31 Transversal 33 A Sur,LAS FLORES,Urbana,"(6.173761816, -75.578919701)"
2180386,02/12/2018,1:20 p.m.,lunes,AUTOMOVIL,PARTICULAR,Conductor,Masculino,No,N/A,SOLO DAÑOS,Choque,Adelantar cerrando,Carrera 48 Calle 39  Sur,LAS VEGAS,Urbana,"(6.17163722, -75.593649993)"
2180331,02/06/2018,3:55 p.m.,martes,BUSETA,PUBLICO,Conductor,Masculino,No,N/A,HERIDO,Caida Ocupante,Descender o subir del vehiculo en marcha,Carrera 25 Calle 38 D Sur,EL CHINGU├ì,Urbana,
2180372,02/07/2018,7:40 p.m.,miércoles,AUTOMOVIL,PUBLICO,Conductor,Masculino,No,N/A,SOLO DAÑOS,Choque,Adelantar cerrando,Calle 37  Sur Carrera 41,LA MAGNOLIA,Urbana,"(6.169855492, -75.586196006)"
2180372,02/07/2018,7:40 p.m.,miércoles,CAMIONETA,PARTICULAR,Conductor,Masculino,No,N/A,SOLO DAÑOS,Choque,No respetar pelacion de interseccion o giros,Calle 37  Sur Carrera 41,LA MAGNOLIA,Urbana,"(6.169855492, -75.586196006)"
2180372,02/07/2018,7:40 p.m.,miércoles,CAMIONETA,PARTICULAR,Conductor,Masculino,No,N/A,SOLO DAÑOS,Choque,Adelantar cerrando,Calle 37  Sur Carrera 41,LA MAGNOLIA,Urbana,"(6.169855492, -75.586196006)"
2180372,02/07/2018,7:40 p.m.,miércoles,AUTOMOVIL,PUBLICO,Conductor,Masculino,No,N/A,SOLO DAÑOS,Choque,No respetar pelacion de interseccion o giros,Calle 37  Sur Carrera 41,LA MAGNOLIA,Urbana,"(6.169855492, -75.586196006)"
2180359,02/07/2018,6:40 a.m.,miércoles,BUS,PUBLICO,Conductor,Masculino,No,N/A,SOLO DAÑOS,Choque,Impericia en el manejo,Carrera 29 Calle 40 F Sur,SAN JOSE,Urbana,"(6.161100766, -75.581716545)"
2180359,02/07/2018,6:40 a.m.,miércoles,MOTOCICLETA,PARTICULAR,Motociclista,Masculino,No,N/A,SOLO DAÑOS,Choque,Impericia en el manejo,Carrera 29 Calle 40 F Sur,SAN JOSE,Urbana,"(6.161100766, -75.581716545)"
2180367,02/07/2018,5:45 p.m.,miércoles,BUS,PUBLICO,Conductor,Masculino,No,N/A,SOLO DAÑOS,Choque,Adelantar en zona prohibida,Carrera 42 B Calle 46 E Sur,EL TRIANON,Urbana,"(6.162296208, -75.594293177)"
2180367,02/07/2018,5:45 p.m.,miércoles,AUTOMOVIL,PARTICULAR,Conductor,Femenino,No,N/A,SOLO DAÑOS,Choque,Desobedecer senales,Carrera 42 B Calle 46 E Sur,EL TRIANON,Urbana,"(6.162296208, -75.594293177)"
2180367,02/07/2018,5:45 p.m.,miércoles,AUTOMOVIL,PARTICULAR,Conductor,Femenino,No,N/A,SOLO DAÑOS,Choque,Adelantar en zona prohibida,Carrera 42 B Calle 46 E Sur,EL TRIANON,Urbana,"(6.162296208, -75.594293177)"
2180367,02/07/2018,5:45 p.m.,miércoles,BUS,PUBLICO,Conductor,Masculino,No,N/A,SOLO DAÑOS,Choque,Desobedecer senales,Carrera 42 B Calle 46 E Sur,EL TRIANON,Urbana,"(6.162296208, -75.594293177)"
2180348,02/07/2018,7:50 a.m.,miércoles,MOTOCICLETA,PARTICULAR,Motociclista,Femenino,No,N/A,SOLO DAÑOS,Choque,Transitar en contravia,Carrera 50 Calle 32 B Sur,LAS VEGAS,Urbana,"(6.178248378, -75.591688281)"
2180348,02/07/2018,7:50 a.m.,miércoles,AUTOMOVIL,PARTICULAR,Conductor,Masculino,No,N/A,SOLO DAÑOS,Choque,Transitar en contravia,Carrera 50 Calle 32 B Sur,LAS VEGAS,Urbana,"(6.178248378, -75.591688281)"
2180348,02/07/2018,7:50 a.m.,miércoles,AUTOMOVIL,PARTICULAR,Conductor,Masculino,No,N/A,SOLO DAÑOS,Choque,Transitar en contravia,Carrera 50 Calle 32 B Sur,LAS VEGAS,Urbana,"(6.178248378, -75.591688281)"
2180352,02/08/2018,5:00 p.m.,jueves,MOTOCICLETA,PARTICULAR,Motociclista,Femenino,No,N/A,HERIDO,Choque,No mantener distancia de seguridad,Calle 25  Sur Carrera 42 B,LAS ORQUIDEAS,Urbana,"(6.179561127, -75.579866326)"
2180352,02/08/2018,5:00 p.m.,jueves,AUTOMOVIL,PARTICULAR,Conductor,Masculino,No,N/A,HERIDO,Choque,No mantener distancia de seguridad,Calle 25  Sur Carrera 42 B,LAS ORQUIDEAS,Urbana,"(6.179561127, -75.579866326)"
2180352,02/08/2018,5:00 p.m.,jueves,AUTOMOVIL,PARTICULAR,Conductor,Masculino,No,N/A,HERIDO,Choque,No mantener distancia de seguridad,Calle 25  Sur Carrera 42 B,LAS ORQUIDEAS,Urbana,"(6.179561127, -75.579866326)"
2180353,02/08/2018,9:10 p.m.,jueves,MOTOCICLETA,PARTICULAR,Motociclista,Femenino,No,N/A,HERIDO,Choque,Desobedecer senales,Carrera 43 A Calle 21  Sur,ZU├æIGA,Urbana,"(6.183599544, -75.579409862)"
2180353,02/08/2018,9:10 p.m.,jueves,AUTOMOVIL,PARTICULAR,Conductor,Masculino,No,N/A,HERIDO,Choque,Desobedecer senales,Carrera 43 A Calle 21  Sur,ZU├æIGA,Urbana,"(6.183599544, -75.579409862)"
2180360,02/08/2018,4:20 p.m.,jueves,BUS,PUBLICO,Conductor,Masculino,No,N/A,SOLO DAÑOS,Choque,Vehiculo mal estacionado,Carrera 48 Calle 49  Sur,LAS CASITAS,Urbana,"(6.162978079, -75.602401613)"
2180360,02/08/2018,4:20 p.m.,jueves,BUS,PUBLICO,Conductor,Masculino,No,N/A,SOLO DAÑOS,Choque,Vehiculo mal estacionado,Carrera 48 Calle 49  Sur,LAS CASITAS,Urbana,"(6.162978079, -75.602401613)"