RADICADO,FECHA,HORA,DÍA DE LA SEMANA,CLASE DE VEHICULO,TIPO DE SERVICIO,TIPO DE VICTIMA,SEXO,ESTADO DE BEODEZ,RESULTADO DE BEODEZ,GRAVEDAD,CLASE DE ACCIDENTE,CAUSA,DIRECCIÓN,BARRIO,AREA,Coordenadas
2180735,03/14/2018,5:39 p.m.,miércoles,AUTOMOVIL,PARTICULAR,Conductor,Masculino,No,N/A,SOLO DAÑOS,Choque,Impericia en el manejo,Calle 25  Sur Carrera 48,LAS VEGAS,Urbana,
2180735,03/14/2018,5:39 p.m.,miércoles,MOTOCICLETA,PARTICULAR,Motociclista,Masculino,No,N/A,SOLO DAÑOS,Choque,Impericia en el manejo,Calle 25  Sur Carrera 48,LAS VEGAS,Urbana,
2180742,03/14/2018,5:40 p.m.,miércoles,BUSETA,PUBLICO,Conductor,Masculino,No,N/A,HERIDO,Otro,Desobedecer senales,Carrera 27 A Calle 37  Sur,VEREDA EL ESCOBERO,Urbana,"(6.161839158, -75.574106895)"
2180718,03/14/2018,2:50 p.m.,miércoles,AUTOMOVIL,PUBLICO,Conductor,Masculino,No,N/A,SOLO DAÑOS,Choque,Desobedecer senales,Carrera 48 Calle 26  Sur,LAS VEGAS,Urbana,"(6.183318111, -75.585537184)"
2180718,03/14/2018,2:50 p.m.,miércoles,CAMIONETA,PARTICULAR,Conductor,Masculino,No,N/A,SOLO DAÑOS,Choque,Desobedecer senales,Carrera 48 Calle 26  Sur,LAS VEGAS,Urbana,"(6.183318111, -75.585537184)"
2180739,03/14/2018,10:50 a.m.,miércoles,CAMIONETA,PARTICULAR,Conductor,Masculino,No,N/A,SOLO DAÑOS,Choque,Fallas en las llantas,Tramo 372 Kilometro  12,VEREDA PALMAS,Rural,
2180739,03/14/2018,10:50 a.m.,miércoles,MICROBUS,PUBLICO,Conductor,Masculino,No,N/A,SOLO DAÑOS,Choque,Fallas en las llantas,Tramo 372 Kilometro  12,VEREDA PALMAS,Rural,
2180739,03/14/2018,10:50 a.m.,miércoles,AUTOMOVIL,PARTICULAR,Conductor,Femenino,No,N/A,SOLO DAÑOS,Choque,Fallas en las llantas,Tramo 372 Kilometro  12,VEREDA PALMAS,Rural,
2180723,03/14/2018,11:41 p.m.,miércoles,MOTOCICLETA,PARTICULAR,Motociclista,Masculino,No,N/A,HERIDO,Caida Ocupante,Impericia en el manejo,Calle 39  Sur Carrera 43 A,ZONA CENTRO,Urbana,"(6.169120914, -75.589530358)"
2180793,03/15/2018,1:00 p.m.,jueves,CAMION,PUBLICO,Conductor,Masculino,No,N/A,SOLO DAÑOS,Choque,Adelantar cerrando,Calle 30  Sur Carrera 43 A,JARDINES,Urbana,"(6.177126039, -75.585250895)"
2180793,03/15/2018,1:00 p.m.,jueves,AUTOMOVIL,PARTICULAR,Conductor,Masculino,No,N/A,SOLO DAÑOS,Choque,Adelantar cerrando,Calle 30  Sur Carrera 43 A,JARDINES,Urbana,"(6.177126039, -75.585250895)"
2180795,03/15/2018,1:00 p.m.,jueves,CAMIONETA,PARTICULAR,Conductor,Masculino,No,N/A,SOLO DAÑOS,Choque,No mantener distancia de seguridad,Carrera 48 Calle 43  Sur,LAS VEGAS,Urbana,"(6.168335134, -75.597233576)"
2180795,03/15/2018,1:00 p.m.,jueves,CAMIONETA,PUBLICO,Conductor,Masculino,No,N/A,SOLO DAÑOS,Choque,No mantener distancia de seguridad,Carrera 48 Calle 43  Sur,LAS VEGAS,Urbana,"(6.168335134, -75.597233576)"
2180746,03/15/2018,4:00 p.m.,jueves,MOTOCICLETA,PARTICULAR,Motociclista,Masculino,No,N/A,SOLO DAÑOS,Choque,No mantener distancia de seguridad,Carrera 50 Calle 46 A Sur,LAS VEGAS,Urbana,"(6.16131219, -75.603198185)"
2180746,03/15/2018,4:00 p.m.,jueves,AUTOMOVIL,PARTICULAR,Conductor,Masculino,No,N/A,SOLO DAÑOS,Choque,No mantener distancia de seguridad,Carrera 50 Calle 46 A Sur,LAS VEGAS,Urbana,"(6.16131219, -75.603198185)"
2180733,03/15/2018,7:00 a.m.,jueves,AUTOMOVIL,PARTICULAR,Conductor,Masculino,No,N/A,HERIDO,Choque,No mantener distancia de seguridad,Tramo 373 Kilometro  13,VEREDA PALMAS,Rural,
2180733,03/15/2018,7:00 a.m.,jueves,AUTOMOVIL,PARTICULAR,Conductor,Femenino,No,N/A,HERIDO,Choque,Transitar entre vehiculos,Tramo 373 Kilometro  13,VEREDA PALMAS,Rural,
2180733,03/15/2018,7:00 a.m.,jueves,AUTOMOVIL,PARTICULAR,Conductor,Femenino,No,N/A,HERIDO,Choque,No mantener distancia de seguridad,Tramo 373 Kilometro  13,VEREDA PALMAS,Rural,
2180770,03/15/2018,6:00 p.m.,jueves,CAMIONETA,PARTICULAR,Conductor,Masculino,No,N/A,SOLO DAÑOS,Choque,Desobedecer senales,Carrera 37 Calle 38 A Sur,MESA,Urbana,"(6.166899106, -75.584597428)"
2180770,03/15/2018,6:00 p.m.,jueves,MOTOCICLETA,DIPLOMATICO,Motociclista,Masculino,No,N/A,SOLO DAÑOS,Choque,Desobedecer senales,Carrera 37 Calle 38 A Sur,MESA,Urbana,"(6.166899106, -75.584597428)"
2180733,03/15/2018,7:00 a.m.,jueves,AUTOMOVIL,PARTICULAR,Conductor,Femenino,No,N/A,HERIDO,Choque,Transitar entre vehiculos,Tramo 373 Kilometro  13,VEREDA PALMAS,Rural,
2180733,03/15/2018,7:00 a.m.,jueves,AUTOMOVIL,PARTICULAR,Conductor,Femenino,No,N/A,HERIDO,Choque,No mantener distancia de seguridad,Tramo 373 Kilometro  13,VEREDA PALMAS,Rural,
2180733,03/15/2018,7:00 a.m.,jueves,MOTOCICLETA,PARTICULAR,Motociclista,Masculino,No,N/A,HERIDO,Choque,Transitar entre vehiculos,Tramo 373 Kilometro  13,VEREDA PALMAS,Rural,
2180733,03/15/2018,7:00 a.m.,jueves,MOTOCICLETA,PARTICULAR,Motociclista,Masculino,No,N/A,HERIDO,Choque,No mantener distancia de seguridad,Tramo 373 Kilometro  13,VEREDA PALMAS,Rural,
2180733,03/15/2018,7:00 a.m.,jueves,CAMION,PUBLICO,Conductor,Masculino,No,N/A,HERIDO,Choque,Transitar entre vehiculos,Tramo 373 Kilometro  13,VEREDA PALMAS,Rural,
2180733,03/15/2018,7:00 a.m.,jueves,CAMION,PUBLICO,Conductor,Masculino,No,N/A,HERIDO,Choque,No mantener distancia de seguridad,Tramo 373 Kilometro  13,VEREDA PALMAS,Rural,
2180733,03/15/2018,7:00 a.m.,jueves,AUTOMOVIL,PARTICULAR,Conductor,Masculino,No,N/A,HERIDO,Choque,Transitar entre vehiculos,Tramo 373 Kilometro  13,VEREDA PALMAS,Rural,
2180769,03/15/2018,7:15 p.m.,jueves,AUTOMOVIL,PUBLICO,Conductor,Masculino,No,N/A,HERIDO,Choque,Desobedecer senales,Calle 39 D Sur Carrera 24 EE,EL CHINGU├ì,Urbana,"(6.154343948, -75.578021489)"
2180769,03/15/2018,7:15 p.m.,jueves,BICICLETA,N/A,Ciclista,Masculino,No,N/A,HERIDO,Choque,Desobedecer senales,Calle 39 D Sur Carrera 24 EE,EL CHINGU├ì,Urbana,"(6.154343948, -75.578021489)"
2180769,03/15/2018,7:15 p.m.,jueves,BICICLETA,N/A,Ciclista,Masculino,No,N/A,HERIDO,Choque,Desobedecer senales,Calle 39 D Sur Carrera 24 EE,EL CHINGU├ì,Urbana,"(6.154343948, -75.578021489)"
2180769,03/15/2018,7:15 p.m.,jueves,AUTOMOVIL,PUBLICO,Conductor,Masculino,No,N/A,HERIDO,Choque,Desobedecer senales,Calle 39 D Sur Carrera 24 EE,EL CHINGU├ì,Urbana,"(6.154343948, -75.578021489)"
2180773,03/15/2018,8:15 a.m.,jueves,MOTOCICLETA,PARTICULAR,Motociclista,Masculino,No,N/A,SOLO DAÑOS,Choque,Impericia en el manejo,Tramo 372 Kilometro  12,VEREDA PALMAS,Rural,
2180773,03/15/2018,8:15 a.m.,jueves,CAMPERO,PARTICULAR,Conductor,Femenino,No,N/A,SOLO DAÑOS,Choque,Impericia en el manejo,Tramo 372 Kilometro  12,VEREDA PALMAS,Rural,
2180747,03/17/2018,6:50 p.m.,sábado,TRACTOCAMION,PUBLICO,Conductor,Masculino,No,N/A,HERIDO,Choque,No respetar prelacion,Carrera 48 Calle 43  Sur,LAS VEGAS,Urbana,"(6.168335134, -75.597233576)"
2180738,03/15/2018,7:15 a.m.,jueves,BUS,PUBLICO,Conductor,Masculino,No,N/A,SOLO DAÑOS,Choque,No mantener distancia de seguridad,Calle 41  Sur Carrera 25,LA MINA,Urbana,"(6.153055964, -75.584468082)"
2180738,03/15/2018,7:15 a.m.,jueves,BUS,PUBLICO,Conductor,Masculino,No,N/A,SOLO DAÑOS,Choque,No mantener distancia de seguridad,Calle 41  Sur Carrera 25,LA MINA,Urbana,"(6.153055964, -75.584468082)"
2180784,03/15/2018,10:25 a.m.,jueves,BUS,PUBLICO,Conductor,Masculino,No,N/A,HERIDO,Caida Ocupante,Desobedecer senales,Carrera 31 Calle 37  Sur,MESA,Urbana,"(6.166081055, -75.580642165)"
2180745,03/15/2018,1:25 p.m.,jueves,MOTOCICLETA,PARTICULAR,Motociclista,Masculino,No,N/A,SOLO DAÑOS,Choque,No mantener distancia de seguridad,Carrera 41 Calle 29  Sur,LAS VEGAS,Urbana,"(6.159321168, -75.583364747)"
2180745,03/15/2018,1:25 p.m.,jueves,CAMIONETA,PARTICULAR,Conductor,Masculino,No,N/A,SOLO DAÑOS,Choque,No mantener distancia de seguridad,Carrera 41 Calle 29  Sur,LAS VEGAS,Urbana,"(6.159321168, -75.583364747)"
2180740,03/15/2018,7:30 a.m.,jueves,AUTOMOVIL,PARTICULAR,Conductor,Masculino,No,N/A,HERIDO,Choque,Poner en marcha un vehiculo sin precauci,Carrera 48 Calle 30  Sur,LAS VEGAS,Urbana,"(6.179366643, -75.588084104)"
2180740,03/15/2018,7:30 a.m.,jueves,MOTOCICLETA,PARTICULAR,Motociclista,Femenino,No,N/A,HERIDO,Choque,Poner en marcha un vehiculo sin precauci,Carrera 48 Calle 30  Sur,LAS VEGAS,Urbana,"(6.179366643, -75.588084104)"
2180758,03/15/2018,7:30 a.m.,jueves,CAMPERO,PARTICULAR,Conductor,Masculino,No,N/A,SOLO DAÑOS,Choque,Transitar entre vehiculos,Calle 21  Sur Carrera 41,ZU├æIGA,Urbana,"(6.182165945, -75.576776678)"
2180758,03/15/2018,7:30 a.m.,jueves,MOTOCICLETA,PARTICULAR,Motociclista,Masculino,No,N/A,SOLO DAÑOS,Choque,Transitar entre vehiculos,Calle 21  Sur Carrera 41,ZU├æIGA,Urbana,"(6.182165945, -75.576776678)"
2180757,03/15/2018,1:30 p.m.,jueves,BUS,PUBLICO,Conductor,Masculino,No,N/A,SOLO DAÑOS,Choque,No mantener distancia de seguridad,Carrera 50 Calle 32  Sur,LAS VEGAS,Urbana,"(6.178248378, -75.591688281)"
2180757,03/15/2018,1:30 p.m.,jueves,AUTOMOVIL,PARTICULAR,Conductor,Masculino,No,N/A,SOLO DAÑOS,Choque,No mantener distancia de seguridad,Carrera 50 Calle 32  Sur,LAS VEGAS,Urbana,"(6.178248378, -75.591688281)"
2180743,03/15/2018,12:30 a.m.,jueves,BUS,PUBLICO,Conductor,Masculino,No,N/A,SOLO DAÑOS,Choque,Impericia en el manejo,Calle 34 A Sur Carrera 27 D,ALTO DE MISAEL,Urbana,"(6.172512502, -75.577047381)"
2180731,03/15/2018,8:40 a.m.,jueves,AUTOMOVIL,PUBLICO,Conductor,Masculino,No,N/A,SOLO DAÑOS,Choque,No mantener distancia de seguridad,Carrera 48 Calle 46  Sur,LAS VEGAS,Urbana,"(6.166195386, -75.599285489)"
2180731,03/15/2018,8:40 a.m.,jueves,CAMPERO,PARTICULAR,Conductor,Femenino,No,N/A,SOLO DAÑOS,Choque,No mantener distancia de seguridad,Carrera 48 Calle 46  Sur,LAS VEGAS,Urbana,"(6.166195386, -75.599285489)"
2180731,03/15/2018,8:40 a.m.,jueves,AUTOMOVIL,PARTICULAR,Conductor,Masculino,No,N/A,SOLO DAÑOS,Choque,No mantener distancia de seguridad,Carrera 48 Calle 46  Sur,LAS VEGAS,Urbana,"(6.166195386, -75.599285489)"
2180760,03/15/2018,3:40 p.m.,jueves,CAMPERO,DIPLOMATICO,Conductor,Masculino,No,N/A,SOLO DAÑOS,Choque,Adelantar cerrando,Calle 36 D Sur Carrera 27 D,VEREDA EL ESCOBERO,Urbana,"(6.164970853, -75.574637268)"
2180760,03/15/2018,3:40 p.m.,jueves,AUTOMOVIL,PARTICULAR,Conductor,Femenino,No,N/A,SOLO DAÑOS,Choque,Adelantar cerrando,Calle 36 D Sur Carrera 27 D,VEREDA EL ESCOBERO,Urbana,"(6.164970853, -75.574637268)"
2180741,03/15/2018,7:40 a.m.,jueves,MOTOCICLETA,PARTICULAR,Motociclista,Masculino,No,N/A,HERIDO,Choque,Impericia en el manejo,Calle 27  Sur Carrera 28,EL ESMERALDAL,Urbana,"(6.175346318, -75.574583402)"
2180741,03/15/2018,7:40 a.m.,jueves,AUTOMOVIL,PUBLICO,Conductor,Masculino,No,N/A,HERIDO,Choque,Impericia en el manejo,Calle 27  Sur Carrera 28,EL ESMERALDAL,Urbana,"(6.175346318, -75.574583402)"
2180775,03/15/2018,6:50 a.m.,jueves,MOTOCICLETA,PARTICULAR,Motociclista,Femenino,No,N/A,HERIDO,Choque,Transitar entre vehiculos,Carrera 48 Calle 37  Sur,LAS VEGAS,Urbana,"(6.172859211, -75.592769925)"
2180775,03/15/2018,6:50 a.m.,jueves,AUTOMOVIL,PUBLICO,Conductor,Masculino,No,N/A,HERIDO,Choque,Transitar entre vehiculos,Carrera 48 Calle 37  Sur,LAS VEGAS,Urbana,"(6.172859211, -75.592769925)"
2180748,03/16/2018,4:00 p.m.,viernes,CAMIONETA,PARTICULAR,Conductor,Femenino,No,N/A,SOLO DAÑOS,Choque,No respetar prelacion,Calle 36  Sur Carrera 27 D,LA INMACULADA,Urbana,"(6.167512089, -75.574149427)"
2180748,03/16/2018,4:00 p.m.,viernes,CAMIONETA,PARTICULAR,Conductor,Femenino,No,N/A,SOLO DAÑOS,Choque,No respetar prelacion,Calle 36  Sur Carrera 27 D,LA INMACULADA,Urbana,"(6.167512089, -75.574149427)"
2180766,03/16/2018,7:00 a.m.,viernes,AUTOMOVIL,PARTICULAR,Conductor,Masculino,No,N/A,SOLO DAÑOS,Choque,Transitar entre vehiculos,Calle 37  Sur Carrera 46,EL PORTAL,Urbana,"(6.172613713, -75.590909108)"
2180766,03/16/2018,7:00 a.m.,viernes,MOTOCICLETA,PARTICULAR,Motociclista,Masculino,No,N/A,SOLO DAÑOS,Choque,Transitar entre vehiculos,Calle 37  Sur Carrera 46,EL PORTAL,Urbana,"(6.172613713, -75.590909108)"
2180766,03/16/2018,7:00 a.m.,viernes,AUTOMOVIL,PARTICULAR,Conductor,Femenino,No,N/A,SOLO DAÑOS,Choque,Transitar entre vehiculos,Calle 37  Sur Carrera 46,EL PORTAL,Urbana,"(6.172613713, -75.590909108)"
2180744,03/16/2018,10:10 p.m.,viernes,CAMIONETA,PARTICULAR,Conductor,Masculino,No,N/A,HERIDO,Choque,Transitar entre vehiculos,Carrera 50 Calle 26  Sur,LAS VEGAS,Urbana,"(6.184812544, -75.586911093)"
2180744,03/16/2018,10:10 p.m.,viernes,MOTOCICLETA,PARTICULAR,Motociclista,Masculino,No,N/A,HERIDO,Choque,Transitar entre vehiculos,Carrera 50 Calle 26  Sur,LAS VEGAS,Urbana,"(6.184812544, -75.586911093)"
2180765,03/16/2018,10:10 a.m.,viernes,CAMIONETA,PARTICULAR,Conductor,Masculino,No,N/A,SOLO DAÑOS,Choque,Adelantar cerrando,Calle 21  Sur Carrera 43 A,ZU├æIGA,Urbana,"(6.18399286, -75.579597643)"
2180765,03/16/2018,10:10 a.m.,viernes,AUTOMOVIL,PARTICULAR,Conductor,Masculino,No,N/A,SOLO DAÑOS,Choque,Adelantar cerrando,Calle 21  Sur Carrera 43 A,ZU├æIGA,Urbana,"(6.18399286, -75.579597643)"
2180751,03/16/2018,12:15 a.m.,viernes,AUTOMOVIL,PARTICULAR,Conductor,Masculino,No,N/A,HERIDO,Atropello,Cruzar sin observar,Tramo 372 Kilometro  16,VEREDA PALMAS,Rural,
2180772,03/16/2018,8:10 p.m.,viernes,BUS,PUBLICO,Conductor,Masculino,No,N/A,SOLO DAÑOS,Choque,No mantener distancia de seguridad,Carrera 43 A Calle 37  Sur,ZONA CENTRO,Urbana,"(6.171024704, -75.588164697)"
2180772,03/16/2018,8:10 p.m.,viernes,AUTOMOVIL,PARTICULAR,Conductor,Femenino,No,N/A,SOLO DAÑOS,Choque,No mantener distancia de seguridad,Carrera 43 A Calle 37  Sur,ZONA CENTRO,Urbana,"(6.171024704, -75.588164697)"
2180790,03/16/2018,10:20 a.m.,viernes,BUS,PUBLICO,Conductor,Masculino,No,N/A,SOLO DAÑOS,Choque,No respetar prelacion,Calle 49 D Sur Carrera 40 A,LA INMACULADA,Urbana,"(6.155814881, -75.600754668)"
2180790,03/16/2018,10:20 a.m.,viernes,CAMIONETA,PUBLICO,Conductor,Masculino,No,N/A,SOLO DAÑOS,Choque,No respetar prelacion,Calle 49 D Sur Carrera 40 A,LA INMACULADA,Urbana,"(6.155814881, -75.600754668)"
2180786,03/16/2018,5:40 a.m.,viernes,CAMIONETA,PARTICULAR,Conductor,Masculino,No,N/A,SOLO DAÑOS,Choque,No mantener distancia de seguridad,Carrera 48 Calle 40  Sur,ALCALA,Urbana,"(6.168855316, -75.596887667)"
2180786,03/16/2018,5:40 a.m.,viernes,MOTOCICLETA,PARTICULAR,Motociclista,Masculino,No,N/A,SOLO DAÑOS,Choque,No mantener distancia de seguridad,Carrera 48 Calle 40  Sur,ALCALA,Urbana,"(6.168855316, -75.596887667)"
2180778,03/16/2018,7:25 a.m.,viernes,AUTOMOVIL,PARTICULAR,Conductor,Masculino,No,N/A,SOLO DAÑOS,Choque,No mantener distancia de seguridad,Carrera 50 Calle 26  Sur,LAS VEGAS,Urbana,"(6.184812544, -75.586911093)"
2180778,03/16/2018,7:25 a.m.,viernes,CAMIONETA,PARTICULAR,Conductor,Masculino,No,N/A,SOLO DAÑOS,Choque,No mantener distancia de seguridad,Carrera 50 Calle 26  Sur,LAS VEGAS,Urbana,"(6.184812544, -75.586911093)"
2180778,03/16/2018,7:25 a.m.,viernes,AUTOMOVIL,PARTICULAR,Conductor,Masculino,No,N/A,SOLO DAÑOS,Choque,No mantener distancia de seguridad,Carrera 50 Calle 26  Sur,LAS VEGAS,Urbana,"(6.184812544, -75.586911093)"
2180763,03/16/2018,1:30 p.m.,viernes,AUTOMOVIL,PUBLICO,Conductor,Masculino,No,N/A,SOLO DAÑOS,Choque,No mantener distancia de seguridad,Carrera 42 Calle 45  Sur,LA PAZ,Urbana,"(6.16614278, -75.594404406)"
2180763,03/16/2018,1:30 p.m.,viernes,BUS,PUBLICO,Conductor,Masculino,No,N/A,SOLO DAÑOS,Choque,No mantener distancia de seguridad,Carrera 42 Calle 45  Sur,LA PAZ,Urbana,"(6.16614278, -75.594404406)"
2180771,03/16/2018,10:30 a.m.,viernes,AUTOMOVIL,PARTICULAR,Conductor,Masculino,No,N/A,SOLO DAÑOS,Choque,Desobedecer senales,Diagonal 31 Transversal 32 C Sur,LA MAGNOLIA,Urbana,"(6.174681134, -75.578471041)"
2180791,03/16/2018,7:40 p.m.,viernes,MOTOCICLETA,PARTICULAR,Motociclista,Masculino,No,N/A,SOLO DAÑOS,Choque,Girar bruscamente,Carrera 41 Calle 40  Sur,EL DORADO,Urbana,"(6.166920833, -75.587995017)"
2180791,03/16/2018,7:40 p.m.,viernes,BUS,PUBLICO,Conductor,Masculino,No,N/A,SOLO DAÑOS,Choque,Girar bruscamente,Carrera 41 Calle 40  Sur,EL DORADO,Urbana,"(6.166920833, -75.587995017)"
2180755,03/16/2018,1:50 p.m.,viernes,BUS,PUBLICO,Conductor,Masculino,No,N/A,SOLO DAÑOS,Choque,Poner en marcha un vehiculo sin precauci,Carrera 48 Calle 27 A Sur,LAS VEGAS,Urbana,"(6.181312425, -75.58688511)"
2180755,03/16/2018,1:50 p.m.,viernes,AUTOMOVIL,PARTICULAR,Conductor,Masculino,No,N/A,SOLO DAÑOS,Choque,Poner en marcha un vehiculo sin precauci,Carrera 48 Calle 27 A Sur,LAS VEGAS,Urbana,"(6.181312425, -75.58688511)"
2180774,03/16/2018,7:50 a.m.,viernes,MOTOCICLETA,PARTICULAR,Motociclista,Masculino,No,N/A,SOLO DAÑOS,Choque,No mantener distancia de seguridad,Carrera 48 Calle 46  Sur,LAS VEGAS,Urbana,"(6.166195386, -75.599285489)"
2180774,03/16/2018,7:50 a.m.,viernes,MOTOCICLETA,PARTICULAR,Motociclista,Masculino,No,N/A,SOLO DAÑOS,Choque,No mantener distancia de seguridad,Carrera 48 Calle 46  Sur,LAS VEGAS,Urbana,"(6.166195386, -75.599285489)"
2180752,03/17/2018,2:00 p.m.,sábado,AUTOMOVIL,PUBLICO,Conductor,Masculino,No,N/A,SOLO DAÑOS,Choque,No mantener distancia de seguridad,Carrera 48 Calle 31  Sur,LAS VEGAS,Urbana,"(6.178537792, -75.588851894)"
2180752,03/17/2018,2:00 p.m.,sábado,AUTOMOVIL,PARTICULAR,Conductor,Femenino,No,N/A,SOLO DAÑOS,Choque,No mantener distancia de seguridad,Carrera 48 Calle 31  Sur,LAS VEGAS,Urbana,"(6.178537792, -75.588851894)"
2180761,03/17/2018,2:00 p.m.,sábado,MOTOCICLETA,PARTICULAR,Motociclista,Femenino,No,N/A,SOLO DAÑOS,Choque,Transitar entre vehiculos,Carrera 43 A Calle 43  Sur,LAS VEGAS,Urbana,"(6.1654766, -75.594017219)"
2180761,03/17/2018,2:00 p.m.,sábado,CAMIONETA,PARTICULAR,Conductor,Masculino,No,N/A,SOLO DAÑOS,Choque,Transitar entre vehiculos,Carrera 43 A Calle 43  Sur,LAS VEGAS,Urbana,"(6.1654766, -75.594017219)"
2180761,03/17/2018,2:00 p.m.,sábado,AUTOMOVIL,PARTICULAR,Conductor,Masculino,No,N/A,SOLO DAÑOS,Choque,Transitar entre vehiculos,Carrera 43 A Calle 43  Sur,LAS VEGAS,Urbana,"(6.1654766, -75.594017219)"
2180799,03/17/2018,5:10 p.m.,sábado,MOTOCICLETA,PARTICULAR,Motociclista,Masculino,No,N/A,SOLO DAÑOS,Choque,Adelantar cerrando,Calle 36 D Sur Carrera 27,VEREDA EL ESCOBERO,Urbana,"(6.162479576, -75.570222573)"
2180799,03/17/2018,5:10 p.m.,sábado,AUTOMOVIL,PARTICULAR,Conductor,Masculino,No,N/A,SOLO DAÑOS,Choque,Adelantar cerrando,Calle 36 D Sur Carrera 27,VEREDA EL ESCOBERO,Urbana,"(6.162479576, -75.570222573)"
2180759,03/17/2018,1:15 p.m.,sábado,AUTOMOVIL,PARTICULAR,Conductor,Masculino,No,N/A,HERIDO,Choque,Transitar entre vehiculos,Carrera 48 Calle 37  Sur,LAS VEGAS,Urbana,"(6.172859211, -75.592769925)"
2180759,03/17/2018,1:15 p.m.,sábado,MOTOCICLETA,PARTICULAR,Motociclista,Masculino,No,N/A,HERIDO,Choque,Transitar entre vehiculos,Carrera 48 Calle 37  Sur,LAS VEGAS,Urbana,"(6.172859211, -75.592769925)"
2180785,03/17/2018,11:30 a.m.,sábado,AUTOMOVIL,PARTICULAR,Conductor,Masculino,No,N/A,SOLO DAÑOS,Choque,Reverso imprudente,Calle 26  Sur Carrera 43 A,JARDINES,Urbana,"(6.180841534, -75.582938146)"
2180785,03/17/2018,11:30 a.m.,sábado,AUTOMOVIL,PARTICULAR,Conductor,Masculino,No,N/A,SOLO DAÑOS,Choque,Reverso imprudente,Calle 26  Sur Carrera 43 A,JARDINES,Urbana,"(6.180841534, -75.582938146)"
2180749,03/17/2018,10:15 p.m.,sábado,MOTOCICLETA,PARTICULAR,Motociclista,Masculino,No,N/A,HERIDO,Atropello,Cruzar sin observar,Calle 37  Sur Carrera 45 B,EL PORTAL,Urbana,"(6.172791889, -75.590711549)"
2180749,03/17/2018,10:15 p.m.,sábado,MOTOCICLETA,PARTICULAR,Motociclista,Masculino,No,N/A,HERIDO,Atropello,Impericia en el manejo,Calle 37  Sur Carrera 45 B,EL PORTAL,Urbana,"(6.172791889, -75.590711549)"
2180802,03/17/2018,4:30 p.m.,sábado,AUTOMOVIL,PUBLICO,Conductor,Masculino,No,N/A,SOLO DAÑOS,Choque,No mantener distancia de seguridad,Carrera 48 Calle 31  Sur,LAS VEGAS,Urbana,"(6.178537792, -75.588851894)"
2180802,03/17/2018,4:30 p.m.,sábado,CAMPERO,PARTICULAR,Conductor,Femenino,No,N/A,SOLO DAÑOS,Choque,No mantener distancia de seguridad,Carrera 48 Calle 31  Sur,LAS VEGAS,Urbana,"(6.178537792, -75.588851894)"
2180787,03/17/2018,12:30 a.m.,sábado,AUTOMOVIL,PARTICULAR,Conductor,Masculino,No,N/A,SOLO DAÑOS,Choque,Impericia en el manejo,Carrera 27 A Calle 36 D Sur,VEREDA EL ESCOBERO,Urbana,"(6.162396832, -75.573231113)"
2180787,03/17/2018,12:30 a.m.,sábado,CAMIONETA,PARTICULAR,Conductor,Masculino,No,N/A,SOLO DAÑOS,Choque,Impericia en el manejo,Carrera 27 A Calle 36 D Sur,VEREDA EL ESCOBERO,Urbana,"(6.162396832, -75.573231113)"
2180762,03/17/2018,4:35 p.m.,sábado,BUS,PUBLICO,Conductor,Masculino,No,N/A,SOLO DAÑOS,Choque,Frenar bruscamente,Calle 48 E Sur Carrera 42 BB,LOMA DEL BARRO,Urbana,"(6.159800047, -75.595095327)"
2180762,03/17/2018,4:35 p.m.,sábado,BUS,PUBLICO,Conductor,Masculino,No,N/A,SOLO DAÑOS,Choque,No mantener distancia de seguridad,Calle 48 E Sur Carrera 42 BB,LOMA DEL BARRO,Urbana,"(6.159800047, -75.595095327)"
2180781,03/17/2018,8:30 p.m.,sábado,AUTOMOVIL,PARTICULAR,Conductor,Masculino,No,N/A,HERIDO,Choque,Desobedecer senales,Diagonal 32 B Transversal 33  Sur,LA MAGNOLIA,Urbana,"(6.174348425, -75.582866778)"
2180781,03/17/2018,8:30 p.m.,sábado,AUTOMOVIL,PARTICULAR,Conductor,Femenino,No,N/A,HERIDO,Choque,Desobedecer senales,Diagonal 32 B Transversal 33  Sur,LA MAGNOLIA,Urbana,"(6.174348425, -75.582866778)"
2180762,03/17/2018,4:35 p.m.,sábado,BUS,PUBLICO,Conductor,Masculino,No,N/A,SOLO DAÑOS,Choque,Frenar bruscamente,Calle 48 E Sur Carrera 42 BB,LOMA DEL BARRO,Urbana,"(6.159800047, -75.595095327)"
2180762,03/17/2018,4:35 p.m.,sábado,BUS,PUBLICO,Conductor,Masculino,No,N/A,SOLO DAÑOS,Choque,No mantener distancia de seguridad,Calle 48 E Sur Carrera 42 BB,LOMA DEL BARRO,Urbana,"(6.159800047, -75.595095327)"
2180783,03/17/2018,10:40 a.m.,sábado,MOTOCICLETA,PARTICULAR,Motociclista,Masculino,No,N/A,HERIDO,Choque,Adelantar en curva,Tramo 181 Kilometro  11,VEREDA PALMAS,Rural,
2180783,03/17/2018,10:40 a.m.,sábado,CAMPERO,PARTICULAR,Conductor,Masculino,No,N/A,HERIDO,Choque,Adelantar en curva,Tramo 181 Kilometro  11,VEREDA PALMAS,Rural,