RADICADO,FECHA,HORA,DÍA DE LA SEMANA,CLASE DE VEHICULO,TIPO DE SERVICIO,TIPO DE VICTIMA,SEXO,ESTADO DE BEODEZ,RESULTADO DE BEODEZ,GRAVEDAD,CLASE DE ACCIDENTE,CAUSA,DIRECCIÓN,BARRIO,AREA,Coordenadas
2180780,03/17/2018,6:50 a.m.,sábado,AUTOMOVIL,PARTICULAR,Conductor,Masculino,No,N/A,HERIDO,Choque,No mantener distancia de seguridad,Calle 37  Sur Carrera 49,LAS VEGAS,Urbana,"(6.174789471, -75.594204243)"
2180780,03/17/2018,6:50 a.m.,sábado,MOTOCICLETA,PARTICULAR,Motociclista,Masculino,No,N/A,HERIDO,Choque,No mantener distancia de seguridad,Calle 37  Sur Carrera 49,LAS VEGAS,Urbana,"(6.174789471, -75.594204243)"
2180780,03/17/2018,6:50 a.m.,sábado,MOTOCICLETA,PARTICULAR,Motociclista,Masculino,No,N/A,HERIDO,Choque,No mantener distancia de seguridad,Calle 37  Sur Carrera 49,LAS VEGAS,Urbana,"(6.174789471, -75.594204243)"
2180780,03/17/2018,6:50 a.m.,sábado,AUTOMOVIL,PARTICULAR,Conductor,Masculino,No,N/A,HERIDO,Choque,No mantener distancia de seguridad,Calle 37  Sur Carrera 49,LAS VEGAS,Urbana,"(6.174789471, -75.594204243)"
2180747,03/17/2018,6:50 p.m.,sábado,MOTOCICLETA,PARTICULAR,Motociclista,Femenino,No,N/A,HERIDO,Choque,Adelantar cerrando,Carrera 48 Calle 43  Sur,LAS VEGAS,Urbana,"(6.168335134, -75.597233576)"
2180756,03/17/2018,12:45 a.m.,sábado,CAMPERO,PARTICULAR,Conductor,Masculino,No,N/A,HERIDO,Choque,No respetar prelacion,Tramo 372 Kilometro  13,VEREDA PALMAS,Rural,
2180756,03/17/2018,12:45 a.m.,sábado,BICICLETA,N/A,Ciclista,Masculino,No,N/A,HERIDO,Choque,No respetar prelacion,Tramo 372 Kilometro  13,VEREDA PALMAS,Rural,
2180779,03/17/2018,10:50 a.m.,sábado,BUS,PUBLICO,Conductor,Masculino,No,N/A,SOLO DAÑOS,Choque,Frenar bruscamente,Calle 50  Sur Carrera 49,LAS VEGAS,Urbana,
2180747,03/17/2018,6:50 p.m.,sábado,MOTOCICLETA,PARTICULAR,Motociclista,Femenino,No,N/A,HERIDO,Choque,No respetar prelacion,Carrera 48 Calle 43  Sur,LAS VEGAS,Urbana,"(6.168335134, -75.597233576)"
2180747,03/17/2018,6:50 p.m.,sábado,TRACTOCAMION,PUBLICO,Conductor,Masculino,No,N/A,HERIDO,Choque,Adelantar cerrando,Carrera 48 Calle 43  Sur,LAS VEGAS,Urbana,"(6.168335134, -75.597233576)"
2180779,03/17/2018,10:50 a.m.,sábado,MOTOCICLETA,PARTICULAR,Motociclista,Masculino,No,N/A,SOLO DAÑOS,Choque,No mantener distancia de seguridad,Calle 50  Sur Carrera 49,LAS VEGAS,Urbana,
2180779,03/17/2018,10:50 a.m.,sábado,MOTOCICLETA,PARTICULAR,Motociclista,Masculino,No,N/A,SOLO DAÑOS,Choque,Frenar bruscamente,Calle 50  Sur Carrera 49,LAS VEGAS,Urbana,
2180789,03/17/2018,8:50 a.m.,sábado,BUS,PUBLICO,Conductor,Masculino,No,N/A,SOLO DAÑOS,Choque,No mantener distancia de seguridad,Carrera 43 A Calle 26  Sur,AVENIDA EL POBLADO,Urbana,"(6.180756284, -75.582954419)"
2180789,03/17/2018,8:50 a.m.,sábado,AUTOMOVIL,PARTICULAR,Conductor,Masculino,No,N/A,SOLO DAÑOS,Choque,No mantener distancia de seguridad,Carrera 43 A Calle 26  Sur,AVENIDA EL POBLADO,Urbana,"(6.180756284, -75.582954419)"
2180779,03/17/2018,10:50 a.m.,sábado,CAMIONETA,PARTICULAR,Conductor,Masculino,No,N/A,SOLO DAÑOS,Choque,No mantener distancia de seguridad,Calle 50  Sur Carrera 49,LAS VEGAS,Urbana,
2180779,03/17/2018,10:50 a.m.,sábado,CAMIONETA,PARTICULAR,Conductor,Masculino,No,N/A,SOLO DAÑOS,Choque,Frenar bruscamente,Calle 50  Sur Carrera 49,LAS VEGAS,Urbana,
2180779,03/17/2018,10:50 a.m.,sábado,BUS,PUBLICO,Conductor,Masculino,No,N/A,SOLO DAÑOS,Choque,No mantener distancia de seguridad,Calle 50  Sur Carrera 49,LAS VEGAS,Urbana,
2180753,03/17/2018,1:57 p.m.,sábado,MOTOCICLETA,PARTICULAR,Motociclista,Masculino,No,N/A,HERIDO,Choque,No mantener distancia de seguridad,Carrera 48 Calle 35 A Sur,LAS VEGAS,Urbana,"(6.174372875, -75.591531842)"
2180753,03/17/2018,1:57 p.m.,sábado,CAMPERO,PARTICULAR,Conductor,Femenino,No,N/A,HERIDO,Choque,No mantener distancia de seguridad,Carrera 48 Calle 35 A Sur,LAS VEGAS,Urbana,"(6.174372875, -75.591531842)"
2180794,03/18/2018,11:00 a.m.,domingo,AUTOMOVIL,PARTICULAR,Conductor,Femenino,No,N/A,SOLO DAÑOS,Choque,Desobedecer senales,Calle 36 D Sur Carrera 27 D,VEREDA EL ESCOBERO,Urbana,"(6.164970853, -75.574637268)"
2180794,03/18/2018,11:00 a.m.,domingo,AUTOMOVIL,PARTICULAR,Conductor,Femenino,No,N/A,SOLO DAÑOS,Choque,Desobedecer senales,Calle 36 D Sur Carrera 27 D,VEREDA EL ESCOBERO,Urbana,"(6.164970853, -75.574637268)"
2180803,03/18/2018,8:10 p.m.,domingo,AUTOMOVIL,PARTICULAR,Conductor,Femenino,No,N/A,SOLO DAÑOS,Choque,No mantener distancia de seguridad,Tramo 373 Kilometro  13,VEREDA PALMAS,Rural,
2180803,03/18/2018,8:10 p.m.,domingo,AUTOMOVIL,PARTICULAR,Conductor,Masculino,No,N/A,SOLO DAÑOS,Choque,No mantener distancia de seguridad,Tramo 373 Kilometro  13,VEREDA PALMAS,Rural,
2180750,03/18/2018,11:30 a.m.,domingo,AUTOMOVIL,PARTICULAR,Conductor,Masculino,No,N/A,HERIDO,Choque,Adelantar cerrando,Tramo 371 Kilometro  7,VEREDA EL ESCOBERO,Rural,
2180750,03/18/2018,11:30 a.m.,domingo,MOTOCICLETA,PARTICULAR,Motociclista,Masculino,No,N/A,HERIDO,Choque,Adelantar cerrando,Tramo 371 Kilometro  7,VEREDA EL ESCOBERO,Rural,
2180768,03/18/2018,1:50 p.m.,domingo,CAMPERO,PARTICULAR,Conductor,Masculino,No,N/A,SOLO DAÑOS,Choque,Remolque sin precaucion,Calle 36 D Sur Carrera 27 A,VEREDA EL ESCOBERO,Urbana,"(6.164831751, -75.574234965)"
2180768,03/18/2018,1:50 p.m.,domingo,AUTOMOVIL,PARTICULAR,Conductor,Masculino,No,N/A,SOLO DAÑOS,Choque,Remolque sin precaucion,Calle 36 D Sur Carrera 27 A,VEREDA EL ESCOBERO,Urbana,"(6.164831751, -75.574234965)"
2180806,03/18/2018,2:55 p.m.,domingo,AUTOMOVIL,PARTICULAR,Conductor,Masculino,No,N/A,SOLO DAÑOS,Choque,Transitar entre vehiculos,Carrera 43 A Calle 25  Sur,AVENIDA EL POBLADO,Urbana,"(6.181616833, -75.581857267)"
2180806,03/18/2018,2:55 p.m.,domingo,MOTOCICLETA,PARTICULAR,Motociclista,Masculino,No,N/A,SOLO DAÑOS,Choque,Transitar entre vehiculos,Carrera 43 A Calle 25  Sur,AVENIDA EL POBLADO,Urbana,"(6.181616833, -75.581857267)"
2180767,03/19/2018,1:10 p.m.,lunes,MOTOCICLETA,PARTICULAR,Motociclista,Sin Registro,No,N/A,SOLO DAÑOS,Choque,No mantener distancia de seguridad,Diagonal 31 A Transversal 34 DD Sur,MANUEL URIBE ANGEL,Urbana,"(6.171643894, -75.579752241)"
2180767,03/19/2018,1:10 p.m.,lunes,CAMIONETA,PARTICULAR,Conductor,Masculino,No,N/A,SOLO DAÑOS,Choque,No mantener distancia de seguridad,Diagonal 31 A Transversal 34 DD Sur,MANUEL URIBE ANGEL,Urbana,"(6.171643894, -75.579752241)"
2180777,03/19/2018,4:30 p.m.,lunes,AUTOMOVIL,PARTICULAR,Conductor,Masculino,No,N/A,SOLO DAÑOS,Choque,Impericia en el manejo,Calle 40 B Sur Carrera 27 A,LA MINA,Urbana,"(6.158297101, -75.581665654)"
2180777,03/19/2018,4:30 p.m.,lunes,AUTOMOVIL,PARTICULAR,Conductor,Femenino,No,N/A,SOLO DAÑOS,Choque,Impericia en el manejo,Calle 40 B Sur Carrera 27 A,LA MINA,Urbana,"(6.158297101, -75.581665654)"
2180782,03/19/2018,11:40 a.m.,lunes,AUTOMOVIL,PARTICULAR,Conductor,Masculino,No,N/A,HERIDO,Atropello,Impericia en el manejo,Calle 39  Sur Carrera 39,ZONA CENTRO,Urbana,"(6.166978259, -75.586044922)"
2180782,03/19/2018,11:40 a.m.,lunes,MOTOCICLETA,PARTICULAR,Motociclista,Sin Registro,No,N/A,HERIDO,Atropello,Impericia en el manejo,Calle 39  Sur Carrera 39,ZONA CENTRO,Urbana,"(6.166978259, -75.586044922)"
2180782,03/19/2018,11:40 a.m.,lunes,MOTOCICLETA,PARTICULAR,Motociclista,Sin Registro,No,N/A,HERIDO,Atropello,Impericia en el manejo,Calle 39  Sur Carrera 39,ZONA CENTRO,Urbana,"(6.166978259, -75.586044922)"
2180754,03/19/2018,11:30 p.m.,lunes,MOTOCICLETA,PARTICULAR,Motociclista,Masculino,No,N/A,SOLO DAÑOS,Choque,Semaforo en rojo,Calle 38  Sur Carrera 29 A,MANUEL URIBE ANGEL,Urbana,"(6.165022576, -75.580713107)"
2180764,03/19/2018,10:30 p.m.,lunes,MOTOCICLETA,PARTICULAR,Motociclista,Masculino,No,N/A,SOLO DAÑOS,Choque,Semaforo en rojo,Carrera 48 Calle 25  Sur,LAS VEGAS,Urbana,"(6.185059174, -75.58329333)"
2180764,03/19/2018,10:30 p.m.,lunes,MOTOCICLETA,PARTICULAR,Motociclista,Sin Registro,No,N/A,SOLO DAÑOS,Choque,Semaforo en rojo,Carrera 48 Calle 25  Sur,LAS VEGAS,Urbana,"(6.185059174, -75.58329333)"
2180776,03/19/2018,4:40 p.m.,lunes,BUS,PUBLICO,Conductor,Masculino,No,N/A,SOLO DAÑOS,Choque,Reverso imprudente,Carrera 46 Calle 38 B Sur,ALCALA,Urbana,"(6.171029331, -75.591798138)"
2180776,03/19/2018,4:40 p.m.,lunes,AUTOMOVIL,PARTICULAR,Conductor,Masculino,No,N/A,SOLO DAÑOS,Choque,Reverso imprudente,Carrera 46 Calle 38 B Sur,ALCALA,Urbana,"(6.171029331, -75.591798138)"
2180754,03/19/2018,11:30 p.m.,lunes,AUTOMOVIL,PARTICULAR,Conductor,Masculino,No,N/A,SOLO DAÑOS,Choque,Semaforo en rojo,Calle 38  Sur Carrera 29 A,MANUEL URIBE ANGEL,Urbana,"(6.165022576, -75.580713107)"
2180796,03/20/2018,12:00 a.m.,martes,MOTOCICLETA,PARTICULAR,Motociclista,Femenino,No,N/A,SOLO DAÑOS,Choque,Transitar por vias prohibidas,Diagonal 32 Transversal 34  Sur,LA MAGNOLIA,Urbana,"(6.173484731, -75.581690487)"
2180796,03/20/2018,12:00 a.m.,martes,BICICLETA,N/A,Ciclista,Masculino,No,N/A,SOLO DAÑOS,Choque,Transitar por vias prohibidas,Diagonal 32 Transversal 34  Sur,LA MAGNOLIA,Urbana,"(6.173484731, -75.581690487)"
2180804,03/20/2018,12:00 a.m.,martes,AUTOMOVIL,PUBLICO,Conductor,Masculino,No,N/A,SOLO DAÑOS,Choque,Desobedecer senales,Transversal 33  Sur Diagonal 32 D,LA MAGNOLIA,Urbana,"(6.174147159, -75.583711438)"
2180804,03/20/2018,12:00 a.m.,martes,AUTOMOVIL,PARTICULAR,Conductor,Femenino,No,N/A,SOLO DAÑOS,Choque,Desobedecer senales,Transversal 33  Sur Diagonal 32 D,LA MAGNOLIA,Urbana,"(6.174147159, -75.583711438)"
2180788,03/20/2018,2:22 p.m.,martes,AUTOMOVIL,PARTICULAR,Conductor,Femenino,No,N/A,SOLO DAÑOS,Choque,Adelantar cerrando,Calle 25  Sur Carrera 48,LAS VEGAS,Urbana,
2180788,03/20/2018,2:22 p.m.,martes,AUTOMOVIL,PARTICULAR,Conductor,Masculino,No,N/A,SOLO DAÑOS,Choque,Adelantar cerrando,Calle 25  Sur Carrera 48,LAS VEGAS,Urbana,
2180812,03/20/2018,4:30 p.m.,martes,MOTOCICLETA,PARTICULAR,Motociclista,Masculino,No,N/A,SOLO DAÑOS,Choque,No mantener distancia de seguridad,Carrera 49 Calle 37  Sur,LAS VEGAS,Urbana,
2180812,03/20/2018,4:30 p.m.,martes,CAMIONETA,PARTICULAR,Conductor,Masculino,No,N/A,SOLO DAÑOS,Choque,No mantener distancia de seguridad,Carrera 49 Calle 37  Sur,LAS VEGAS,Urbana,
2180805,03/20/2018,2:45 p.m.,martes,BUS,PUBLICO,Conductor,Masculino,No,N/A,SOLO DAÑOS,Choque,Reverso imprudente,Carrera 49 A Calle 46 A Sur,LAS VEGAS,Urbana,"(6.167871749, -75.602138766)"
2180805,03/20/2018,2:45 p.m.,martes,BUS,PUBLICO,Conductor,Femenino,No,N/A,SOLO DAÑOS,Choque,Reverso imprudente,Carrera 49 A Calle 46 A Sur,LAS VEGAS,Urbana,"(6.167871749, -75.602138766)"
2180792,03/20/2018,7:40 a.m.,martes,MOTOCICLETA,PARTICULAR,Motociclista,Masculino,No,N/A,SOLO DAÑOS,Choque,No mantener distancia de seguridad,Calle 26  Sur Carrera 42 B,LAS ORQUIDEAS,Urbana,"(6.178213645, -75.57937395)"
2180792,03/20/2018,7:40 a.m.,martes,AUTOMOVIL,PUBLICO,Conductor,Masculino,No,N/A,SOLO DAÑOS,Choque,No mantener distancia de seguridad,Calle 26  Sur Carrera 42 B,LAS ORQUIDEAS,Urbana,"(6.178213645, -75.57937395)"
2180797,03/20/2018,6:50 a.m.,martes,CAMPERO,PARTICULAR,Conductor,Masculino,No,N/A,SOLO DAÑOS,Choque,No mantener distancia de seguridad,Carrera 48 Calle 46  Sur,LAS VEGAS,Urbana,"(6.166195386, -75.599285489)"
2180797,03/20/2018,6:50 a.m.,martes,AUTOMOVIL,PARTICULAR,Conductor,Masculino,No,N/A,SOLO DAÑOS,Choque,No mantener distancia de seguridad,Carrera 48 Calle 46  Sur,LAS VEGAS,Urbana,"(6.166195386, -75.599285489)"
2180811,03/21/2018,5:00 a.m.,miércoles,CAMION,PARTICULAR,Conductor,Masculino,No,N/A,SOLO DAÑOS,Choque,Fallas en las llantas,Tramo 372 Kilometro  14,VEREDA PALMAS,Rural,
2180811,03/21/2018,5:00 a.m.,miércoles,CAMIONETA,PUBLICO,Conductor,Masculino,No,N/A,SOLO DAÑOS,Choque,Fallas en las llantas,Tramo 372 Kilometro  14,VEREDA PALMAS,Rural,
2180808,03/21/2018,6:08 p.m.,miércoles,AUTOMOVIL,PARTICULAR,Conductor,Femenino,No,N/A,SOLO DAÑOS,Choque,Reverso imprudente,Carrera 49 Calle 46 A Sur,LAS VEGAS,Urbana,"(6.166966077, -75.600888173)"
2180808,03/21/2018,6:08 p.m.,miércoles,CAMION,PUBLICO,Conductor,Masculino,No,N/A,SOLO DAÑOS,Choque,Reverso imprudente,Carrera 49 Calle 46 A Sur,LAS VEGAS,Urbana,"(6.166966077, -75.600888173)"
2180801,03/21/2018,2:15 p.m.,miércoles,CAMPERO,PARTICULAR,Conductor,Masculino,No,N/A,SOLO DAÑOS,Choque,Reverso imprudente,Calle 40 DD Sur Carrera 39,EL DORADO,Urbana,"(6.163340481, -75.588362463)"
2180801,03/21/2018,2:15 p.m.,miércoles,AUTOMOVIL,PARTICULAR,Conductor,Femenino,No,N/A,SOLO DAÑOS,Choque,Reverso imprudente,Calle 40 DD Sur Carrera 39,EL DORADO,Urbana,"(6.163340481, -75.588362463)"
2180800,03/21/2018,3:20 p.m.,miércoles,AUTOMOVIL,PARTICULAR,Conductor,Masculino,No,N/A,SOLO DAÑOS,Choque,No mantener distancia de seguridad,Calle 20  Sur Carrera 39 A,ZU├æIGA,Urbana,
2180800,03/21/2018,3:20 p.m.,miércoles,CAMIONETA,PARTICULAR,Conductor,Femenino,No,N/A,SOLO DAÑOS,Choque,No mantener distancia de seguridad,Calle 20  Sur Carrera 39 A,ZU├æIGA,Urbana,
2180798,03/21/2018,3:40 p.m.,miércoles,CAMION,PUBLICO,Conductor,Masculino,No,N/A,SOLO DAÑOS,Choque,Impericia en el manejo,Calle 43  Sur Carrera 48,LAS VEGAS,Urbana,"(6.168592602, -75.597528999)"
2180798,03/21/2018,3:40 p.m.,miércoles,CAMION,PUBLICO,Conductor,Masculino,No,N/A,SOLO DAÑOS,Choque,Impericia en el manejo,Calle 43  Sur Carrera 48,LAS VEGAS,Urbana,"(6.168592602, -75.597528999)"
2180807,03/22/2018,10:10 p.m.,jueves,MOTOCICLETA,PARTICULAR,Motociclista,Masculino,No,N/A,HERIDO,Caida Ocupante,Impericia en el manejo,Carrera 50 Calle 46 A Sur,LAS VEGAS,Urbana,"(6.16131219, -75.603198185)"
2180810,03/22/2018,3:28 p.m.,jueves,CAMION,PUBLICO,Conductor,Masculino,No,N/A,SOLO DAÑOS,Choque,Estacionar sin seguridad,Carrera 27 B Calle 23  Sur,ZU├æIGA,Urbana,"(6.169317472, -75.572212264)"
2180810,03/22/2018,3:28 p.m.,jueves,CAMION,PARTICULAR,Conductor,Masculino,No,N/A,SOLO DAÑOS,Choque,Estacionar sin seguridad,Carrera 27 B Calle 23  Sur,ZU├æIGA,Urbana,"(6.169317472, -75.572212264)"
2180816,03/22/2018,4:40 p.m.,jueves,CAMION,PUBLICO,Conductor,Masculino,No,N/A,SOLO DAÑOS,Choque,No respetar prelacion,Carrera 49 Calle 37  Sur,LAS VEGAS,Urbana,
2180816,03/22/2018,4:40 p.m.,jueves,AUTOMOVIL,PARTICULAR,Conductor,Femenino,No,N/A,SOLO DAÑOS,Choque,No respetar prelacion,Carrera 49 Calle 37  Sur,LAS VEGAS,Urbana,
2180831,03/22/2018,10:40 a.m.,jueves,MOTOCICLETA,OFICIAL,Motociclista,Masculino,No,N/A,HERIDO,Choque,Girar bruscamente,Carrera 48 Calle 38  Sur,ZONA CENTRO,Urbana,"(6.172747818, -75.592698171)"
2180831,03/22/2018,10:40 a.m.,jueves,CAMIONETA,PUBLICO,Conductor,Masculino,No,N/A,HERIDO,Choque,Girar bruscamente,Carrera 48 Calle 38  Sur,ZONA CENTRO,Urbana,"(6.172747818, -75.592698171)"
2180844,03/22/2018,11:50 a.m.,jueves,AUTOMOVIL,PARTICULAR,Conductor,Femenino,No,N/A,SOLO DAÑOS,Choque,No mantener distancia de seguridad,Calle 36 D Sur Carrera 27,VEREDA EL ESCOBERO,Urbana,"(6.162479576, -75.570222573)"
2180844,03/22/2018,11:50 a.m.,jueves,MOTOCICLETA,PARTICULAR,Motociclista,Sin Registro,No,N/A,SOLO DAÑOS,Choque,No mantener distancia de seguridad,Calle 36 D Sur Carrera 27,VEREDA EL ESCOBERO,Urbana,"(6.162479576, -75.570222573)"
2180818,03/22/2018,6:50 a.m.,jueves,CAMPERO,PARTICULAR,Conductor,Femenino,No,N/A,SOLO DAÑOS,Choque,No mantener distancia de seguridad,Carrera 48 Calle 50  Sur,LAS CASITAS,Urbana,
2180818,03/22/2018,6:50 a.m.,jueves,CAMPERO,PARTICULAR,Conductor,Masculino,No,N/A,SOLO DAÑOS,Choque,No mantener distancia de seguridad,Carrera 48 Calle 50  Sur,LAS CASITAS,Urbana,
2180817,03/22/2018,12:45 a.m.,jueves,AUTOMOVIL,PARTICULAR,Conductor,Femenino,No,N/A,SOLO DAÑOS,Choque,Adelantar en zona prohibida,Calle 36 D Sur Carrera 27 D,VEREDA EL ESCOBERO,Urbana,"(6.164970853, -75.574637268)"
2180817,03/22/2018,12:45 a.m.,jueves,MOTOCICLETA,OFICIAL,Motociclista,Masculino,No,N/A,SOLO DAÑOS,Choque,Adelantar en zona prohibida,Calle 36 D Sur Carrera 27 D,VEREDA EL ESCOBERO,Urbana,"(6.164970853, -75.574637268)"
2180815,03/22/2018,10:45 p.m.,jueves,AUTOMOVIL,PUBLICO,Conductor,Masculino,No,N/A,SOLO DAÑOS,Choque,No mantener distancia de seguridad,Carrera 50 Calle 49  Sur,LAS VEGAS,Urbana,
2180809,03/22/2018,1:50 p.m.,jueves,CAMIONETA,PUBLICO,Conductor,Masculino,No,N/A,SOLO DAÑOS,Choque,Reverso imprudente,Diagonal 33 Transversal 32 A Sur,LA MAGNOLIA,Urbana,"(6.174904994, -75.584648578)"
2180809,03/22/2018,1:50 p.m.,jueves,AUTOMOVIL,PARTICULAR,Conductor,Femenino,No,N/A,SOLO DAÑOS,Choque,Vehiculo mal estacionado,Diagonal 33 Transversal 32 A Sur,LA MAGNOLIA,Urbana,"(6.174904994, -75.584648578)"
2180809,03/22/2018,1:50 p.m.,jueves,AUTOMOVIL,PARTICULAR,Conductor,Femenino,No,N/A,SOLO DAÑOS,Choque,Reverso imprudente,Diagonal 33 Transversal 32 A Sur,LA MAGNOLIA,Urbana,"(6.174904994, -75.584648578)"
2180809,03/22/2018,1:50 p.m.,jueves,CAMIONETA,PUBLICO,Conductor,Masculino,No,N/A,SOLO DAÑOS,Choque,Vehiculo mal estacionado,Diagonal 33 Transversal 32 A Sur,LA MAGNOLIA,Urbana,"(6.174904994, -75.584648578)"
2180815,03/22/2018,10:45 p.m.,jueves,MOTOCICLETA,PARTICULAR,Motociclista,Masculino,No,N/A,SOLO DAÑOS,Choque,No mantener distancia de seguridad,Carrera 50 Calle 49  Sur,LAS VEGAS,Urbana,
2180819,03/23/2018,12:00 a.m.,viernes,AUTOMOVIL,PARTICULAR,Conductor,Masculino,No,N/A,SOLO DAÑOS,Choque,Reverso imprudente,Calle 40 F Sur Carrera 39 A,EL DORADO,Urbana,"(6.164329543, -75.589160063)"
2180819,03/23/2018,12:00 a.m.,viernes,AUTOMOVIL,PARTICULAR,Conductor,Femenino,No,N/A,SOLO DAÑOS,Choque,Reverso imprudente,Calle 40 F Sur Carrera 39 A,EL DORADO,Urbana,"(6.164329543, -75.589160063)"
2180813,03/23/2018,5:00 p.m.,viernes,BUS,PUBLICO,Conductor,Masculino,No,N/A,SOLO DAÑOS,Choque,Adelantar cerrando,Calle 27  Sur Carrera 28,EL ESMERALDAL,Urbana,"(6.175346318, -75.574583402)"
2180834,03/23/2018,6:05 a.m.,viernes,MOTOCICLETA,PARTICULAR,Motociclista,Femenino,No,N/A,HERIDO,Caida Ocupante,Superficie lisa,Carrera 27 B Calle 27 D Sur,EL ESMERALDAL,Urbana,"(6.169317472, -75.572212264)"
2180813,03/23/2018,5:00 p.m.,viernes,CAMIONETA,PARTICULAR,Conductor,Masculino,Si,2,SOLO DAÑOS,Choque,Adelantar cerrando,Calle 27  Sur Carrera 28,EL ESMERALDAL,Urbana,"(6.175346318, -75.574583402)"
2180820,03/23/2018,5:30 a.m.,viernes,CAMPERO,PARTICULAR,Conductor,Masculino,No,N/A,SOLO DAÑOS,Volcamiento,Impericia en el manejo,Tramo 372 Kilometro  15,VEREDA PALMAS,Rural,
2180821,03/23/2018,2:20 p.m.,viernes,CAMIONETA,PARTICULAR,Conductor,Masculino,No,N/A,SOLO DAÑOS,Choque,Adelantar cerrando,Tramo 372 Kilometro  16,VEREDA PALMAS,Rural,
2180821,03/23/2018,2:20 p.m.,viernes,VOLQUETA,N/A,Conductor,Sin Registro,No,N/A,SOLO DAÑOS,Choque,Adelantar cerrando,Tramo 372 Kilometro  16,VEREDA PALMAS,Rural,
2180814,03/23/2018,1:20 p.m.,viernes,CAMION,PUBLICO,Conductor,Masculino,No,N/A,MUERTO,Choque,Transitar entre vehiculos,Carrera 50 Calle 19  Sur,LAS VEGAS,Urbana,
2180814,03/23/2018,1:20 p.m.,viernes,MOTOCICLETA,PARTICULAR,Motociclista,Masculino,No,N/A,MUERTO,Choque,Transitar entre vehiculos,Carrera 50 Calle 19  Sur,LAS VEGAS,Urbana,
2180845,03/23/2018,5:30 p.m.,viernes,MOTOCICLETA,PARTICULAR,Motociclista,Masculino,No,N/A,SOLO DAÑOS,Choque,Impericia en el manejo,Carrera 48 Calle 38  Sur,ALCALA,Urbana,"(6.172747818, -75.592698171)"
2180845,03/23/2018,5:30 p.m.,viernes,AUTOMOVIL,PARTICULAR,Conductor,Masculino,No,N/A,SOLO DAÑOS,Choque,Impericia en el manejo,Carrera 48 Calle 38  Sur,ALCALA,Urbana,"(6.172747818, -75.592698171)"
2180845,03/23/2018,5:30 p.m.,viernes,CAMPERO,PARTICULAR,Conductor,Masculino,No,N/A,SOLO DAÑOS,Choque,Impericia en el manejo,Carrera 48 Calle 38  Sur,ALCALA,Urbana,"(6.172747818, -75.592698171)"
2180822,03/23/2018,9:30 p.m.,viernes,AUTOMOVIL,PARTICULAR,Conductor,Masculino,No,N/A,SOLO DAÑOS,Choque,Realizar giro en U,Tramo 372 Kilometro  12,VEREDA PALMAS,Rural,
2180822,03/23/2018,9:30 p.m.,viernes,AUTOMOVIL,PARTICULAR,Conductor,Masculino,No,N/A,SOLO DAÑOS,Choque,Realizar giro en U,Tramo 372 Kilometro  12,VEREDA PALMAS,Rural,
2180833,03/23/2018,3:50 p.m.,viernes,CAMPERO,PARTICULAR,Conductor,Femenino,No,N/A,HERIDO,Choque,No mantener distancia de seguridad,Carrera 43 A Calle 46  Sur,PRIMAVERA,Urbana,"(6.164030981, -75.595992633)"
2180833,03/23/2018,3:50 p.m.,viernes,MOTOCICLETA,PARTICULAR,Motociclista,Masculino,No,N/A,HERIDO,Choque,No mantener distancia de seguridad,Carrera 43 A Calle 46  Sur,PRIMAVERA,Urbana,"(6.164030981, -75.595992633)"
2180832,03/23/2018,9:50 p.m.,viernes,BUSETA,PUBLICO,Conductor,Masculino,No,N/A,HERIDO,Atropello,Dejar/recoger pasajeros sitio no demarca,Calle 38  Sur Carrera 43 A,ZONA CENTRO,Urbana,"(6.170537577, -75.588625139)"
2180832,03/23/2018,9:50 p.m.,viernes,MOTOCICLETA,PARTICULAR,Motociclista,Masculino,No,N/A,HERIDO,Atropello,Dejar/recoger pasajeros sitio no demarca,Calle 38  Sur Carrera 43 A,ZONA CENTRO,Urbana,"(6.170537577, -75.588625139)"
2180823,03/23/2018,5:55 a.m.,viernes,BUS,PUBLICO,Conductor,Masculino,No,N/A,SOLO DAÑOS,Choque,Superficie humeda,Carrera 27 B Calle 27 D Sur,EL ESMERALDAL,Urbana,"(6.169317472, -75.572212264)"
2180823,03/23/2018,5:55 a.m.,viernes,BUS,PUBLICO,Conductor,Masculino,No,N/A,SOLO DAÑOS,Choque,Superficie humeda,Carrera 27 B Calle 27 D Sur,EL ESMERALDAL,Urbana,"(6.169317472, -75.572212264)"
2180824,03/24/2018,1:00 p.m.,sábado,AUTOMOVIL,PARTICULAR,Conductor,Femenino,No,N/A,SOLO DAÑOS,Choque,No mantener distancia de seguridad,Carrera 50 Calle 32 B Sur,LAS VEGAS,Urbana,"(6.178248378, -75.591688281)"
2180824,03/24/2018,1:00 p.m.,sábado,MOTOCICLETA,PARTICULAR,Motociclista,Masculino,No,N/A,SOLO DAÑOS,Choque,No mantener distancia de seguridad,Carrera 50 Calle 32 B Sur,LAS VEGAS,Urbana,"(6.178248378, -75.591688281)"
2180829,03/24/2018,10:10 p.m.,sábado,MOTOCICLETA,PARTICULAR,Motociclista,Masculino,No,N/A,SOLO DAÑOS,Choque,No mantener distancia de seguridad,Carrera 43 A Calle 25 B Sur,AVENIDA EL POBLADO,Urbana,"(6.180259996, -75.582940198)"