RADICADO,FECHA,HORA,DÍA DE LA SEMANA,CLASE DE VEHICULO,TIPO DE SERVICIO,TIPO DE VICTIMA,SEXO,ESTADO DE BEODEZ,RESULTADO DE BEODEZ,GRAVEDAD,CLASE DE ACCIDENTE,CAUSA,DIRECCIÓN,BARRIO,AREA,Coordenadas
2180991,04/14/2018,1:40 p.m.,sábado,MOTOCICLETA,PARTICULAR,Motociclista,Sin Registro,No,N/A,SOLO DAÑOS,Choque,Adelantar en zona prohibida,Carrera 47 Calle 32  Sur,EL PORTAL,Urbana,"(6.177043355, -75.588806195)"
2180991,04/14/2018,1:40 p.m.,sábado,AUTOMOVIL,PARTICULAR,Conductor,Masculino,No,N/A,SOLO DAÑOS,Choque,Adelantar en zona prohibida,Carrera 47 Calle 32  Sur,EL PORTAL,Urbana,"(6.177043355, -75.588806195)"
2180980,04/14/2018,11:30 p.m.,sábado,MOTOCICLETA,PARTICULAR,Motociclista,Masculino,Si,2,HERIDO,Atropello,Embriaguez o droga,Calle 40  Sur Carrera 28 B,SAN JOSE,Urbana,"(6.160728003, -75.581424021)"
2180980,04/14/2018,11:30 p.m.,sábado,MOTOCICLETA,PARTICULAR,Motociclista,Masculino,Si,2,HERIDO,Atropello,Exceso de velocidad,Calle 40  Sur Carrera 28 B,SAN JOSE,Urbana,"(6.160728003, -75.581424021)"
2180990,04/14/2018,1:45 p.m.,sábado,BUS,PUBLICO,Conductor,Masculino,No,N/A,SOLO DAÑOS,Choque,No mantener distancia de seguridad,Carrera 27 Calle 36 D Sur,LA INMACULADA,Urbana,"(6.167009975, -75.569278076)"
2180990,04/14/2018,1:45 p.m.,sábado,AUTOMOVIL,PARTICULAR,Conductor,Masculino,No,N/A,SOLO DAÑOS,Choque,No mantener distancia de seguridad,Carrera 27 Calle 36 D Sur,LA INMACULADA,Urbana,"(6.167009975, -75.569278076)"
2180986,04/14/2018,1:50 p.m.,sábado,BUS,PUBLICO,Conductor,Masculino,No,N/A,SOLO DAÑOS,Choque,No respetar prelacion,Carrera 27 Calle 36  Sur,LA INMACULADA,Urbana,"(6.167009975, -75.569278076)"
2180986,04/14/2018,1:50 p.m.,sábado,AUTOMOVIL,PARTICULAR,Conductor,Masculino,No,N/A,SOLO DAÑOS,Choque,No respetar prelacion,Carrera 27 Calle 36  Sur,LA INMACULADA,Urbana,"(6.167009975, -75.569278076)"
2181024,04/15/2018,12:05 a.m.,domingo,AUTOMOVIL,PUBLICO,Conductor,Masculino,No,N/A,SOLO DAÑOS,Choque,No mantener distancia de seguridad,Calle 45 A Sur Carrera 39 B,LAS ANTILLAS,Urbana,"(6.160320892, -75.590005662)"
2181024,04/15/2018,12:05 a.m.,domingo,AUTOMOVIL,PARTICULAR,Conductor,Masculino,No,N/A,SOLO DAÑOS,Choque,No mantener distancia de seguridad,Calle 45 A Sur Carrera 39 B,LAS ANTILLAS,Urbana,"(6.160320892, -75.590005662)"
2180997,04/15/2018,5:10 p.m.,domingo,BUS,PUBLICO,Conductor,Masculino,No,N/A,SOLO DAÑOS,Choque,No mantener distancia de seguridad,Calle 38  Sur Carrera 43 A,ZONA CENTRO,Urbana,"(6.170537577, -75.588625139)"
2180997,04/15/2018,5:10 p.m.,domingo,AUTOMOVIL,PARTICULAR,Conductor,Masculino,No,N/A,SOLO DAÑOS,Choque,No mantener distancia de seguridad,Calle 38  Sur Carrera 43 A,ZONA CENTRO,Urbana,"(6.170537577, -75.588625139)"
2181007,04/15/2018,2:40 p.m.,domingo,CAMPERO,PARTICULAR,Conductor,Masculino,No,N/A,SOLO DAÑOS,Choque,No respetar pelacion de interseccion o giros,Calle 40  Sur Carrera 24 DD,EL SALADO,Urbana,"(6.148659703, -75.577240589)"
2181007,04/15/2018,2:40 p.m.,domingo,BUS,PUBLICO,Conductor,Masculino,No,N/A,SOLO DAÑOS,Choque,No respetar pelacion de interseccion o giros,Calle 40  Sur Carrera 24 DD,EL SALADO,Urbana,"(6.148659703, -75.577240589)"
2180993,04/15/2018,10:40 p.m.,domingo,AUTOMOVIL,PARTICULAR,Conductor,Masculino,No,N/A,SOLO DAÑOS,Choque,Desobedecer senales,Diagonal 31 Transversal 33 A Sur,LAS FLORES,Urbana,"(6.173761816, -75.578919701)"
2181163,05/01/2018,4:00 p.m.,martes,CAMPERO,PARTICULAR,Conductor,Femenino,No,N/A,HERIDO,Volcamiento,Exceso de velocidad,Tramo 373 Kilometro  14,VEREDA PALMAS,Rural,
2180993,04/15/2018,10:40 p.m.,domingo,MOTOCICLETA,PARTICULAR,Motociclista,Sin Registro,No,N/A,SOLO DAÑOS,Choque,Desobedecer senales,Diagonal 31 Transversal 33 A Sur,LAS FLORES,Urbana,"(6.173761816, -75.578919701)"
2181002,04/15/2018,5:50 p.m.,domingo,AUTOMOVIL,PUBLICO,Conductor,Masculino,No,N/A,SOLO DAÑOS,Choque,Impericia en el manejo,Carrera 49 Calle 39 B Sur,LAS VEGAS,Urbana,"(6.173609359, -75.597070569)"
2181002,04/15/2018,5:50 p.m.,domingo,AUTOMOVIL,PUBLICO,Conductor,Masculino,No,N/A,SOLO DAÑOS,Choque,Impericia en el manejo,Carrera 49 Calle 39 B Sur,LAS VEGAS,Urbana,"(6.173609359, -75.597070569)"
2181034,04/16/2018,9:00 a.m.,lunes,AUTOMOVIL,PARTICULAR,Conductor,Masculino,No,N/A,SOLO DAÑOS,Choque,Impericia en el manejo,Carrera 25 A Calle 36 D Sur,VEREDA EL ESCOBERO,Urbana,"(6.158679025, -75.566644254)"
2181034,04/16/2018,9:00 a.m.,lunes,CAMIONETA,PUBLICO,Conductor,Masculino,No,N/A,SOLO DAÑOS,Choque,Impericia en el manejo,Carrera 25 A Calle 36 D Sur,VEREDA EL ESCOBERO,Urbana,"(6.158679025, -75.566644254)"
2181005,04/16/2018,5:00 p.m.,lunes,MOTOCICLETA,PARTICULAR,Motociclista,Masculino,No,N/A,SOLO DAÑOS,Choque,Girar bruscamente,Calle 48 C Sur Carrera 43 A,LAS CASITAS,Urbana,"(6.162378903, -75.597630589)"
2181005,04/16/2018,5:00 p.m.,lunes,AUTOMOVIL,PARTICULAR,Conductor,Masculino,No,N/A,SOLO DAÑOS,Choque,Girar bruscamente,Calle 48 C Sur Carrera 43 A,LAS CASITAS,Urbana,"(6.162378903, -75.597630589)"
2181022,04/16/2018,5:00 p.m.,lunes,AUTOMOVIL,PARTICULAR,Conductor,Masculino,No,N/A,SOLO DAÑOS,Choque,Fallas en las llantas,Carrera 50 Calle 27  Sur,LAS VEGAS,Urbana,
2181022,04/16/2018,5:00 p.m.,lunes,CAMION,PUBLICO,Conductor,Masculino,No,N/A,SOLO DAÑOS,Choque,Fallas en las llantas,Carrera 50 Calle 27  Sur,LAS VEGAS,Urbana,
2181022,04/16/2018,5:00 p.m.,lunes,AUTOMOVIL,PARTICULAR,Conductor,Masculino,No,N/A,SOLO DAÑOS,Choque,Fallas en las llantas,Carrera 50 Calle 27  Sur,LAS VEGAS,Urbana,
2181022,04/16/2018,5:00 p.m.,lunes,TRACTOCAMION,PUBLICO,Conductor,Masculino,No,N/A,SOLO DAÑOS,Choque,Fallas en las llantas,Carrera 50 Calle 27  Sur,LAS VEGAS,Urbana,
2181003,04/16/2018,10:10 a.m.,lunes,AUTOMOVIL,PARTICULAR,Conductor,Masculino,No,N/A,SOLO DAÑOS,Choque,Reverso imprudente,Calle 30  Sur Carrera 45 B,JARDINES,Urbana,"(6.179138184, -75.587457647)"
2181003,04/16/2018,10:10 a.m.,lunes,AUTOMOVIL,PARTICULAR,Conductor,Masculino,No,N/A,SOLO DAÑOS,Choque,Reverso imprudente,Calle 30  Sur Carrera 45 B,JARDINES,Urbana,"(6.179138184, -75.587457647)"
2181001,04/16/2018,4:15 p.m.,lunes,MOTOCICLETA,PARTICULAR,Motociclista,Masculino,No,N/A,HERIDO,Choque,Desobedecer senales,Carrera 40 A Calle 48  Sur,EL TRIANON,Urbana,"(6.159138638, -75.594832711)"
2181001,04/16/2018,4:15 p.m.,lunes,CAMIONETA,PARTICULAR,Conductor,Masculino,No,N/A,HERIDO,Choque,Desobedecer senales,Carrera 40 A Calle 48  Sur,EL TRIANON,Urbana,"(6.159138638, -75.594832711)"
2181026,04/16/2018,9:15 a.m.,lunes,BUS,PUBLICO,Conductor,Masculino,No,N/A,SOLO DAÑOS,Choque,Impericia en el manejo,Tramo 372 Kilometro  17,VEREDA PALMAS,Rural,
2181026,04/16/2018,9:15 a.m.,lunes,CAMIONETA,PUBLICO,Conductor,Masculino,No,N/A,SOLO DAÑOS,Choque,Impericia en el manejo,Tramo 372 Kilometro  17,VEREDA PALMAS,Rural,
2181042,04/16/2018,5:30 a.m.,lunes,AUTOMOVIL,PARTICULAR,Conductor,Femenino,No,N/A,HERIDO,Volcamiento,Exceso de velocidad,Tramo 373 Kilometro  12,VEREDA PALMAS,Rural,
2181023,04/16/2018,2:10 p.m.,lunes,BUS,PUBLICO,Conductor,Masculino,No,N/A,SOLO DAÑOS,Choque,Reverso imprudente,Carrera 49 A Calle 46 A Sur,LAS VEGAS,Urbana,"(6.167871749, -75.602138766)"
2181023,04/16/2018,2:10 p.m.,lunes,CAMIONETA,PARTICULAR,Conductor,Masculino,No,N/A,SOLO DAÑOS,Choque,Reverso imprudente,Carrera 49 A Calle 46 A Sur,LAS VEGAS,Urbana,"(6.167871749, -75.602138766)"
2181042,04/16/2018,5:30 a.m.,lunes,AUTOMOVIL,PARTICULAR,Conductor,Femenino,No,N/A,HERIDO,Volcamiento,Impericia en el manejo,Tramo 373 Kilometro  12,VEREDA PALMAS,Rural,
2180999,04/16/2018,4:30 p.m.,lunes,AUTOMOVIL,PARTICULAR,Conductor,Masculino,No,N/A,HERIDO,Choque,Adelantar cerrando,Carrera 43 Calle 32 A Sur,LA MAGNOLIA,Urbana,"(6.174730521, -75.585215259)"
2180999,04/16/2018,4:30 p.m.,lunes,MOTOCICLETA,PARTICULAR,Motociclista,Femenino,No,N/A,HERIDO,Choque,Adelantar cerrando,Carrera 43 Calle 32 A Sur,LA MAGNOLIA,Urbana,"(6.174730521, -75.585215259)"
2181006,04/16/2018,8:30 a.m.,lunes,AUTOMOVIL,PARTICULAR,Conductor,Masculino,No,N/A,HERIDO,Choque,Desobedecer senales,Diagonal 32 D Transversal 33  Sur,LA MAGNOLIA,Urbana,"(6.174101275, -75.583606066)"
2181006,04/16/2018,8:30 a.m.,lunes,MOTOCICLETA,PARTICULAR,Motociclista,Masculino,No,N/A,HERIDO,Choque,Desobedecer senales,Diagonal 32 D Transversal 33  Sur,LA MAGNOLIA,Urbana,"(6.174101275, -75.583606066)"
2181013,04/16/2018,4:30 p.m.,lunes,MOTOCICLETA,PARTICULAR,Motociclista,Masculino,No,N/A,HERIDO,Atropello,Transitar entre vehiculos,Carrera 48 Calle 48  Sur,LAS VEGAS,Urbana,"(6.164595282, -75.601380414)"
2181013,04/16/2018,4:30 p.m.,lunes,MOTOCICLETA,PARTICULAR,Motociclista,Masculino,No,N/A,HERIDO,Atropello,Cruzar sin observar,Carrera 48 Calle 48  Sur,LAS VEGAS,Urbana,"(6.164595282, -75.601380414)"
2181000,04/16/2018,1:30 p.m.,lunes,AUTOMOVIL,PUBLICO,Conductor,Masculino,No,N/A,SOLO DAÑOS,Choque,Poner en marcha un vehiculo sin precauci,Carrera 42 A Calle 24  Sur,AVENIDA EL POBLADO,Urbana,"(6.179669709, -75.579880719)"
2181000,04/16/2018,1:30 p.m.,lunes,AUTOMOVIL,DIPLOMATICO,Conductor,Masculino,No,N/A,SOLO DAÑOS,Choque,Poner en marcha un vehiculo sin precauci,Carrera 42 A Calle 24  Sur,AVENIDA EL POBLADO,Urbana,"(6.179669709, -75.579880719)"
2181016,04/16/2018,4:30 p.m.,lunes,AUTOMOVIL,PUBLICO,Conductor,Masculino,No,N/A,SOLO DAÑOS,Choque,No mantener distancia de seguridad,Carrera 40 Calle 37  Sur,ZONA CENTRO,Urbana,"(6.169323846, -75.585486221)"
2181016,04/16/2018,4:30 p.m.,lunes,MOTOCICLETA,PARTICULAR,Motociclista,Masculino,No,N/A,SOLO DAÑOS,Choque,No mantener distancia de seguridad,Carrera 40 Calle 37  Sur,ZONA CENTRO,Urbana,"(6.169323846, -75.585486221)"
2181016,04/16/2018,4:30 p.m.,lunes,AUTOMOVIL,PARTICULAR,Conductor,Masculino,No,N/A,SOLO DAÑOS,Choque,No mantener distancia de seguridad,Carrera 40 Calle 37  Sur,ZONA CENTRO,Urbana,"(6.169323846, -75.585486221)"
2181017,04/16/2018,4:30 p.m.,lunes,CAMIONETA,PARTICULAR,Conductor,Masculino,No,N/A,SOLO DAÑOS,Choque,Impericia en el manejo,Calle 45 A Sur Carrera 39 B,LAS ANTILLAS,Urbana,"(6.160320892, -75.590005662)"
2181004,04/16/2018,5:30 p.m.,lunes,CAMPERO,DIPLOMATICO,Conductor,Femenino,No,N/A,SOLO DAÑOS,Choque,No respetar pelacion de interseccion o giros,Carrera 27 A Calle 36 D Sur,VEREDA EL ESCOBERO,Urbana,"(6.162396832, -75.573231113)"
2181004,04/16/2018,5:30 p.m.,lunes,MOTOCICLETA,PARTICULAR,Motociclista,Masculino,No,N/A,SOLO DAÑOS,Choque,No respetar pelacion de interseccion o giros,Carrera 27 A Calle 36 D Sur,VEREDA EL ESCOBERO,Urbana,"(6.162396832, -75.573231113)"
2181011,04/16/2018,5:30 p.m.,lunes,MOTOCICLETA,PARTICULAR,Motociclista,Masculino,No,N/A,SOLO DAÑOS,Choque,No respetar prelacion,Calle 38 A Sur Carrera 42,ZONA CENTRO,Urbana,"(6.169022232, -75.587722385)"
2181011,04/16/2018,5:30 p.m.,lunes,MOTOCICLETA,PARTICULAR,Motociclista,Femenino,No,N/A,SOLO DAÑOS,Choque,No respetar prelacion,Calle 38 A Sur Carrera 42,ZONA CENTRO,Urbana,"(6.169022232, -75.587722385)"
2181008,04/16/2018,2:45 p.m.,lunes,AUTOMOVIL,PARTICULAR,Conductor,Femenino,No,N/A,SOLO DAÑOS,Choque,No mantener distancia de seguridad,Tramo 373 Kilometro  10,VEREDA PALMAS,Rural,
2181008,04/16/2018,2:45 p.m.,lunes,MOTOCICLETA,PARTICULAR,Motociclista,Masculino,No,N/A,SOLO DAÑOS,Choque,No mantener distancia de seguridad,Tramo 373 Kilometro  10,VEREDA PALMAS,Rural,
2181025,04/16/2018,9:40 a.m.,lunes,AUTOMOVIL,PARTICULAR,Conductor,Femenino,No,N/A,SOLO DAÑOS,Choque,No mantener distancia de seguridad,Carrera 48 Calle 43  Sur,LAS VEGAS,Urbana,"(6.168335134, -75.597233576)"
2181025,04/16/2018,9:40 a.m.,lunes,AUTOMOVIL,PARTICULAR,Conductor,Femenino,No,N/A,SOLO DAÑOS,Choque,No mantener distancia de seguridad,Carrera 48 Calle 43  Sur,LAS VEGAS,Urbana,"(6.168335134, -75.597233576)"
2181438,04/17/2018,10:00 p.m.,martes,AUTOMOVIL,PUBLICO,Conductor,Masculino,No,N/A,SOLO DAÑOS,Choque,No mantener distancia de seguridad,Carrera 43 A Calle 25  Sur,LAS ORQUIDEAS,Urbana,"(6.181616833, -75.581857267)"
2181438,04/17/2018,10:00 p.m.,martes,AUTOMOVIL,PARTICULAR,Conductor,Masculino,No,N/A,SOLO DAÑOS,Choque,No mantener distancia de seguridad,Carrera 43 A Calle 25  Sur,LAS ORQUIDEAS,Urbana,"(6.181616833, -75.581857267)"
2181014,04/17/2018,1:00 p.m.,martes,BUS,PUBLICO,Conductor,Masculino,No,N/A,HERIDO,Choque,No respetar prelacion,Calle 45 A Sur Carrera 39 DD,LAS ANTILLAS,Urbana,"(6.161984106, -75.592196776)"
2181014,04/17/2018,1:00 p.m.,martes,MOTOCICLETA,PARTICULAR,Motociclista,Masculino,No,N/A,HERIDO,Choque,No respetar prelacion,Calle 45 A Sur Carrera 39 DD,LAS ANTILLAS,Urbana,"(6.161984106, -75.592196776)"
2181033,04/17/2018,1:00 p.m.,martes,CAMIONETA,PUBLICO,Conductor,Masculino,No,N/A,SOLO DAÑOS,Choque,Impericia en el manejo,Tramo 372 Kilometro  15,VEREDA PALMAS,Rural,
2181040,04/17/2018,3:00 p.m.,martes,MOTOCICLETA,PARTICULAR,Motociclista,Masculino,No,N/A,HERIDO,Caida Ocupante,Impericia en el manejo,Calle 38  Sur Carrera 46,ALCALA,Urbana,"(6.171966643, -75.591369743)"
2181033,04/17/2018,1:00 p.m.,martes,CAMIONETA,PUBLICO,Conductor,Masculino,No,N/A,SOLO DAÑOS,Choque,Exceso de velocidad,Tramo 372 Kilometro  15,VEREDA PALMAS,Rural,
2181027,04/17/2018,11:00 a.m.,martes,AUTOMOVIL,PARTICULAR,Conductor,Masculino,No,N/A,HERIDO,Volcamiento,Exceso de velocidad,Tramo 372 Kilometro  16,VEREDA PALMAS,Rural,
2181027,04/17/2018,11:00 a.m.,martes,AUTOMOVIL,PARTICULAR,Conductor,Masculino,No,N/A,HERIDO,Volcamiento,Impericia en el manejo,Tramo 372 Kilometro  16,VEREDA PALMAS,Rural,
2181029,04/17/2018,8:05 a.m.,martes,MOTOCICLETA,PARTICULAR,Conductor,Femenino,No,N/A,HERIDO,Choque,Desobedecer senales,Calle 41 AA Sur Carrera 29,SAN RAFAEL,Urbana,"(6.15839206, -75.584955646)"
2181029,04/17/2018,8:05 a.m.,martes,CAMPERO,PUBLICO,Conductor,Masculino,No,N/A,HERIDO,Choque,Desobedecer senales,Calle 41 AA Sur Carrera 29,SAN RAFAEL,Urbana,"(6.15839206, -75.584955646)"
2181029,04/17/2018,8:05 a.m.,martes,BUS,PUBLICO,Conductor,Masculino,No,N/A,HERIDO,Choque,Desobedecer senales,Calle 41 AA Sur Carrera 29,SAN RAFAEL,Urbana,"(6.15839206, -75.584955646)"
2181041,04/17/2018,5:05 p.m.,martes,CAMIONETA,PARTICULAR,Conductor,Femenino,No,N/A,SOLO DAÑOS,Choque,Transitar entre vehiculos,Carrera 50 Calle 36  Sur,LAS VEGAS,Urbana,
2181041,04/17/2018,5:05 p.m.,martes,MOTOCICLETA,PARTICULAR,Motociclista,Masculino,No,N/A,SOLO DAÑOS,Choque,Transitar entre vehiculos,Carrera 50 Calle 36  Sur,LAS VEGAS,Urbana,
2181041,04/17/2018,5:05 p.m.,martes,MOTOCICLETA,PARTICULAR,Motociclista,Masculino,No,N/A,SOLO DAÑOS,Choque,Transitar entre vehiculos,Carrera 50 Calle 36  Sur,LAS VEGAS,Urbana,
2181021,04/17/2018,7:00 a.m.,martes,BUS,PUBLICO,Conductor,Masculino,No,N/A,SOLO DAÑOS,Choque,Impericia en el manejo,Carrera 48 Calle 46  Sur,LAS VEGAS,Urbana,"(6.166195386, -75.599285489)"
2181021,04/17/2018,7:00 a.m.,martes,AUTOMOVIL,PARTICULAR,Conductor,Masculino,No,N/A,SOLO DAÑOS,Choque,Impericia en el manejo,Carrera 48 Calle 46  Sur,LAS VEGAS,Urbana,"(6.166195386, -75.599285489)"
2181038,04/17/2018,5:10 p.m.,martes,CAMIONETA,PARTICULAR,Conductor,Femenino,No,N/A,SOLO DAÑOS,Choque,Impericia en el manejo,Calle 25  Sur Carrera 41,ZU├æIGA,Urbana,"(6.179145147, -75.577476499)"
2181038,04/17/2018,5:10 p.m.,martes,MOTOCICLETA,PARTICULAR,Motociclista,Femenino,No,N/A,SOLO DAÑOS,Choque,Impericia en el manejo,Calle 25  Sur Carrera 41,ZU├æIGA,Urbana,"(6.179145147, -75.577476499)"
2181020,04/17/2018,7:05 a.m.,martes,AUTOMOVIL,PARTICULAR,Conductor,Femenino,No,N/A,SOLO DAÑOS,Choque,Desobedecer senales,Carrera 45 B Calle 32 C Sur,EL PORTAL,Urbana,"(6.175172645, -75.588706984)"
2181020,04/17/2018,7:05 a.m.,martes,AUTOMOVIL,PARTICULAR,Conductor,Femenino,No,N/A,SOLO DAÑOS,Choque,Desobedecer senales,Carrera 45 B Calle 32 C Sur,EL PORTAL,Urbana,"(6.175172645, -75.588706984)"
2181012,04/17/2018,3:20 p.m.,martes,MOTOCICLETA,PARTICULAR,Motociclista,Masculino,No,N/A,SOLO DAÑOS,Choque,No respetar prelacion,Carrera 43 A Calle 25  Sur,AVENIDA EL POBLADO,Urbana,"(6.181616833, -75.581857267)"
2181012,04/17/2018,3:20 p.m.,martes,AUTOMOVIL,PARTICULAR,Conductor,Femenino,No,N/A,SOLO DAÑOS,Choque,No respetar prelacion,Carrera 43 A Calle 25  Sur,AVENIDA EL POBLADO,Urbana,"(6.181616833, -75.581857267)"
2181039,04/17/2018,9:20 a.m.,martes,MOTOCICLETA,PARTICULAR,Motociclista,Masculino,No,N/A,HERIDO,Choque,Adelantar en zona prohibida,Calle 45 A Sur Carrera 39 DD,LAS ANTILLAS,Urbana,"(6.161984106, -75.592196776)"
2181039,04/17/2018,9:20 a.m.,martes,AUTOMOVIL,PARTICULAR,Conductor,Femenino,No,N/A,HERIDO,Choque,Adelantar en zona prohibida,Calle 45 A Sur Carrera 39 DD,LAS ANTILLAS,Urbana,"(6.161984106, -75.592196776)"
2181019,04/17/2018,3:30 p.m.,martes,CAMIONETA,PARTICULAR,Conductor,Femenino,No,N/A,SOLO DAÑOS,Choque,Reverso imprudente,Carrera 42 B Calle 25  Sur,LAS ORQUIDEAS,Urbana,"(6.179579813, -75.580396889)"
2181019,04/17/2018,3:30 p.m.,martes,AUTOMOVIL,PARTICULAR,Conductor,Femenino,No,N/A,SOLO DAÑOS,Choque,Reverso imprudente,Carrera 42 B Calle 25  Sur,LAS ORQUIDEAS,Urbana,"(6.179579813, -75.580396889)"
2181018,04/17/2018,3:45 p.m.,martes,CAMPERO,PARTICULAR,Conductor,Femenino,No,N/A,SOLO DAÑOS,Choque,No mantener distancia de seguridad,Calle 25  Sur Carrera 45,ZU├æIGA,Urbana,"(6.182658265, -75.582042508)"
2181018,04/17/2018,3:45 p.m.,martes,AUTOMOVIL,PARTICULAR,Conductor,Masculino,No,N/A,SOLO DAÑOS,Choque,No mantener distancia de seguridad,Calle 25  Sur Carrera 45,ZU├æIGA,Urbana,"(6.182658265, -75.582042508)"
2181015,04/17/2018,5:45 p.m.,martes,AUTOMOVIL,PARTICULAR,Conductor,Masculino,No,N/A,SOLO DAÑOS,Choque,No mantener distancia de seguridad,Carrera 50 Calle 46 A Sur,LAS VEGAS,Urbana,"(6.16131219, -75.603198185)"
2181015,04/17/2018,5:45 p.m.,martes,CAMION,PUBLICO,Conductor,Masculino,No,N/A,SOLO DAÑOS,Choque,No mantener distancia de seguridad,Carrera 50 Calle 46 A Sur,LAS VEGAS,Urbana,"(6.16131219, -75.603198185)"
2181028,04/17/2018,4:50 p.m.,martes,AUTOMOVIL,PARTICULAR,Conductor,Femenino,No,N/A,HERIDO,Choque,Adelantar cerrando,Carrera 50 Calle 25  Sur,LAS VEGAS,Urbana,"(6.186515998, -75.585125414)"
2181028,04/17/2018,4:50 p.m.,martes,MOTOCICLETA,PARTICULAR,Motociclista,Masculino,No,N/A,HERIDO,Choque,Adelantar cerrando,Carrera 50 Calle 25  Sur,LAS VEGAS,Urbana,"(6.186515998, -75.585125414)"
2181031,04/17/2018,5:55 p.m.,martes,CAMIONETA,PUBLICO,Conductor,Masculino,No,N/A,HERIDO,Choque,No mantener distancia de seguridad,Tramo 373 Kilometro  14,VEREDA PALMAS,Rural,
2181031,04/17/2018,5:55 p.m.,martes,MOTOCICLETA,PARTICULAR,Motociclista,Femenino,No,N/A,HERIDO,Choque,No mantener distancia de seguridad,Tramo 373 Kilometro  14,VEREDA PALMAS,Rural,
2181066,04/18/2018,6:00 a.m.,miércoles,AUTOMOVIL,PARTICULAR,Conductor,Femenino,No,N/A,SOLO DAÑOS,Choque,No mantener distancia de seguridad,Carrera 50 Calle 32 B Sur,LAS VEGAS,Urbana,"(6.178248378, -75.591688281)"
2181066,04/18/2018,6:00 a.m.,miércoles,MOTOCICLETA,PARTICULAR,Motociclista,Masculino,No,N/A,SOLO DAÑOS,Choque,No mantener distancia de seguridad,Carrera 50 Calle 32 B Sur,LAS VEGAS,Urbana,"(6.178248378, -75.591688281)"
2181046,04/18/2018,12:10 a.m.,miércoles,AUTOMOVIL,PARTICULAR,Conductor,Sin Registro,No,N/A,HERIDO,Choque,Adelantar invadiendo carril de sentido contrario,Tramo 373 Kilometro  13,VEREDA PALMAS,Rural,
2181046,04/18/2018,12:10 a.m.,miércoles,MOTOCICLETA,PARTICULAR,Motociclista,Masculino,No,N/A,HERIDO,Choque,Adelantar invadiendo carril de sentido contrario,Tramo 373 Kilometro  13,VEREDA PALMAS,Rural,
2181052,04/18/2018,6:10 p.m.,miércoles,CAMIONETA,PARTICULAR,Conductor,Femenino,No,N/A,SOLO DAÑOS,Choque,Impericia en el manejo,Carrera 27 AA Calle 36  Sur,EL CHOCHO,Urbana,
2181030,04/18/2018,11:05 p.m.,miércoles,MOTOCICLETA,PARTICULAR,Motociclista,Masculino,No,N/A,SOLO DAÑOS,Choque,Transitar entre vehiculos,Calle 37  Sur Carrera 28,LA MAGNOLIA,Urbana,"(6.165679454, -75.578340422)"
2181030,04/18/2018,11:05 p.m.,miércoles,MOTOCICLETA,PARTICULAR,Motociclista,Masculino,No,N/A,SOLO DAÑOS,Choque,Transitar entre vehiculos,Calle 37  Sur Carrera 28,LA MAGNOLIA,Urbana,"(6.165679454, -75.578340422)"
2181036,04/18/2018,1:10 p.m.,miércoles,MOTOCICLETA,PARTICULAR,Motociclista,Masculino,No,N/A,SOLO DAÑOS,Choque,No mantener distancia de seguridad,Carrera 48 Calle 32 C Sur,LAS VEGAS,Urbana,"(6.176534585, -75.590179348)"
2181036,04/18/2018,1:10 p.m.,miércoles,MOTOCICLETA,PARTICULAR,Motociclista,Masculino,No,N/A,SOLO DAÑOS,Choque,No mantener distancia de seguridad,Carrera 48 Calle 32 C Sur,LAS VEGAS,Urbana,"(6.176534585, -75.590179348)"
2181035,04/18/2018,10:30 a.m.,miércoles,AUTOMOVIL,PARTICULAR,Conductor,Femenino,No,N/A,SOLO DAÑOS,Choque,No mantener distancia de seguridad,Carrera 50 Calle 32  Sur,LAS VEGAS,Urbana,"(6.178248378, -75.591688281)"
2181035,04/18/2018,10:30 a.m.,miércoles,MOTOCICLETA,PARTICULAR,Motociclista,Masculino,No,N/A,SOLO DAÑOS,Choque,No mantener distancia de seguridad,Carrera 50 Calle 32  Sur,LAS VEGAS,Urbana,"(6.178248378, -75.591688281)"
2181037,04/18/2018,5:45 p.m.,miércoles,CAMIONETA,PARTICULAR,Conductor,Masculino,No,N/A,SOLO DAÑOS,Choque,Reverso imprudente,Calle 40  Sur Carrera 25 B,LA MINA,Urbana,"(6.155114269, -75.578968941)"
2181037,04/18/2018,5:45 p.m.,miércoles,AUTOMOVIL,PARTICULAR,Conductor,Femenino,No,N/A,SOLO DAÑOS,Choque,Reverso imprudente,Calle 40  Sur Carrera 25 B,LA MINA,Urbana,"(6.155114269, -75.578968941)"
2181032,04/18/2018,12:55 a.m.,miércoles,AUTOMOVIL,PARTICULAR,Conductor,Masculino,No,N/A,SOLO DAÑOS,Choque,No mantener distancia de seguridad,Tramo 372 Kilometro  13,VEREDA PALMAS,Rural,
2181043,04/18/2018,6:53 p.m.,miércoles,CAMPERO,PARTICULAR,Conductor,Masculino,No,N/A,HERIDO,Choque,Desobedecer senales,Tramo 373 Kilometro  14,VEREDA PALMAS,Rural,
2181043,04/18/2018,6:53 p.m.,miércoles,BICICLETA,N/A,Ciclista,Masculino,No,N/A,HERIDO,Choque,Desobedecer senales,Tramo 373 Kilometro  14,VEREDA PALMAS,Rural,