RADICADO,FECHA,HORA,DÍA DE LA SEMANA,CLASE DE VEHICULO,TIPO DE SERVICIO,TIPO DE VICTIMA,SEXO,ESTADO DE BEODEZ,RESULTADO DE BEODEZ,GRAVEDAD,CLASE DE ACCIDENTE,CAUSA,DIRECCIÓN,BARRIO,AREA,Coordenadas
2181032,04/18/2018,12:55 a.m.,miércoles,AUTOMOVIL,PARTICULAR,Conductor,Femenino,No,N/A,SOLO DAÑOS,Choque,No mantener distancia de seguridad,Tramo 372 Kilometro  13,VEREDA PALMAS,Rural,
2181069,04/19/2018,1:00 p.m.,jueves,AUTOMOVIL,PARTICULAR,Conductor,Femenino,No,N/A,SOLO DAÑOS,Choque,No mantener distancia de seguridad,Diagonal 31 E Transversal 33 A Sur,LA MAGNOLIA,Urbana,"(6.173761816, -75.578919701)"
2181069,04/19/2018,1:00 p.m.,jueves,AUTOMOVIL,PARTICULAR,Conductor,Masculino,No,N/A,SOLO DAÑOS,Choque,No mantener distancia de seguridad,Diagonal 31 E Transversal 33 A Sur,LA MAGNOLIA,Urbana,"(6.173761816, -75.578919701)"
2181068,04/19/2018,2:00 p.m.,jueves,BUS,PUBLICO,Conductor,Masculino,No,N/A,SOLO DAÑOS,Choque,Adelantar invadiendo carril del mismo sentido en zigzag,Calle 37  Sur Carrera 49,LAS VEGAS,Urbana,"(6.174789471, -75.594204243)"
2181068,04/19/2018,2:00 p.m.,jueves,AUTOMOVIL,PARTICULAR,Conductor,Masculino,No,N/A,SOLO DAÑOS,Choque,Adelantar invadiendo carril del mismo sentido en zigzag,Calle 37  Sur Carrera 49,LAS VEGAS,Urbana,"(6.174789471, -75.594204243)"
2181047,04/19/2018,9:05 a.m.,jueves,AUTOMOVIL,PARTICULAR,Conductor,Masculino,No,N/A,HERIDO,Choque,No mantener distancia de seguridad,Carrera 48 Calle 32 C Sur,LAS VEGAS,Urbana,"(6.176534585, -75.590179348)"
2181047,04/19/2018,9:05 a.m.,jueves,MOTOCICLETA,PARTICULAR,Motociclista,Masculino,No,N/A,HERIDO,Choque,No mantener distancia de seguridad,Carrera 48 Calle 32 C Sur,LAS VEGAS,Urbana,"(6.176534585, -75.590179348)"
2181047,04/19/2018,9:05 a.m.,jueves,AUTOMOVIL,PARTICULAR,Conductor,Masculino,No,N/A,HERIDO,Choque,No mantener distancia de seguridad,Carrera 48 Calle 32 C Sur,LAS VEGAS,Urbana,"(6.176534585, -75.590179348)"
2181090,04/19/2018,7:05 a.m.,jueves,MOTOCICLETA,PARTICULAR,Motociclista,Masculino,No,N/A,SOLO DAÑOS,Choque,Impericia en el manejo,Tramo 371 Kilometro  8,VEREDA EL ESCOBERO,Rural,
2181090,04/19/2018,7:05 a.m.,jueves,BUS,PUBLICO,Conductor,Masculino,No,N/A,SOLO DAÑOS,Choque,Impericia en el manejo,Tramo 371 Kilometro  8,VEREDA EL ESCOBERO,Rural,
2181048,04/19/2018,7:10 a.m.,jueves,CAMIONETA,OFICIAL,Conductor,Femenino,No,N/A,SOLO DAÑOS,Choque,No mantener distancia de seguridad,Calle 24  Sur Carrera 43 A,ZU├æIGA,Urbana,
2181048,04/19/2018,7:10 a.m.,jueves,AUTOMOVIL,PARTICULAR,Conductor,Masculino,No,N/A,SOLO DAÑOS,Choque,No mantener distancia de seguridad,Calle 24  Sur Carrera 43 A,ZU├æIGA,Urbana,
2181070,04/19/2018,3:20 p.m.,jueves,AUTOMOVIL,PARTICULAR,Conductor,Femenino,No,N/A,SOLO DAÑOS,Choque,Adelantar cerrando,Calle 36 D Sur Carrera 27 D,VEREDA EL ESCOBERO,Urbana,"(6.164970853, -75.574637268)"
2181070,04/19/2018,3:20 p.m.,jueves,MOTOCICLETA,PARTICULAR,Motociclista,Masculino,No,N/A,SOLO DAÑOS,Choque,Adelantar cerrando,Calle 36 D Sur Carrera 27 D,VEREDA EL ESCOBERO,Urbana,"(6.164970853, -75.574637268)"
2181045,04/19/2018,5:20 p.m.,jueves,MOTOCICLETA,PARTICULAR,Motociclista,Femenino,No,N/A,SOLO DAÑOS,Choque,Adelantar cerrando,Carrera 50 Calle 25 A Sur,LAS VEGAS,Urbana,"(6.186515998, -75.585125414)"
2181045,04/19/2018,5:20 p.m.,jueves,AUTOMOVIL,PARTICULAR,Conductor,Masculino,No,N/A,SOLO DAÑOS,Choque,Adelantar cerrando,Carrera 50 Calle 25 A Sur,LAS VEGAS,Urbana,"(6.186515998, -75.585125414)"
2181440,04/19/2018,3:30 p.m.,jueves,CAMPERO,PARTICULAR,Conductor,Masculino,No,N/A,SOLO DAÑOS,Choque,Adelantar invadiendo carril de sentido contrario,Carrera 25 A Calle 38 D Sur,EL CHINGU├ì,Urbana,"(6.158679025, -75.566644254)"
2181440,04/19/2018,3:30 p.m.,jueves,CAMPERO,PARTICULAR,Conductor,Sin Registro,No,N/A,SOLO DAÑOS,Choque,Adelantar invadiendo carril de sentido contrario,Carrera 25 A Calle 38 D Sur,EL CHINGU├ì,Urbana,"(6.158679025, -75.566644254)"
2181044,04/19/2018,6:45 a.m.,jueves,AUTOMOVIL,PARTICULAR,Conductor,Femenino,No,N/A,SOLO DAÑOS,Choque,Poner en marcha un vehiculo sin precauci,Carrera 28 Calle 37  Sur,LA MAGNOLIA,Urbana,"(6.164229297, -75.578821455)"
2181044,04/19/2018,6:45 a.m.,jueves,BUS,PUBLICO,Conductor,Masculino,No,N/A,SOLO DAÑOS,Choque,Poner en marcha un vehiculo sin precauci,Carrera 28 Calle 37  Sur,LA MAGNOLIA,Urbana,"(6.164229297, -75.578821455)"
2181050,04/19/2018,6:55 a.m.,jueves,CAMION,OFICIAL,Conductor,Masculino,No,N/A,SOLO DAÑOS,Choque,Desobedecer senales,Carrera 41 Calle 40  Sur,EL DORADO,Urbana,"(6.166920833, -75.587995017)"
2181050,04/19/2018,6:55 a.m.,jueves,CAMIONETA,PARTICULAR,Conductor,Masculino,No,N/A,SOLO DAÑOS,Choque,Desobedecer senales,Carrera 41 Calle 40  Sur,EL DORADO,Urbana,"(6.166920833, -75.587995017)"
2181057,04/20/2018,6:10 a.m.,viernes,CAMION,PUBLICO,Conductor,Masculino,No,N/A,SOLO DAÑOS,Choque,Transitar entre vehiculos,Carrera 50 Calle 32  Sur,LAS VEGAS,Urbana,"(6.178248378, -75.591688281)"
2181057,04/20/2018,6:10 a.m.,viernes,CAMPERO,PARTICULAR,Conductor,Masculino,No,N/A,SOLO DAÑOS,Choque,Transitar entre vehiculos,Carrera 50 Calle 32  Sur,LAS VEGAS,Urbana,"(6.178248378, -75.591688281)"
2181057,04/20/2018,6:10 a.m.,viernes,MOTOCICLETA,PARTICULAR,Motociclista,Masculino,No,N/A,SOLO DAÑOS,Choque,Transitar entre vehiculos,Carrera 50 Calle 32  Sur,LAS VEGAS,Urbana,"(6.178248378, -75.591688281)"
2181081,04/20/2018,10:10 a.m.,viernes,CAMION,PUBLICO,Conductor,Masculino,No,N/A,SOLO DAÑOS,Choque,Reverso imprudente,Carrera 49 Calle 39  Sur,LAS VEGAS,Urbana,"(6.173609359, -75.597070569)"
2181081,04/20/2018,10:10 a.m.,viernes,TRACTOCAMION,PUBLICO,Conductor,Masculino,No,N/A,SOLO DAÑOS,Choque,Reverso imprudente,Carrera 49 Calle 39  Sur,LAS VEGAS,Urbana,"(6.173609359, -75.597070569)"
2181059,04/20/2018,5:15 p.m.,viernes,BUS,PUBLICO,Conductor,Masculino,No,N/A,SOLO DAÑOS,Choque,Desobedecer senales,Transversal 36  Sur Diagonal 30,LA SEBASTIANA,Urbana,"(6.168076323, -75.579944151)"
2181059,04/20/2018,5:15 p.m.,viernes,AUTOMOVIL,PARTICULAR,Conductor,Femenino,No,N/A,SOLO DAÑOS,Choque,Desobedecer senales,Transversal 36  Sur Diagonal 30,LA SEBASTIANA,Urbana,"(6.168076323, -75.579944151)"
2181055,04/20/2018,10:15 a.m.,viernes,MOTOCICLETA,PARTICULAR,Motociclista,Masculino,No,N/A,HERIDO,Caida Ocupante,Impericia en el manejo,Calle 45 B Sur Carrera 42 B,LA PAZ,Urbana,"(6.163155121, -75.593708386)"
2181074,04/20/2018,6:25 p.m.,viernes,AUTOMOVIL,PARTICULAR,Conductor,Masculino,No,N/A,SOLO DAÑOS,Choque,Impericia en el manejo,Calle 38  Sur Carrera 42,ZONA CENTRO,Urbana,"(6.16961293, -75.587384695)"
2181074,04/20/2018,6:25 p.m.,viernes,MOTOCICLETA,PARTICULAR,Motociclista,Femenino,No,N/A,SOLO DAÑOS,Choque,Impericia en el manejo,Calle 38  Sur Carrera 42,ZONA CENTRO,Urbana,"(6.16961293, -75.587384695)"
2181058,04/20/2018,2:20 p.m.,viernes,AUTOMOVIL,PARTICULAR,Conductor,Femenino,No,N/A,SOLO DAÑOS,Choque,No mantener distancia de seguridad,Carrera 48 Calle 32 B Sur,LAS VEGAS,Urbana,"(6.176994311, -75.589841192)"
2181058,04/20/2018,2:20 p.m.,viernes,CAMPERO,PARTICULAR,Conductor,Masculino,No,N/A,SOLO DAÑOS,Choque,No mantener distancia de seguridad,Carrera 48 Calle 32 B Sur,LAS VEGAS,Urbana,"(6.176994311, -75.589841192)"
2181062,04/20/2018,7:30 a.m.,viernes,CAMPERO,PARTICULAR,Conductor,Femenino,No,N/A,SOLO DAÑOS,Choque,Desobedecer senales,Calle 27 Carrera 27,EL ESMERALDAL,Urbana,"(6.17243521, -75.567871917)"
2181062,04/20/2018,7:30 a.m.,viernes,AUTOMOVIL,PARTICULAR,Conductor,Masculino,No,N/A,SOLO DAÑOS,Choque,Desobedecer senales,Calle 27 Carrera 27,EL ESMERALDAL,Urbana,"(6.17243521, -75.567871917)"
2181096,04/20/2018,4:40 p.m.,viernes,AUTOMOVIL,PUBLICO,Conductor,Masculino,No,N/A,SOLO DAÑOS,Choque,No respetar pelacion de interseccion o giros,Carrera 50 Calle 19  Sur,LAS VEGAS,Urbana,
2181096,04/20/2018,4:40 p.m.,viernes,MOTOCICLETA,PARTICULAR,Motociclista,Masculino,No,N/A,SOLO DAÑOS,Choque,No respetar prelacion,Carrera 50 Calle 19  Sur,LAS VEGAS,Urbana,
2181096,04/20/2018,4:40 p.m.,viernes,MOTOCICLETA,PARTICULAR,Motociclista,Masculino,No,N/A,SOLO DAÑOS,Choque,No respetar pelacion de interseccion o giros,Carrera 50 Calle 19  Sur,LAS VEGAS,Urbana,
2181096,04/20/2018,4:40 p.m.,viernes,AUTOMOVIL,PUBLICO,Conductor,Masculino,No,N/A,SOLO DAÑOS,Choque,No respetar prelacion,Carrera 50 Calle 19  Sur,LAS VEGAS,Urbana,
2181087,04/20/2018,6:42 a.m.,viernes,BUS,PUBLICO,Conductor,Masculino,No,N/A,SOLO DAÑOS,Choque,No mantener distancia de seguridad,Carrera 43 A Calle 38  Sur,ZONA CENTRO,Urbana,"(6.170421178, -75.588598773)"
2181087,04/20/2018,6:42 a.m.,viernes,BUS,PUBLICO,Conductor,Masculino,No,N/A,SOLO DAÑOS,Choque,No mantener distancia de seguridad,Carrera 43 A Calle 38  Sur,ZONA CENTRO,Urbana,"(6.170421178, -75.588598773)"
2181071,04/21/2018,4:00 p.m.,sábado,AUTOMOVIL,PARTICULAR,Conductor,Masculino,No,N/A,HERIDO,Choque,Adelantar por la derecha,Carrera 50 Calle 26  Sur,LAS VEGAS,Urbana,"(6.184812544, -75.586911093)"
2181071,04/21/2018,4:00 p.m.,sábado,MOTOCICLETA,PARTICULAR,Motociclista,Sin Registro,No,N/A,HERIDO,Choque,Adelantar por la derecha,Carrera 50 Calle 26  Sur,LAS VEGAS,Urbana,"(6.184812544, -75.586911093)"
2181049,04/21/2018,2:00 p.m.,sábado,AUTOMOVIL,PARTICULAR,Conductor,Masculino,No,N/A,SOLO DAÑOS,Choque,Transitar entre vehiculos,Tramo 372 Kilometro  17,VEREDA PALMAS,Rural,
2181049,04/21/2018,2:00 p.m.,sábado,MOTOCICLETA,PARTICULAR,Motociclista,Masculino,No,N/A,SOLO DAÑOS,Choque,Transitar entre vehiculos,Tramo 372 Kilometro  17,VEREDA PALMAS,Rural,
2181088,04/21/2018,12:10 a.m.,sábado,AUTOMOVIL,PARTICULAR,Conductor,Masculino,No,N/A,SOLO DAÑOS,Choque,No mantener distancia de seguridad,Carrera 50 Calle 30  Sur,LAS VEGAS,Urbana,
2181088,04/21/2018,12:10 a.m.,sábado,CAMIONETA,PARTICULAR,Conductor,Masculino,No,N/A,SOLO DAÑOS,Choque,No mantener distancia de seguridad,Carrera 50 Calle 30  Sur,LAS VEGAS,Urbana,
2181076,04/21/2018,4:35 a.m.,sábado,AUTOMOVIL,PARTICULAR,Conductor,Masculino,No,N/A,SOLO DAÑOS,Choque,Fallas en las llantas,Carrera 48 Calle 50  Sur,LAS VEGAS,Urbana,
2181079,04/21/2018,6:35 a.m.,sábado,CAMIONETA,PUBLICO,Conductor,Masculino,No,N/A,HERIDO,Choque,No mantener distancia de seguridad,Carrera 48 Calle 25 AA Sur,LAS VEGAS,Urbana,"(6.183765745, -75.584690349)"
2181056,04/21/2018,6:30 p.m.,sábado,AUTOMOVIL,PARTICULAR,Conductor,Masculino,No,N/A,HERIDO,Atropello,Cruzar sin observar,Calle 45 B Sur Carrera 43,LA PAZ,Urbana,"(6.164485785, -75.594678415)"
2181079,04/21/2018,6:35 a.m.,sábado,AUTOMOVIL,PARTICULAR,Conductor,Masculino,No,N/A,HERIDO,Choque,No mantener distancia de seguridad,Carrera 48 Calle 25 AA Sur,LAS VEGAS,Urbana,"(6.183765745, -75.584690349)"
2181079,04/21/2018,6:35 a.m.,sábado,AUTOMOVIL,PUBLICO,Conductor,Masculino,No,N/A,HERIDO,Choque,No mantener distancia de seguridad,Carrera 48 Calle 25 AA Sur,LAS VEGAS,Urbana,"(6.183765745, -75.584690349)"
2181093,04/21/2018,2:40 p.m.,sábado,BUS,PUBLICO,Conductor,Masculino,No,N/A,HERIDO,Otro,Fallas en el sistema electrico,Tramo 371 Kilometro  5,VEREDA EL ESCOBERO,Rural,
2181075,04/21/2018,11:45 a.m.,sábado,AUTOMOVIL,PUBLICO,Conductor,Masculino,No,N/A,SOLO DAÑOS,Choque,Reverso imprudente,Calle 36 D Sur Carrera 27 D,VEREDA EL ESCOBERO,Urbana,"(6.164970853, -75.574637268)"
2181075,04/21/2018,11:45 a.m.,sábado,AUTOMOVIL,PARTICULAR,Conductor,Masculino,No,N/A,SOLO DAÑOS,Choque,Reverso imprudente,Calle 36 D Sur Carrera 27 D,VEREDA EL ESCOBERO,Urbana,"(6.164970853, -75.574637268)"
2181051,04/21/2018,10:45 a.m.,sábado,BUS,PUBLICO,Conductor,Masculino,No,N/A,SOLO DAÑOS,Choque,Adelantar cerrando,Calle 38 A Sur Carrera 40,ZONA CENTRO,Urbana,"(6.168097144, -75.586307809)"
2181051,04/21/2018,10:45 a.m.,sábado,AUTOMOVIL,PARTICULAR,Conductor,Masculino,No,N/A,SOLO DAÑOS,Choque,Adelantar cerrando,Calle 38 A Sur Carrera 40,ZONA CENTRO,Urbana,"(6.168097144, -75.586307809)"
2181063,04/21/2018,9:40 p.m.,sábado,MOTOCICLETA,PARTICULAR,Motociclista,Masculino,No,N/A,HERIDO,Choque,No respetar prelacion,Carrera 48 Calle 37  Sur,LAS VEGAS,Urbana,"(6.172859211, -75.592769925)"
2181063,04/21/2018,9:40 p.m.,sábado,AUTOMOVIL,PARTICULAR,Conductor,Masculino,No,N/A,HERIDO,Choque,No respetar prelacion,Carrera 48 Calle 37  Sur,LAS VEGAS,Urbana,"(6.172859211, -75.592769925)"
2181067,04/21/2018,11:50 a.m.,sábado,AUTOMOVIL,PARTICULAR,Conductor,Femenino,No,N/A,HERIDO,Choque,No mantener distancia de seguridad,Carrera 50 Calle 30  Sur,LAS VEGAS,Urbana,
2181067,04/21/2018,11:50 a.m.,sábado,MOTOCICLETA,PARTICULAR,Motociclista,Masculino,No,N/A,HERIDO,Choque,No mantener distancia de seguridad,Carrera 50 Calle 30  Sur,LAS VEGAS,Urbana,
2181072,04/21/2018,11:50 a.m.,sábado,AUTOMOVIL,PARTICULAR,Conductor,Masculino,No,N/A,HERIDO,Choque,Desobedecer senales,Carrera 42 Calle 33 B Sur,ZONA CENTRO,Urbana,"(6.172431982, -75.585528606)"
2181072,04/21/2018,11:50 a.m.,sábado,MOTOCICLETA,PARTICULAR,Motociclista,Femenino,No,N/A,HERIDO,Choque,Desobedecer senales,Carrera 42 Calle 33 B Sur,ZONA CENTRO,Urbana,"(6.172431982, -75.585528606)"
2181085,04/21/2018,12:45 a.m.,sábado,MOTOCICLETA,PARTICULAR,Motociclista,Sin Registro,No,N/A,SOLO DAÑOS,Choque,Transitar entre vehiculos,Calle 41 AA Sur Carrera 29,SAN RAFAEL,Urbana,"(6.15839206, -75.584955646)"
2181085,04/21/2018,12:45 a.m.,sábado,AUTOMOVIL,PUBLICO,Conductor,Masculino,No,N/A,SOLO DAÑOS,Choque,Transitar entre vehiculos,Calle 41 AA Sur Carrera 29,SAN RAFAEL,Urbana,"(6.15839206, -75.584955646)"
2181053,04/21/2018,7:50 a.m.,sábado,BUS,PUBLICO,Conductor,Masculino,No,N/A,SOLO DAÑOS,Choque,Adelantar cerrando,Carrera 48 Calle 25 AA Sur,LAS VEGAS,Urbana,"(6.183765745, -75.584690349)"
2181053,04/21/2018,7:50 a.m.,sábado,AUTOMOVIL,PARTICULAR,Conductor,Femenino,No,N/A,SOLO DAÑOS,Choque,Adelantar cerrando,Carrera 48 Calle 25 AA Sur,LAS VEGAS,Urbana,"(6.183765745, -75.584690349)"
2181060,04/21/2018,5:50 p.m.,sábado,MOTOCICLETA,PARTICULAR,Motociclista,Masculino,No,N/A,HERIDO,Choque,No mantener distancia de seguridad,Tramo 372 Kilometro  16,VEREDA PALMAS,Rural,
2181060,04/21/2018,5:50 p.m.,sábado,AUTOMOVIL,PARTICULAR,Conductor,Masculino,No,N/A,HERIDO,Choque,No mantener distancia de seguridad,Tramo 372 Kilometro  16,VEREDA PALMAS,Rural,
2181092,04/22/2018,5:00 p.m.,domingo,AUTOMOVIL,PARTICULAR,Conductor,Masculino,No,N/A,SOLO DAÑOS,Choque,No mantener distancia de seguridad,Calle 46  Sur Carrera 44,PRIMAVERA,Urbana,"(6.164371719, -75.596317156)"
2181092,04/22/2018,5:00 p.m.,domingo,AUTOMOVIL,PARTICULAR,Conductor,Masculino,No,N/A,SOLO DAÑOS,Choque,No mantener distancia de seguridad,Calle 46  Sur Carrera 44,PRIMAVERA,Urbana,"(6.164371719, -75.596317156)"
2181061,04/22/2018,4:40 a.m.,domingo,CAMPERO,PARTICULAR,Conductor,Femenino,No,N/A,SOLO DAÑOS,Choque,Semaforo en rojo,Calle 25 A Sur Carrera 43 A,LAS ORQUIDEAS,Urbana,"(6.181689385, -75.582417986)"
2181061,04/22/2018,4:40 a.m.,domingo,AUTOMOVIL,PUBLICO,Conductor,Masculino,No,N/A,SOLO DAÑOS,Choque,Semaforo en rojo,Calle 25 A Sur Carrera 43 A,LAS ORQUIDEAS,Urbana,"(6.181689385, -75.582417986)"
2181054,04/22/2018,10:24 p.m.,domingo,AUTOMOVIL,PARTICULAR,Conductor,Masculino,No,N/A,SOLO DAÑOS,Choque,No mantener distancia de seguridad,Calle 41 A Sur Carrera 28 B,SAN RAFAEL,Urbana,"(6.159008162, -75.585413261)"
2181054,04/22/2018,10:24 p.m.,domingo,AUTOMOVIL,PUBLICO,Conductor,Masculino,No,N/A,SOLO DAÑOS,Choque,No mantener distancia de seguridad,Calle 41 A Sur Carrera 28 B,SAN RAFAEL,Urbana,"(6.159008162, -75.585413261)"
2181064,04/22/2018,4:40 a.m.,domingo,AUTOMOVIL,PARTICULAR,Conductor,Femenino,No,N/A,SOLO DAÑOS,Choque,Impericia en el manejo,Diagonal 31 E Transversal 34  Sur,LAS FLORES,Urbana,"(6.172689669, -75.578827286)"
2181065,04/22/2018,6:30 p.m.,domingo,BUS,PUBLICO,Conductor,Masculino,No,N/A,SOLO DAÑOS,Choque,Adelantar cerrando,Carrera 43 A Calle 38 A Sur,ZONA CENTRO,Urbana,"(6.169698887, -75.589058765)"
2181064,04/22/2018,4:40 a.m.,domingo,AUTOMOVIL,PARTICULAR,Conductor,Sin Registro,No,N/A,SOLO DAÑOS,Choque,Exceso de velocidad,Diagonal 31 E Transversal 34  Sur,LAS FLORES,Urbana,"(6.172689669, -75.578827286)"
2181064,04/22/2018,4:40 a.m.,domingo,AUTOMOVIL,PARTICULAR,Conductor,Sin Registro,No,N/A,SOLO DAÑOS,Choque,Impericia en el manejo,Diagonal 31 E Transversal 34  Sur,LAS FLORES,Urbana,"(6.172689669, -75.578827286)"
2181064,04/22/2018,4:40 a.m.,domingo,AUTOMOVIL,PARTICULAR,Conductor,Femenino,No,N/A,SOLO DAÑOS,Choque,Exceso de velocidad,Diagonal 31 E Transversal 34  Sur,LAS FLORES,Urbana,"(6.172689669, -75.578827286)"
2181065,04/22/2018,6:30 p.m.,domingo,AUTOMOVIL,PARTICULAR,Conductor,Masculino,No,N/A,SOLO DAÑOS,Choque,Adelantar cerrando,Carrera 43 A Calle 38 A Sur,ZONA CENTRO,Urbana,"(6.169698887, -75.589058765)"
2181073,04/22/2018,10:30 p.m.,domingo,AUTOMOVIL,PARTICULAR,Conductor,Femenino,No,N/A,HERIDO,Choque,Impericia en el manejo,Calle 23  Sur Carrera 27,ZU├æIGA,Urbana,"(6.176668041, -75.567525633)"
2181073,04/22/2018,10:30 p.m.,domingo,AUTOMOVIL,PARTICULAR,Conductor,Femenino,No,N/A,HERIDO,Choque,Exceso de velocidad,Calle 23  Sur Carrera 27,ZU├æIGA,Urbana,"(6.176668041, -75.567525633)"
2181086,04/23/2018,6:00 a.m.,lunes,CAMPERO,PARTICULAR,Conductor,Femenino,No,N/A,SOLO DAÑOS,Choque,No mantener distancia de seguridad,Carrera 50 Calle 32  Sur,LAS VEGAS,Urbana,"(6.178248378, -75.591688281)"
2181086,04/23/2018,6:00 a.m.,lunes,BUSETA,PUBLICO,Conductor,Masculino,No,N/A,SOLO DAÑOS,Choque,No mantener distancia de seguridad,Carrera 50 Calle 32  Sur,LAS VEGAS,Urbana,"(6.178248378, -75.591688281)"
2181083,04/23/2018,12:10 a.m.,lunes,CAMIONETA,PARTICULAR,Conductor,Masculino,No,N/A,SOLO DAÑOS,Choque,Adelantar cerrando,Transversal 34 D Sur Diagonal 33,LOS NARANJOS,Urbana,"(6.170932416, -75.5832469)"
2181083,04/23/2018,12:10 a.m.,lunes,AUTOMOVIL,PARTICULAR,Conductor,Masculino,No,N/A,SOLO DAÑOS,Choque,No respetar pelacion de interseccion o giros,Transversal 34 D Sur Diagonal 33,LOS NARANJOS,Urbana,"(6.170932416, -75.5832469)"
2181083,04/23/2018,12:10 a.m.,lunes,AUTOMOVIL,PARTICULAR,Conductor,Masculino,No,N/A,SOLO DAÑOS,Choque,Adelantar cerrando,Transversal 34 D Sur Diagonal 33,LOS NARANJOS,Urbana,"(6.170932416, -75.5832469)"
2181083,04/23/2018,12:10 a.m.,lunes,CAMIONETA,PARTICULAR,Conductor,Masculino,No,N/A,SOLO DAÑOS,Choque,No respetar pelacion de interseccion o giros,Transversal 34 D Sur Diagonal 33,LOS NARANJOS,Urbana,"(6.170932416, -75.5832469)"
2181084,04/23/2018,5:10 p.m.,lunes,CAMPERO,PARTICULAR,Conductor,Masculino,No,N/A,SOLO DAÑOS,Choque,Reverso imprudente,Calle 36 D Sur Carrera 25 A,VEREDA EL ESCOBERO,Urbana,"(6.158809572, -75.566637544)"
2181084,04/23/2018,5:10 p.m.,lunes,CAMPERO,PARTICULAR,Conductor,Masculino,No,N/A,SOLO DAÑOS,Choque,Reverso imprudente,Calle 36 D Sur Carrera 25 A,VEREDA EL ESCOBERO,Urbana,"(6.158809572, -75.566637544)"
2181091,04/23/2018,1:15 p.m.,lunes,AUTOMOVIL,PARTICULAR,Conductor,Masculino,No,N/A,SOLO DAÑOS,Choque,No mantener distancia de seguridad,Diagonal 31 E Transversal 34  Sur,LA MAGNOLIA,Urbana,"(6.172689669, -75.578827286)"
2181091,04/23/2018,1:15 p.m.,lunes,MOTOCICLETA,PARTICULAR,Motociclista,Masculino,No,N/A,SOLO DAÑOS,Choque,Transitar entre vehiculos,Diagonal 31 E Transversal 34  Sur,LA MAGNOLIA,Urbana,"(6.172689669, -75.578827286)"
2181091,04/23/2018,1:15 p.m.,lunes,MOTOCICLETA,PARTICULAR,Motociclista,Masculino,No,N/A,SOLO DAÑOS,Choque,No mantener distancia de seguridad,Diagonal 31 E Transversal 34  Sur,LA MAGNOLIA,Urbana,"(6.172689669, -75.578827286)"
2181091,04/23/2018,1:15 p.m.,lunes,MOTOCICLETA,PARTICULAR,Motociclista,Masculino,No,N/A,SOLO DAÑOS,Choque,Transitar entre vehiculos,Diagonal 31 E Transversal 34  Sur,LA MAGNOLIA,Urbana,"(6.172689669, -75.578827286)"
2181091,04/23/2018,1:15 p.m.,lunes,MOTOCICLETA,PARTICULAR,Motociclista,Masculino,No,N/A,SOLO DAÑOS,Choque,No mantener distancia de seguridad,Diagonal 31 E Transversal 34  Sur,LA MAGNOLIA,Urbana,"(6.172689669, -75.578827286)"
2181091,04/23/2018,1:15 p.m.,lunes,AUTOMOVIL,PARTICULAR,Conductor,Masculino,No,N/A,SOLO DAÑOS,Choque,Transitar entre vehiculos,Diagonal 31 E Transversal 34  Sur,LA MAGNOLIA,Urbana,"(6.172689669, -75.578827286)"
2181094,04/23/2018,1:20 p.m.,lunes,AUTOMOVIL,PARTICULAR,Conductor,Femenino,No,N/A,SOLO DAÑOS,Choque,Transitar entre vehiculos,Diagonal 31 A Transversal 33 A Sur,LA MAGNOLIA,Urbana,"(6.170168647, -75.580052254)"
2181094,04/23/2018,1:20 p.m.,lunes,MOTOCICLETA,PARTICULAR,Motociclista,Masculino,No,N/A,SOLO DAÑOS,Choque,Transitar entre vehiculos,Diagonal 31 A Transversal 33 A Sur,LA MAGNOLIA,Urbana,"(6.170168647, -75.580052254)"
2181078,04/23/2018,11:39 a.m.,lunes,MOTOCICLETA,PARTICULAR,Motociclista,Masculino,No,N/A,SOLO DAÑOS,Choque,Desobedecer senales,Carrera 27 Calle 35  Sur,LA INMACULADA,Urbana,
2181078,04/23/2018,11:39 a.m.,lunes,CAMPERO,PARTICULAR,Conductor,Masculino,No,N/A,SOLO DAÑOS,Choque,Desobedecer senales,Carrera 27 Calle 35  Sur,LA INMACULADA,Urbana,
2181082,04/23/2018,8:30 a.m.,lunes,CAMPERO,PARTICULAR,Conductor,Masculino,No,N/A,HERIDO,Atropello,No respetar prelacion,Carrera 48 Calle 50  Sur,LAS CASITAS,Urbana,
2181082,04/23/2018,8:30 a.m.,lunes,CAMPERO,PARTICULAR,Conductor,Masculino,No,N/A,HERIDO,Atropello,Exceso de velocidad,Carrera 48 Calle 50  Sur,LAS CASITAS,Urbana,
2181095,04/23/2018,1:30 p.m.,lunes,BUS,PUBLICO,Conductor,Masculino,No,N/A,SOLO DAÑOS,Choque,Desobedecer senales,Carrera 42 Calle 33 B Sur,ZONA CENTRO,Urbana,"(6.172431982, -75.585528606)"
2181095,04/23/2018,1:30 p.m.,lunes,AUTOMOVIL,PUBLICO,Conductor,Masculino,No,N/A,SOLO DAÑOS,Choque,Desobedecer senales,Carrera 42 Calle 33 B Sur,ZONA CENTRO,Urbana,"(6.172431982, -75.585528606)"
2181077,04/23/2018,7:30 a.m.,lunes,MOTOCICLETA,PARTICULAR,Motociclista,Masculino,No,N/A,HERIDO,Choque,No mantener distancia de seguridad,Carrera 43 A Calle 49 D Sur,AVENIDA EL POBLADO,Urbana,"(6.160795834, -75.600647982)"