RADICADO,FECHA,HORA,DÍA DE LA SEMANA,CLASE DE VEHICULO,TIPO DE SERVICIO,TIPO DE VICTIMA,SEXO,ESTADO DE BEODEZ,RESULTADO DE BEODEZ,GRAVEDAD,CLASE DE ACCIDENTE,CAUSA,DIRECCIÓN,BARRIO,AREA,Coordenadas
2181077,04/23/2018,7:30 a.m.,lunes,AUTOMOVIL,PUBLICO,Conductor,Masculino,No,N/A,HERIDO,Choque,No mantener distancia de seguridad,Carrera 43 A Calle 49 D Sur,AVENIDA EL POBLADO,Urbana,"(6.160795834, -75.600647982)"
2181080,04/23/2018,6:35 a.m.,lunes,CAMIONETA,PARTICULAR,Conductor,Masculino,No,N/A,SOLO DAÑOS,Choque,No mantener distancia de seguridad,Carrera 43 A Calle 40  Sur,EL DORADO,Urbana,"(6.168044687, -75.59026877)"
2181080,04/23/2018,6:35 a.m.,lunes,AUTOMOVIL,PARTICULAR,Conductor,Femenino,No,N/A,SOLO DAÑOS,Choque,No mantener distancia de seguridad,Carrera 43 A Calle 40  Sur,EL DORADO,Urbana,"(6.168044687, -75.59026877)"
2181097,04/23/2018,3:40 p.m.,lunes,AUTOMOVIL,PARTICULAR,Conductor,Masculino,No,N/A,SOLO DAÑOS,Choque,No respetar prelacion,Calle 30  Sur Carrera 48,LAS VEGAS,Urbana,"(6.180376127, -75.590288049)"
2181097,04/23/2018,3:40 p.m.,lunes,AUTOMOVIL,PARTICULAR,Conductor,Masculino,No,N/A,SOLO DAÑOS,Choque,No respetar prelacion,Calle 30  Sur Carrera 48,LAS VEGAS,Urbana,"(6.180376127, -75.590288049)"
2181089,04/23/2018,10:50 a.m.,lunes,AUTOMOVIL,PARTICULAR,Conductor,Femenino,No,N/A,SOLO DAÑOS,Choque,Semaforo en rojo,Carrera 43 A Calle 27 A Sur,AVENIDA EL POBLADO,Urbana,"(6.178993539, -75.583605914)"
2181089,04/23/2018,10:50 a.m.,lunes,MOTOCICLETA,PARTICULAR,Motociclista,Femenino,No,N/A,SOLO DAÑOS,Choque,Semaforo en rojo,Carrera 43 A Calle 27 A Sur,AVENIDA EL POBLADO,Urbana,"(6.178993539, -75.583605914)"
2181099,04/24/2018,11:00 p.m.,martes,MOTOCICLETA,PARTICULAR,Motociclista,Masculino,No,N/A,SOLO DAÑOS,Choque,Adelantar invadiendo carril del mismo sentido en zigzag,Carrera 43 A Calle 39  Sur,AVENIDA EL POBLADO,Urbana,"(6.169011071, -75.589484903)"
2181099,04/24/2018,11:00 p.m.,martes,AUTOMOVIL,PARTICULAR,Conductor,Masculino,No,N/A,SOLO DAÑOS,Choque,Adelantar invadiendo carril del mismo sentido en zigzag,Carrera 43 A Calle 39  Sur,AVENIDA EL POBLADO,Urbana,"(6.169011071, -75.589484903)"
2181098,04/24/2018,3:20 p.m.,martes,MOTOCICLETA,PARTICULAR,Motociclista,Masculino,No,N/A,HERIDO,Atropello,Cruzar sin observar,Calle 38  Sur Carrera 41,ZONA CENTRO,Urbana,"(6.169244976, -75.586588065)"
2181098,04/24/2018,3:20 p.m.,martes,MOTOCICLETA,PARTICULAR,Motociclista,Masculino,No,N/A,HERIDO,Atropello,Exceso de velocidad,Calle 38  Sur Carrera 41,ZONA CENTRO,Urbana,"(6.169244976, -75.586588065)"
2181112,04/24/2018,8:20 p.m.,martes,CAMPERO,PARTICULAR,Conductor,Masculino,No,N/A,SOLO DAÑOS,Choque,No mantener distancia de seguridad,Carrera 43 A Calle 45 B Sur,LA PAZ,Urbana,"(6.164786739, -75.594935267)"
2181112,04/24/2018,8:20 p.m.,martes,AUTOMOVIL,PARTICULAR,Conductor,Sin Registro,No,N/A,SOLO DAÑOS,Choque,Exceso de velocidad,Carrera 43 A Calle 45 B Sur,LA PAZ,Urbana,"(6.164786739, -75.594935267)"
2181112,04/24/2018,8:20 p.m.,martes,AUTOMOVIL,PARTICULAR,Conductor,Sin Registro,No,N/A,SOLO DAÑOS,Choque,No mantener distancia de seguridad,Carrera 43 A Calle 45 B Sur,LA PAZ,Urbana,"(6.164786739, -75.594935267)"
2181112,04/24/2018,8:20 p.m.,martes,AUTOMOVIL,PARTICULAR,Conductor,Masculino,No,N/A,SOLO DAÑOS,Choque,Exceso de velocidad,Carrera 43 A Calle 45 B Sur,LA PAZ,Urbana,"(6.164786739, -75.594935267)"
2181101,04/24/2018,7:30 a.m.,martes,BUS,PUBLICO,Conductor,Masculino,No,N/A,HERIDO,Atropello,Cruzar sin observar,Carrera 48 Calle 50  Sur,LAS CASITAS,Urbana,
2181112,04/24/2018,8:20 p.m.,martes,AUTOMOVIL,PARTICULAR,Conductor,Masculino,No,N/A,SOLO DAÑOS,Choque,No mantener distancia de seguridad,Carrera 43 A Calle 45 B Sur,LA PAZ,Urbana,"(6.164786739, -75.594935267)"
2181112,04/24/2018,8:20 p.m.,martes,CAMPERO,PARTICULAR,Conductor,Masculino,No,N/A,SOLO DAÑOS,Choque,Exceso de velocidad,Carrera 43 A Calle 45 B Sur,LA PAZ,Urbana,"(6.164786739, -75.594935267)"
2181115,04/25/2018,4:00 p.m.,miércoles,AUTOMOVIL,PARTICULAR,Conductor,Masculino,No,N/A,SOLO DAÑOS,Choque,Impericia en el manejo,Diagonal 32 D Transversal 34 D Sur,LOS NARANJOS,Urbana,"(6.172908151, -75.583144415)"
2181115,04/25/2018,4:00 p.m.,miércoles,BUS,PUBLICO,Conductor,Masculino,No,N/A,SOLO DAÑOS,Choque,Impericia en el manejo,Diagonal 32 D Transversal 34 D Sur,LOS NARANJOS,Urbana,"(6.172908151, -75.583144415)"
2181104,04/25/2018,6:20 a.m.,miércoles,AUTOMOVIL,PARTICULAR,Conductor,Femenino,No,N/A,SOLO DAÑOS,Choque,Transitar entre vehiculos,Calle 36 D Sur Carrera 27,LA MAGNOLIA,Urbana,"(6.162479576, -75.570222573)"
2181104,04/25/2018,6:20 a.m.,miércoles,MOTOCICLETA,PARTICULAR,Motociclista,Masculino,No,N/A,SOLO DAÑOS,Choque,Transitar entre vehiculos,Calle 36 D Sur Carrera 27,LA MAGNOLIA,Urbana,"(6.162479576, -75.570222573)"
2181114,04/25/2018,10:15 a.m.,miércoles,MOTOCICLETA,PARTICULAR,Motociclista,Masculino,No,N/A,SOLO DAÑOS,Choque,No mantener distancia de seguridad,Carrera 48 Calle 36  Sur,LAS VEGAS,Urbana,"(6.173906662, -75.591875412)"
2181114,04/25/2018,10:15 a.m.,miércoles,AUTOMOVIL,PARTICULAR,Conductor,Masculino,No,N/A,SOLO DAÑOS,Choque,No mantener distancia de seguridad,Carrera 48 Calle 36  Sur,LAS VEGAS,Urbana,"(6.173906662, -75.591875412)"
2181100,04/25/2018,10:28 a.m.,miércoles,CAMIONETA,PUBLICO,Conductor,Masculino,No,N/A,HERIDO,Atropello,Poner en marcha un vehiculo sin precauci,Calle 36 D Sur Carrera 27 D,VEREDA EL ESCOBERO,Urbana,"(6.164970853, -75.574637268)"
2181108,04/25/2018,8:15 p.m.,miércoles,MOTOCICLETA,PARTICULAR,Motociclista,Masculino,No,N/A,HERIDO,Caida Ocupante,No respetar pelacion de interseccion o giros,Calle 39  Sur Carrera 47,ALCALA,Urbana,"(6.171161348, -75.593047269)"
2181173,05/01/2018,8:02 a.m.,martes,MOTOCICLETA,PARTICULAR,Motociclista,Masculino,No,N/A,HERIDO,Otro,Impericia en el manejo,Carrera 50 Calle 30  Sur,LAS VEGAS,Urbana,
2181108,04/25/2018,8:15 p.m.,miércoles,AUTOMOVIL,PARTICULAR,Conductor,Masculino,No,N/A,HERIDO,Caida Ocupante,Impericia en el manejo,Calle 39  Sur Carrera 47,ALCALA,Urbana,"(6.171161348, -75.593047269)"
2181108,04/25/2018,8:15 p.m.,miércoles,AUTOMOVIL,PARTICULAR,Conductor,Masculino,No,N/A,HERIDO,Caida Ocupante,No respetar pelacion de interseccion o giros,Calle 39  Sur Carrera 47,ALCALA,Urbana,"(6.171161348, -75.593047269)"
2181108,04/25/2018,8:15 p.m.,miércoles,MOTOCICLETA,PARTICULAR,Motociclista,Masculino,No,N/A,HERIDO,Caida Ocupante,Impericia en el manejo,Calle 39  Sur Carrera 47,ALCALA,Urbana,"(6.171161348, -75.593047269)"
2181103,04/25/2018,8:30 a.m.,miércoles,CAMIONETA,PARTICULAR,Conductor,Masculino,No,N/A,SOLO DAÑOS,Choque,No mantener distancia de seguridad,Carrera 43 B Calle 34  Sur,EL PORTAL,Urbana,"(6.173191089, -75.587420229)"
2181103,04/25/2018,8:30 a.m.,miércoles,MOTOCICLETA,PARTICULAR,Motociclista,Masculino,No,N/A,SOLO DAÑOS,Choque,No mantener distancia de seguridad,Carrera 43 B Calle 34  Sur,EL PORTAL,Urbana,"(6.173191089, -75.587420229)"
2181122,04/25/2018,10:30 a.m.,miércoles,AUTOMOVIL,PARTICULAR,Conductor,Femenino,No,N/A,SOLO DAÑOS,Choque,Reverso imprudente,Calle 36 A Sur Carrera 47,EL PORTAL,Urbana,"(6.173604362, -75.591284932)"
2181122,04/25/2018,10:30 a.m.,miércoles,AUTOMOVIL,PARTICULAR,Conductor,Femenino,No,N/A,SOLO DAÑOS,Choque,Reverso imprudente,Calle 36 A Sur Carrera 47,EL PORTAL,Urbana,"(6.173604362, -75.591284932)"
2181123,04/25/2018,8:35 p.m.,miércoles,CAMIONETA,PARTICULAR,Conductor,Femenino,No,N/A,SOLO DAÑOS,Choque,No mantener distancia de seguridad,Tramo 372 Kilometro  15,VEREDA PALMAS,Rural,
2181123,04/25/2018,8:35 p.m.,miércoles,AUTOMOVIL,PARTICULAR,Conductor,Femenino,No,N/A,SOLO DAÑOS,Choque,No mantener distancia de seguridad,Tramo 372 Kilometro  15,VEREDA PALMAS,Rural,
2181102,04/25/2018,4:39 p.m.,miércoles,AUTOMOVIL,PARTICULAR,Conductor,Masculino,No,N/A,SOLO DAÑOS,Choque,Desobedecer senales,Calle 36 D Sur Carrera 27,VEREDA EL ESCOBERO,Urbana,"(6.162479576, -75.570222573)"
2181102,04/25/2018,4:39 p.m.,miércoles,AUTOMOVIL,PARTICULAR,Conductor,Femenino,No,N/A,SOLO DAÑOS,Choque,Desobedecer senales,Calle 36 D Sur Carrera 27,VEREDA EL ESCOBERO,Urbana,"(6.162479576, -75.570222573)"
2181113,04/25/2018,8:40 a.m.,miércoles,CAMION,PUBLICO,Conductor,Masculino,No,N/A,HERIDO,Choque,Impericia en el manejo,Carrera 50 Calle 30  Sur,LAS VEGAS,Urbana,
2181113,04/25/2018,8:40 a.m.,miércoles,CAMIONETA,PUBLICO,Conductor,Masculino,No,N/A,HERIDO,Choque,Transitar entre vehiculos,Carrera 50 Calle 30  Sur,LAS VEGAS,Urbana,
2181113,04/25/2018,8:40 a.m.,miércoles,CAMIONETA,PUBLICO,Conductor,Masculino,No,N/A,HERIDO,Choque,Impericia en el manejo,Carrera 50 Calle 30  Sur,LAS VEGAS,Urbana,
2181113,04/25/2018,8:40 a.m.,miércoles,MOTOCICLETA,PARTICULAR,Motociclista,Masculino,No,N/A,HERIDO,Choque,Transitar entre vehiculos,Carrera 50 Calle 30  Sur,LAS VEGAS,Urbana,
2181113,04/25/2018,8:40 a.m.,miércoles,MOTOCICLETA,PARTICULAR,Motociclista,Masculino,No,N/A,HERIDO,Choque,Impericia en el manejo,Carrera 50 Calle 30  Sur,LAS VEGAS,Urbana,
2181113,04/25/2018,8:40 a.m.,miércoles,CAMION,PUBLICO,Conductor,Masculino,No,N/A,HERIDO,Choque,Transitar entre vehiculos,Carrera 50 Calle 30  Sur,LAS VEGAS,Urbana,
2181124,04/25/2018,1:50 p.m.,miércoles,AUTOMOVIL,PARTICULAR,Conductor,Masculino,No,N/A,SOLO DAÑOS,Choque,Adelantar en zona prohibida,Calle 40 C Sur Carrera 28,LA MINA,Urbana,"(6.15995956, -75.581966189)"
2181124,04/25/2018,1:50 p.m.,miércoles,AUTOMOVIL,PUBLICO,Conductor,Masculino,No,N/A,SOLO DAÑOS,Choque,Adelantar en zona prohibida,Calle 40 C Sur Carrera 28,LA MINA,Urbana,"(6.15995956, -75.581966189)"
2181105,04/25/2018,7:50 p.m.,miércoles,MOTOCICLETA,PARTICULAR,Motociclista,Masculino,Si,2,SOLO DAÑOS,Choque,No mantener distancia de seguridad,Calle 39 B Sur Carrera 30,SAN JOSE,Urbana,"(6.16327841, -75.581916425)"
2181105,04/25/2018,7:50 p.m.,miércoles,AUTOMOVIL,PARTICULAR,Conductor,Masculino,No,N/A,SOLO DAÑOS,Choque,No mantener distancia de seguridad,Calle 39 B Sur Carrera 30,SAN JOSE,Urbana,"(6.16327841, -75.581916425)"
2181116,04/25/2018,5:50 p.m.,miércoles,AUTOMOVIL,PARTICULAR,Conductor,Masculino,No,N/A,SOLO DAÑOS,Choque,Impericia en el manejo,Carrera 40 A Calle 46 D Sur,EL TRIANON,Urbana,"(6.160223373, -75.592823994)"
2181116,04/25/2018,5:50 p.m.,miércoles,AUTOMOVIL,PARTICULAR,Conductor,Femenino,No,N/A,SOLO DAÑOS,Choque,Impericia en el manejo,Carrera 40 A Calle 46 D Sur,EL TRIANON,Urbana,"(6.160223373, -75.592823994)"
2181106,04/26/2018,6:00 a.m.,jueves,MOTOCICLETA,PARTICULAR,Motociclista,Femenino,No,N/A,HERIDO,Caida Ocupante,Obstaculos en la via,Carrera 43 A Calle 25  Sur,VILLA GRANDE,Urbana,"(6.181616833, -75.581857267)"
2181106,04/26/2018,6:00 a.m.,jueves,MOTOCICLETA,PARTICULAR,Motociclista,Femenino,No,N/A,HERIDO,Caida Ocupante,Impericia en el manejo,Carrera 43 A Calle 25  Sur,VILLA GRANDE,Urbana,"(6.181616833, -75.581857267)"
2181125,04/26/2018,9:00 a.m.,jueves,CAMPERO,PARTICULAR,Conductor,Masculino,No,N/A,SOLO DAÑOS,Choque,No mantener distancia de seguridad,Carrera 48 Calle 19  Sur,LAS VEGAS,Urbana,"(6.187349001, -75.581535682)"
2181125,04/26/2018,9:00 a.m.,jueves,AUTOMOVIL,PUBLICO,Conductor,Masculino,No,N/A,SOLO DAÑOS,Choque,No mantener distancia de seguridad,Carrera 48 Calle 19  Sur,LAS VEGAS,Urbana,"(6.187349001, -75.581535682)"
2181132,04/26/2018,8:05 p.m.,jueves,AUTOMOVIL,PUBLICO,Conductor,Masculino,No,N/A,SOLO DAÑOS,Choque,No mantener distancia de seguridad,Carrera 43 A Calle 48 C Sur,AVENIDA EL POBLADO,Urbana,"(6.162218777, -75.597644457)"
2181132,04/26/2018,8:05 p.m.,jueves,AUTOMOVIL,PARTICULAR,Conductor,Femenino,No,N/A,SOLO DAÑOS,Choque,No mantener distancia de seguridad,Carrera 43 A Calle 48 C Sur,AVENIDA EL POBLADO,Urbana,"(6.162218777, -75.597644457)"
2181127,04/26/2018,12:10 a.m.,jueves,AUTOMOVIL,PARTICULAR,Conductor,Masculino,No,N/A,SOLO DAÑOS,Choque,Reverso imprudente,Carrera 54 Calle 29  Sur,JARDINES,Urbana,
2181127,04/26/2018,12:10 a.m.,jueves,CAMPERO,PARTICULAR,Conductor,Sin Registro,No,N/A,SOLO DAÑOS,Choque,Reverso imprudente,Carrera 54 Calle 29  Sur,JARDINES,Urbana,
2181110,04/26/2018,8:30 a.m.,jueves,MOTOCICLETA,PARTICULAR,Motociclista,Femenino,No,N/A,HERIDO,Caida Ocupante,Impericia en el manejo,Diagonal 31 E Transversal 34 D Sur,LOS NARANJOS,Urbana,"(6.17201459, -75.579216112)"
2181126,04/26/2018,8:30 a.m.,jueves,AUTOMOVIL,PARTICULAR,Conductor,Masculino,No,N/A,SOLO DAÑOS,Choque,Adelantar cerrando,Tramo 372 Kilometro  15,VEREDA PALMAS,Rural,
2181126,04/26/2018,8:30 a.m.,jueves,MOTOCICLETA,PARTICULAR,Motociclista,Masculino,No,N/A,SOLO DAÑOS,Choque,Adelantar cerrando,Tramo 372 Kilometro  15,VEREDA PALMAS,Rural,
2181109,04/26/2018,2:35 p.m.,jueves,AUTOMOVIL,PUBLICO,Conductor,Masculino,No,N/A,HERIDO,Choque,Semaforo en rojo,Carrera 43 A Calle 25  Sur,ZU├æIGA,Urbana,"(6.181616833, -75.581857267)"
2181109,04/26/2018,2:35 p.m.,jueves,MOTOCICLETA,PARTICULAR,Motociclista,Masculino,No,N/A,HERIDO,Choque,Semaforo en rojo,Carrera 43 A Calle 25  Sur,ZU├æIGA,Urbana,"(6.181616833, -75.581857267)"
2181129,04/26/2018,12:40 a.m.,jueves,MOTOCICLETA,PARTICULAR,Motociclista,Masculino,No,N/A,SOLO DAÑOS,Choque,Semaforo en rojo,Carrera 43 Transversal 32  Sur,LA MAGNOLIA,Urbana,"(6.175345679, -75.585125064)"
2181129,04/26/2018,12:40 a.m.,jueves,MOTOCICLETA,PARTICULAR,Motociclista,Masculino,No,N/A,SOLO DAÑOS,Choque,Semaforo en rojo,Carrera 43 Transversal 32  Sur,LA MAGNOLIA,Urbana,"(6.175345679, -75.585125064)"
2181128,04/26/2018,10:45 a.m.,jueves,AUTOMOVIL,PARTICULAR,Conductor,Masculino,No,N/A,SOLO DAÑOS,Choque,No mantener distancia de seguridad,Calle 39  Sur Carrera 27 D,EL CHINGU├ì,Urbana,"(6.160515341, -75.579104423)"
2181128,04/26/2018,10:45 a.m.,jueves,BICICLETA,N/A,Ciclista,Masculino,No,N/A,SOLO DAÑOS,Choque,No mantener distancia de seguridad,Calle 39  Sur Carrera 27 D,EL CHINGU├ì,Urbana,"(6.160515341, -75.579104423)"
2181107,04/26/2018,2:50 p.m.,jueves,BUS,PUBLICO,Conductor,Masculino,No,N/A,HERIDO,Choque,No mantener distancia de seguridad,Carrera 50 Calle 37  Sur,LAS VEGAS,Urbana,
2181107,04/26/2018,2:50 p.m.,jueves,MOTOCICLETA,PARTICULAR,Motociclista,Masculino,No,N/A,HERIDO,Choque,No mantener distancia de seguridad,Carrera 50 Calle 37  Sur,LAS VEGAS,Urbana,
2181130,04/26/2018,6:50 p.m.,jueves,BUS,PUBLICO,Conductor,Masculino,No,N/A,SOLO DAÑOS,Choque,Adelantar invadiendo carril del mismo sentido en zigzag,Calle 41 A Sur Carrera 29 B,SAN JOSE,Urbana,"(6.159008162, -75.585413261)"
2181130,04/26/2018,6:50 p.m.,jueves,MOTOCICLETA,PARTICULAR,Motociclista,Masculino,No,N/A,SOLO DAÑOS,Choque,No respetar prelacion,Calle 41 A Sur Carrera 29 B,SAN JOSE,Urbana,"(6.159008162, -75.585413261)"
2181130,04/26/2018,6:50 p.m.,jueves,MOTOCICLETA,PARTICULAR,Motociclista,Masculino,No,N/A,SOLO DAÑOS,Choque,Adelantar invadiendo carril del mismo sentido en zigzag,Calle 41 A Sur Carrera 29 B,SAN JOSE,Urbana,"(6.159008162, -75.585413261)"
2181130,04/26/2018,6:50 p.m.,jueves,BUS,PUBLICO,Conductor,Masculino,No,N/A,SOLO DAÑOS,Choque,No respetar prelacion,Calle 41 A Sur Carrera 29 B,SAN JOSE,Urbana,"(6.159008162, -75.585413261)"
2181135,04/27/2018,8:00 p.m.,viernes,AUTOMOVIL,PARTICULAR,Conductor,Masculino,No,N/A,SOLO DAÑOS,Choque,Desobedecer senales,Calle 38 A Sur Carrera 33,MESA,Urbana,"(6.165645413, -75.582548776)"
2181135,04/27/2018,8:00 p.m.,viernes,AUTOMOVIL,PARTICULAR,Conductor,Masculino,No,N/A,SOLO DAÑOS,Choque,Desobedecer senales,Calle 38 A Sur Carrera 33,MESA,Urbana,"(6.165645413, -75.582548776)"
2181136,04/27/2018,3:10 p.m.,viernes,AUTOMOVIL,PUBLICO,Conductor,Masculino,No,N/A,SOLO DAÑOS,Choque,No mantener distancia de seguridad,Calle 43  Sur Carrera 48,LAS VEGAS,Urbana,"(6.168592602, -75.597528999)"
2181136,04/27/2018,3:10 p.m.,viernes,BUS,PUBLICO,Conductor,Masculino,No,N/A,SOLO DAÑOS,Choque,No mantener distancia de seguridad,Calle 43  Sur Carrera 48,LAS VEGAS,Urbana,"(6.168592602, -75.597528999)"
2181140,04/27/2018,4:15 p.m.,viernes,AUTOMOVIL,PARTICULAR,Conductor,Masculino,No,N/A,SOLO DAÑOS,Choque,Reverso imprudente,Calle 25 AA Sur Carrera 48,LAS VEGAS,Urbana,"(6.18405129, -75.584783826)"
2181140,04/27/2018,4:15 p.m.,viernes,CAMION,PUBLICO,Conductor,Masculino,No,N/A,SOLO DAÑOS,Choque,Reverso imprudente,Calle 25 AA Sur Carrera 48,LAS VEGAS,Urbana,"(6.18405129, -75.584783826)"
2181167,04/27/2018,11:15 a.m.,viernes,BUS,PUBLICO,Conductor,Masculino,No,N/A,SOLO DAÑOS,Choque,Impericia en el manejo,Carrera 46 Calle 25  Sur,ZU├æIGA,Urbana,"(6.182810585, -75.583034405)"
2181167,04/27/2018,11:15 a.m.,viernes,AUTOMOVIL,PARTICULAR,Conductor,Femenino,No,N/A,SOLO DAÑOS,Choque,Impericia en el manejo,Carrera 46 Calle 25  Sur,ZU├æIGA,Urbana,"(6.182810585, -75.583034405)"
2181121,04/27/2018,4:30 p.m.,viernes,MOTOCICLETA,PARTICULAR,Motociclista,Masculino,No,N/A,HERIDO,Otro,Impericia en el manejo,Tramo 372 Kilometro  15,VEREDA PALMAS,Rural,
2181137,04/27/2018,7:30 a.m.,viernes,MOTOCICLETA,PARTICULAR,Motociclista,Masculino,No,N/A,SOLO DAÑOS,Choque,Adelantar por la derecha,Carrera 49 Calle 25  Sur,LAS VEGAS,Urbana,"(6.18641241, -75.585062957)"
2181137,04/27/2018,7:30 a.m.,viernes,AUTOMOVIL,PARTICULAR,Conductor,Femenino,No,N/A,SOLO DAÑOS,Choque,Recoger o dejar pasajeros en calzada,Carrera 49 Calle 25  Sur,LAS VEGAS,Urbana,"(6.18641241, -75.585062957)"
2181137,04/27/2018,7:30 a.m.,viernes,AUTOMOVIL,PARTICULAR,Conductor,Femenino,No,N/A,SOLO DAÑOS,Choque,Adelantar por la derecha,Carrera 49 Calle 25  Sur,LAS VEGAS,Urbana,"(6.18641241, -75.585062957)"
2181137,04/27/2018,7:30 a.m.,viernes,MOTOCICLETA,PARTICULAR,Motociclista,Masculino,No,N/A,SOLO DAÑOS,Choque,Recoger o dejar pasajeros en calzada,Carrera 49 Calle 25  Sur,LAS VEGAS,Urbana,"(6.18641241, -75.585062957)"
2181120,04/27/2018,6:35 p.m.,viernes,AUTOMOVIL,PUBLICO,Conductor,Masculino,No,N/A,HERIDO,Choque,No mantener distancia de seguridad,Carrera 48 Calle 25 AA Sur,LAS VEGAS,Urbana,"(6.183765745, -75.584690349)"
2181120,04/27/2018,6:35 p.m.,viernes,MOTOCICLETA,PARTICULAR,Motociclista,Femenino,No,N/A,HERIDO,Choque,No mantener distancia de seguridad,Carrera 48 Calle 25 AA Sur,LAS VEGAS,Urbana,"(6.183765745, -75.584690349)"
2181117,04/27/2018,3:45 p.m.,viernes,MOTOCICLETA,PARTICULAR,Motociclista,Masculino,No,N/A,HERIDO,Choque,Desobedecer senales,Calle 46 E Sur Carrera 42 A,LA PAZ,Urbana,"(6.161931332, -75.593584955)"
2181117,04/27/2018,3:45 p.m.,viernes,AUTOMOVIL,PARTICULAR,Conductor,Femenino,No,N/A,HERIDO,Choque,Desobedecer senales,Calle 46 E Sur Carrera 42 A,LA PAZ,Urbana,"(6.161931332, -75.593584955)"
2181117,04/27/2018,3:45 p.m.,viernes,MOTOCICLETA,PARTICULAR,Motociclista,Masculino,No,N/A,HERIDO,Choque,Exceso de velocidad,Calle 46 E Sur Carrera 42 A,LA PAZ,Urbana,"(6.161931332, -75.593584955)"
2181134,04/27/2018,4:40 p.m.,viernes,CAMIONETA,PARTICULAR,Conductor,Masculino,No,N/A,SOLO DAÑOS,Choque,Desobedecer senales,Calle 36 A Sur Carrera 46 A,EL PORTAL,Urbana,"(6.173325762, -75.591117395)"
2181134,04/27/2018,4:40 p.m.,viernes,CAMPERO,PARTICULAR,Conductor,Masculino,No,N/A,SOLO DAÑOS,Choque,Desobedecer senales,Calle 36 A Sur Carrera 46 A,EL PORTAL,Urbana,"(6.173325762, -75.591117395)"
2181138,04/27/2018,8:50 a.m.,viernes,AUTOMOVIL,PUBLICO,Conductor,Masculino,No,N/A,SOLO DAÑOS,Choque,No mantener distancia de seguridad,Carrera 43 A Calle 29  Sur,JARDINES,Urbana,"(6.177803112, -75.584555495)"
2181133,04/27/2018,2:50 p.m.,viernes,AUTOMOVIL,PARTICULAR,Conductor,Femenino,No,N/A,SOLO DAÑOS,Choque,Impericia en el manejo,Calle 38  Sur Carrera 44,ZONA CENTRO,Urbana,"(6.170783841, -75.589258782)"
2181133,04/27/2018,2:50 p.m.,viernes,CAMION,PUBLICO,Conductor,Masculino,No,N/A,SOLO DAÑOS,Choque,Impericia en el manejo,Calle 38  Sur Carrera 44,ZONA CENTRO,Urbana,"(6.170783841, -75.589258782)"
2181138,04/27/2018,8:50 a.m.,viernes,AUTOMOVIL,PUBLICO,Conductor,Masculino,No,N/A,SOLO DAÑOS,Choque,No mantener distancia de seguridad,Carrera 43 A Calle 29  Sur,JARDINES,Urbana,"(6.177803112, -75.584555495)"
2181118,04/28/2018,1:00 p.m.,sábado,CAMIONETA,PARTICULAR,Conductor,Masculino,No,N/A,HERIDO,Choque,No mantener distancia de seguridad,Tramo 373 Kilometro  14,VEREDA PALMAS,Rural,
2181118,04/28/2018,1:00 p.m.,sábado,MOTOCICLETA,PARTICULAR,Motociclista,Femenino,No,N/A,HERIDO,Choque,No mantener distancia de seguridad,Tramo 373 Kilometro  14,VEREDA PALMAS,Rural,
2181159,04/28/2018,2:10 p.m.,sábado,BUS,PUBLICO,Conductor,Masculino,No,N/A,SOLO DAÑOS,Choque,Adelantar cerrando,Carrera 43 A Calle 23  Sur,ZU├æIGA,Urbana,"(6.182555831, -75.580177931)"
2181159,04/28/2018,2:10 p.m.,sábado,AUTOMOVIL,PARTICULAR,Conductor,Masculino,No,N/A,SOLO DAÑOS,Choque,Poner en marcha un vehiculo sin precauci,Carrera 43 A Calle 23  Sur,ZU├æIGA,Urbana,"(6.182555831, -75.580177931)"
2181159,04/28/2018,2:10 p.m.,sábado,AUTOMOVIL,PARTICULAR,Conductor,Masculino,No,N/A,SOLO DAÑOS,Choque,Adelantar cerrando,Carrera 43 A Calle 23  Sur,ZU├æIGA,Urbana,"(6.182555831, -75.580177931)"
2181159,04/28/2018,2:10 p.m.,sábado,BUS,PUBLICO,Conductor,Masculino,No,N/A,SOLO DAÑOS,Choque,Poner en marcha un vehiculo sin precauci,Carrera 43 A Calle 23  Sur,ZU├æIGA,Urbana,"(6.182555831, -75.580177931)"
2181170,04/28/2018,3:25 p.m.,sábado,CAMPERO,PARTICULAR,Conductor,Masculino,No,N/A,SOLO DAÑOS,Choque,Arrancar sin precaucion,Tramo 372 Kilometro  15,VEREDA PALMAS,Rural,
2181170,04/28/2018,3:25 p.m.,sábado,CAMIONETA,PARTICULAR,Conductor,Masculino,No,N/A,SOLO DAÑOS,Choque,Arrancar sin precaucion,Tramo 372 Kilometro  15,VEREDA PALMAS,Rural,
2181153,04/28/2018,1:30 p.m.,sábado,CAMPERO,PARTICULAR,Conductor,Femenino,No,N/A,SOLO DAÑOS,Choque,No mantener distancia de seguridad,Carrera 50 Calle 43  Sur,LAS VEGAS,Urbana,