RADICADO,FECHA,HORA,DÍA DE LA SEMANA,CLASE DE VEHICULO,TIPO DE SERVICIO,TIPO DE VICTIMA,SEXO,ESTADO DE BEODEZ,RESULTADO DE BEODEZ,GRAVEDAD,CLASE DE ACCIDENTE,CAUSA,DIRECCIÓN,BARRIO,AREA,Coordenadas
2181280,05/13/2018,1:20 p.m.,domingo,AUTOMOVIL,PARTICULAR,Conductor,Masculino,No,N/A,SOLO DAÑOS,Choque,Transitar entre vehiculos,Calle 40 F Sur Carrera 39,EL DORADO,Urbana,"(6.163941436, -75.588855172)"
2181280,05/13/2018,1:20 p.m.,domingo,MOTOCICLETA,PARTICULAR,Motociclista,Masculino,No,N/A,SOLO DAÑOS,Choque,Transitar entre vehiculos,Calle 40 F Sur Carrera 39,EL DORADO,Urbana,"(6.163941436, -75.588855172)"
2181310,05/13/2018,12:30 a.m.,domingo,AUTOMOVIL,PARTICULAR,Conductor,Masculino,No,N/A,SOLO DAÑOS,Choque,No mantener distancia de seguridad,Carrera 27 Calle 36  Sur,LA INMACULADA,Urbana,"(6.167009975, -75.569278076)"
2181310,05/13/2018,12:30 a.m.,domingo,CAMIONETA,PARTICULAR,Conductor,Femenino,No,N/A,SOLO DAÑOS,Choque,No mantener distancia de seguridad,Carrera 27 Calle 36  Sur,LA INMACULADA,Urbana,"(6.167009975, -75.569278076)"
2181296,05/13/2018,8:45 p.m.,domingo,AUTOMOVIL,PARTICULAR,Conductor,Masculino,No,N/A,SOLO DAÑOS,Choque,Adelantar por la derecha,Calle 38  Sur Carrera 42,ZONA CENTRO,Urbana,"(6.16961293, -75.587384695)"
2181296,05/13/2018,8:45 p.m.,domingo,MOTOCICLETA,PARTICULAR,Motociclista,Masculino,No,N/A,SOLO DAÑOS,Choque,Adelantar por la derecha,Calle 38  Sur Carrera 42,ZONA CENTRO,Urbana,"(6.16961293, -75.587384695)"
2181318,05/13/2018,2:40 a.m.,domingo,AUTOMOVIL,PUBLICO,Conductor,Masculino,No,N/A,SOLO DAÑOS,Choque,No mantener distancia de seguridad,Carrera 43 A Calle 52  Sur,AVENIDA EL POBLADO,Urbana,"(6.160125495, -75.602078994)"
2181318,05/13/2018,2:40 a.m.,domingo,MOTOCICLETA,PARTICULAR,Motociclista,Masculino,No,N/A,SOLO DAÑOS,Choque,No mantener distancia de seguridad,Carrera 43 A Calle 52  Sur,AVENIDA EL POBLADO,Urbana,"(6.160125495, -75.602078994)"
2181281,05/14/2018,2:06 p.m.,lunes,AUTOMOVIL,N/A,Conductor,Masculino,No,N/A,SOLO DAÑOS,Choque,Impericia en el manejo,Calle 37  Sur Carrera 28,VEREDA EL ESCOBERO,Urbana,"(6.165679454, -75.578340422)"
2181275,05/14/2018,8:10 p.m.,lunes,AUTOMOVIL,N/A,Conductor,Femenino,No,N/A,SOLO DAÑOS,Choque,Desobedecer senales,Calle 45 B Sur Carrera 43,LA PAZ,Urbana,"(6.164485785, -75.594678415)"
2181292,05/14/2018,9:30 a.m.,lunes,AUTOMOVIL,PARTICULAR,Conductor,Masculino,No,N/A,SOLO DAÑOS,Choque,Embriaguez o droga,Calle 39  Sur Carrera 48,LAS VEGAS,Urbana,"(6.17373153, -75.596883967)"
2181292,05/14/2018,9:30 a.m.,lunes,MOTOCICLETA,PARTICULAR,Motociclista,Masculino,Si,2,SOLO DAÑOS,Choque,No respetar pelacion de interseccion o giros,Calle 39  Sur Carrera 48,LAS VEGAS,Urbana,"(6.17373153, -75.596883967)"
2181292,05/14/2018,9:30 a.m.,lunes,MOTOCICLETA,PARTICULAR,Motociclista,Masculino,Si,2,SOLO DAÑOS,Choque,Embriaguez o droga,Calle 39  Sur Carrera 48,LAS VEGAS,Urbana,"(6.17373153, -75.596883967)"
2181292,05/14/2018,9:30 a.m.,lunes,AUTOMOVIL,PARTICULAR,Conductor,Masculino,No,N/A,SOLO DAÑOS,Choque,No respetar pelacion de interseccion o giros,Calle 39  Sur Carrera 48,LAS VEGAS,Urbana,"(6.17373153, -75.596883967)"
2181291,05/14/2018,1:45 p.m.,lunes,AUTOMOVIL,PARTICULAR,Conductor,Masculino,No,N/A,HERIDO,Choque,Exceso de velocidad,Calle 39  Sur Carrera 27 D,EL CHINGU├ì,Urbana,"(6.160515341, -75.579104423)"
2181287,05/14/2018,7:40 a.m.,lunes,MOTOCICLETA,PARTICULAR,Motociclista,Masculino,Si,2,HERIDO,Caida Ocupante,Embriaguez o droga,Tramo 371 Kilometro  3,VEREDA EL ESCOBERO,Rural,
2181287,05/14/2018,7:40 a.m.,lunes,MOTOCICLETA,PARTICULAR,Motociclista,Masculino,Si,2,HERIDO,Caida Ocupante,Impericia en el manejo,Tramo 371 Kilometro  3,VEREDA EL ESCOBERO,Rural,
2181291,05/14/2018,1:45 p.m.,lunes,BICICLETA,N/A,Ciclista,Masculino,No,N/A,HERIDO,Choque,No mantener distancia de seguridad,Calle 39  Sur Carrera 27 D,EL CHINGU├ì,Urbana,"(6.160515341, -75.579104423)"
2181291,05/14/2018,1:45 p.m.,lunes,BICICLETA,N/A,Ciclista,Masculino,No,N/A,HERIDO,Choque,Exceso de velocidad,Calle 39  Sur Carrera 27 D,EL CHINGU├ì,Urbana,"(6.160515341, -75.579104423)"
2181291,05/14/2018,1:45 p.m.,lunes,AUTOMOVIL,N/A,Conductor,Masculino,No,N/A,HERIDO,Choque,No mantener distancia de seguridad,Calle 39  Sur Carrera 27 D,EL CHINGU├ì,Urbana,"(6.160515341, -75.579104423)"
2181293,05/14/2018,2:50 p.m.,lunes,CAMPERO,N/A,Conductor,Femenino,No,N/A,SOLO DAÑOS,Choque,No mantener distancia de seguridad,Diagonal 31 Transversal 32 A Sur,LA MAGNOLIA,Urbana,"(6.174681134, -75.578471041)"
2181293,05/14/2018,2:50 p.m.,lunes,AUTOMOVIL,N/A,Conductor,Femenino,No,N/A,SOLO DAÑOS,Choque,No mantener distancia de seguridad,Diagonal 31 Transversal 32 A Sur,LA MAGNOLIA,Urbana,"(6.174681134, -75.578471041)"
2181309,05/15/2018,10:00 a.m.,martes,MOTOCICLETA,N/A,Motociclista,Masculino,No,N/A,SOLO DAÑOS,Choque,Reverso imprudente,Calle 37  Sur Carrera 37,ZONA CENTRO,Urbana,"(6.168351775, -75.583769107)"
2181309,05/15/2018,10:00 a.m.,martes,CAMIONETA,N/A,Conductor,Femenino,No,N/A,SOLO DAÑOS,Choque,Reverso imprudente,Calle 37  Sur Carrera 37,ZONA CENTRO,Urbana,"(6.168351775, -75.583769107)"
2181311,05/15/2018,7:00 p.m.,martes,MOTOCICLETA,N/A,Motociclista,Sin Registro,No,N/A,SOLO DAÑOS,Choque,No mantener distancia de seguridad,Calle 37 B Sur Carrera 27 D,LOMA DE LAS BRUJAS,Urbana,"(6.159428343, -75.573788689)"
2181311,05/15/2018,7:00 p.m.,martes,CAMIONETA,N/A,Conductor,Femenino,No,N/A,SOLO DAÑOS,Choque,No mantener distancia de seguridad,Calle 37 B Sur Carrera 27 D,LOMA DE LAS BRUJAS,Urbana,"(6.159428343, -75.573788689)"
2181299,05/15/2018,9:00 a.m.,martes,AUTOMOVIL,N/A,Conductor,Masculino,No,N/A,SOLO DAÑOS,Choque,No mantener distancia de seguridad,Carrera 48 Calle 50  Sur,LAS VEGAS,Urbana,
2181299,05/15/2018,9:00 a.m.,martes,AUTOMOVIL,N/A,Conductor,Femenino,No,N/A,SOLO DAÑOS,Choque,No mantener distancia de seguridad,Carrera 48 Calle 50  Sur,LAS VEGAS,Urbana,
2181302,05/15/2018,4:00 p.m.,martes,AUTOMOVIL,N/A,Conductor,Masculino,No,N/A,HERIDO,Choque,Falta de precaucion niebla,,,,
2181302,05/15/2018,4:00 p.m.,martes,CAMIONETA,N/A,Conductor,Masculino,No,N/A,HERIDO,Choque,Exceso de velocidad,Carrera 27 A Calle 36 A Sur,LA INMACULADA,Urbana,"(6.162396832, -75.573231113)"
2181302,05/15/2018,4:00 p.m.,martes,CAMIONETA,N/A,Conductor,Masculino,No,N/A,HERIDO,Choque,Falta de precaucion niebla,,,,
2181302,05/15/2018,4:00 p.m.,martes,AUTOMOVIL,N/A,Conductor,Masculino,No,N/A,HERIDO,Choque,Exceso de velocidad,Carrera 27 A Calle 36 A Sur,LA INMACULADA,Urbana,"(6.162396832, -75.573231113)"
2181306,05/15/2018,6:08 p.m.,martes,AUTOMOVIL,N/A,Conductor,Masculino,No,N/A,HERIDO,Choque,Adelantar en zona prohibida,Calle 26 B Sur Carrera 42 B,LAS ORQUIDEAS,Urbana,"(6.176911315, -75.58005899)"
2181306,05/15/2018,6:08 p.m.,martes,MOTOCICLETA,N/A,Motociclista,Masculino,No,N/A,HERIDO,Choque,Adelantar en zona prohibida,Calle 26 B Sur Carrera 42 B,LAS ORQUIDEAS,Urbana,"(6.176911315, -75.58005899)"
2181320,05/15/2018,3:10 p.m.,martes,CAMION,N/A,Conductor,Masculino,No,N/A,SOLO DAÑOS,Choque,Desobedecer senales,Tramo 372 Kilometro  16,VEREDA PALMAS,Rural,
2181320,05/15/2018,3:10 p.m.,martes,CAMIONETA,N/A,Conductor,Masculino,No,N/A,SOLO DAÑOS,Choque,Desobedecer senales,Tramo 372 Kilometro  16,VEREDA PALMAS,Rural,
2181300,05/15/2018,6:20 a.m.,martes,BUSETA,N/A,Conductor,Masculino,No,N/A,SOLO DAÑOS,Choque,No respetar pelacion de interseccion o giros,Carrera 49 Calle 39 B Sur,LAS VEGAS,Urbana,"(6.173609359, -75.597070569)"
2181300,05/15/2018,6:20 a.m.,martes,AUTOMOVIL,N/A,Conductor,Masculino,No,N/A,SOLO DAÑOS,Choque,No respetar pelacion de interseccion o giros,Carrera 49 Calle 39 B Sur,LAS VEGAS,Urbana,"(6.173609359, -75.597070569)"
2181321,05/15/2018,6:20 p.m.,martes,BUS,N/A,Conductor,Masculino,No,N/A,SOLO DAÑOS,Choque,Adelantar en zona prohibida,Carrera 27 Calle 27  Sur,LA INMACULADA,Urbana,"(6.172298689, -75.56780953)"
2181321,05/15/2018,6:20 p.m.,martes,AUTOMOVIL,N/A,Conductor,Masculino,No,N/A,SOLO DAÑOS,Choque,Adelantar en zona prohibida,Carrera 27 Calle 27  Sur,LA INMACULADA,Urbana,"(6.172298689, -75.56780953)"
2181328,05/15/2018,5:40 a.m.,martes,AUTOMOVIL,N/A,Conductor,Femenino,No,N/A,SOLO DAÑOS,Choque,No mantener distancia de seguridad,Calle 37  Sur Carrera 50,LAS VEGAS,Urbana,
2181328,05/15/2018,5:40 a.m.,martes,CAMION,N/A,Conductor,Masculino,No,N/A,SOLO DAÑOS,Choque,No mantener distancia de seguridad,Calle 37  Sur Carrera 50,LAS VEGAS,Urbana,
2181301,05/15/2018,10:50 a.m.,martes,CAMPERO,N/A,Conductor,Femenino,No,N/A,SOLO DAÑOS,Choque,Poner en marcha un vehiculo sin precauci,Calle 37  Sur Carrera 43,ZONA CENTRO,Urbana,"(6.170662973, -75.587448517)"
2181301,05/15/2018,10:50 a.m.,martes,AUTOMOVIL,N/A,Conductor,Masculino,No,N/A,SOLO DAÑOS,Choque,Poner en marcha un vehiculo sin precauci,Calle 37  Sur Carrera 43,ZONA CENTRO,Urbana,"(6.170662973, -75.587448517)"
2181314,05/16/2018,12:00 a.m.,miércoles,MOTOCICLETA,N/A,Motociclista,Masculino,No,N/A,HERIDO,Choque,Desobedecer senales,Calle 41 AA Sur Carrera 29,SAN RAFAEL,Urbana,"(6.15839206, -75.584955646)"
2181314,05/16/2018,12:00 a.m.,miércoles,AUTOMOVIL,N/A,Conductor,Femenino,No,N/A,HERIDO,Choque,Desobedecer senales,Calle 41 AA Sur Carrera 29,SAN RAFAEL,Urbana,"(6.15839206, -75.584955646)"
2181303,05/16/2018,3:00 p.m.,miércoles,AUTOMOVIL,N/A,Conductor,Masculino,No,N/A,HERIDO,Choque,Adelantar invadiendo carril del mismo sentido en zigzag,Calle 38  Sur Carrera 40 A,ZONA CENTRO,Urbana,"(6.169040015, -75.586268246)"
2181303,05/16/2018,3:00 p.m.,miércoles,MOTOCICLETA,N/A,Motociclista,Masculino,No,N/A,HERIDO,Choque,Adelantar invadiendo carril del mismo sentido en zigzag,Calle 38  Sur Carrera 40 A,ZONA CENTRO,Urbana,"(6.169040015, -75.586268246)"
2181315,05/16/2018,4:00 p.m.,miércoles,CAMPERO,N/A,Conductor,Masculino,No,N/A,HERIDO,Choque,Impericia en el manejo,Calle 37  Sur Carrera 46 A,ALCALA,Urbana,"(6.173105489, -75.591260929)"
2181315,05/16/2018,4:00 p.m.,miércoles,MOTOCICLETA,N/A,Motociclista,Masculino,No,N/A,HERIDO,Choque,Impericia en el manejo,Calle 37  Sur Carrera 46 A,ALCALA,Urbana,"(6.173105489, -75.591260929)"
2181324,05/16/2018,4:00 p.m.,miércoles,CAMION,N/A,Conductor,Masculino,No,N/A,SOLO DAÑOS,Choque,Reverso imprudente,Calle 27  Sur Carrera 27,EL ESMERALDAL,Urbana,"(6.17243521, -75.567871917)"
2181324,05/16/2018,4:00 p.m.,miércoles,AUTOMOVIL,N/A,Conductor,Masculino,No,N/A,SOLO DAÑOS,Choque,Reverso imprudente,Calle 27  Sur Carrera 27,EL ESMERALDAL,Urbana,"(6.17243521, -75.567871917)"
2181316,05/16/2018,2:05 p.m.,miércoles,MOTOCICLETA,N/A,Motociclista,Masculino,No,N/A,HERIDO,Otro,Impericia en el manejo,Calle 39  Sur Carrera 27 B,EL CHINGU├ì,Urbana,"(6.159217585, -75.578834618)"
2181325,05/16/2018,10:30 a.m.,miércoles,BUS,N/A,Conductor,Sin Registro,No,N/A,SOLO DAÑOS,Choque,Desobedecer senales,Carrera 27 Calle 23  Sur,ZU├æIGA,Urbana,"(6.176588834, -75.567445991)"
2181325,05/16/2018,10:30 a.m.,miércoles,AUTOMOVIL,N/A,Conductor,Femenino,No,N/A,SOLO DAÑOS,Choque,Desobedecer senales,Carrera 27 Calle 23  Sur,ZU├æIGA,Urbana,"(6.176588834, -75.567445991)"
2181312,05/16/2018,9:30 p.m.,miércoles,AUTOMOVIL,N/A,Conductor,Masculino,No,N/A,SOLO DAÑOS,Choque,Impericia en el manejo,Calle 34 DD Sur Carrera 27 F,ALTO DE MISAEL,Urbana,"(6.1706621, -75.575772717)"
2181312,05/16/2018,9:30 p.m.,miércoles,AUTOMOVIL,N/A,Conductor,Masculino,No,N/A,SOLO DAÑOS,Choque,Impericia en el manejo,Calle 34 DD Sur Carrera 27 F,ALTO DE MISAEL,Urbana,"(6.1706621, -75.575772717)"
2181307,05/16/2018,10:40 a.m.,miércoles,MOTOCICLETA,N/A,Motociclista,Masculino,No,N/A,SOLO DAÑOS,Choque,No mantener distancia de seguridad,Carrera 50 Calle 43  Sur,LAS VEGAS,Urbana,
2181307,05/16/2018,10:40 a.m.,miércoles,AUTOMOVIL,N/A,Conductor,Masculino,No,N/A,SOLO DAÑOS,Choque,No mantener distancia de seguridad,Carrera 50 Calle 43  Sur,LAS VEGAS,Urbana,
2181308,05/16/2018,10:40 a.m.,miércoles,AUTOMOVIL,N/A,Conductor,Femenino,No,N/A,SOLO DAÑOS,Choque,Adelantar cerrando,Carrera 50 Calle 46 A Sur,LAS VEGAS,Urbana,"(6.16131219, -75.603198185)"
2181326,05/16/2018,7:40 a.m.,miércoles,AUTOMOVIL,N/A,Conductor,Femenino,No,N/A,SOLO DAÑOS,Choque,Reverso imprudente,Carrera 43 A Calle 40  Sur,ZONA CENTRO,Urbana,"(6.168044687, -75.59026877)"
2181326,05/16/2018,7:40 a.m.,miércoles,AUTOMOVIL,N/A,Conductor,Masculino,No,N/A,SOLO DAÑOS,Choque,Reverso imprudente,Carrera 43 A Calle 40  Sur,ZONA CENTRO,Urbana,"(6.168044687, -75.59026877)"
2181308,05/16/2018,10:40 a.m.,miércoles,CAMION,N/A,Conductor,Masculino,No,N/A,SOLO DAÑOS,Choque,Adelantar cerrando,Carrera 50 Calle 46 A Sur,LAS VEGAS,Urbana,"(6.16131219, -75.603198185)"
2181304,05/16/2018,9:45 p.m.,miércoles,MOTOCICLETA,N/A,Motociclista,Masculino,No,N/A,HERIDO,Choque,Semaforo en rojo,Carrera 43 A Calle 25  Sur,AVENIDA EL POBLADO,Urbana,"(6.181616833, -75.581857267)"
2181304,05/16/2018,9:45 p.m.,miércoles,MOTOCICLETA,N/A,Motociclista,Femenino,No,N/A,HERIDO,Choque,Semaforo en rojo,Carrera 43 A Calle 25  Sur,AVENIDA EL POBLADO,Urbana,"(6.181616833, -75.581857267)"
2181313,05/16/2018,9:50 p.m.,miércoles,AUTOMOVIL,N/A,Conductor,Masculino,No,N/A,SOLO DAÑOS,Choque,No respetar prelacion,Carrera 48 Calle 50  Sur,LAS VEGAS,Urbana,
2181313,05/16/2018,9:50 p.m.,miércoles,AUTOMOVIL,N/A,Conductor,Masculino,No,N/A,SOLO DAÑOS,Choque,No respetar prelacion,Carrera 48 Calle 50  Sur,LAS VEGAS,Urbana,
2181340,05/17/2018,9:05 a.m.,jueves,CAMION,N/A,Conductor,Masculino,No,N/A,SOLO DAÑOS,Choque,Adelantar invadiendo carril de sentido contrario,Calle 40  Sur Carrera 27 A,LA MINA,Urbana,"(6.158366235, -75.580807934)"
2181340,05/17/2018,9:05 a.m.,jueves,MOTOCICLETA,N/A,Motociclista,Masculino,No,N/A,SOLO DAÑOS,Choque,Adelantar invadiendo carril de sentido contrario,Calle 40  Sur Carrera 27 A,LA MINA,Urbana,"(6.158366235, -75.580807934)"
2181340,05/17/2018,9:05 a.m.,jueves,BUS,N/A,Conductor,Masculino,No,N/A,SOLO DAÑOS,Choque,Adelantar invadiendo carril de sentido contrario,Calle 40  Sur Carrera 27 A,LA MINA,Urbana,"(6.158366235, -75.580807934)"
2181327,05/17/2018,3:10 p.m.,jueves,AUTOMOVIL,N/A,Conductor,Femenino,No,N/A,SOLO DAÑOS,Choque,Impericia en el manejo,Calle 39  Sur Carrera 39,ZONA CENTRO,Urbana,"(6.166978259, -75.586044922)"
2181327,05/17/2018,3:10 p.m.,jueves,MOTOCICLETA,N/A,Motociclista,Femenino,No,N/A,SOLO DAÑOS,Choque,Impericia en el manejo,Calle 39  Sur Carrera 39,ZONA CENTRO,Urbana,"(6.166978259, -75.586044922)"
2181365,05/17/2018,5:10 p.m.,jueves,CAMIONETA,N/A,Conductor,Femenino,No,N/A,SOLO DAÑOS,Choque,No respetar pelacion de interseccion o giros,Calle 37  Sur Carrera 48,LAS VEGAS,Urbana,"(6.17412211, -75.593061115)"
2181365,05/17/2018,5:10 p.m.,jueves,AUTOMOVIL,N/A,Conductor,Femenino,No,N/A,SOLO DAÑOS,Choque,No respetar pelacion de interseccion o giros,Calle 37  Sur Carrera 48,LAS VEGAS,Urbana,"(6.17412211, -75.593061115)"
2181322,05/17/2018,9:10 a.m.,jueves,CAMIONETA,N/A,Conductor,Femenino,No,N/A,SOLO DAÑOS,Choque,No mantener distancia de seguridad,Carrera 48 Calle 43  Sur,LAS VEGAS,Urbana,"(6.168335134, -75.597233576)"
2181322,05/17/2018,9:10 a.m.,jueves,MOTOCICLETA,N/A,Motociclista,Masculino,No,N/A,SOLO DAÑOS,Choque,No mantener distancia de seguridad,Carrera 48 Calle 43  Sur,LAS VEGAS,Urbana,"(6.168335134, -75.597233576)"
2181343,05/17/2018,3:15 p.m.,jueves,AUTOMOVIL,N/A,Conductor,Masculino,No,N/A,HERIDO,Choque,Transitar entre vehiculos,Carrera 50 Calle 26  Sur,LAS VEGAS,Urbana,"(6.184812544, -75.586911093)"
2181343,05/17/2018,3:15 p.m.,jueves,MOTOCICLETA,N/A,Motociclista,Masculino,No,N/A,HERIDO,Choque,Transitar entre vehiculos,Carrera 50 Calle 26  Sur,LAS VEGAS,Urbana,"(6.184812544, -75.586911093)"
2181339,05/17/2018,7:30 p.m.,jueves,AUTOMOVIL,N/A,Conductor,Sin Registro,No,N/A,HERIDO,Atropello,Arrancar sin precaucion,Carrera 48 Calle 19  Sur,ZU├æIGA,Urbana,"(6.187349001, -75.581535682)"
2181339,05/17/2018,7:30 p.m.,jueves,AUTOMOVIL,N/A,Conductor,Sin Registro,No,N/A,HERIDO,Atropello,Exceso de velocidad,Carrera 48 Calle 19  Sur,ZU├æIGA,Urbana,"(6.187349001, -75.581535682)"
2181345,05/17/2018,6:30 a.m.,jueves,AUTOMOVIL,N/A,Conductor,Femenino,No,N/A,HERIDO,Choque,No mantener distancia de seguridad,Carrera 50 Calle 37  Sur,LAS VEGAS,Urbana,
2181345,05/17/2018,6:30 a.m.,jueves,MOTOCICLETA,N/A,Motociclista,Femenino,No,N/A,HERIDO,Choque,No mantener distancia de seguridad,Carrera 50 Calle 37  Sur,LAS VEGAS,Urbana,
2181319,05/17/2018,7:30 a.m.,jueves,CAMIONETA,N/A,Conductor,Femenino,No,N/A,SOLO DAÑOS,Choque,No mantener distancia de seguridad,Tramo 372 Kilometro  13,VEREDA PALMAS,Rural,
2181319,05/17/2018,7:30 a.m.,jueves,MOTOCICLETA,N/A,Motociclista,Masculino,No,N/A,SOLO DAÑOS,Choque,No mantener distancia de seguridad,Tramo 372 Kilometro  13,VEREDA PALMAS,Rural,
2181317,05/17/2018,3:45 p.m.,jueves,CAMIONETA,N/A,Conductor,Masculino,No,N/A,HERIDO,Choque,No mantener distancia de seguridad,Carrera 50 Calle 26  Sur,LAS VEGAS,Urbana,"(6.184812544, -75.586911093)"
2181317,05/17/2018,3:45 p.m.,jueves,MOTOCICLETA,N/A,Motociclista,Masculino,No,N/A,HERIDO,Choque,No mantener distancia de seguridad,Carrera 50 Calle 26  Sur,LAS VEGAS,Urbana,"(6.184812544, -75.586911093)"
2181323,05/17/2018,6:45 a.m.,jueves,AUTOMOVIL,N/A,Conductor,Femenino,No,N/A,SOLO DAÑOS,Choque,No mantener distancia de seguridad,Carrera 48 Calle 39 A Sur,LAS VEGAS,Urbana,"(6.17097263, -75.594313255)"
2181323,05/17/2018,6:45 a.m.,jueves,AUTOMOVIL,N/A,Conductor,Femenino,No,N/A,SOLO DAÑOS,Choque,No mantener distancia de seguridad,Carrera 48 Calle 39 A Sur,LAS VEGAS,Urbana,"(6.17097263, -75.594313255)"
2181341,05/17/2018,2:50 p.m.,jueves,MOTOCICLETA,N/A,Motociclista,Masculino,No,N/A,HERIDO,Atropello,Exceso de velocidad,Diagonal 31 Transversal 36  Sur,LA SEBASTIANA,Urbana,"(6.168204377, -75.580205142)"
2181341,05/17/2018,2:50 p.m.,jueves,MOTOCICLETA,N/A,Motociclista,Masculino,No,N/A,HERIDO,Atropello,Cruzar sin observar,Diagonal 31 Transversal 36  Sur,LA SEBASTIANA,Urbana,"(6.168204377, -75.580205142)"
2181334,05/18/2018,8:00 p.m.,viernes,CAMIONETA,N/A,Conductor,Masculino,No,N/A,SOLO DAÑOS,Choque,Desobedecer senales,Tramo 373 Kilometro  7,VEREDA PALMAS,Rural,
2181334,05/18/2018,8:00 p.m.,viernes,MOTOCICLETA,N/A,Motociclista,Masculino,No,N/A,SOLO DAÑOS,Choque,Desobedecer senales,Tramo 373 Kilometro  7,VEREDA PALMAS,Rural,
2181333,05/18/2018,6:20 p.m.,viernes,AUTOMOVIL,N/A,Conductor,Masculino,No,N/A,SOLO DAÑOS,Choque,Girar bruscamente,Calle 39 B Sur Carrera 37,MESA,Urbana,"(6.165600011, -75.585497969)"
2181333,05/18/2018,6:20 p.m.,viernes,MOTOCICLETA,N/A,Motociclista,Masculino,No,N/A,SOLO DAÑOS,Choque,Girar bruscamente,Calle 39 B Sur Carrera 37,MESA,Urbana,"(6.165600011, -75.585497969)"
2181349,05/18/2018,3:20 p.m.,viernes,AUTOMOVIL,N/A,Conductor,Femenino,No,N/A,SOLO DAÑOS,Choque,Girar bruscamente,Transversal 31  Sur Carrera 43,BUCAREST,Urbana,"(6.176823564, -75.585392151)"
2181349,05/18/2018,3:20 p.m.,viernes,CAMIONETA,N/A,Conductor,Femenino,No,N/A,SOLO DAÑOS,Choque,Adelantar cerrando,Transversal 31  Sur Carrera 43,BUCAREST,Urbana,"(6.176823564, -75.585392151)"
2181349,05/18/2018,3:20 p.m.,viernes,CAMIONETA,N/A,Conductor,Femenino,No,N/A,SOLO DAÑOS,Choque,Girar bruscamente,Transversal 31  Sur Carrera 43,BUCAREST,Urbana,"(6.176823564, -75.585392151)"
2181349,05/18/2018,3:20 p.m.,viernes,AUTOMOVIL,N/A,Conductor,Femenino,No,N/A,SOLO DAÑOS,Choque,Adelantar cerrando,Transversal 31  Sur Carrera 43,BUCAREST,Urbana,"(6.176823564, -75.585392151)"
2181348,05/18/2018,5:20 p.m.,viernes,CAMIONETA,N/A,Conductor,Masculino,No,N/A,SOLO DAÑOS,Choque,No mantener distancia de seguridad,Calle 46  Sur Carrera 46,PRIMAVERA,Urbana,"(6.164633401, -75.596689606)"
2181348,05/18/2018,5:20 p.m.,viernes,CAMIONETA,N/A,Conductor,Masculino,No,N/A,SOLO DAÑOS,Choque,No mantener distancia de seguridad,Calle 46  Sur Carrera 46,PRIMAVERA,Urbana,"(6.164633401, -75.596689606)"
2181337,05/18/2018,5:30 p.m.,viernes,MOTOCICLETA,N/A,Motociclista,Masculino,No,N/A,HERIDO,Choque,No mantener distancia de seguridad,Calle 37  Sur Carrera 49,LAS VEGAS,Urbana,"(6.174789471, -75.594204243)"
2181337,05/18/2018,5:30 p.m.,viernes,AUTOMOVIL,N/A,Conductor,Femenino,No,N/A,HERIDO,Choque,No mantener distancia de seguridad,Calle 37  Sur Carrera 49,LAS VEGAS,Urbana,"(6.174789471, -75.594204243)"
2181363,05/18/2018,1:30 p.m.,viernes,CAMION,N/A,Conductor,Masculino,No,N/A,SOLO DAÑOS,Choque,No mantener distancia de seguridad,Tramo 373 Kilometro  11,VEREDA PALMAS,Rural,
2181363,05/18/2018,1:30 p.m.,viernes,BUSETA,N/A,Conductor,Masculino,No,N/A,SOLO DAÑOS,Choque,No mantener distancia de seguridad,Tramo 373 Kilometro  11,VEREDA PALMAS,Rural,
2181335,05/18/2018,8:25 p.m.,viernes,BUS,N/A,Conductor,Masculino,No,N/A,SOLO DAÑOS,Choque,Superficie humeda,Carrera 29 Calle 41  Sur,SAN RAFAEL,Urbana,"(6.15811326, -75.585215015)"
2181335,05/18/2018,8:25 p.m.,viernes,AUTOMOVIL,N/A,Conductor,Masculino,No,N/A,SOLO DAÑOS,Choque,Superficie humeda,Carrera 29 Calle 41  Sur,SAN RAFAEL,Urbana,"(6.15811326, -75.585215015)"
2181347,05/18/2018,9:45 a.m.,viernes,AUTOMOVIL,N/A,Conductor,Femenino,No,N/A,SOLO DAÑOS,Choque,No mantener distancia de seguridad,Carrera 42 Calle 35  Sur,ZONA CENTRO,Urbana,"(6.171623749, -75.586043385)"
2181347,05/18/2018,9:45 a.m.,viernes,AUTOMOVIL,N/A,Conductor,Masculino,No,N/A,SOLO DAÑOS,Choque,Reverso imprudente,Carrera 42 Calle 35  Sur,ZONA CENTRO,Urbana,"(6.171623749, -75.586043385)"
2181347,05/18/2018,9:45 a.m.,viernes,AUTOMOVIL,N/A,Conductor,Masculino,No,N/A,SOLO DAÑOS,Choque,No mantener distancia de seguridad,Carrera 42 Calle 35  Sur,ZONA CENTRO,Urbana,"(6.171623749, -75.586043385)"
2181347,05/18/2018,9:45 a.m.,viernes,AUTOMOVIL,N/A,Conductor,Femenino,No,N/A,SOLO DAÑOS,Choque,Reverso imprudente,Carrera 42 Calle 35  Sur,ZONA CENTRO,Urbana,"(6.171623749, -75.586043385)"