RADICADO,FECHA,HORA,DÍA DE LA SEMANA,CLASE DE VEHICULO,TIPO DE SERVICIO,TIPO DE VICTIMA,SEXO,ESTADO DE BEODEZ,RESULTADO DE BEODEZ,GRAVEDAD,CLASE DE ACCIDENTE,CAUSA,DIRECCIÓN,BARRIO,AREA,Coordenadas
2170074,01/15/2017,3:40 p.m.,domingo,AUTOMOVIL,PARTICULAR,Conductor,Masculino,NO,N/A,HERIDO,Choque,Otra,Tramo 372 Kilometro  7,VEREDA PALMAS,Rural,
2181450,05/31/2018,6:14 a.m.,jueves,BUSETA,N/A,Conductor,Masculino,No,N/A,SOLO DAÑOS,Choque,Adelantar en zona prohibida,Carrera 41 Calle 22  Sur,ZU├æIGA,Urbana,"(6.181126008, -75.576751656)"
2181450,05/31/2018,6:14 a.m.,jueves,AUTOMOVIL,N/A,Conductor,Masculino,No,N/A,SOLO DAÑOS,Choque,Adelantar en zona prohibida,Carrera 41 Calle 22  Sur,ZU├æIGA,Urbana,"(6.181126008, -75.576751656)"
2181459,05/31/2018,9:10 a.m.,jueves,AUTOMOVIL,N/A,Conductor,Masculino,No,N/A,SOLO DAÑOS,Choque,Poner en marcha un vehiculo sin precauci,Tramo 372 Kilometro  16,VEREDA PALMAS,Rural,
2181459,05/31/2018,9:10 a.m.,jueves,AUTOMOVIL,N/A,Conductor,Masculino,No,N/A,SOLO DAÑOS,Choque,Poner en marcha un vehiculo sin precauci,Tramo 372 Kilometro  16,VEREDA PALMAS,Rural,
2181467,05/31/2018,12:15 a.m.,jueves,CAMPERO,N/A,Conductor,Masculino,No,N/A,HERIDO,Atropello,Reverso imprudente,Carrera 25 Calle 41 B Sur,LAS ANTILLAS,Urbana,"(6.153938687, -75.586221839)"
2181449,05/31/2018,5:25 p.m.,jueves,CAMIONETA,N/A,Conductor,Masculino,No,N/A,SOLO DAÑOS,Choque,Reverso imprudente,Carrera 27 Calle 35  Sur,LA INMACULADA,Urbana,
2181449,05/31/2018,5:25 p.m.,jueves,CAMIONETA,N/A,Conductor,Femenino,No,N/A,SOLO DAÑOS,Choque,Reverso imprudente,Carrera 27 Calle 35  Sur,LA INMACULADA,Urbana,
2181461,05/31/2018,9:20 a.m.,jueves,MOTOCICLETA,N/A,Motociclista,Masculino,No,N/A,HERIDO,Choque,Impericia en el manejo,Tramo 372 Kilometro  15,VEREDA PALMAS,Rural,
2181475,05/31/2018,5:30 p.m.,jueves,MOTOCICLETA,N/A,Motociclista,Masculino,No,N/A,HERIDO,Choque,Semaforo en rojo,Carrera 48 Calle 30  Sur,LAS VEGAS,Urbana,"(6.179366643, -75.588084104)"
2181475,05/31/2018,5:30 p.m.,jueves,AUTOMOVIL,N/A,Conductor,Masculino,No,N/A,HERIDO,Choque,Semaforo en rojo,Carrera 48 Calle 30  Sur,LAS VEGAS,Urbana,"(6.179366643, -75.588084104)"
2181466,05/31/2018,8:30 p.m.,jueves,MOTOCICLETA,N/A,Motociclista,Masculino,No,N/A,HERIDO,Atropello,Impericia en el manejo,Transversal 34 D Sur Diagonal 30,LAS FLORES,Urbana,"(6.171898534, -75.578327387)"
2181462,05/31/2018,6:40 a.m.,jueves,CAMPERO,N/A,Conductor,Femenino,No,N/A,SOLO DAÑOS,Choque,No mantener distancia de seguridad,Tramo 372 Kilometro  14,VEREDA PALMAS,Rural,
2181462,05/31/2018,6:40 a.m.,jueves,MOTOCICLETA,N/A,Motociclista,Masculino,No,N/A,SOLO DAÑOS,Choque,No mantener distancia de seguridad,Tramo 372 Kilometro  14,VEREDA PALMAS,Rural,
2181452,05/31/2018,6:45 a.m.,jueves,AUTOMOVIL,N/A,Conductor,Femenino,No,N/A,SOLO DAÑOS,Choque,No mantener distancia de seguridad,Calle 36 Carrera 25,EL CHOCHO,Urbana,"(6.167194335, -75.564826277)"
2181452,05/31/2018,6:45 a.m.,jueves,CAMIONETA,N/A,Conductor,Femenino,No,N/A,SOLO DAÑOS,Choque,No mantener distancia de seguridad,Calle 36 Carrera 25,EL CHOCHO,Urbana,"(6.167194335, -75.564826277)"
2181458,05/31/2018,6:50 a.m.,jueves,AUTOMOVIL,N/A,Conductor,Masculino,No,N/A,SOLO DAÑOS,Choque,Adelantar cerrando,Carrera 50 Calle 37  Sur,LAS VEGAS,Urbana,
2181458,05/31/2018,6:50 a.m.,jueves,BUS,N/A,Conductor,Masculino,No,N/A,SOLO DAÑOS,Choque,Adelantar cerrando,Carrera 50 Calle 37  Sur,LAS VEGAS,Urbana,
2181464,05/31/2018,7:50 p.m.,jueves,AUTOMOVIL,N/A,Conductor,Femenino,No,N/A,SOLO DAÑOS,Choque,No mantener distancia de seguridad,Calle 46  Sur Carrera 46 B,PRIMAVERA,Urbana,"(6.165325085, -75.59741757)"
2181464,05/31/2018,7:50 p.m.,jueves,AUTOMOVIL,N/A,Conductor,Masculino,No,N/A,SOLO DAÑOS,Choque,No mantener distancia de seguridad,Calle 46  Sur Carrera 46 B,PRIMAVERA,Urbana,"(6.165325085, -75.59741757)"
2181453,05/31/2018,1:50 p.m.,jueves,CAMPERO,N/A,Conductor,Masculino,No,N/A,HERIDO,Choque,Adelantar invadiendo carril de sentido contrario,Tramo 371 Kilometro  1,VEREDA EL ESCOBERO,Rural,
2181453,05/31/2018,1:50 p.m.,jueves,BICICLETA,N/A,Ciclista,Masculino,No,N/A,HERIDO,Choque,Adelantar invadiendo carril de sentido contrario,Tramo 371 Kilometro  1,VEREDA EL ESCOBERO,Rural,
2181469,05/31/2018,3:55 p.m.,jueves,CAMPERO,N/A,Conductor,Masculino,No,N/A,SOLO DAÑOS,Choque,Impericia en el manejo,Calle 37  Sur Carrera 48,LAS VEGAS,Urbana,"(6.17412211, -75.593061115)"
2181469,05/31/2018,3:55 p.m.,jueves,TRACTOCAMION,N/A,Conductor,Masculino,No,N/A,SOLO DAÑOS,Choque,Impericia en el manejo,Calle 37  Sur Carrera 48,LAS VEGAS,Urbana,"(6.17412211, -75.593061115)"
2181480,06/01/2018,6:05 p.m.,viernes,MOTOCICLETA,N/A,Motociclista,Masculino,No,N/A,HERIDO,Atropello,Impericia en el manejo,Calle 40 AA Sur Carrera 30 A,SAN JOSE,Urbana,"(6.164225597, -75.585320139)"
2181499,06/01/2018,11:00 p.m.,viernes,AUTOMOVIL,N/A,Conductor,Masculino,No,N/A,SOLO DAÑOS,Choque,Desobedecer senales,Carrera 41 Calle 40  Sur,EL DORADO,Urbana,"(6.166920833, -75.587995017)"
2181499,06/01/2018,11:00 p.m.,viernes,CAMIONETA,N/A,Conductor,Masculino,No,N/A,SOLO DAÑOS,Choque,Desobedecer senales,Carrera 41 Calle 40  Sur,EL DORADO,Urbana,"(6.166920833, -75.587995017)"
2181494,06/01/2018,6:15 p.m.,viernes,AUTOMOVIL,N/A,Conductor,Masculino,No,N/A,SOLO DAÑOS,Choque,Impericia en el manejo,Carrera 39 Calle 38  Sur,ZONA CENTRO,Urbana,"(6.168272399, -75.585220918)"
2181494,06/01/2018,6:15 p.m.,viernes,MOTOCICLETA,N/A,Motociclista,Masculino,No,N/A,SOLO DAÑOS,Choque,Impericia en el manejo,Carrera 39 Calle 38  Sur,ZONA CENTRO,Urbana,"(6.168272399, -75.585220918)"
2181505,06/01/2018,3:15 p.m.,viernes,AUTOMOVIL,N/A,Conductor,Masculino,No,N/A,SOLO DAÑOS,Choque,Adelantar en zona prohibida,Carrera 47 A Calle 38 A Sur,ALCALA,Urbana,"(6.172002789, -75.592646761)"
2181505,06/01/2018,3:15 p.m.,viernes,AUTOMOVIL,N/A,Conductor,Masculino,No,N/A,SOLO DAÑOS,Choque,Adelantar en zona prohibida,Carrera 47 A Calle 38 A Sur,ALCALA,Urbana,"(6.172002789, -75.592646761)"
2181477,06/01/2018,7:25 p.m.,viernes,AUTOMOVIL,N/A,Conductor,Masculino,No,N/A,HERIDO,Atropello,Arrancar sin precaucion,Transversal 33  Sur Diagonal 32 D,LA MAGNOLIA,Urbana,"(6.174147159, -75.583711438)"
2181503,06/01/2018,3:25 p.m.,viernes,MOTOCICLETA,N/A,Motociclista,Masculino,No,N/A,SOLO DAÑOS,Choque,Adelantar por la derecha,Carrera 27 Calle 36 A Sur,LA SEBASTIANA,Urbana,"(6.164865303, -75.569759084)"
2181503,06/01/2018,3:25 p.m.,viernes,AUTOMOVIL,N/A,Conductor,Masculino,No,N/A,SOLO DAÑOS,Choque,Impericia en el manejo,Carrera 27 Calle 36 A Sur,LA SEBASTIANA,Urbana,"(6.164865303, -75.569759084)"
2181503,06/01/2018,3:25 p.m.,viernes,AUTOMOVIL,N/A,Conductor,Masculino,No,N/A,SOLO DAÑOS,Choque,Adelantar por la derecha,Carrera 27 Calle 36 A Sur,LA SEBASTIANA,Urbana,"(6.164865303, -75.569759084)"
2181503,06/01/2018,3:25 p.m.,viernes,MOTOCICLETA,N/A,Motociclista,Masculino,No,N/A,SOLO DAÑOS,Choque,Impericia en el manejo,Carrera 27 Calle 36 A Sur,LA SEBASTIANA,Urbana,"(6.164865303, -75.569759084)"
2181473,06/01/2018,1:10 a.m.,viernes,AUTOMOVIL,N/A,Conductor,Femenino,No,N/A,SOLO DAÑOS,Choque,Desobedecer senales,Carrera 48 Calle 25  Sur,LAS VEGAS,Urbana,"(6.185059174, -75.58329333)"
2181496,06/01/2018,9:20 a.m.,viernes,CAMION,N/A,Conductor,Masculino,No,N/A,SOLO DAÑOS,Choque,Impericia en el manejo,Calle 24  Sur Carrera 39,ZU├æIGA,Urbana,"(6.17880652, -75.574624068)"
2181496,06/01/2018,9:20 a.m.,viernes,CAMIONETA,N/A,Conductor,Masculino,No,N/A,SOLO DAÑOS,Choque,Impericia en el manejo,Calle 24  Sur Carrera 39,ZU├æIGA,Urbana,"(6.17880652, -75.574624068)"
2181471,06/01/2018,10:20 p.m.,viernes,AUTOMOVIL,N/A,Conductor,Masculino,No,N/A,SOLO DAÑOS,Choque,No mantener distancia de seguridad,Carrera 48 Calle 50  Sur,LAS VEGAS,Urbana,
2181471,06/01/2018,10:20 p.m.,viernes,AUTOMOVIL,N/A,Conductor,Femenino,No,N/A,SOLO DAÑOS,Choque,No mantener distancia de seguridad,Carrera 48 Calle 50  Sur,LAS VEGAS,Urbana,
2181460,06/01/2018,6:30 a.m.,viernes,AUTOMOVIL,N/A,Conductor,Masculino,No,N/A,SOLO DAÑOS,Choque,No mantener distancia de seguridad,Calle 25  Sur Carrera 27 B,ZU├æIGA,Urbana,
2181460,06/01/2018,6:30 a.m.,viernes,CAMIONETA,N/A,Conductor,Masculino,No,N/A,SOLO DAÑOS,Choque,No mantener distancia de seguridad,Calle 25  Sur Carrera 27 B,ZU├æIGA,Urbana,
2181478,06/01/2018,9:30 a.m.,viernes,AUTOMOVIL,N/A,Conductor,Femenino,No,N/A,HERIDO,Atropello,Cruzar sin observar,Transversal 34 DD Sur Diagonal 32,LOS NARANJOS,Urbana,"(6.170838578, -75.581878959)"
2181479,06/01/2018,6:40 p.m.,viernes,AUTOMOVIL,N/A,Conductor,Masculino,No,N/A,SOLO DAÑOS,Choque,Arrancar sin precaucion,Carrera 40 Calle 36  Sur,ZONA CENTRO,Urbana,"(6.17006539, -75.585029162)"
2181479,06/01/2018,6:40 p.m.,viernes,CAMIONETA,N/A,Conductor,Masculino,No,N/A,SOLO DAÑOS,Choque,Arrancar sin precaucion,Carrera 40 Calle 36  Sur,ZONA CENTRO,Urbana,"(6.17006539, -75.585029162)"
2181473,06/01/2018,1:10 a.m.,viernes,AUTOMOVIL,N/A,Conductor,Masculino,No,N/A,SOLO DAÑOS,Choque,Desobedecer senales,Carrera 48 Calle 25  Sur,LAS VEGAS,Urbana,"(6.185059174, -75.58329333)"
2181474,06/01/2018,7:45 a.m.,viernes,CAMION,N/A,Conductor,Masculino,No,N/A,SOLO DAÑOS,Choque,Desobedecer senales,Carrera 43 A Calle 40  Sur,ALCALA,Urbana,"(6.168044687, -75.59026877)"
2181474,06/01/2018,7:45 a.m.,viernes,CAMIONETA,N/A,Conductor,Masculino,No,N/A,SOLO DAÑOS,Choque,Desobedecer senales,Carrera 43 A Calle 40  Sur,ALCALA,Urbana,"(6.168044687, -75.59026877)"
2181490,06/01/2018,9:45 a.m.,viernes,MOTOCICLETA,N/A,Motociclista,Masculino,No,N/A,SOLO DAÑOS,Choque,No mantener distancia de seguridad,Carrera 48 Calle 39  Sur,LAS VEGAS,Urbana,"(6.17163722, -75.593649993)"
2181490,06/01/2018,9:45 a.m.,viernes,AUTOMOVIL,N/A,Conductor,Masculino,No,N/A,SOLO DAÑOS,Choque,No mantener distancia de seguridad,Carrera 48 Calle 39  Sur,LAS VEGAS,Urbana,"(6.17163722, -75.593649993)"
2181508,06/02/2018,6:00 a.m.,sábado,AUTOMOVIL,N/A,Conductor,Masculino,No,N/A,SOLO DAÑOS,Choque,No mantener distancia de seguridad,Carrera 48 Calle 46  Sur,LAS VEGAS,Urbana,"(6.166195386, -75.599285489)"
2181508,06/02/2018,6:00 a.m.,sábado,AUTOMOVIL,N/A,Conductor,Masculino,No,N/A,SOLO DAÑOS,Choque,No mantener distancia de seguridad,Carrera 48 Calle 46  Sur,LAS VEGAS,Urbana,"(6.166195386, -75.599285489)"
2181476,06/02/2018,8:10 p.m.,sábado,CAMPERO,N/A,Conductor,Masculino,No,N/A,SOLO DAÑOS,Choque,Reverso imprudente,Calle 36 D Sur Carrera 27 D,VEREDA EL ESCOBERO,Urbana,"(6.164970853, -75.574637268)"
2181476,06/02/2018,8:10 p.m.,sábado,AUTOMOVIL,N/A,Conductor,Sin Registro,No,N/A,SOLO DAÑOS,Choque,Reverso imprudente,Calle 36 D Sur Carrera 27 D,VEREDA EL ESCOBERO,Urbana,"(6.164970853, -75.574637268)"
2181524,06/02/2018,1:20 p.m.,sábado,BUSETA,N/A,Conductor,Masculino,No,N/A,SOLO DAÑOS,Choque,No mantener distancia de seguridad,Carrera 41 Calle 38 A Sur,ZONA CENTRO,Urbana,"(6.168440346, -75.586988056)"
2181524,06/02/2018,1:20 p.m.,sábado,AUTOMOVIL,N/A,Conductor,Masculino,No,N/A,SOLO DAÑOS,Choque,No mantener distancia de seguridad,Carrera 41 Calle 38 A Sur,ZONA CENTRO,Urbana,"(6.168440346, -75.586988056)"
2181502,06/02/2018,5:20 p.m.,sábado,CAMIONETA,N/A,Conductor,Femenino,No,N/A,SOLO DAÑOS,Choque,Impericia en el manejo,Tramo 373 Kilometro  7,VEREDA PALMAS,Rural,
2181502,06/02/2018,5:20 p.m.,sábado,MOTOCICLETA,N/A,Motociclista,Masculino,No,N/A,SOLO DAÑOS,Choque,Impericia en el manejo,Tramo 373 Kilometro  7,VEREDA PALMAS,Rural,
2181491,06/02/2018,11:35 a.m.,sábado,CAMIONETA,N/A,Conductor,Masculino,No,N/A,SOLO DAÑOS,Choque,Poner en marcha un vehiculo sin precauci,Calle 40 AA Carrera 36,LA MINA,Urbana,"(6.164225597, -75.585320139)"
2181491,06/02/2018,11:35 a.m.,sábado,AUTOMOVIL,N/A,Conductor,Masculino,No,N/A,SOLO DAÑOS,Choque,Poner en marcha un vehiculo sin precauci,Calle 40 AA Carrera 36,LA MINA,Urbana,"(6.164225597, -75.585320139)"
2181492,06/02/2018,7:30 a.m.,sábado,AUTOMOVIL,N/A,Conductor,Masculino,No,N/A,SOLO DAÑOS,Choque,Desobedecer senales,Calle 25  Sur Carrera 42 A,LAS ORQUIDEAS,Urbana,"(6.179682683, -75.579857565)"
2181492,06/02/2018,7:30 a.m.,sábado,AUTOMOVIL,N/A,Conductor,Masculino,No,N/A,SOLO DAÑOS,Choque,Desobedecer senales,Calle 25  Sur Carrera 42 A,LAS ORQUIDEAS,Urbana,"(6.179682683, -75.579857565)"
2181495,06/02/2018,9:30 p.m.,sábado,BUS,N/A,Conductor,Masculino,No,N/A,SOLO DAÑOS,Choque,Impericia en el manejo,Calle 41 AA Sur Carrera 28,SAN RAFAEL,Urbana,"(6.158256501, -75.584394264)"
2181495,06/02/2018,9:30 p.m.,sábado,AUTOMOVIL,N/A,Conductor,Femenino,No,N/A,SOLO DAÑOS,Choque,Impericia en el manejo,Calle 41 AA Sur Carrera 28,SAN RAFAEL,Urbana,"(6.158256501, -75.584394264)"
2181487,06/02/2018,3:20 a.m.,sábado,AUTOMOVIL,N/A,Conductor,Masculino,Si,3,SOLO DAÑOS,Choque,Embriaguez aparente,Calle 45 A Sur Carrera 39 B,LAS ANTILLAS,Urbana,"(6.160320892, -75.590005662)"
2181486,06/02/2018,12:40 a.m.,sábado,BUS,N/A,Conductor,Masculino,No,N/A,SOLO DAÑOS,Choque,Arrancar sin precaucion,Calle 38 A Sur Carrera 41,ZONA CENTRO,Urbana,"(6.168560755, -75.587015366)"
2181486,06/02/2018,12:40 a.m.,sábado,AUTOMOVIL,N/A,Conductor,Masculino,No,N/A,SOLO DAÑOS,Choque,Arrancar sin precaucion,Calle 38 A Sur Carrera 41,ZONA CENTRO,Urbana,"(6.168560755, -75.587015366)"
2181481,06/02/2018,1:45 p.m.,sábado,AUTOMOVIL,N/A,Conductor,Femenino,No,N/A,SOLO DAÑOS,Choque,No respetar pelacion de interseccion o giros,Calle 27 D Sur Carrera 27 B,EL CHOCHO,Urbana,"(6.169224506, -75.571738164)"
2181481,06/02/2018,1:45 p.m.,sábado,AUTOMOVIL,N/A,Conductor,Femenino,No,N/A,SOLO DAÑOS,Choque,No respetar pelacion de interseccion o giros,Calle 27 D Sur Carrera 27 B,EL CHOCHO,Urbana,"(6.169224506, -75.571738164)"
2181465,06/02/2018,9:50 a.m.,sábado,MOTOCICLETA,N/A,Motociclista,Masculino,No,N/A,HERIDO,Choque,No mantener distancia de seguridad,Carrera 43 A Calle 49 D Sur,LAS CASITAS,Urbana,"(6.160795834, -75.600647982)"
2181465,06/02/2018,9:50 a.m.,sábado,MOTOCICLETA,N/A,Motociclista,Masculino,No,N/A,HERIDO,Choque,No mantener distancia de seguridad,Carrera 43 A Calle 49 D Sur,LAS CASITAS,Urbana,"(6.160795834, -75.600647982)"
2181507,06/02/2018,2:50 a.m.,sábado,AUTOMOVIL,N/A,Conductor,Masculino,No,N/A,SOLO DAÑOS,Choque,Desobedecer senales,Carrera 43 A Calle 25 A Sur,VILLA GRANDE,Urbana,"(6.181504184, -75.581741498)"
2181507,06/02/2018,2:50 a.m.,sábado,AUTOMOVIL,N/A,Conductor,Sin Registro,No,N/A,SOLO DAÑOS,Choque,Desobedecer senales,Carrera 43 A Calle 25 A Sur,VILLA GRANDE,Urbana,"(6.181504184, -75.581741498)"
2181485,06/03/2018,6:20 a.m.,domingo,CAMPERO,N/A,Conductor,Masculino,No,N/A,SOLO DAÑOS,Choque,Desobedecer senales,Tramo 373 Kilometro  7,VEREDA PALMAS,Rural,
2181485,06/03/2018,6:20 a.m.,domingo,MOTOCICLETA,N/A,Motociclista,Masculino,No,N/A,SOLO DAÑOS,Choque,Desobedecer senales,Tramo 373 Kilometro  7,VEREDA PALMAS,Rural,
2181493,06/03/2018,2:25 p.m.,domingo,BUS,N/A,Conductor,Masculino,No,N/A,SOLO DAÑOS,Choque,Vehiculo mal estacionado,Carrera 42 Calle 38  Sur,ZONA CENTRO,Urbana,"(6.169595447, -75.587281681)"
2181493,06/03/2018,2:25 p.m.,domingo,AUTOMOVIL,N/A,Conductor,Femenino,No,N/A,SOLO DAÑOS,Choque,Vehiculo mal estacionado,Carrera 42 Calle 38  Sur,ZONA CENTRO,Urbana,"(6.169595447, -75.587281681)"
2181482,06/03/2018,2:15 a.m.,domingo,MOTOCICLETA,N/A,Motociclista,Masculino,Si,1,HERIDO,Choque,Embriaguez aparente,Carrera 40 Calle 38  Sur,ZONA CENTRO,Urbana,"(6.168682985, -75.585870246)"
2181489,06/03/2018,1:30 p.m.,domingo,AUTOMOVIL,N/A,Conductor,Masculino,No,N/A,SOLO DAÑOS,Choque,No respetar pelacion de interseccion o giros,Calle 37  Sur Carrera 36,MESA,Urbana,"(6.168044613, -75.583236971)"
2181489,06/03/2018,1:30 p.m.,domingo,AUTOMOVIL,N/A,Conductor,Masculino,No,N/A,SOLO DAÑOS,Choque,No respetar pelacion de interseccion o giros,Calle 37  Sur Carrera 36,MESA,Urbana,"(6.168044613, -75.583236971)"
2181484,06/03/2018,2:50 a.m.,domingo,MOTOCICLETA,N/A,Motociclista,Masculino,No,N/A,HERIDO,Caida Ocupante,Impericia en el manejo,Tramo 372 Kilometro  14,VEREDA PALMAS,Rural,
2181483,06/03/2018,11:57 a.m.,domingo,CAMIONETA,N/A,Conductor,Femenino,No,N/A,SOLO DAÑOS,Choque,No mantener distancia de seguridad,Tramo 372 Kilometro  12,VEREDA PALMAS,Rural,
2181483,06/03/2018,11:57 a.m.,domingo,MOTOCICLETA,N/A,Motociclista,Masculino,No,N/A,SOLO DAÑOS,Choque,No mantener distancia de seguridad,Tramo 372 Kilometro  12,VEREDA PALMAS,Rural,
2181498,06/04/2018,6:20 p.m.,lunes,AUTOMOVIL,N/A,Conductor,Femenino,No,N/A,SOLO DAÑOS,Choque,No mantener distancia de seguridad,Calle 25  Sur Carrera 43 A,LAS ORQUIDEAS,Urbana,"(6.181560189, -75.582016491)"
2181498,06/04/2018,6:20 p.m.,lunes,CAMIONETA,N/A,Conductor,Femenino,No,N/A,SOLO DAÑOS,Choque,No mantener distancia de seguridad,Calle 25  Sur Carrera 43 A,LAS ORQUIDEAS,Urbana,"(6.181560189, -75.582016491)"
2181488,06/04/2018,10:30 a.m.,lunes,AUTOMOVIL,N/A,Conductor,Masculino,No,N/A,HERIDO,Atropello,Impericia en el manejo,Calle 38 A Sur Carrera 46,ALCALA,Urbana,"(6.171457357, -75.591576633)"
2181509,06/05/2018,7:00 p.m.,martes,MOTOCICLETA,N/A,Motociclista,Masculino,No,N/A,SOLO DAÑOS,Choque,Impericia en el manejo,Carrera 27 Calle 25 C Sur,EL ESMERALDAL,Urbana,"(6.171126194, -75.565913085)"
2181509,06/05/2018,7:00 p.m.,martes,AUTOMOVIL,N/A,Conductor,Femenino,No,N/A,SOLO DAÑOS,Choque,Impericia en el manejo,Carrera 27 Calle 25 C Sur,EL ESMERALDAL,Urbana,"(6.171126194, -75.565913085)"
2181501,06/05/2018,12:05 a.m.,martes,BUS,N/A,Conductor,Masculino,No,N/A,SOLO DAÑOS,Choque,Desobedecer senales,Carrera 48 Calle 27 A Sur,LAS VEGAS,Urbana,"(6.181312425, -75.58688511)"
2181501,06/05/2018,12:05 a.m.,martes,CAMIONETA,N/A,Conductor,Femenino,No,N/A,SOLO DAÑOS,Choque,Impericia en el manejo,Carrera 48 Calle 27 A Sur,LAS VEGAS,Urbana,"(6.181312425, -75.58688511)"
2181514,06/05/2018,5:00 p.m.,martes,CAMIONETA,N/A,Conductor,Masculino,No,N/A,SOLO DAÑOS,Choque,Poner en marcha un vehiculo sin precauci,Calle 30  Sur Carrera 43 A,JARDINES,Urbana,"(6.177126039, -75.585250895)"
2181501,06/05/2018,12:05 a.m.,martes,CAMIONETA,N/A,Conductor,Femenino,No,N/A,SOLO DAÑOS,Choque,Desobedecer senales,Carrera 48 Calle 27 A Sur,LAS VEGAS,Urbana,"(6.181312425, -75.58688511)"
2181501,06/05/2018,12:05 a.m.,martes,BUS,N/A,Conductor,Masculino,No,N/A,SOLO DAÑOS,Choque,Impericia en el manejo,Carrera 48 Calle 27 A Sur,LAS VEGAS,Urbana,"(6.181312425, -75.58688511)"
2181514,06/05/2018,5:00 p.m.,martes,AUTOMOVIL,N/A,Conductor,Femenino,No,N/A,SOLO DAÑOS,Choque,Poner en marcha un vehiculo sin precauci,Calle 30  Sur Carrera 43 A,JARDINES,Urbana,"(6.177126039, -75.585250895)"
2181500,06/05/2018,1:15 p.m.,martes,AUTOMOVIL,N/A,Conductor,Femenino,No,N/A,SOLO DAÑOS,Choque,Reverso imprudente,Calle 37  Sur Carrera 41,ZONA CENTRO,Urbana,"(6.169855492, -75.586196006)"
2181500,06/05/2018,1:15 p.m.,martes,AUTOMOVIL,N/A,Conductor,Sin Registro,No,N/A,SOLO DAÑOS,Choque,Reverso imprudente,Calle 37  Sur Carrera 41,ZONA CENTRO,Urbana,"(6.169855492, -75.586196006)"
2181504,06/05/2018,10:20 a.m.,martes,AUTOMOVIL,N/A,Conductor,Masculino,No,N/A,SOLO DAÑOS,Choque,Semaforo en rojo,Calle 36  Sur Carrera 41,ZONA CENTRO,Urbana,"(6.170639628, -75.58578509)"
2181504,06/05/2018,10:20 a.m.,martes,CAMIONETA,N/A,Conductor,Masculino,No,N/A,SOLO DAÑOS,Choque,Semaforo en rojo,Calle 36  Sur Carrera 41,ZONA CENTRO,Urbana,"(6.170639628, -75.58578509)"
2181506,06/05/2018,1:29 p.m.,martes,CAMIONETA,N/A,Conductor,Sin Registro,No,N/A,SOLO DAÑOS,Choque,Arrancar sin precaucion,Carrera 44 A Calle 38 A Sur,ALCALA,Urbana,"(6.17023674, -75.58996608)"
2181506,06/05/2018,1:29 p.m.,martes,MOTOCICLETA,N/A,Motociclista,Femenino,No,N/A,SOLO DAÑOS,Choque,Arrancar sin precaucion,Carrera 44 A Calle 38 A Sur,ALCALA,Urbana,"(6.17023674, -75.58996608)"
2181506,06/05/2018,1:29 p.m.,martes,AUTOMOVIL,N/A,Conductor,Masculino,No,N/A,SOLO DAÑOS,Choque,Arrancar sin precaucion,Carrera 44 A Calle 38 A Sur,ALCALA,Urbana,"(6.17023674, -75.58996608)"
2181510,06/05/2018,4:30 p.m.,martes,BUSETA,N/A,Conductor,Masculino,No,N/A,MUERTO,Caida Ocupante,Poner en marcha un vehiculo sin precauci,Tramo 371 Kilometro  4,VEREDA EL ESCOBERO,Rural,
2181515,06/05/2018,6:35 a.m.,martes,MOTOCICLETA,N/A,Motociclista,Masculino,No,N/A,SOLO DAÑOS,Choque,No mantener distancia de seguridad,Carrera 50 Calle 39 A Sur,LAS VEGAS,Urbana,
2181515,06/05/2018,6:35 a.m.,martes,AUTOMOVIL,N/A,Conductor,Femenino,No,N/A,SOLO DAÑOS,Choque,No mantener distancia de seguridad,Carrera 50 Calle 39 A Sur,LAS VEGAS,Urbana,
2181517,06/05/2018,12:40 a.m.,martes,CAMIONETA,N/A,Conductor,Masculino,No,N/A,SOLO DAÑOS,Choque,No respetar pelacion de interseccion o giros,Carrera 42 B Calle 26 A Sur,LAS ORQUIDEAS,Urbana,"(6.177282566, -75.579838163)"
2181517,06/05/2018,12:40 a.m.,martes,MOTOCICLETA,N/A,Motociclista,Masculino,No,N/A,SOLO DAÑOS,Choque,No respetar pelacion de interseccion o giros,Carrera 42 B Calle 26 A Sur,LAS ORQUIDEAS,Urbana,"(6.177282566, -75.579838163)"
2181522,06/05/2018,3:50 p.m.,martes,AUTOMOVIL,N/A,Conductor,Masculino,No,N/A,HERIDO,Choque,Desobedecer senales,Carrera 48 Calle 25  Sur,LAS VEGAS,Urbana,"(6.185059174, -75.58329333)"
2181522,06/05/2018,3:50 p.m.,martes,MOTOCICLETA,N/A,Motociclista,Masculino,No,N/A,HERIDO,Choque,Desobedecer senales,Carrera 48 Calle 25  Sur,LAS VEGAS,Urbana,"(6.185059174, -75.58329333)"
2181528,06/06/2018,4:00 p.m.,miércoles,MOTOCICLETA,N/A,Motociclista,Masculino,No,N/A,SOLO DAÑOS,Choque,Desobedecer senales,Diagonal 31 E Transversal 32 A Sur,LA MAGNOLIA,Urbana,"(6.174681134, -75.578471041)"
2181525,06/06/2018,1:00 p.m.,miércoles,CAMIONETA,N/A,Conductor,Femenino,No,N/A,SOLO DAÑOS,Choque,Impericia en el manejo,Carrera 27 AA Calle 37 B Sur,LOMA DE LAS BRUJAS,Urbana,
2181528,06/06/2018,4:00 p.m.,miércoles,AUTOMOVIL,N/A,Conductor,Masculino,No,N/A,SOLO DAÑOS,Choque,Impericia en el manejo,Diagonal 31 E Transversal 32 A Sur,LA MAGNOLIA,Urbana,"(6.174681134, -75.578471041)"