RADICADO,FECHA,HORA,DÍA DE LA SEMANA,CLASE DE VEHICULO,TIPO DE SERVICIO,TIPO DE VICTIMA,SEXO,ESTADO DE BEODEZ,RESULTADO DE BEODEZ,GRAVEDAD,CLASE DE ACCIDENTE,CAUSA,DIRECCIÓN,BARRIO,AREA,Coordenadas
2181528,06/06/2018,4:00 p.m.,miércoles,AUTOMOVIL,N/A,Conductor,Masculino,No,N/A,SOLO DAÑOS,Choque,Desobedecer senales,Diagonal 31 E Transversal 32 A Sur,LA MAGNOLIA,Urbana,"(6.174681134, -75.578471041)"
2181528,06/06/2018,4:00 p.m.,miércoles,MOTOCICLETA,N/A,Motociclista,Masculino,No,N/A,SOLO DAÑOS,Choque,Impericia en el manejo,Diagonal 31 E Transversal 32 A Sur,LA MAGNOLIA,Urbana,"(6.174681134, -75.578471041)"
2181513,06/06/2018,6:10 a.m.,miércoles,AUTOMOVIL,N/A,Conductor,Femenino,No,N/A,SOLO DAÑOS,Choque,Adelantar invadiendo carril del mismo sentido en zigzag,Carrera 41 Calle 38 A Sur,ZONA CENTRO,Urbana,"(6.168440346, -75.586988056)"
2181544,06/07/2018,12:20 a.m.,jueves,AUTOMOVIL,N/A,Conductor,Femenino,No,N/A,HERIDO,Atropello,Cruzar en diagonal,Carrera 43 A Calle 40  Sur,ALCALA,Urbana,"(6.168044687, -75.59026877)"
2181513,06/06/2018,6:10 a.m.,miércoles,BUS,N/A,Conductor,Masculino,No,N/A,SOLO DAÑOS,Choque,Adelantar invadiendo carril del mismo sentido en zigzag,Carrera 41 Calle 38 A Sur,ZONA CENTRO,Urbana,"(6.168440346, -75.586988056)"
2181518,06/06/2018,5:30 p.m.,miércoles,AUTOMOVIL,N/A,Conductor,Masculino,No,N/A,SOLO DAÑOS,Choque,No respetar prelacion,Calle 30  Sur Carrera 46 A,JARDINES,Urbana,"(6.179166125, -75.587495869)"
2181518,06/06/2018,5:30 p.m.,miércoles,MOTOCICLETA,N/A,Motociclista,Masculino,No,N/A,SOLO DAÑOS,Choque,No respetar prelacion,Calle 30  Sur Carrera 46 A,JARDINES,Urbana,"(6.179166125, -75.587495869)"
2181512,06/06/2018,10:30 p.m.,miércoles,MOTOCICLETA,N/A,Motociclista,Masculino,No,N/A,SOLO DAÑOS,Choque,Impericia en el manejo,Tramo 12 Kilometro  10,VEREDA PALMAS,Rural,
2181512,06/06/2018,10:30 p.m.,miércoles,AUTOMOVIL,N/A,Conductor,Masculino,No,N/A,SOLO DAÑOS,Choque,Impericia en el manejo,Tramo 12 Kilometro  10,VEREDA PALMAS,Rural,
2181527,06/06/2018,12:35 a.m.,miércoles,BUS,N/A,Conductor,Masculino,No,N/A,SOLO DAÑOS,Choque,No respetar pelacion de interseccion o giros,Diagonal 32 Transversal 34 D Sur,LOS NARANJOS,Urbana,"(6.171707481, -75.580948111)"
2181511,06/06/2018,9:35 p.m.,miércoles,AUTOMOVIL,N/A,Conductor,Masculino,No,N/A,SOLO DAÑOS,Choque,No respetar pelacion de interseccion o giros,Calle 32  Sur Carrera 45 B,EL PORTAL,Urbana,"(6.17690285, -75.588461995)"
2181511,06/06/2018,9:35 p.m.,miércoles,MOTOCICLETA,N/A,Motociclista,Masculino,No,N/A,SOLO DAÑOS,Choque,No respetar pelacion de interseccion o giros,Calle 32  Sur Carrera 45 B,EL PORTAL,Urbana,"(6.17690285, -75.588461995)"
2181527,06/06/2018,12:35 a.m.,miércoles,AUTOMOVIL,N/A,Conductor,Masculino,No,N/A,SOLO DAÑOS,Choque,No respetar pelacion de interseccion o giros,Diagonal 32 Transversal 34 D Sur,LOS NARANJOS,Urbana,"(6.171707481, -75.580948111)"
2181526,06/06/2018,11:50 a.m.,miércoles,CAMPERO,N/A,Conductor,Masculino,No,N/A,SOLO DAÑOS,Choque,Adelantar cerrando,Carrera 50 Calle 32  Sur,LAS VEGAS,Urbana,"(6.178248378, -75.591688281)"
2181526,06/06/2018,11:50 a.m.,miércoles,CAMIONETA,N/A,Conductor,Masculino,No,N/A,SOLO DAÑOS,Choque,Adelantar cerrando,Carrera 50 Calle 32  Sur,LAS VEGAS,Urbana,"(6.178248378, -75.591688281)"
2181521,06/06/2018,12:55 a.m.,miércoles,MOTOCICLETA,N/A,Motociclista,Masculino,No,N/A,HERIDO,Otro,Huecos,Carrera 43 A Calle 39  Sur,EL DORADO,Urbana,"(6.169011071, -75.589484903)"
2181519,06/07/2018,8:00 a.m.,jueves,MOTOCICLETA,N/A,Motociclista,Masculino,No,N/A,HERIDO,Choque,No mantener distancia de seguridad,Carrera 50 Calle 50  Sur,LAS VEGAS,Urbana,
2181519,06/07/2018,8:00 a.m.,jueves,MOTOCICLETA,N/A,Motociclista,Femenino,No,N/A,HERIDO,Choque,No mantener distancia de seguridad,Carrera 50 Calle 50  Sur,LAS VEGAS,Urbana,
2181530,06/07/2018,12:08 a.m.,jueves,CAMIONETA,N/A,Conductor,Femenino,No,N/A,SOLO DAÑOS,Choque,Arrancar sin precaucion,Carrera 40 Calle 36  Sur,ZONA CENTRO,Urbana,"(6.17006539, -75.585029162)"
2181530,06/07/2018,12:08 a.m.,jueves,AUTOMOVIL,N/A,Conductor,Sin Registro,No,N/A,SOLO DAÑOS,Choque,Arrancar sin precaucion,Carrera 40 Calle 36  Sur,ZONA CENTRO,Urbana,"(6.17006539, -75.585029162)"
2181553,06/07/2018,9:15 p.m.,jueves,AUTOMOVIL,N/A,Conductor,Masculino,No,N/A,SOLO DAÑOS,Choque,No mantener distancia de seguridad,Calle 37  Sur Carrera 50,LAS VEGAS,Urbana,
2181553,06/07/2018,9:15 p.m.,jueves,AUTOMOVIL,N/A,Conductor,Sin Registro,No,N/A,SOLO DAÑOS,Choque,No mantener distancia de seguridad,Calle 37  Sur Carrera 50,LAS VEGAS,Urbana,
2181529,06/07/2018,9:10 a.m.,jueves,CAMIONETA,N/A,Conductor,Sin Registro,No,N/A,SOLO DAÑOS,Choque,Adelantar cerrando,Carrera 50 Calle 37  Sur,LAS VEGAS,Urbana,
2181529,06/07/2018,9:10 a.m.,jueves,AUTOMOVIL,N/A,Conductor,Masculino,No,N/A,SOLO DAÑOS,Choque,Adelantar cerrando,Carrera 50 Calle 37  Sur,LAS VEGAS,Urbana,
2181540,06/07/2018,6:25 a.m.,jueves,CAMION,N/A,Conductor,Masculino,No,N/A,HERIDO,Choque,Impericia en el manejo,Tramo 373 Kilometro  13,VEREDA PALMAS,Rural,
2181540,06/07/2018,6:25 a.m.,jueves,MOTOCICLETA,N/A,Motociclista,Femenino,No,N/A,HERIDO,Choque,Impericia en el manejo,Tramo 373 Kilometro  13,VEREDA PALMAS,Rural,
2181552,06/07/2018,7:10 a.m.,jueves,BUS,N/A,Conductor,Masculino,No,N/A,SOLO DAÑOS,Choque,Desobedecer senales,Carrera 42 Calle 36  Sur,ZONA CENTRO,Urbana,"(6.170966181, -75.586463499)"
2181552,06/07/2018,7:10 a.m.,jueves,MOTOCICLETA,N/A,Motociclista,Masculino,No,N/A,SOLO DAÑOS,Choque,Desobedecer senales,Carrera 42 Calle 36  Sur,ZONA CENTRO,Urbana,"(6.170966181, -75.586463499)"
2181532,06/07/2018,5:30 p.m.,jueves,CAMPERO,N/A,Conductor,Masculino,No,N/A,SOLO DAÑOS,Choque,Adelantar por la derecha,Calle 34  Sur Carrera 47,EL PORTAL,Urbana,"(6.175152875, -75.590256231)"
2181532,06/07/2018,5:30 p.m.,jueves,MOTOCICLETA,N/A,Motociclista,Masculino,No,N/A,SOLO DAÑOS,Choque,Adelantar por la derecha,Calle 34  Sur Carrera 47,EL PORTAL,Urbana,"(6.175152875, -75.590256231)"
2181549,06/07/2018,5:30 p.m.,jueves,AUTOMOVIL,N/A,Conductor,Femenino,No,N/A,SOLO DAÑOS,Choque,Desobedecer senales,Tramo 373 Kilometro  10,VEREDA PALMAS,Rural,
2181549,06/07/2018,5:30 p.m.,jueves,AUTOMOVIL,N/A,Conductor,Masculino,No,N/A,SOLO DAÑOS,Choque,Desobedecer senales,Tramo 373 Kilometro  10,VEREDA PALMAS,Rural,
2181550,06/07/2018,8:30 a.m.,jueves,BUS,N/A,Conductor,Masculino,No,N/A,SOLO DAÑOS,Choque,No mantener distancia de seguridad,Calle 38  Sur Carrera 42,ZONA CENTRO,Urbana,"(6.16961293, -75.587384695)"
2181550,06/07/2018,8:30 a.m.,jueves,MOTOCICLETA,N/A,Motociclista,Masculino,No,N/A,SOLO DAÑOS,Choque,No mantener distancia de seguridad,Calle 38  Sur Carrera 42,ZONA CENTRO,Urbana,"(6.16961293, -75.587384695)"
2181550,06/07/2018,8:30 a.m.,jueves,CAMIONETA,N/A,Conductor,Masculino,No,N/A,SOLO DAÑOS,Choque,No mantener distancia de seguridad,Calle 38  Sur Carrera 42,ZONA CENTRO,Urbana,"(6.16961293, -75.587384695)"
2181536,06/07/2018,7:40 p.m.,jueves,MOTOCICLETA,N/A,Motociclista,Masculino,No,N/A,HERIDO,Choque,Defectos fisicos y psiquicos,Carrera 50 Calle 25  Sur,LAS VEGAS,Urbana,"(6.186515998, -75.585125414)"
2181523,06/07/2018,8:45 a.m.,jueves,BUS,N/A,Conductor,Femenino,No,N/A,SOLO DAÑOS,Choque,Estacionar sin seguridad,Calle 49  Sur Carrera 48,LAS VEGAS,Urbana,"(6.163238618, -75.602507178)"
2181523,06/07/2018,8:45 a.m.,jueves,CAMIONETA,N/A,Conductor,Femenino,No,N/A,SOLO DAÑOS,Choque,Estacionar sin seguridad,Calle 49  Sur Carrera 48,LAS VEGAS,Urbana,"(6.163238618, -75.602507178)"
2181531,06/07/2018,11:45 a.m.,jueves,AUTOMOVIL,N/A,Conductor,Femenino,No,N/A,SOLO DAÑOS,Choque,Adelantar cerrando,Calle 36 D Sur Carrera 27,VEREDA EL ESCOBERO,Urbana,"(6.162479576, -75.570222573)"
2181531,06/07/2018,11:45 a.m.,jueves,MOTOCICLETA,N/A,Motociclista,Masculino,No,N/A,SOLO DAÑOS,Choque,Adelantar cerrando,Calle 36 D Sur Carrera 27,VEREDA EL ESCOBERO,Urbana,"(6.162479576, -75.570222573)"
2181543,06/07/2018,9:40 p.m.,jueves,MOTOCICLETA,N/A,Motociclista,Masculino,No,N/A,HERIDO,Atropello,Impericia en el manejo,Carrera 42 Calle 40 DD Sur,EL DORADO,Urbana,"(6.166161402, -75.589772893)"
2181543,06/07/2018,9:40 p.m.,jueves,MOTOCICLETA,N/A,Motociclista,Masculino,No,N/A,HERIDO,Atropello,Salir por delante de un vehiculo,Carrera 42 Calle 40 DD Sur,EL DORADO,Urbana,"(6.166161402, -75.589772893)"
2181520,06/07/2018,10:50 a.m.,jueves,MOTOCICLETA,N/A,Motociclista,Masculino,No,N/A,HERIDO,Choque,Adelantar cerrando,Carrera 27 B Calle 51  Sur,LOMA DE LAS BRUJAS,Urbana,
2181520,06/07/2018,10:50 a.m.,jueves,CAMION,N/A,Conductor,Masculino,No,N/A,HERIDO,Choque,Adelantar cerrando,Carrera 27 B Calle 51  Sur,LOMA DE LAS BRUJAS,Urbana,
2181555,06/08/2018,4:00 a.m.,viernes,CAMION,N/A,Conductor,Masculino,No,N/A,SOLO DAÑOS,Choque,Estacionar sin seguridad,Calle 29  Sur Carrera 25,EL CHOCHO,Urbana,"(6.167240191, -75.564674215)"
2181542,06/08/2018,6:10 p.m.,viernes,CAMION,N/A,Conductor,Masculino,No,N/A,SOLO DAÑOS,Choque,Reverso imprudente,Calle 43  Sur Carrera 49,LAS VEGAS,Urbana,
2181542,06/08/2018,6:10 p.m.,viernes,AUTOMOVIL,N/A,Conductor,Masculino,No,N/A,SOLO DAÑOS,Choque,Reverso imprudente,Calle 43  Sur Carrera 49,LAS VEGAS,Urbana,
2181555,06/08/2018,4:00 a.m.,viernes,AUTOMOVIL,N/A,Conductor,Femenino,No,N/A,SOLO DAÑOS,Choque,Estacionar sin seguridad,Calle 29  Sur Carrera 25,EL CHOCHO,Urbana,"(6.167240191, -75.564674215)"
2181560,06/08/2018,4:00 a.m.,viernes,CAMIONETA,N/A,Conductor,Sin Registro,Si,3,HERIDO,Choque,Embriaguez o droga,Tramo 373 Kilometro  11,VEREDA PALMAS,Rural,
2181560,06/08/2018,4:00 a.m.,viernes,CAMIONETA,N/A,Conductor,Masculino,No,N/A,HERIDO,Choque,Embriaguez o droga,Tramo 373 Kilometro  11,VEREDA PALMAS,Rural,
2181558,06/08/2018,10:20 a.m.,viernes,MOTOCICLETA,N/A,Motociclista,Masculino,No,N/A,SOLO DAÑOS,Choque,Pasar semaforo en rojo,Calle 38  Sur Carrera 41,ZONA CENTRO,Urbana,"(6.169244976, -75.586588065)"
2181558,06/08/2018,10:20 a.m.,viernes,AUTOMOVIL,N/A,Conductor,Masculino,No,N/A,SOLO DAÑOS,Choque,Pasar semaforo en rojo,Calle 38  Sur Carrera 41,ZONA CENTRO,Urbana,"(6.169244976, -75.586588065)"
2181551,06/08/2018,7:20 a.m.,viernes,AUTOMOVIL,N/A,Conductor,Masculino,No,N/A,SOLO DAÑOS,Choque,No mantener distancia de seguridad,Carrera 48 Calle 19  Sur,LAS VEGAS,Urbana,"(6.187349001, -75.581535682)"
2181551,06/08/2018,7:20 a.m.,viernes,AUTOMOVIL,N/A,Conductor,Masculino,No,N/A,SOLO DAÑOS,Choque,No mantener distancia de seguridad,Carrera 48 Calle 19  Sur,LAS VEGAS,Urbana,"(6.187349001, -75.581535682)"
2181569,06/08/2018,4:30 p.m.,viernes,AUTOMOVIL,N/A,Conductor,Masculino,No,N/A,SOLO DAÑOS,Choque,Reverso imprudente,Carrera 48 Calle 48  Sur,LAS VEGAS,Urbana,"(6.164595282, -75.601380414)"
2181569,06/08/2018,4:30 p.m.,viernes,CAMIONETA,N/A,Conductor,Masculino,No,N/A,SOLO DAÑOS,Choque,Reverso imprudente,Carrera 48 Calle 48  Sur,LAS VEGAS,Urbana,"(6.164595282, -75.601380414)"
2181571,06/08/2018,12:30 a.m.,viernes,AUTOMOVIL,N/A,Conductor,Masculino,No,N/A,SOLO DAÑOS,Choque,Adelantar invadiendo carril del mismo sentido en zigzag,Carrera 48 Calle 48  Sur,LAS VEGAS,Urbana,"(6.164595282, -75.601380414)"
2181571,06/08/2018,12:30 a.m.,viernes,MOTOCICLETA,N/A,Motociclista,Masculino,No,N/A,SOLO DAÑOS,Choque,Adelantar invadiendo carril del mismo sentido en zigzag,Carrera 48 Calle 48  Sur,LAS VEGAS,Urbana,"(6.164595282, -75.601380414)"
2181538,06/08/2018,6:50 a.m.,viernes,AUTOMOVIL,N/A,Conductor,Masculino,No,N/A,HERIDO,Choque,Adelantar invadiendo carril de sentido contrario,Tramo 373 Kilometro  14,VEREDA PALMAS,Rural,
2181538,06/08/2018,6:50 a.m.,viernes,MOTOCICLETA,N/A,Motociclista,Masculino,No,N/A,HERIDO,Choque,Adelantar invadiendo carril de sentido contrario,Tramo 373 Kilometro  14,VEREDA PALMAS,Rural,
2181535,06/09/2018,10:00 p.m.,sábado,AUTOMOVIL,N/A,Conductor,Femenino,No,N/A,SOLO DAÑOS,Choque,Impericia en el manejo,Calle 40 C Sur Carrera 29,LA MINA,Urbana,"(6.160404351, -75.582515029)"
2181535,06/09/2018,10:00 p.m.,sábado,MOTOCICLETA,N/A,Motociclista,Masculino,No,N/A,SOLO DAÑOS,Choque,Impericia en el manejo,Calle 40 C Sur Carrera 29,LA MINA,Urbana,"(6.160404351, -75.582515029)"
2181535,06/09/2018,10:00 p.m.,sábado,AUTOMOVIL,N/A,Conductor,Femenino,No,N/A,SOLO DAÑOS,Choque,Impericia en el manejo,Calle 40 C Sur Carrera 29,LA MINA,Urbana,"(6.160404351, -75.582515029)"
2181533,06/09/2018,10:00 a.m.,sábado,AUTOMOVIL,N/A,Conductor,Masculino,No,N/A,HERIDO,Atropello,Impericia en el manejo,Calle 40 B Sur Carrera 28,LA MINA,Urbana,"(6.159817381, -75.581776017)"
2181533,06/09/2018,10:00 a.m.,sábado,AUTOMOVIL,N/A,Conductor,Sin Registro,No,N/A,HERIDO,Atropello,Impericia en el manejo,Calle 40 B Sur Carrera 28,LA MINA,Urbana,"(6.159817381, -75.581776017)"
2181562,06/09/2018,12:00 a.m.,sábado,AUTOMOVIL,N/A,Conductor,Masculino,No,N/A,SOLO DAÑOS,Choque,Adelantar por la derecha,Carrera 39 Calle 38  Sur,ZONA CENTRO,Urbana,"(6.168272399, -75.585220918)"
2181562,06/09/2018,12:00 a.m.,sábado,MOTOCICLETA,N/A,Motociclista,Masculino,No,N/A,SOLO DAÑOS,Choque,No mantener distancia de seguridad,Carrera 39 Calle 38  Sur,ZONA CENTRO,Urbana,"(6.168272399, -75.585220918)"
2181562,06/09/2018,12:00 a.m.,sábado,MOTOCICLETA,N/A,Motociclista,Masculino,No,N/A,SOLO DAÑOS,Choque,Adelantar por la derecha,Carrera 39 Calle 38  Sur,ZONA CENTRO,Urbana,"(6.168272399, -75.585220918)"
2181562,06/09/2018,12:00 a.m.,sábado,AUTOMOVIL,N/A,Conductor,Masculino,No,N/A,SOLO DAÑOS,Choque,No mantener distancia de seguridad,Carrera 39 Calle 38  Sur,ZONA CENTRO,Urbana,"(6.168272399, -75.585220918)"
2181541,06/09/2018,2:00 p.m.,sábado,TRACTOCAMION,N/A,Conductor,Masculino,No,N/A,SOLO DAÑOS,Choque,Impericia en el manejo,Calle 38 A Sur Carrera 36,MESA,Urbana,"(6.166666222, -75.584118268)"
2181537,06/09/2018,11:00 a.m.,sábado,AUTOMOVIL,N/A,Conductor,Masculino,No,N/A,SOLO DAÑOS,Choque,No mantener distancia de seguridad,Calle 38  Sur Carrera 39,ZONA CENTRO,Urbana,"(6.16839174, -75.585247797)"
2181537,06/09/2018,11:00 a.m.,sábado,CAMIONETA,N/A,Conductor,Masculino,No,N/A,SOLO DAÑOS,Choque,No mantener distancia de seguridad,Calle 38  Sur Carrera 39,ZONA CENTRO,Urbana,"(6.16839174, -75.585247797)"
2181548,06/09/2018,11:00 a.m.,sábado,CAMIONETA,N/A,Conductor,Masculino,No,N/A,SOLO DAÑOS,Choque,Impericia en el manejo,Carrera 48 Calle 25 AA Sur,LAS VEGAS,Urbana,"(6.183765745, -75.584690349)"
2181548,06/09/2018,11:00 a.m.,sábado,CAMPERO,N/A,Conductor,Masculino,No,N/A,SOLO DAÑOS,Choque,Impericia en el manejo,Carrera 48 Calle 25 AA Sur,LAS VEGAS,Urbana,"(6.183765745, -75.584690349)"
2181546,06/09/2018,7:05 a.m.,sábado,AUTOMOVIL,N/A,Conductor,Masculino,No,N/A,SOLO DAÑOS,Choque,Impericia en el manejo,Calle 39 B Sur Carrera 31,MESA,Urbana,"(6.163600542, -75.58243463)"
2181546,06/09/2018,7:05 a.m.,sábado,MOTOCICLETA,N/A,Motociclista,Masculino,No,N/A,SOLO DAÑOS,Choque,Impericia en el manejo,Calle 39 B Sur Carrera 31,MESA,Urbana,"(6.163600542, -75.58243463)"
2181539,06/09/2018,9:35 a.m.,sábado,AUTOMOVIL,N/A,Conductor,Masculino,No,N/A,SOLO DAÑOS,Choque,No mantener distancia de seguridad,Carrera 50 Calle 37  Sur,LAS VEGAS,Urbana,
2181539,06/09/2018,9:35 a.m.,sábado,CAMION,N/A,Conductor,Masculino,No,N/A,SOLO DAÑOS,Choque,No mantener distancia de seguridad,Carrera 50 Calle 37  Sur,LAS VEGAS,Urbana,
2181539,06/09/2018,9:35 a.m.,sábado,AUTOMOVIL,N/A,Conductor,Masculino,No,N/A,SOLO DAÑOS,Choque,No mantener distancia de seguridad,Carrera 50 Calle 37  Sur,LAS VEGAS,Urbana,
2181565,06/10/2018,9:00 p.m.,domingo,AUTOMOVIL,N/A,Conductor,Femenino,No,N/A,SOLO DAÑOS,Choque,No mantener distancia de seguridad,Tramo 373 Kilometro  13,VEREDA PALMAS,Rural,
2181565,06/10/2018,9:00 p.m.,domingo,CAMIONETA,N/A,Conductor,Masculino,No,N/A,SOLO DAÑOS,Choque,No mantener distancia de seguridad,Tramo 373 Kilometro  13,VEREDA PALMAS,Rural,
2181564,06/10/2018,9:25 p.m.,domingo,AUTOMOVIL,N/A,Conductor,Femenino,No,N/A,SOLO DAÑOS,Choque,Impericia en el manejo,Calle 26  Sur Carrera 43 A,ZU├æIGA,Urbana,"(6.180841534, -75.582938146)"
2181564,06/10/2018,9:25 p.m.,domingo,CAMIONETA,N/A,Conductor,Masculino,No,N/A,SOLO DAÑOS,Choque,Impericia en el manejo,Calle 26  Sur Carrera 43 A,ZU├æIGA,Urbana,"(6.180841534, -75.582938146)"
2181534,06/10/2018,8:50 a.m.,domingo,BUSETA,N/A,Conductor,Masculino,No,N/A,HERIDO,Choque,Semaforo en rojo,Calle 45 B Sur Carrera 43,LA PAZ,Urbana,"(6.164485785, -75.594678415)"
2181534,06/10/2018,8:50 a.m.,domingo,MOTOCICLETA,N/A,Motociclista,Masculino,No,N/A,HERIDO,Choque,Semaforo en rojo,Calle 45 B Sur Carrera 43,LA PAZ,Urbana,"(6.164485785, -75.594678415)"
2181585,06/11/2018,3:00 p.m.,lunes,MOTOCICLETA,N/A,Motociclista,Masculino,No,N/A,HERIDO,Choque,Transitar distante de la acera u orilla,Tramo 376 Kilometro  7,VEREDA PERICO,Rural,
2181547,06/11/2018,7:10 p.m.,lunes,AUTOMOVIL,N/A,Conductor,Masculino,No,N/A,SOLO DAÑOS,Choque,No mantener distancia de seguridad,Carrera 48 Calle 38  Sur,LAS VEGAS,Urbana,"(6.172747818, -75.592698171)"
2181547,06/11/2018,7:10 p.m.,lunes,CAMIONETA,N/A,Conductor,Femenino,No,N/A,SOLO DAÑOS,Choque,No mantener distancia de seguridad,Carrera 48 Calle 38  Sur,LAS VEGAS,Urbana,"(6.172747818, -75.592698171)"
2181585,06/11/2018,3:00 p.m.,lunes,CAMIONETA,N/A,Conductor,Femenino,No,N/A,HERIDO,Choque,Transitar distante de la acera u orilla,Tramo 376 Kilometro  7,VEREDA PERICO,Rural,
2181556,06/11/2018,11:15 p.m.,lunes,AUTOMOVIL,N/A,Conductor,Masculino,No,N/A,SOLO DAÑOS,Choque,Desobedecer senales,Calle 39  Sur Carrera 37,MESA,Urbana,"(6.166324664, -75.585039754)"
2181556,06/11/2018,11:15 p.m.,lunes,AUTOMOVIL,N/A,Conductor,Masculino,No,N/A,SOLO DAÑOS,Choque,Desobedecer senales,Calle 39  Sur Carrera 37,MESA,Urbana,"(6.166324664, -75.585039754)"
2181545,06/11/2018,4:30 p.m.,lunes,MOTOCICLETA,N/A,Motociclista,Masculino,No,N/A,HERIDO,Choque,Impericia en el manejo,Carrera 27 G Calle 36 D Sur,VEREDA EL ESCOBERO,Urbana,"(6.166212839, -75.576914109)"
2181568,06/11/2018,5:50 p.m.,lunes,AUTOMOVIL,N/A,Conductor,Masculino,No,N/A,SOLO DAÑOS,Choque,No mantener distancia de seguridad,Carrera 43 A Calle 21  Sur,ZU├æIGA,Urbana,"(6.183599544, -75.579409862)"
2181568,06/11/2018,5:50 p.m.,lunes,MOTOCICLETA,N/A,Motociclista,Masculino,No,N/A,SOLO DAÑOS,Choque,No mantener distancia de seguridad,Carrera 43 A Calle 21  Sur,ZU├æIGA,Urbana,"(6.183599544, -75.579409862)"
2181568,06/11/2018,5:50 p.m.,lunes,AUTOMOVIL,N/A,Conductor,Masculino,No,N/A,SOLO DAÑOS,Choque,No mantener distancia de seguridad,Carrera 43 A Calle 21  Sur,ZU├æIGA,Urbana,"(6.183599544, -75.579409862)"
2181567,06/12/2018,1:00 p.m.,martes,BUS,N/A,Conductor,Masculino,No,N/A,SOLO DAÑOS,Choque,No mantener distancia de seguridad,Calle 36  Sur Carrera 43 A,ZONA CENTRO,Urbana,"(6.171868319, -75.587748226)"
2181567,06/12/2018,1:00 p.m.,martes,AUTOMOVIL,N/A,Conductor,Femenino,No,N/A,SOLO DAÑOS,Choque,No mantener distancia de seguridad,Calle 36  Sur Carrera 43 A,ZONA CENTRO,Urbana,"(6.171868319, -75.587748226)"
2170089,01/15/2017,1:50 p.m.,domingo,AUTOMOVIL,PARTICULAR,Conductor,Masculino,NO,N/A,SOLO DAÑOS,Choque,Otra,Tramo 372 Kilometro  7,VEREDA PALMAS,Rural,
2181573,06/12/2018,11:00 a.m.,martes,CAMPERO,N/A,Conductor,Masculino,No,N/A,HERIDO,Choque,Impericia en el manejo,Calle 27  Sur Carrera 28,EL ESMERALDAL,Urbana,"(6.175346318, -75.574583402)"
2181573,06/12/2018,11:00 a.m.,martes,MOTOCICLETA,N/A,Motociclista,Masculino,No,N/A,HERIDO,Choque,Impericia en el manejo,Calle 27  Sur Carrera 28,EL ESMERALDAL,Urbana,"(6.175346318, -75.574583402)"
2181557,06/12/2018,7:20 p.m.,martes,MOTOCICLETA,N/A,Motociclista,Masculino,No,N/A,HERIDO,Caida Ocupante,Fallas en las llantas,Carrera 50 Calle 46 A,LAS VEGAS,Urbana,
2181563,06/12/2018,4:20 p.m.,martes,CAMIONETA,N/A,Conductor,Masculino,No,N/A,SOLO DAÑOS,Choque,No respetar prelacion,Carrera 50 Calle 43  Sur,LAS VEGAS,Urbana,
2181563,06/12/2018,4:20 p.m.,martes,TRACTOCAMION,N/A,Conductor,Masculino,No,N/A,SOLO DAÑOS,Choque,No respetar prelacion,Carrera 50 Calle 43  Sur,LAS VEGAS,Urbana,
2181559,06/12/2018,4:30 p.m.,martes,VOLQUETA,N/A,Conductor,Masculino,No,N/A,SOLO DAÑOS,Choque,No mantener distancia de seguridad,Carrera 48 Calle 50  Sur,LAS VEGAS,Urbana,
2181559,06/12/2018,4:30 p.m.,martes,CAMIONETA,N/A,Conductor,Femenino,No,N/A,SOLO DAÑOS,Choque,No mantener distancia de seguridad,Carrera 48 Calle 50  Sur,LAS VEGAS,Urbana,
2181566,06/12/2018,1:32 p.m.,martes,AUTOMOVIL,N/A,Conductor,Femenino,No,N/A,SOLO DAÑOS,Choque,Reverso imprudente,Carrera 44 A Calle 32 C Sur,SAN MARCOS,Urbana,"(6.174790171, -75.587030096)"
2181566,06/12/2018,1:32 p.m.,martes,CAMIONETA,N/A,Conductor,Masculino,No,N/A,SOLO DAÑOS,Choque,Reverso imprudente,Carrera 44 A Calle 32 C Sur,SAN MARCOS,Urbana,"(6.174790171, -75.587030096)"
2181566,06/12/2018,1:32 p.m.,martes,MOTOCICLETA,N/A,Motociclista,Femenino,No,N/A,SOLO DAÑOS,Choque,Reverso imprudente,Carrera 44 A Calle 32 C Sur,SAN MARCOS,Urbana,"(6.174790171, -75.587030096)"
2181575,06/12/2018,8:20 p.m.,martes,CAMIONETA,N/A,Conductor,Masculino,No,N/A,SOLO DAÑOS,Choque,Impericia en el manejo,Calle 36 D Sur Carrera 24,VEREDA EL ESCOBERO,Urbana,"(6.157425668, -75.56691387)"
2181570,06/12/2018,5:40 a.m.,martes,AUTOMOVIL,N/A,Conductor,Femenino,No,N/A,SOLO DAÑOS,Choque,Impericia en el manejo,Calle 40 A Sur Carrera 25 AA,LA MINA,Urbana,"(6.154962416, -75.580959858)"
2181570,06/12/2018,5:40 a.m.,martes,AUTOMOVIL,N/A,Conductor,Masculino,No,N/A,SOLO DAÑOS,Choque,Impericia en el manejo,Calle 40 A Sur Carrera 25 AA,LA MINA,Urbana,"(6.154962416, -75.580959858)"
2181561,06/12/2018,5:40 p.m.,martes,CAMPERO,N/A,Conductor,Femenino,No,N/A,SOLO DAÑOS,Choque,No mantener distancia de seguridad,Carrera 48 Calle 50  Sur,LAS VEGAS,Urbana,