RADICADO,FECHA,HORA,DÍA DE LA SEMANA,CLASE DE VEHICULO,TIPO DE SERVICIO,TIPO DE VICTIMA,SEXO,ESTADO DE BEODEZ,RESULTADO DE BEODEZ,GRAVEDAD,CLASE DE ACCIDENTE,CAUSA,DIRECCIÓN,BARRIO,AREA,Coordenadas
2181561,06/12/2018,5:40 p.m.,martes,MOTOCICLETA,N/A,Motociclista,Masculino,No,N/A,SOLO DAÑOS,Choque,No mantener distancia de seguridad,Carrera 48 Calle 50  Sur,LAS VEGAS,Urbana,
2181607,06/12/2018,4:50 p.m.,martes,CAMIONETA,N/A,Conductor,Masculino,No,N/A,HERIDO,Choque,Impericia en el manejo,Tramo 373 Kilometro  11,VEREDA PALMAS,Rural,
2181598,06/13/2018,9:00 a.m.,miércoles,AUTOMOVIL,N/A,Conductor,Masculino,No,N/A,SOLO DAÑOS,Choque,No mantener distancia de seguridad,Carrera 50 Calle 37  Sur,LAS VEGAS,Urbana,
2181598,06/13/2018,9:00 a.m.,miércoles,CAMION,N/A,Conductor,Masculino,No,N/A,SOLO DAÑOS,Choque,No mantener distancia de seguridad,Carrera 50 Calle 37  Sur,LAS VEGAS,Urbana,
2181574,06/13/2018,4:00 p.m.,miércoles,BUS,N/A,Conductor,Masculino,No,N/A,HERIDO,Caida Ocupante,Descender o subir del vehiculo en marcha,Calle 40  Sur Carrera 24 DD,EL SALADO,Urbana,"(6.148659703, -75.577240589)"
2181582,06/13/2018,12:25 a.m.,miércoles,MOTOCICLETA,N/A,Motociclista,Masculino,No,N/A,HERIDO,Choque,Impericia en el manejo,Carrera 43 B Calle 45 B Sur,LA PAZ,Urbana,
2181582,06/13/2018,12:25 a.m.,miércoles,MOTOCICLETA,N/A,Motociclista,Masculino,No,N/A,HERIDO,Choque,Impericia en el manejo,Carrera 43 B Calle 45 B Sur,LA PAZ,Urbana,
2181577,06/13/2018,4:40 p.m.,miércoles,CAMION,N/A,Conductor,Masculino,No,N/A,SOLO DAÑOS,Choque,No mantener distancia de seguridad,Calle 37  Sur Carrera 48,LAS VEGAS,Urbana,"(6.17412211, -75.593061115)"
2181577,06/13/2018,4:40 p.m.,miércoles,BUS,N/A,Conductor,Femenino,No,N/A,SOLO DAÑOS,Choque,No mantener distancia de seguridad,Calle 37  Sur Carrera 48,LAS VEGAS,Urbana,"(6.17412211, -75.593061115)"
2181587,06/13/2018,9:40 p.m.,miércoles,MOTOCICLETA,N/A,Motociclista,Masculino,No,N/A,HERIDO,Caida Ocupante,Obstaculos en la via,Calle 36 D Sur Carrera 27 D,VEREDA EL ESCOBERO,Urbana,"(6.164970853, -75.574637268)"
2181576,06/13/2018,8:50 a.m.,miércoles,BUS,N/A,Conductor,Masculino,No,N/A,SOLO DAÑOS,Choque,No mantener distancia de seguridad,Carrera 43 A Calle 48 C Sur,LAS CASITAS,Urbana,"(6.162218777, -75.597644457)"
2181576,06/13/2018,8:50 a.m.,miércoles,AUTOMOVIL,N/A,Conductor,Femenino,No,N/A,SOLO DAÑOS,Choque,No mantener distancia de seguridad,Carrera 43 A Calle 48 C Sur,LAS CASITAS,Urbana,"(6.162218777, -75.597644457)"
2181578,06/14/2018,1:05 p.m.,jueves,CAMIONETA,N/A,Conductor,Masculino,No,N/A,SOLO DAÑOS,Choque,Desobedecer senales,Calle 21 B Sur Carrera 48,LAS VEGAS,Urbana,
2181578,06/14/2018,1:05 p.m.,jueves,MOTOCICLETA,N/A,Motociclista,Masculino,No,N/A,SOLO DAÑOS,Choque,Desobedecer senales,Calle 21 B Sur Carrera 48,LAS VEGAS,Urbana,
2181580,06/14/2018,2:00 p.m.,jueves,AUTOMOVIL,N/A,Conductor,Masculino,No,N/A,SOLO DAÑOS,Choque,No mantener distancia de seguridad,Diagonal 33 Transversal 35 C Sur,LOS NARANJOS,Urbana,"(6.168993586, -75.581795627)"
2181580,06/14/2018,2:00 p.m.,jueves,CAMPERO,N/A,Conductor,Femenino,No,N/A,SOLO DAÑOS,Choque,No mantener distancia de seguridad,Diagonal 33 Transversal 35 C Sur,LOS NARANJOS,Urbana,"(6.168993586, -75.581795627)"
2181597,06/14/2018,5:10 a.m.,jueves,BUSETA,N/A,Conductor,Masculino,No,N/A,SOLO DAÑOS,Choque,Impericia en el manejo,Carrera 43 A Calle 23  Sur,ZU├æIGA,Urbana,"(6.182555831, -75.580177931)"
2181615,06/14/2018,6:10 p.m.,jueves,AUTOMOVIL,N/A,Conductor,Masculino,No,N/A,SOLO DAÑOS,Choque,Adelantar cerrando,Calle 36  Sur Carrera 27 B,LA INMACULADA,Urbana,"(6.167598765, -75.572615819)"
2181615,06/14/2018,6:10 p.m.,jueves,AUTOMOVIL,N/A,Conductor,Femenino,No,N/A,SOLO DAÑOS,Choque,Adelantar cerrando,Calle 36  Sur Carrera 27 B,LA INMACULADA,Urbana,"(6.167598765, -75.572615819)"
2181599,06/14/2018,12:15 a.m.,jueves,BUS,N/A,Conductor,Masculino,No,N/A,SOLO DAÑOS,Choque,No mantener distancia de seguridad,Tramo 372 Kilometro  15,VEREDA PALMAS,Rural,
2181599,06/14/2018,12:15 a.m.,jueves,CAMIONETA,N/A,Conductor,Masculino,No,N/A,SOLO DAÑOS,Choque,No mantener distancia de seguridad,Tramo 372 Kilometro  15,VEREDA PALMAS,Rural,
2181599,06/14/2018,12:15 a.m.,jueves,CAMIONETA,N/A,Conductor,Masculino,No,N/A,SOLO DAÑOS,Choque,No mantener distancia de seguridad,Tramo 372 Kilometro  15,VEREDA PALMAS,Rural,
2181589,06/14/2018,5:30 a.m.,jueves,CAMPERO,N/A,Conductor,Masculino,No,N/A,SOLO DAÑOS,Choque,Superficie humeda,Tramo 372 Kilometro  14,VEREDA PALMAS,Rural,
2181581,06/14/2018,5:20 p.m.,jueves,AUTOMOVIL,N/A,Conductor,Masculino,No,N/A,SOLO DAÑOS,Choque,No respetar prelacion,Carrera 48 Calle 50  Sur,LAS CASITAS,Urbana,
2181581,06/14/2018,5:20 p.m.,jueves,AUTOMOVIL,N/A,Conductor,Masculino,No,N/A,SOLO DAÑOS,Choque,No respetar prelacion,Carrera 48 Calle 50  Sur,LAS CASITAS,Urbana,
2181579,06/14/2018,5:30 p.m.,jueves,BUS,N/A,Conductor,Masculino,No,N/A,SOLO DAÑOS,Choque,No mantener distancia de seguridad,Carrera 43 A Calle 25 A Sur,LAS ORQUIDEAS,Urbana,"(6.181504184, -75.581741498)"
2181600,06/14/2018,4:30 p.m.,jueves,AUTOMOVIL,N/A,Conductor,Femenino,No,N/A,SOLO DAÑOS,Choque,No respetar prelacion,Carrera 43 A Calle 48 C Sur,LAS CASITAS,Urbana,"(6.162218777, -75.597644457)"
2181579,06/14/2018,5:30 p.m.,jueves,AUTOMOVIL,N/A,Conductor,Masculino,No,N/A,SOLO DAÑOS,Choque,No mantener distancia de seguridad,Carrera 43 A Calle 25 A Sur,LAS ORQUIDEAS,Urbana,"(6.181504184, -75.581741498)"
2181586,06/14/2018,1:30 p.m.,jueves,CAMIONETA,N/A,Conductor,Masculino,No,N/A,HERIDO,Choque,No mantener distancia de seguridad,Carrera 50 Calle 30  Sur,LAS VEGAS,Urbana,
2181586,06/14/2018,1:30 p.m.,jueves,MOTOCICLETA,N/A,Motociclista,Masculino,No,N/A,HERIDO,Choque,No mantener distancia de seguridad,Carrera 50 Calle 30  Sur,LAS VEGAS,Urbana,
2181600,06/14/2018,4:30 p.m.,jueves,AUTOMOVIL,N/A,Conductor,Masculino,No,N/A,SOLO DAÑOS,Choque,No respetar prelacion,Carrera 43 A Calle 48 C Sur,LAS CASITAS,Urbana,"(6.162218777, -75.597644457)"
2181583,06/14/2018,5:40 a.m.,jueves,AUTOMOVIL,N/A,Conductor,Masculino,No,N/A,HERIDO,Choque,No mantener distancia de seguridad,Carrera 48 Calle 25 AA Sur,LAS VEGAS,Urbana,"(6.183765745, -75.584690349)"
2181583,06/14/2018,5:40 a.m.,jueves,MOTOCICLETA,N/A,Motociclista,Femenino,No,N/A,HERIDO,Choque,No mantener distancia de seguridad,Carrera 48 Calle 25 AA Sur,LAS VEGAS,Urbana,"(6.183765745, -75.584690349)"
2181588,06/14/2018,8:45 a.m.,jueves,MOTOCICLETA,N/A,Motociclista,Masculino,No,N/A,HERIDO,Caida Ocupante,Impericia en el manejo,Tramo 371 Kilometro  1,VEREDA EL ESCOBERO,Rural,
2181584,06/14/2018,4:50 a.m.,jueves,AUTOMOVIL,N/A,Conductor,Masculino,No,N/A,HERIDO,Choque,No mantener distancia de seguridad,Carrera 48 Calle 25 AA Sur,LAS VEGAS,Urbana,"(6.183765745, -75.584690349)"
2181584,06/14/2018,4:50 a.m.,jueves,MOTOCICLETA,N/A,Motociclista,Femenino,No,N/A,HERIDO,Choque,No mantener distancia de seguridad,Carrera 48 Calle 25 AA Sur,LAS VEGAS,Urbana,"(6.183765745, -75.584690349)"
2181605,06/15/2018,7:10 p.m.,viernes,CAMPERO,N/A,Conductor,Masculino,No,N/A,SOLO DAÑOS,Choque,Adelantar invadiendo carril del mismo sentido en zigzag,Carrera 43 A Calle 25  Sur,AVENIDA EL POBLADO,Urbana,"(6.181616833, -75.581857267)"
2181605,06/15/2018,7:10 p.m.,viernes,AUTOMOVIL,N/A,Conductor,Femenino,No,N/A,SOLO DAÑOS,Choque,Adelantar invadiendo carril del mismo sentido en zigzag,Carrera 43 A Calle 25  Sur,AVENIDA EL POBLADO,Urbana,"(6.181616833, -75.581857267)"
2181648,06/15/2018,3:00 p.m.,viernes,CAMION,N/A,Conductor,Masculino,No,N/A,SOLO DAÑOS,Choque,Estacionar sin seguridad,Tramo 372 Kilometro  12,VEREDA PALMAS,Rural,
2181596,06/15/2018,8:00 p.m.,viernes,AUTOMOVIL,N/A,Conductor,Masculino,No,N/A,SOLO DAÑOS,Choque,No mantener distancia de seguridad,Carrera 50 Calle 46 A Sur,LAS VEGAS,Urbana,"(6.16131219, -75.603198185)"
2181648,06/15/2018,3:00 p.m.,viernes,CAMIONETA,N/A,Conductor,Masculino,No,N/A,SOLO DAÑOS,Choque,Estacionar sin seguridad,Tramo 372 Kilometro  12,VEREDA PALMAS,Rural,
2181596,06/15/2018,8:00 p.m.,viernes,AUTOMOVIL,N/A,Conductor,Femenino,No,N/A,SOLO DAÑOS,Choque,No mantener distancia de seguridad,Carrera 50 Calle 46 A Sur,LAS VEGAS,Urbana,"(6.16131219, -75.603198185)"
2181593,06/15/2018,5:00 p.m.,viernes,AUTOMOVIL,N/A,Conductor,Masculino,No,N/A,SOLO DAÑOS,Choque,No mantener distancia de seguridad,Carrera 48 Calle 50  Sur,LAS VEGAS,Urbana,
2181593,06/15/2018,5:00 p.m.,viernes,CAMIONETA,N/A,Conductor,Masculino,No,N/A,SOLO DAÑOS,Choque,No mantener distancia de seguridad,Carrera 48 Calle 50  Sur,LAS VEGAS,Urbana,
2181594,06/15/2018,5:10 p.m.,viernes,AUTOMOVIL,N/A,Conductor,Femenino,No,N/A,SOLO DAÑOS,Choque,Impericia en el manejo,Tramo 372 Kilometro  17,VEREDA PALMAS,Rural,
2181594,06/15/2018,5:10 p.m.,viernes,AUTOMOVIL,N/A,Conductor,Femenino,No,N/A,SOLO DAÑOS,Choque,Impericia en el manejo,Tramo 372 Kilometro  17,VEREDA PALMAS,Rural,
2181604,06/15/2018,1:10 p.m.,viernes,MOTOCICLETA,N/A,Motociclista,Femenino,No,N/A,HERIDO,Choque,Adelantar invadiendo carril del mismo sentido en zigzag,Carrera 8 Calle 46  Sur,LAS VEGAS,Urbana,
2181604,06/15/2018,1:10 p.m.,viernes,MOTOCICLETA,N/A,Motociclista,Masculino,No,N/A,HERIDO,Choque,Adelantar invadiendo carril del mismo sentido en zigzag,Carrera 8 Calle 46  Sur,LAS VEGAS,Urbana,
2181595,06/15/2018,2:10 p.m.,viernes,AUTOMOVIL,N/A,Conductor,Masculino,No,N/A,SOLO DAÑOS,Choque,No mantener distancia de seguridad,Calle 37  Sur Carrera 50,LAS VEGAS,Urbana,
2181595,06/15/2018,2:10 p.m.,viernes,CAMION,N/A,Conductor,Masculino,No,N/A,SOLO DAÑOS,Choque,No mantener distancia de seguridad,Calle 37  Sur Carrera 50,LAS VEGAS,Urbana,
2181602,06/15/2018,10:15 a.m.,viernes,AUTOMOVIL,N/A,Conductor,Masculino,No,N/A,HERIDO,Choque,Desobedecer senales,Carrera 42 B Calle 46 C Sur,LA PAZ,Urbana,"(6.161304496, -75.594874118)"
2181602,06/15/2018,10:15 a.m.,viernes,MOTOCICLETA,N/A,Motociclista,Masculino,No,N/A,HERIDO,Choque,Desobedecer senales,Carrera 42 B Calle 46 C Sur,LA PAZ,Urbana,"(6.161304496, -75.594874118)"
2181602,06/15/2018,10:15 a.m.,viernes,CAMIONETA,N/A,Conductor,Masculino,No,N/A,HERIDO,Choque,Desobedecer senales,Carrera 42 B Calle 46 C Sur,LA PAZ,Urbana,"(6.161304496, -75.594874118)"
2181614,06/15/2018,7:30 p.m.,viernes,MOTOCICLETA,N/A,Motociclista,Masculino,No,N/A,HERIDO,Choque,Adelantar por la derecha,Carrera 50 Calle 25  Sur,LAS VEGAS,Urbana,"(6.186515998, -75.585125414)"
2181614,06/15/2018,7:30 p.m.,viernes,MOTOCICLETA,N/A,Motociclista,Masculino,No,N/A,HERIDO,Choque,Adelantar por la derecha,Carrera 50 Calle 25  Sur,LAS VEGAS,Urbana,"(6.186515998, -75.585125414)"
2181601,06/15/2018,6:45 p.m.,viernes,BUS,N/A,Conductor,Masculino,No,N/A,HERIDO,Choque,Adelantar cerrando,Calle 38 A Sur Carrera 43 A,ZONA CENTRO,Urbana,"(6.169807343, -75.589125359)"
2181601,06/15/2018,6:45 p.m.,viernes,MOTOCICLETA,N/A,Motociclista,Masculino,No,N/A,HERIDO,Choque,Adelantar cerrando,Calle 38 A Sur Carrera 43 A,ZONA CENTRO,Urbana,"(6.169807343, -75.589125359)"
2181606,06/15/2018,2:50 p.m.,viernes,MOTOCICLETA,N/A,Motociclista,Masculino,No,N/A,HERIDO,Choque,No mantener distancia de seguridad,Calle 25 A Sur Carrera 42 B,ZU├æIGA,Urbana,"(6.181402463, -75.58167941)"
2181610,06/15/2018,7:50 a.m.,viernes,AUTOMOVIL,N/A,Conductor,Masculino,No,N/A,SOLO DAÑOS,Choque,No mantener distancia de seguridad,Carrera 48 Calle 43  Sur,LAS VEGAS,Urbana,"(6.168335134, -75.597233576)"
2181610,06/15/2018,7:50 a.m.,viernes,AUTOMOVIL,N/A,Conductor,Masculino,No,N/A,SOLO DAÑOS,Choque,No mantener distancia de seguridad,Carrera 48 Calle 43  Sur,LAS VEGAS,Urbana,"(6.168335134, -75.597233576)"
2181610,06/15/2018,7:50 a.m.,viernes,CAMPERO,N/A,Conductor,Masculino,No,N/A,SOLO DAÑOS,Choque,No mantener distancia de seguridad,Carrera 48 Calle 43  Sur,LAS VEGAS,Urbana,"(6.168335134, -75.597233576)"
2181606,06/15/2018,2:50 p.m.,viernes,MOTOCICLETA,N/A,Motociclista,Masculino,No,N/A,HERIDO,Choque,No mantener distancia de seguridad,Calle 25 A Sur Carrera 42 B,ZU├æIGA,Urbana,"(6.181402463, -75.58167941)"
2181590,06/16/2018,8:05 p.m.,sábado,AUTOMOVIL,N/A,Conductor,Femenino,No,N/A,SOLO DAÑOS,Choque,Adelantar invadiendo carril de sentido contrario,Calle 30  Sur Carrera 45 B,JARDINES,Urbana,"(6.179138184, -75.587457647)"
2181590,06/16/2018,8:05 p.m.,sábado,CAMIONETA,N/A,Conductor,Masculino,No,N/A,SOLO DAÑOS,Choque,Adelantar invadiendo carril de sentido contrario,Calle 30  Sur Carrera 45 B,JARDINES,Urbana,"(6.179138184, -75.587457647)"
2181591,06/16/2018,6:30 p.m.,sábado,CAMIONETA,N/A,Conductor,Masculino,No,N/A,SOLO DAÑOS,Choque,Reverso imprudente,Calle 36 AA Sur Carrera 26 A,EL CHOCHO,Urbana,"(6.164449671, -75.56797106)"
2181591,06/16/2018,6:30 p.m.,sábado,CAMIONETA,N/A,Conductor,Masculino,No,N/A,SOLO DAÑOS,Choque,Reverso imprudente,Calle 36 AA Sur Carrera 26 A,EL CHOCHO,Urbana,"(6.164449671, -75.56797106)"
2181613,06/16/2018,10:30 a.m.,sábado,AUTOMOVIL,N/A,Conductor,Femenino,No,N/A,SOLO DAÑOS,Choque,Desobedecer senales,Transversal 34 C Sur Calle 35  Sur,ZONA CENTRO,Urbana,"(6.172231013, -75.581268087)"
2181613,06/16/2018,10:30 a.m.,sábado,AUTOMOVIL,N/A,Conductor,Masculino,No,N/A,SOLO DAÑOS,Choque,Desobedecer senales,Transversal 34 C Sur Calle 35  Sur,ZONA CENTRO,Urbana,"(6.172231013, -75.581268087)"
2181612,06/16/2018,10:40 a.m.,sábado,AUTOMOVIL,N/A,Conductor,Masculino,No,N/A,SOLO DAÑOS,Choque,Impericia en el manejo,Carrera 50 Calle 19  Sur,LAS VEGAS,Urbana,
2181612,06/16/2018,10:40 a.m.,sábado,TRACTOCAMION,N/A,Conductor,Sin Registro,No,N/A,SOLO DAÑOS,Choque,Impericia en el manejo,Carrera 50 Calle 19  Sur,LAS VEGAS,Urbana,
2181616,06/16/2018,11:50 a.m.,sábado,AUTOMOVIL,N/A,Conductor,Femenino,No,N/A,HERIDO,Choque,No mantener distancia de seguridad,Calle 36  Sur Carrera 25,EL CHOCHO,Urbana,"(6.167194335, -75.564826277)"
2181616,06/16/2018,11:50 a.m.,sábado,CAMIONETA,N/A,Conductor,Masculino,No,N/A,HERIDO,Choque,No mantener distancia de seguridad,Calle 36  Sur Carrera 25,EL CHOCHO,Urbana,"(6.167194335, -75.564826277)"
2181609,06/17/2018,12:00 a.m.,domingo,CAMPERO,N/A,Conductor,Femenino,No,N/A,SOLO DAÑOS,Choque,No respetar pelacion de interseccion o giros,Calle 38  Sur Carrera 46,ALCALA,Urbana,"(6.171966643, -75.591369743)"
2181609,06/17/2018,12:00 a.m.,domingo,CAMIONETA,N/A,Conductor,Femenino,No,N/A,SOLO DAÑOS,Choque,No respetar pelacion de interseccion o giros,Calle 38  Sur Carrera 46,ALCALA,Urbana,"(6.171966643, -75.591369743)"
2181627,06/17/2018,12:00 a.m.,domingo,CAMION,N/A,Conductor,Masculino,No,N/A,SOLO DAÑOS,Choque,Reverso imprudente,Calle 39 A Sur Carrera 25,EL CHINGU├ì,Urbana,"(6.160591259, -75.580409281)"
2181624,06/17/2018,1:15 p.m.,domingo,AUTOMOVIL,N/A,Conductor,Masculino,No,N/A,SOLO DAÑOS,Choque,Impericia en el manejo,Calle 25 A Sur Carrera 45,VILLA GRANDE,Urbana,"(6.181898839, -75.582641556)"
2181624,06/17/2018,1:15 p.m.,domingo,MOTOCICLETA,N/A,Motociclista,Femenino,No,N/A,SOLO DAÑOS,Choque,Impericia en el manejo,Calle 25 A Sur Carrera 45,VILLA GRANDE,Urbana,"(6.181898839, -75.582641556)"
2181628,06/17/2018,11:30 a.m.,domingo,AUTOMOVIL,N/A,Conductor,Femenino,No,N/A,SOLO DAÑOS,Choque,Desobedecer senales,Carrera 33 Calle 38 A Sur,MESA,Urbana,"(6.165529346, -75.58252676)"
2181628,06/17/2018,11:30 a.m.,domingo,AUTOMOVIL,N/A,Conductor,Masculino,No,N/A,SOLO DAÑOS,Choque,Desobedecer senales,Carrera 33 Calle 38 A Sur,MESA,Urbana,"(6.165529346, -75.58252676)"
2181622,06/17/2018,2:40 p.m.,domingo,AUTOMOVIL,N/A,Conductor,Masculino,No,N/A,SOLO DAÑOS,Choque,No mantener distancia de seguridad,Calle 38 A Sur Carrera 38,MESA,Urbana,"(6.167339205, -75.585136359)"
2181622,06/17/2018,2:40 p.m.,domingo,AUTOMOVIL,N/A,Conductor,Masculino,No,N/A,SOLO DAÑOS,Choque,No mantener distancia de seguridad,Calle 38 A Sur Carrera 38,MESA,Urbana,"(6.167339205, -75.585136359)"
2181617,06/17/2018,1:40 p.m.,domingo,MOTOCICLETA,N/A,Motociclista,Masculino,No,N/A,HERIDO,Atropello,Cruzar sin observar,Carrera 42 Calle 40 DD Sur,EL DORADO,Urbana,"(6.166161402, -75.589772893)"
2181603,06/17/2018,3:44 p.m.,domingo,AUTOMOVIL,N/A,Conductor,Femenino,No,N/A,HERIDO,Atropello,Desobedecer senales,Calle 40 B Sur Carrera 27,LA MINA,Urbana,"(6.157910673, -75.581553601)"
2181592,06/17/2018,3:50 p.m.,domingo,AUTOMOVIL,N/A,Conductor,Masculino,No,N/A,SOLO DAÑOS,Choque,No mantener distancia de seguridad,Calle 50  Sur Carrera 48,LAS VEGAS,Urbana,
2181592,06/17/2018,3:50 p.m.,domingo,AUTOMOVIL,N/A,Conductor,Masculino,No,N/A,SOLO DAÑOS,Choque,No mantener distancia de seguridad,Calle 50  Sur Carrera 48,LAS VEGAS,Urbana,
2181618,06/17/2018,7:50 p.m.,domingo,AUTOMOVIL,N/A,Conductor,Masculino,No,N/A,HERIDO,Choque,Impericia en el manejo,Carrera 28 Calle 34 AA Sur,ALTO DE MISAEL,Urbana,"(6.17088169, -75.576600891)"
2181618,06/17/2018,7:50 p.m.,domingo,BICICLETA,N/A,Ciclista,Masculino,No,N/A,HERIDO,Choque,Impericia en el manejo,Carrera 28 Calle 34 AA Sur,ALTO DE MISAEL,Urbana,"(6.17088169, -75.576600891)"
2181611,06/18/2018,6:00 p.m.,lunes,AUTOMOVIL,N/A,Conductor,Femenino,No,N/A,SOLO DAÑOS,Choque,Adelantar cerrando,Carrera 43 Calle 37  Sur,ZONA CENTRO,Urbana,"(6.170611802, -75.587525918)"
2181611,06/18/2018,6:00 p.m.,lunes,BUS,N/A,Conductor,Femenino,No,N/A,SOLO DAÑOS,Choque,Adelantar cerrando,Carrera 43 Calle 37  Sur,ZONA CENTRO,Urbana,"(6.170611802, -75.587525918)"
2181629,06/18/2018,7:10 p.m.,lunes,MOTOCICLETA,N/A,Motociclista,Masculino,No,N/A,SOLO DAÑOS,Choque,Desobedecer senales,Calle 44  Sur Carrera 16 A,MILAN VALLEJUELOS,Urbana,
2181629,06/18/2018,7:10 p.m.,lunes,AUTOMOVIL,N/A,Conductor,Masculino,No,N/A,SOLO DAÑOS,Choque,Desobedecer senales,Calle 44  Sur Carrera 16 A,MILAN VALLEJUELOS,Urbana,
2181631,06/18/2018,5:00 p.m.,lunes,MOTOCICLETA,N/A,Motociclista,Masculino,No,N/A,HERIDO,Choque,Impericia en el manejo,Carrera 50 Calle 44  Sur,LAS VEGAS,Urbana,
2181631,06/18/2018,5:00 p.m.,lunes,AUTOMOVIL,N/A,Conductor,Masculino,No,N/A,HERIDO,Choque,No mantener distancia de seguridad,Carrera 50 Calle 44  Sur,LAS VEGAS,Urbana,
2181631,06/18/2018,5:00 p.m.,lunes,AUTOMOVIL,N/A,Conductor,Masculino,No,N/A,HERIDO,Choque,Impericia en el manejo,Carrera 50 Calle 44  Sur,LAS VEGAS,Urbana,
2181631,06/18/2018,5:00 p.m.,lunes,MOTOCICLETA,N/A,Motociclista,Masculino,No,N/A,HERIDO,Choque,No mantener distancia de seguridad,Carrera 50 Calle 44  Sur,LAS VEGAS,Urbana,
2181619,06/18/2018,7:20 p.m.,lunes,MOTOCICLETA,N/A,Motociclista,Masculino,No,N/A,HERIDO,Atropello,Cruzar en estado de embriaguez,Calle 38 A Sur Carrera 42,ZONA CENTRO,Urbana,"(6.169022232, -75.587722385)"
2181630,06/18/2018,6:27 a.m.,lunes,AUTOMOVIL,N/A,Conductor,Femenino,No,N/A,SOLO DAÑOS,Choque,Adelantar invadiendo carril del mismo sentido en zigzag,Calle 25  Sur Carrera 41,ZU├æIGA,Urbana,"(6.179145147, -75.577476499)"
2181630,06/18/2018,6:27 a.m.,lunes,BUSETA,N/A,Conductor,Masculino,No,N/A,SOLO DAÑOS,Choque,Adelantar invadiendo carril del mismo sentido en zigzag,Calle 25  Sur Carrera 41,ZU├æIGA,Urbana,"(6.179145147, -75.577476499)"
2181625,06/18/2018,7:15 a.m.,lunes,MOTOCICLETA,N/A,Motociclista,Masculino,No,N/A,HERIDO,Choque,Impericia en el manejo,Carrera 48 Calle 39  Sur,LAS VEGAS,Urbana,"(6.17163722, -75.593649993)"
2181625,06/18/2018,7:15 a.m.,lunes,MOTOCICLETA,N/A,Motociclista,Masculino,No,N/A,HERIDO,Choque,No mantener distancia de seguridad,Carrera 48 Calle 39  Sur,LAS VEGAS,Urbana,"(6.17163722, -75.593649993)"
2181625,06/18/2018,7:15 a.m.,lunes,MOTOCICLETA,N/A,Motociclista,Masculino,No,N/A,HERIDO,Choque,Impericia en el manejo,Carrera 48 Calle 39  Sur,LAS VEGAS,Urbana,"(6.17163722, -75.593649993)"
2181625,06/18/2018,7:15 a.m.,lunes,AUTOMOVIL,N/A,Conductor,Masculino,No,N/A,HERIDO,Choque,No mantener distancia de seguridad,Carrera 48 Calle 39  Sur,LAS VEGAS,Urbana,"(6.17163722, -75.593649993)"
2181625,06/18/2018,7:15 a.m.,lunes,AUTOMOVIL,N/A,Conductor,Masculino,No,N/A,HERIDO,Choque,Impericia en el manejo,Carrera 48 Calle 39  Sur,LAS VEGAS,Urbana,"(6.17163722, -75.593649993)"
2181625,06/18/2018,7:15 a.m.,lunes,MOTOCICLETA,N/A,Motociclista,Masculino,No,N/A,HERIDO,Choque,No mantener distancia de seguridad,Carrera 48 Calle 39  Sur,LAS VEGAS,Urbana,"(6.17163722, -75.593649993)"
2181621,06/18/2018,1:20 p.m.,lunes,AUTOMOVIL,N/A,Conductor,Femenino,No,N/A,SOLO DAÑOS,Choque,Impericia en el manejo,Carrera 39 A Calle 40 F Sur,EL DORADO,Urbana,"(6.163806572, -75.588918711)"
2181621,06/18/2018,1:20 p.m.,lunes,MOTOCICLETA,N/A,Motociclista,Masculino,No,N/A,SOLO DAÑOS,Choque,Impericia en el manejo,Carrera 39 A Calle 40 F Sur,EL DORADO,Urbana,"(6.163806572, -75.588918711)"
2181620,06/18/2018,2:20 p.m.,lunes,MOTOCICLETA,N/A,Motociclista,Masculino,No,N/A,HERIDO,Choque,No mantener distancia de seguridad,Carrera 50 Calle 27 A Sur,LAS VEGAS,Urbana,
2181620,06/18/2018,2:20 p.m.,lunes,MOTOCICLETA,N/A,Motociclista,Masculino,No,N/A,HERIDO,Choque,No mantener distancia de seguridad,Carrera 50 Calle 27 A Sur,LAS VEGAS,Urbana,
2181634,06/18/2018,5:45 p.m.,lunes,CAMPERO,N/A,Conductor,Femenino,No,N/A,SOLO DAÑOS,Choque,No mantener distancia de seguridad,Carrera 48 Calle 46  Sur,PRIMAVERA,Urbana,"(6.166195386, -75.599285489)"
2181634,06/18/2018,5:45 p.m.,lunes,AUTOMOVIL,N/A,Conductor,Masculino,No,N/A,SOLO DAÑOS,Choque,No mantener distancia de seguridad,Carrera 48 Calle 46  Sur,PRIMAVERA,Urbana,"(6.166195386, -75.599285489)"
2181623,06/19/2018,10:00 a.m.,martes,MOTOCICLETA,N/A,Motociclista,Masculino,No,N/A,HERIDO,Atropello,Pasar semaforo en rojo,Calle 38  Sur Carrera 43,ZONA CENTRO,Urbana,"(6.170061667, -75.587839128)"
2181632,06/19/2018,6:15 p.m.,martes,CAMION,N/A,Conductor,Masculino,No,N/A,HERIDO,Choque,Girar bruscamente,Calle 37  Sur Carrera 49,LAS VEGAS,Urbana,"(6.174789471, -75.594204243)"
2181632,06/19/2018,6:15 p.m.,martes,BICICLETA,N/A,Ciclista,Masculino,No,N/A,HERIDO,Choque,Girar bruscamente,Calle 37  Sur Carrera 49,LAS VEGAS,Urbana,"(6.174789471, -75.594204243)"