RADICADO,FECHA,HORA,DÍA DE LA SEMANA,CLASE DE VEHICULO,TIPO DE SERVICIO,TIPO DE VICTIMA,SEXO,ESTADO DE BEODEZ,RESULTADO DE BEODEZ,GRAVEDAD,CLASE DE ACCIDENTE,CAUSA,DIRECCIÓN,BARRIO,AREA,Coordenadas
2170161,01/21/2017,12:00 p.m.,sábado,AUTOMOVIL,PUBLICO,Conductor,Masculino,NO,N/A,SOLO DAÑOS,Choque,No mantener distancia de seguridad,Carrera 43 A Calle 31  Sur,JARDINES,Urbana,"(6.176754685, -75.585468966)"
2170161,01/21/2017,12:00 p.m.,sábado,CAMIONETA,PARTICULAR,Conductor,Masculino,NO,N/A,SOLO DAÑOS,Choque,No mantener distancia de seguridad,Carrera 43 A Calle 31  Sur,JARDINES,Urbana,"(6.176754685, -75.585468966)"
2170138,01/21/2017,1:30 p.m.,sábado,AUTOMOVIL,PARTICULAR,Conductor,Femenino,NO,N/A,HERIDO,Choque,Otra,Tramo 372 Kilometro  13,VEREDA PALMAS,Rural,
2170138,01/21/2017,1:30 p.m.,sábado,AUTOMOVIL,PARTICULAR,Conductor,Masculino,NO,N/A,HERIDO,Choque,Otra,Tramo 372 Kilometro  13,VEREDA PALMAS,Rural,
2170137,01/21/2017,8:20 p.m.,sábado,CAMPERO,PARTICULAR,Conductor,Femenino,NO,N/A,SOLO DAÑOS,Choque,No mantener distancia de seguridad,Carrera 48 Calle 38  Sur,LAS VEGAS,Urbana,"(6.172747818, -75.592698171)"
2170153,01/21/2017,4:20 p.m.,sábado,CAMION,PUBLICO,Conductor,Masculino,NO,N/A,SOLO DAÑOS,Choque,Otra,Carrera 41 Calle 40 H Sur,EL DORADO,Urbana,"(6.164528495, -75.590451061)"
2170153,01/21/2017,4:20 p.m.,sábado,AUTOMOVIL,PUBLICO,Conductor,Masculino,NO,N/A,SOLO DAÑOS,Choque,Otra,Carrera 41 Calle 40 H Sur,EL DORADO,Urbana,"(6.164528495, -75.590451061)"
2170137,01/21/2017,8:20 p.m.,sábado,CAMIONETA,PARTICULAR,Conductor,Masculino,NO,N/A,SOLO DAÑOS,Choque,No mantener distancia de seguridad,Carrera 48 Calle 38  Sur,LAS VEGAS,Urbana,"(6.172747818, -75.592698171)"
2170148,01/21/2017,5:20 p.m.,sábado,AUTOMOVIL,PARTICULAR,Conductor,Masculino,NO,N/A,HERIDO,Choque,Otra,Calle 43  Sur Carrera 50,LAS VEGAS,Urbana,"(6.159203801, -75.602594962)"
2170148,01/21/2017,5:20 p.m.,sábado,CAMIONETA,PARTICULAR,Conductor,Masculino,NO,N/A,HERIDO,Choque,Otra,Calle 43  Sur Carrera 50,LAS VEGAS,Urbana,"(6.159203801, -75.602594962)"
2170140,01/21/2017,9:00 p.m.,sábado,AUTOMOVIL,PARTICULAR,Conductor,Masculino,NO,N/A,SOLO DAÑOS,Choque,Reverso imprudente,Carrera 40 Calle 47  Sur,EL TRIANON,Urbana,"(6.159120887, -75.593927939)"
2170140,01/21/2017,9:00 p.m.,sábado,MOTOCICLETA,PARTICULAR,Motociclista,Masculino,NO,N/A,SOLO DAÑOS,Choque,Reverso imprudente,Carrera 40 Calle 47  Sur,EL TRIANON,Urbana,"(6.159120887, -75.593927939)"
2170175,01/21/2017,3:40 a.m.,sábado,AUTOMOVIL,PARTICULAR,Conductor,Masculino,NO,N/A,SOLO DAÑOS,Choque,Otra,Calle 27  Sur Carrera 28,EL ESMERALDAL,Urbana,"(6.175346318, -75.574583402)"
2170175,01/21/2017,3:40 a.m.,sábado,CAMIONETA,PARTICULAR,Conductor,Femenino,NO,N/A,SOLO DAÑOS,Choque,Otra,Calle 27  Sur Carrera 28,EL ESMERALDAL,Urbana,"(6.175346318, -75.574583402)"
2170162,01/21/2017,10:50 a.m.,sábado,AUTOMOVIL,PARTICULAR,Conductor,Masculino,NO,N/A,SOLO DAÑOS,Choque,No mantener distancia de seguridad,Calle 37  Sur Carrera 48,GLORIETA DE PELDAR,Urbana,"(6.17412211, -75.593061115)"
2170162,01/21/2017,10:50 a.m.,sábado,MOTOCICLETA,PARTICULAR,Motociclista,Masculino,NO,N/A,SOLO DAÑOS,Choque,No mantener distancia de seguridad,Calle 37  Sur Carrera 48,GLORIETA DE PELDAR,Urbana,"(6.17412211, -75.593061115)"
2170174,01/22/2017,7:30 p.m.,domingo,AUTOMOVIL,PUBLICO,Conductor,Masculino,NO,N/A,SOLO DAÑOS,Choque,Otra,Calle 32 B Sur Carrera 49,LAS VEGAS,Urbana,"(6.176640341, -75.589187574)"
2170174,01/22/2017,7:30 p.m.,domingo,AUTOMOVIL,PARTICULAR,Conductor,Masculino,NO,N/A,SOLO DAÑOS,Choque,Otra,Calle 32 B Sur Carrera 49,LAS VEGAS,Urbana,"(6.176640341, -75.589187574)"
2170149,01/22/2017,12:10 p.m.,domingo,BUS,PUBLICO,Conductor,Masculino,NO,N/A,SOLO DAÑOS,Choque,Otra,Calle 31 A Sur Carrera 43 A,SAN MARCOS,Urbana,"(6.17641909, -75.585561331)"
2170149,01/22/2017,12:10 p.m.,domingo,AUTOMOVIL,PARTICULAR,Conductor,Masculino,NO,N/A,SOLO DAÑOS,Choque,Otra,Calle 31 A Sur Carrera 43 A,SAN MARCOS,Urbana,"(6.17641909, -75.585561331)"
2170164,01/22/2017,2:30 p.m.,domingo,AUTOMOVIL,PARTICULAR,Conductor,Masculino,NO,N/A,HERIDO,Choque,Otra,Calle 40  Sur Carrera 24,EL SALADO,Urbana,"(6.147263187, -75.576335752)"
2170164,01/22/2017,2:30 p.m.,domingo,BICICLETA,N/A,Ciclista,Masculino,NO,N/A,HERIDO,Choque,Otra,Calle 40  Sur Carrera 24,EL SALADO,Urbana,"(6.147263187, -75.576335752)"
2170134,01/22/2017,8:50 p.m.,domingo,MOTOCICLETA,PARTICULAR,Motociclista,Masculino,SI,2,HERIDO,Choque,Embriaguez o droga,Calle 40  Sur Carrera 24,EL SALADO,Urbana,"(6.147263187, -75.576335752)"
2170170,01/22/2017,5:35 p.m.,domingo,AUTOMOVIL,PARTICULAR,Conductor,Masculino,NO,N/A,HERIDO,Atropello,Otra,Tramo 372 Kilometro  14,VEREDA PALMAS,Rural,
2170172,01/22/2017,4:50 p.m.,domingo,CAMIONETA,PARTICULAR,Conductor,Masculino,NO,N/A,SOLO DAÑOS,Choque,Otra,Carrera 48 Calle 26  Sur,LAS VEGAS,Urbana,"(6.183318111, -75.585537184)"
2170172,01/22/2017,4:50 p.m.,domingo,AUTOMOVIL,PARTICULAR,Conductor,Masculino,NO,N/A,SOLO DAÑOS,Choque,Otra,Carrera 48 Calle 26  Sur,LAS VEGAS,Urbana,"(6.183318111, -75.585537184)"
2170139,01/22/2017,2:40 a.m.,domingo,AUTOMOVIL,PUBLICO,Conductor,Masculino,NO,N/A,SOLO DAÑOS,Choque,Otra,Carrera 42 Calle 33 B Sur,ZONA CENTRO,Urbana,"(6.172431982, -75.585528606)"
2170139,01/22/2017,2:40 a.m.,domingo,AUTOMOVIL,PARTICULAR,Conductor,Masculino,NO,N/A,SOLO DAÑOS,Choque,Otra,Carrera 42 Calle 33 B Sur,ZONA CENTRO,Urbana,"(6.172431982, -75.585528606)"
2170168,01/23/2017,7:00 p.m.,lunes,BICICLETA,N/A,Ciclista,Masculino,NO,N/A,HERIDO,Atropello,Otra,Calle 37  Sur Carrera 41,ZONA CENTRO,Urbana,"(6.169855492, -75.586196006)"
2170185,01/23/2017,10:00 a.m.,lunes,MOTOCICLETA,PARTICULAR,Motociclista,Masculino,NO,N/A,SOLO DAÑOS,Choque,Otra,Calle 34 DD Sur Carrera 27 F,LAS VEGAS,Urbana,"(6.1706621, -75.575772717)"
2170185,01/23/2017,10:00 a.m.,lunes,AUTOMOVIL,PARTICULAR,Conductor,Masculino,NO,N/A,SOLO DAÑOS,Choque,Otra,Calle 34 DD Sur Carrera 27 F,LAS VEGAS,Urbana,"(6.1706621, -75.575772717)"
2170171,01/23/2017,5:15 p.m.,lunes,AUTOMOVIL,PARTICULAR,Conductor,Masculino,NO,N/A,SOLO DAÑOS,Choque,Desobedecer senales,Calle 31  Sur Carrera 45 A,JARDINES,Urbana,"(6.17732964, -75.587025837)"
2170171,01/23/2017,5:15 p.m.,lunes,MOTOCICLETA,PARTICULAR,Motociclista,Masculino,NO,N/A,SOLO DAÑOS,Choque,Desobedecer senales,Calle 31  Sur Carrera 45 A,JARDINES,Urbana,"(6.17732964, -75.587025837)"
2170173,01/23/2017,2:30 p.m.,lunes,AUTOMOVIL,PUBLICO,Conductor,Masculino,NO,N/A,HERIDO,Choque,Otra,Calle 40 H Sur Carrera 42,EL DORADO,Urbana,"(6.165615633, -75.590771507)"
2170173,01/23/2017,2:30 p.m.,lunes,MOTOCICLETA,PARTICULAR,Motociclista,Masculino,NO,N/A,HERIDO,Choque,Otra,Calle 40 H Sur Carrera 42,EL DORADO,Urbana,"(6.165615633, -75.590771507)"
2170179,01/23/2017,8:55 a.m.,lunes,AUTOMOVIL,PARTICULAR,Conductor,Femenino,NO,N/A,SOLO DAÑOS,Choque,Otra,Calle 46  Sur Carrera 48,LAS VEGAS,Urbana,"(6.162824447, -75.599686607)"
2170179,01/23/2017,8:55 a.m.,lunes,AUTOMOVIL,PARTICULAR,Conductor,Masculino,NO,N/A,SOLO DAÑOS,Choque,Otra,Calle 46  Sur Carrera 48,LAS VEGAS,Urbana,"(6.162824447, -75.599686607)"
2170179,01/23/2017,8:55 a.m.,lunes,AUTOMOVIL,PARTICULAR,Conductor,Femenino,NO,N/A,SOLO DAÑOS,Choque,Otra,Calle 46  Sur Carrera 48,LAS VEGAS,Urbana,"(6.162824447, -75.599686607)"
2170169,01/23/2017,3:55 p.m.,lunes,AUTOMOVIL,PARTICULAR,Conductor,Masculino,NO,N/A,HERIDO,Choque,Adelantar por la derecha,Carrera 48 Calle 39  Sur,ALCALA,Urbana,"(6.17163722, -75.593649993)"
2170169,01/23/2017,3:55 p.m.,lunes,MOTOCICLETA,PARTICULAR,Motociclista,Femenino,NO,N/A,HERIDO,Choque,Adelantar por la derecha,Carrera 48 Calle 39  Sur,ALCALA,Urbana,"(6.17163722, -75.593649993)"
2170177,01/24/2017,12:10 p.m.,martes,BUSETA,PUBLICO,Conductor,Masculino,NO,N/A,SOLO DAÑOS,Choque,Desobedecer senales,Carrera 31 Calle 39  Sur,MESA,Urbana,"(6.164231044, -75.581922053)"
2170177,01/24/2017,12:10 p.m.,martes,AUTOMOVIL,PUBLICO,Conductor,Masculino,NO,N/A,SOLO DAÑOS,Choque,Desobedecer senales,Carrera 31 Calle 39  Sur,MESA,Urbana,"(6.164231044, -75.581922053)"
2170180,01/24/2017,7:35 a.m.,martes,MOTOCICLETA,PARTICULAR,Motociclista,Masculino,NO,N/A,HERIDO,Choque,Otra,Carrera 50 Calle 30  Sur,LAS VEGAS,Urbana,
2170180,01/24/2017,7:35 a.m.,martes,MOTOCICLETA,PARTICULAR,Motociclista,Femenino,NO,N/A,HERIDO,Choque,Otra,Carrera 50 Calle 30  Sur,LAS VEGAS,Urbana,
2170176,01/24/2017,2:50 p.m.,martes,AUTOMOVIL,PUBLICO,Conductor,Masculino,NO,N/A,HERIDO,Choque,Otra,Carrera 48 Calle 39  Sur,LAS VEGAS,Urbana,"(6.17163722, -75.593649993)"
2170176,01/24/2017,2:50 p.m.,martes,MOTOCICLETA,PARTICULAR,Motociclista,Masculino,NO,N/A,HERIDO,Choque,Otra,Carrera 48 Calle 39  Sur,LAS VEGAS,Urbana,"(6.17163722, -75.593649993)"
2170178,01/24/2017,10:50 p.m.,martes,CAMIONETA,PARTICULAR,Conductor,Masculino,NO,N/A,SOLO DAÑOS,Choque,Otra,Carrera 50 Calle 37  Sur,LAS VEGAS,Urbana,
2170195,01/25/2017,5:20 p.m.,miércoles,MOTOCICLETA,PARTICULAR,Motociclista,Femenino,NO,N/A,HERIDO,Atropello,Otra,Carrera 26 Calle 40 D Sur,LA MINA,Urbana,"(6.157016525, -75.581806676)"
2170182,01/25/2017,4:30 p.m.,miércoles,CAMIONETA,PARTICULAR,Conductor,Masculino,NO,N/A,SOLO DAÑOS,Choque,No mantener distancia de seguridad,Carrera 48 Calle 43  Sur,LAS VEGAS,Urbana,"(6.168335134, -75.597233576)"
2170182,01/25/2017,4:30 p.m.,miércoles,CAMION,PARTICULAR,Conductor,Masculino,NO,N/A,SOLO DAÑOS,Choque,No mantener distancia de seguridad,Carrera 48 Calle 43  Sur,LAS VEGAS,Urbana,"(6.168335134, -75.597233576)"
2170182,01/25/2017,4:30 p.m.,miércoles,AUTOMOVIL,PARTICULAR,Conductor,Femenino,NO,N/A,SOLO DAÑOS,Choque,No mantener distancia de seguridad,Carrera 48 Calle 43  Sur,LAS VEGAS,Urbana,"(6.168335134, -75.597233576)"
2170183,01/25/2017,4:30 p.m.,miércoles,MOTOCICLETA,PARTICULAR,Motociclista,Masculino,NO,N/A,SOLO DAÑOS,Choque,No mantener distancia de seguridad,Carrera 48 Calle 30  Sur,LAS VEGAS,Urbana,"(6.179366643, -75.588084104)"
2170183,01/25/2017,4:30 p.m.,miércoles,AUTOMOVIL,PARTICULAR,Conductor,Femenino,NO,N/A,SOLO DAÑOS,Choque,No mantener distancia de seguridad,Carrera 48 Calle 30  Sur,LAS VEGAS,Urbana,"(6.179366643, -75.588084104)"
2170181,01/25/2017,1:35 p.m.,miércoles,CAMIONETA,PARTICULAR,Conductor,Masculino,NO,N/A,SOLO DAÑOS,Choque,No mantener distancia de seguridad,Carrera 27 Calle 27  Sur,LA INMACULADA,Urbana,"(6.172298689, -75.56780953)"
2170181,01/25/2017,1:35 p.m.,miércoles,AUTOMOVIL,PARTICULAR,Conductor,Femenino,NO,N/A,SOLO DAÑOS,Choque,No mantener distancia de seguridad,Carrera 27 Calle 27  Sur,LA INMACULADA,Urbana,"(6.172298689, -75.56780953)"
2170184,01/25/2017,5:25 p.m.,miércoles,AUTOMOVIL,PUBLICO,Conductor,Masculino,NO,N/A,SOLO DAÑOS,Choque,No mantener distancia de seguridad,Carrera 48 Calle 32  Sur,LAS VEGAS,Urbana,"(6.177503621, -75.589485382)"
2170190,01/25/2017,12:30 p.m.,miércoles,AUTOMOVIL,PARTICULAR,Conductor,Femenino,NO,N/A,SOLO DAÑOS,Choque,Reverso imprudente,Tramo 372 Kilometro  18,VEREDA PALMAS,Rural,
2170190,01/25/2017,12:30 p.m.,miércoles,AUTOMOVIL,PARTICULAR,Conductor,Masculino,NO,N/A,SOLO DAÑOS,Choque,Reverso imprudente,Tramo 372 Kilometro  18,VEREDA PALMAS,Rural,
2170184,01/25/2017,5:25 p.m.,miércoles,CAMIONETA,PARTICULAR,Conductor,Femenino,NO,N/A,SOLO DAÑOS,Choque,No mantener distancia de seguridad,Carrera 48 Calle 32  Sur,LAS VEGAS,Urbana,"(6.177503621, -75.589485382)"
2170188,01/26/2017,9:00 a.m.,jueves,AUTOMOVIL,PARTICULAR,Conductor,Femenino,NO,N/A,HERIDO,Choque,Otra,Calle 46  Sur Carrera 50,LAS VEGAS,Urbana,
2170188,01/26/2017,9:00 a.m.,jueves,AUTOMOVIL,PARTICULAR,Conductor,Masculino,NO,N/A,HERIDO,Choque,Otra,Calle 46  Sur Carrera 50,LAS VEGAS,Urbana,
2170188,01/26/2017,9:00 a.m.,jueves,CAMIONETA,PUBLICO,Conductor,Masculino,NO,N/A,HERIDO,Choque,Otra,Calle 46  Sur Carrera 50,LAS VEGAS,Urbana,
2170203,01/26/2017,9:00 a.m.,jueves,AUTOMOVIL,PARTICULAR,Conductor,Masculino,NO,N/A,SOLO DAÑOS,Choque,Adelantar invadiendo carril de sentido contrario,Calle 41  Sur Carrera 25,LA MINA,Urbana,"(6.153055964, -75.584468082)"
2170203,01/26/2017,9:00 a.m.,jueves,BUS,PUBLICO,Conductor,Masculino,NO,N/A,SOLO DAÑOS,Choque,Adelantar invadiendo carril de sentido contrario,Calle 41  Sur Carrera 25,LA MINA,Urbana,"(6.153055964, -75.584468082)"
2170191,01/26/2017,11:30 a.m.,jueves,AUTOMOVIL,PUBLICO,Conductor,Masculino,NO,N/A,SOLO DAÑOS,Choque,Otra,Calle 38  Sur Carrera 44,ALCALA,Urbana,"(6.170783841, -75.589258782)"
2170191,01/26/2017,11:30 a.m.,jueves,MOTOCICLETA,PARTICULAR,Motociclista,Femenino,NO,N/A,SOLO DAÑOS,Choque,Otra,Calle 38  Sur Carrera 44,ALCALA,Urbana,"(6.170783841, -75.589258782)"
2170191,01/26/2017,11:30 a.m.,jueves,MOTOCICLETA,PARTICULAR,Motociclista,Masculino,NO,N/A,SOLO DAÑOS,Choque,Otra,Calle 38  Sur Carrera 44,ALCALA,Urbana,"(6.170783841, -75.589258782)"
2170186,01/26/2017,7:30 a.m.,jueves,AUTOMOVIL,PARTICULAR,Conductor,Masculino,NO,N/A,HERIDO,Choque,No mantener distancia de seguridad,Calle 43  Sur Carrera 50,LAS VEGAS,Urbana,"(6.159203801, -75.602594962)"
2170194,01/26/2017,12:30 p.m.,jueves,MOTOCICLETA,PARTICULAR,Motociclista,Femenino,NO,N/A,SOLO DAÑOS,Choque,Otra,Calle 49  Sur Carrera 43 A,LAS VEGAS,Urbana,"(6.160925818, -75.599980088)"
2170186,01/26/2017,7:30 a.m.,jueves,MOTOCICLETA,PARTICULAR,Motociclista,Masculino,NO,N/A,HERIDO,Choque,No mantener distancia de seguridad,Calle 43  Sur Carrera 50,LAS VEGAS,Urbana,"(6.159203801, -75.602594962)"
2170186,01/26/2017,7:30 a.m.,jueves,MOTOCICLETA,PARTICULAR,Motociclista,Masculino,NO,N/A,HERIDO,Choque,No mantener distancia de seguridad,Calle 43  Sur Carrera 50,LAS VEGAS,Urbana,"(6.159203801, -75.602594962)"
2170194,01/26/2017,12:30 p.m.,jueves,AUTOMOVIL,PARTICULAR,Conductor,Masculino,NO,N/A,SOLO DAÑOS,Choque,Otra,Calle 49  Sur Carrera 43 A,LAS VEGAS,Urbana,"(6.160925818, -75.599980088)"
2170192,01/26/2017,3:40 p.m.,jueves,MOTOCICLETA,PARTICULAR,Motociclista,Masculino,NO,N/A,SOLO DAÑOS,Choque,Otra,Carrera 43 A Calle 46  Sur,PRIMAVERA,Urbana,"(6.164030981, -75.595992633)"
2170192,01/26/2017,3:40 p.m.,jueves,AUTOMOVIL,PARTICULAR,Conductor,Masculino,NO,N/A,SOLO DAÑOS,Choque,Otra,Carrera 43 A Calle 46  Sur,PRIMAVERA,Urbana,"(6.164030981, -75.595992633)"
2170193,01/26/2017,9:45 a.m.,jueves,BUS,PUBLICO,Conductor,Masculino,NO,N/A,SOLO DAÑOS,Choque,Otra,Transversal 32 A Sur Diagonal 31 D,LA MAGNOLIA,Urbana,"(6.176205136, -75.581005959)"
2170193,01/26/2017,9:45 a.m.,jueves,AUTOMOVIL,PARTICULAR,Conductor,Masculino,NO,N/A,SOLO DAÑOS,Choque,Otra,Transversal 32 A Sur Diagonal 31 D,LA MAGNOLIA,Urbana,"(6.176205136, -75.581005959)"
2170189,01/26/2017,2:50 p.m.,jueves,AUTOMOVIL,PARTICULAR,Conductor,Masculino,NO,N/A,SOLO DAÑOS,Choque,No mantener distancia de seguridad,Carrera 42 B Transversal 27 A Sur,LA MAGNOLIA,Urbana,"(6.177282566, -75.579838163)"
2170189,01/26/2017,2:50 p.m.,jueves,MOTOCICLETA,PARTICULAR,Motociclista,Masculino,NO,N/A,SOLO DAÑOS,Choque,No mantener distancia de seguridad,Carrera 42 B Transversal 27 A Sur,LA MAGNOLIA,Urbana,"(6.177282566, -75.579838163)"
2170217,01/27/2017,2:10 p.m.,viernes,BUS,PUBLICO,Conductor,Masculino,NO,N/A,SOLO DAÑOS,Choque,No mantener distancia de seguridad,Carrera 29 Calle 39 B Sur,SAN JOSE,Urbana,"(6.161971924, -75.581617849)"
2170217,01/27/2017,2:10 p.m.,viernes,AUTOMOVIL,PUBLICO,Conductor,Masculino,NO,N/A,SOLO DAÑOS,Choque,No mantener distancia de seguridad,Carrera 29 Calle 39 B Sur,SAN JOSE,Urbana,"(6.161971924, -75.581617849)"
2170198,01/27/2017,11:15 a.m.,viernes,AUTOMOVIL,PARTICULAR,Conductor,Masculino,NO,N/A,SOLO DAÑOS,Choque,Otra,Carrera 48 Calle 48 CC Sur,LOMA DEL BARRO,Urbana,"(6.164595282, -75.601380414)"
2170198,01/27/2017,11:15 a.m.,viernes,CAMION,PUBLICO,Conductor,Masculino,NO,N/A,SOLO DAÑOS,Choque,Otra,Carrera 48 Calle 48 CC Sur,LOMA DEL BARRO,Urbana,"(6.164595282, -75.601380414)"
2170201,01/27/2017,3:15 p.m.,viernes,BUS,PUBLICO,Conductor,Masculino,NO,N/A,SOLO DAÑOS,Choque,Otra,Carrera 41 Calle 22  Sur,N/R,Urbana,"(6.181126008, -75.576751656)"
2170201,01/27/2017,3:15 p.m.,viernes,AUTOMOVIL,PARTICULAR,Conductor,Masculino,NO,N/A,SOLO DAÑOS,Choque,Otra,Carrera 41 Calle 22  Sur,N/R,Urbana,"(6.181126008, -75.576751656)"
2170199,01/27/2017,9:30 a.m.,viernes,BUS,PUBLICO,Conductor,Masculino,NO,N/A,SOLO DAÑOS,Choque,Reverso imprudente,Carrera 49 Calle 37  Sur,N/R,Urbana,
2170199,01/27/2017,9:30 a.m.,viernes,MOTOCICLETA,PARTICULAR,Motociclista,Masculino,NO,N/A,SOLO DAÑOS,Choque,Reverso imprudente,Carrera 49 Calle 37  Sur,N/R,Urbana,
2170205,01/27/2017,11:50 a.m.,viernes,CAMIONETA,PARTICULAR,Conductor,Masculino,NO,N/A,SOLO DAÑOS,Choque,No mantener distancia de seguridad,Carrera 24 D Calle 40  Sur,N/R,Urbana,
2170205,01/27/2017,11:50 a.m.,viernes,CAMIONETA,PUBLICO,Conductor,Masculino,NO,N/A,SOLO DAÑOS,Choque,No mantener distancia de seguridad,Carrera 24 D Calle 40  Sur,N/R,Urbana,
2170216,01/27/2017,9:50 a.m.,viernes,CAMPERO,PARTICULAR,Conductor,Femenino,NO,N/A,HERIDO,Choque,Otra,Calle 37  Sur Carrera 46 A,LAS VEGAS,Urbana,"(6.173105489, -75.591260929)"
2170216,01/27/2017,9:50 a.m.,viernes,MOTOCICLETA,PARTICULAR,Motociclista,Masculino,NO,N/A,HERIDO,Choque,Otra,Calle 37  Sur Carrera 46 A,LAS VEGAS,Urbana,"(6.173105489, -75.591260929)"
2170207,01/28/2017,8:00 a.m.,sábado,AUTOMOVIL,PARTICULAR,Conductor,Masculino,NO,N/A,SOLO DAÑOS,Choque,Otra,Calle 25 A Sur Carrera 43 A,LAS VEGAS,Urbana,"(6.181689385, -75.582417986)"
2170207,01/28/2017,8:00 a.m.,sábado,CAMIONETA,PARTICULAR,Conductor,Masculino,NO,N/A,SOLO DAÑOS,Choque,Otra,Calle 25 A Sur Carrera 43 A,LAS VEGAS,Urbana,"(6.181689385, -75.582417986)"
2170197,01/28/2017,3:00 p.m.,sábado,AUTOMOVIL,PARTICULAR,Conductor,Femenino,NO,N/A,SOLO DAÑOS,Choque,No mantener distancia de seguridad,Carrera 50 Calle 37  Sur,LAS VEGAS,Urbana,
2170197,01/28/2017,3:00 p.m.,sábado,MICROBUS,PUBLICO,Conductor,Masculino,NO,N/A,SOLO DAÑOS,Choque,No mantener distancia de seguridad,Carrera 50 Calle 37  Sur,LAS VEGAS,Urbana,
2170202,01/28/2017,5:00 p.m.,sábado,MOTOCICLETA,PARTICULAR,Motociclista,Masculino,NO,N/A,SOLO DAÑOS,Choque,Otra,Calle 40  Sur Carrera 28 B,SAN JOSE,Urbana,"(6.160728003, -75.581424021)"
2170202,01/28/2017,5:00 p.m.,sábado,AUTOMOVIL,PARTICULAR,Conductor,Masculino,NO,N/A,SOLO DAÑOS,Choque,Otra,Calle 40  Sur Carrera 28 B,SAN JOSE,Urbana,"(6.160728003, -75.581424021)"
2170212,01/28/2017,7:30 p.m.,sábado,AUTOMOVIL,PUBLICO,Conductor,Masculino,NO,N/A,SOLO DAÑOS,Choque,No mantener distancia de seguridad,Carrera 48 Calle 32  Sur,LAS VEGAS,Urbana,"(6.177503621, -75.589485382)"
2170212,01/28/2017,7:30 p.m.,sábado,AUTOMOVIL,PARTICULAR,Conductor,Masculino,NO,N/A,SOLO DAÑOS,Choque,No mantener distancia de seguridad,Carrera 48 Calle 32  Sur,LAS VEGAS,Urbana,"(6.177503621, -75.589485382)"
2170215,01/28/2017,9:30 a.m.,sábado,AUTOMOVIL,PARTICULAR,Conductor,Masculino,NO,N/A,HERIDO,Volcamiento,Otra,Calle 24  Sur Carrera 43 A,LAS ORQUIDEAS,Urbana,
2170211,01/28/2017,9:10 p.m.,sábado,MICROBUS,PUBLICO,Conductor,Masculino,NO,N/A,SOLO DAÑOS,Choque,Otra,Carrera 27 G Calle 36 D Sur,LA MAGNOLIA,Urbana,"(6.166212839, -75.576914109)"
2170211,01/28/2017,9:10 p.m.,sábado,AUTOMOVIL,PARTICULAR,Conductor,Masculino,NO,N/A,SOLO DAÑOS,Choque,Otra,Carrera 27 G Calle 36 D Sur,LA MAGNOLIA,Urbana,"(6.166212839, -75.576914109)"
2170204,01/28/2017,1:50 p.m.,sábado,MICROBUS,PUBLICO,Conductor,Masculino,NO,N/A,SOLO DAÑOS,Choque,Otra,Transversal 35 D Sur Diagonal 33,LOS NARANJOS,Urbana,"(6.168481044, -75.581672767)"
2170204,01/28/2017,1:50 p.m.,sábado,AUTOMOVIL,PARTICULAR,Conductor,Femenino,NO,N/A,SOLO DAÑOS,Choque,Otra,Transversal 35 D Sur Diagonal 33,LOS NARANJOS,Urbana,"(6.168481044, -75.581672767)"
2170206,01/28/2017,2:40 p.m.,sábado,AUTOMOVIL,PARTICULAR,Conductor,Masculino,NO,N/A,SOLO DAÑOS,Choque,Otra,Carrera 27 Calle 36  Sur,N/R,Urbana,"(6.167009975, -75.569278076)"
2170206,01/28/2017,2:40 p.m.,sábado,AUTOMOVIL,PARTICULAR,Conductor,Masculino,NO,N/A,SOLO DAÑOS,Choque,Otra,Carrera 27 Calle 36  Sur,N/R,Urbana,"(6.167009975, -75.569278076)"
2170210,01/29/2017,5:00 p.m.,domingo,MICROBUS,PUBLICO,Conductor,Masculino,NO,N/A,SOLO DAÑOS,Choque,Otra,Calle 40  Sur Carrera 1,EL SALADO,Urbana,
2170210,01/29/2017,5:00 p.m.,domingo,AUTOMOVIL,PARTICULAR,Conductor,Masculino,NO,N/A,SOLO DAÑOS,Choque,Otra,Calle 40  Sur Carrera 1,EL SALADO,Urbana,
2170200,01/29/2017,2:00 p.m.,domingo,AUTOMOVIL,PUBLICO,Conductor,Masculino,NO,N/A,SOLO DAÑOS,Choque,No mantener distancia de seguridad,Diagonal 31 E Transversal 34,LAS FLORES,Urbana,"(6.172689669, -75.578827286)"
2170200,01/29/2017,2:00 p.m.,domingo,AUTOMOVIL,PARTICULAR,Conductor,Femenino,NO,N/A,SOLO DAÑOS,Choque,No mantener distancia de seguridad,Diagonal 31 E Transversal 34,LAS FLORES,Urbana,"(6.172689669, -75.578827286)"
2170196,01/29/2017,2:15 p.m.,domingo,AUTOMOVIL,PARTICULAR,Conductor,Masculino,NO,N/A,SOLO DAÑOS,Choque,No mantener distancia de seguridad,Transversal 32  Sur Diagonal 31 E,LA MAGNOLIA,Urbana,"(6.176862887, -75.580801001)"
2170196,01/29/2017,2:15 p.m.,domingo,CAMIONETA,PARTICULAR,Conductor,Masculino,NO,N/A,SOLO DAÑOS,Choque,No mantener distancia de seguridad,Transversal 32  Sur Diagonal 31 E,LA MAGNOLIA,Urbana,"(6.176862887, -75.580801001)"
2170227,01/29/2017,5:15 p.m.,domingo,AUTOMOVIL,PARTICULAR,Conductor,Masculino,NO,N/A,SOLO DAÑOS,Choque,No mantener distancia de seguridad,Calle 37  Sur Carrera 29,LA PRADERA,Urbana,"(6.165886877, -75.579550992)"
2170227,01/29/2017,5:15 p.m.,domingo,MOTOCICLETA,PARTICULAR,Motociclista,Masculino,NO,N/A,SOLO DAÑOS,Choque,No mantener distancia de seguridad,Calle 37  Sur Carrera 29,LA PRADERA,Urbana,"(6.165886877, -75.579550992)"
2170213,01/29/2017,4:20 p.m.,domingo,MOTOCICLETA,PARTICULAR,Motociclista,Masculino,NO,N/A,HERIDO,Caida Ocupante,Otra,Calle 39 B Sur Carrera 27 B,LAS VEGAS,Urbana,"(6.163900348, -75.581270446)"