RADICADO,FECHA,HORA,DÍA DE LA SEMANA,CLASE DE VEHICULO,TIPO DE SERVICIO,TIPO DE VICTIMA,SEXO,ESTADO DE BEODEZ,RESULTADO DE BEODEZ,GRAVEDAD,CLASE DE ACCIDENTE,CAUSA,DIRECCIÓN,BARRIO,AREA,Coordenadas
2170274,02/03/2017,9:10 a.m.,viernes,CAMIONETA,PARTICULAR,Conductor,Masculino,NO,N/A,SOLO DAÑOS,Choque,No mantener distancia de seguridad,Carrera 50 Calle 30  Sur,LAS VEGAS,Urbana,
2170274,02/03/2017,9:10 a.m.,viernes,AUTOMOVIL,PARTICULAR,Conductor,Femenino,NO,N/A,SOLO DAÑOS,Choque,No mantener distancia de seguridad,Carrera 50 Calle 30  Sur,LAS VEGAS,Urbana,
2170274,02/03/2017,9:10 a.m.,viernes,AUTOMOVIL,PARTICULAR,Conductor,Masculino,NO,N/A,SOLO DAÑOS,Choque,No mantener distancia de seguridad,Carrera 50 Calle 30  Sur,LAS VEGAS,Urbana,
2170274,02/03/2017,9:10 a.m.,viernes,CAMION,PUBLICO,Conductor,Masculino,NO,N/A,SOLO DAÑOS,Choque,No mantener distancia de seguridad,Carrera 50 Calle 30  Sur,LAS VEGAS,Urbana,
2170669,02/03/2017,11:15 a.m.,viernes,AUTOMOVIL,PARTICULAR,Conductor,Masculino,NO,N/A,SOLO DAÑOS,Choque,Otra,Diagonal 39 Transversal 34 A Sur,LAS VEGAS,Urbana,"(6.171956921, -75.584296785)"
2170669,02/03/2017,11:15 a.m.,viernes,AUTOMOVIL,PARTICULAR,Conductor,Masculino,NO,N/A,SOLO DAÑOS,Choque,Otra,Diagonal 39 Transversal 34 A Sur,LAS VEGAS,Urbana,"(6.171956921, -75.584296785)"
2170287,02/03/2017,3:20 p.m.,viernes,AUTOMOVIL,PARTICULAR,Conductor,Masculino,NO,N/A,SOLO DAÑOS,Choque,Poner en marcha un vehiculo sin precauci,Carrera 27 Calle 36  Sur,LA INMACULADA,Urbana,"(6.167009975, -75.569278076)"
2170287,02/03/2017,3:20 p.m.,viernes,CAMIONETA,PARTICULAR,Conductor,Masculino,NO,N/A,SOLO DAÑOS,Choque,Poner en marcha un vehiculo sin precauci,Carrera 27 Calle 36  Sur,LA INMACULADA,Urbana,"(6.167009975, -75.569278076)"
2170294,02/03/2017,5:15 p.m.,viernes,AUTOMOVIL,PARTICULAR,Conductor,Masculino,NO,N/A,SOLO DAÑOS,Choque,Transitar entre vehiculos,Calle 25 A Sur Carrera 48,LAS VEGAS,Urbana,"(6.185202689, -75.583587178)"
2170294,02/03/2017,5:15 p.m.,viernes,MOTOCICLETA,PARTICULAR,Motociclista,Masculino,NO,N/A,SOLO DAÑOS,Choque,Transitar entre vehiculos,Calle 25 A Sur Carrera 48,LAS VEGAS,Urbana,"(6.185202689, -75.583587178)"
2170286,02/03/2017,5:17 p.m.,viernes,AUTOMOVIL,PARTICULAR,Conductor,Masculino,NO,N/A,HERIDO,Choque,Semaforo en rojo,Calle 25 AA Sur Carrera 48,LAS VEGAS,Urbana,"(6.18405129, -75.584783826)"
2170286,02/03/2017,5:17 p.m.,viernes,MOTOCICLETA,PARTICULAR,Motociclista,Masculino,NO,N/A,HERIDO,Choque,Semaforo en rojo,Calle 25 AA Sur Carrera 48,LAS VEGAS,Urbana,"(6.18405129, -75.584783826)"
2170281,02/03/2017,8:40 p.m.,viernes,BUS,PUBLICO,Conductor,Masculino,NO,N/A,HERIDO,Choque,No respetar prelacion,Calle 37  Sur Carrera 36,MESA,Urbana,"(6.168044613, -75.583236971)"
2170281,02/03/2017,8:40 p.m.,viernes,MOTOCICLETA,PARTICULAR,Motociclista,Masculino,NO,N/A,HERIDO,Choque,No respetar prelacion,Calle 37  Sur Carrera 36,MESA,Urbana,"(6.168044613, -75.583236971)"
2170305,02/03/2017,9:30 a.m.,viernes,AUTOMOVIL,PARTICULAR,Conductor,Femenino,NO,N/A,HERIDO,Volcamiento,Exceso de velocidad,Tramo 371 Kilometro  3,VEREDA EL ESCOBERO,Rural,
2170276,02/03/2017,9:40 p.m.,viernes,AUTOMOVIL,PARTICULAR,Conductor,Masculino,NO,N/A,SOLO DAÑOS,Choque,No mantener distancia de seguridad,Carrera 29 A Calle 38  Sur,N/R,Urbana,"(6.16496822, -75.580828364)"
2170276,02/03/2017,9:40 p.m.,viernes,AUTOMOVIL,PARTICULAR,Conductor,Masculino,NO,N/A,SOLO DAÑOS,Choque,No mantener distancia de seguridad,Carrera 29 A Calle 38  Sur,N/R,Urbana,"(6.16496822, -75.580828364)"
2170291,02/03/2017,6:45 p.m.,viernes,AUTOMOVIL,PARTICULAR,Conductor,Masculino,NO,N/A,SOLO DAÑOS,Choque,No respetar prelacion,Carrera 48 Calle 38  Sur,GLORIETA DE PELDAR,Urbana,"(6.172747818, -75.592698171)"
2170291,02/03/2017,6:45 p.m.,viernes,CAMION,PUBLICO,Conductor,Masculino,NO,N/A,SOLO DAÑOS,Choque,No respetar prelacion,Carrera 48 Calle 38  Sur,GLORIETA DE PELDAR,Urbana,"(6.172747818, -75.592698171)"
2170279,02/03/2017,10:00 p.m.,viernes,AUTOMOVIL,PARTICULAR,Conductor,Masculino,NO,N/A,SOLO DAÑOS,Choque,No mantener distancia de seguridad,Tramo 371 Kilometro  10,VEREDA PALMAS,Rural,
2170279,02/03/2017,10:00 p.m.,viernes,AUTOMOVIL,PARTICULAR,Conductor,Masculino,NO,N/A,SOLO DAÑOS,Choque,No mantener distancia de seguridad,Tramo 371 Kilometro  10,VEREDA PALMAS,Rural,
2170279,02/03/2017,10:00 p.m.,viernes,AUTOMOVIL,PARTICULAR,Conductor,Masculino,NO,N/A,SOLO DAÑOS,Choque,No mantener distancia de seguridad,Tramo 371 Kilometro  10,VEREDA PALMAS,Rural,
2170279,02/03/2017,10:00 p.m.,viernes,AUTOMOVIL,PUBLICO,Conductor,Masculino,NO,N/A,SOLO DAÑOS,Choque,No mantener distancia de seguridad,Tramo 371 Kilometro  10,VEREDA PALMAS,Rural,
2170295,02/03/2017,10:00 p.m.,viernes,AUTOMOVIL,PARTICULAR,Conductor,Masculino,NO,N/A,SOLO DAÑOS,Choque,No mantener distancia de seguridad,Calle 46 A Sur Carrera 50,LAS VEGAS,Urbana,
2170295,02/03/2017,10:00 p.m.,viernes,TRACTOCAMION,PUBLICO,Conductor,Masculino,NO,N/A,SOLO DAÑOS,Choque,No mantener distancia de seguridad,Calle 46 A Sur Carrera 50,LAS VEGAS,Urbana,
2170297,02/03/2017,10:00 p.m.,viernes,MOTOCICLETA,PARTICULAR,Motociclista,Masculino,NO,N/A,SOLO DAÑOS,Choque,No mantener distancia de seguridad,Calle 46 A Sur Carrera 50,LAS VEGAS,Urbana,
2170297,02/03/2017,10:00 p.m.,viernes,AUTOMOVIL,PARTICULAR,Conductor,Masculino,NO,N/A,SOLO DAÑOS,Choque,No mantener distancia de seguridad,Calle 46 A Sur Carrera 50,LAS VEGAS,Urbana,
2170285,02/03/2017,10:10 p.m.,viernes,AUTOMOVIL,PARTICULAR,Conductor,Femenino,NO,N/A,SOLO DAÑOS,Choque,Adelantar cerrando,Calle 25  Sur Carrera 43 A,AVENIDA EL POBLADO,Urbana,"(6.181560189, -75.582016491)"
2170285,02/03/2017,10:10 p.m.,viernes,AUTOMOVIL,PUBLICO,Conductor,Masculino,NO,N/A,SOLO DAÑOS,Choque,Adelantar cerrando,Calle 25  Sur Carrera 43 A,AVENIDA EL POBLADO,Urbana,"(6.181560189, -75.582016491)"
2170258,02/03/2017,12:45 a.m.,viernes,AUTOMOVIL,PARTICULAR,Conductor,Masculino,NO,N/A,SOLO DAÑOS,Volcamiento,Exceso de velocidad,Carrera 48 Calle 49  Sur,LAS VEGAS,Urbana,"(6.162978079, -75.602401613)"
2170272,02/03/2017,11:25 p.m.,viernes,MOTOCICLETA,PARTICULAR,Motociclista,Masculino,NO,N/A,SOLO DAÑOS,Choque,No mantener distancia de seguridad,Carrera 42 Calle 25  Sur,ZU├æIGA,Urbana,
2170272,02/03/2017,11:25 p.m.,viernes,CAMIONETA,PARTICULAR,Conductor,Femenino,NO,N/A,SOLO DAÑOS,Choque,No mantener distancia de seguridad,Carrera 42 Calle 25  Sur,ZU├æIGA,Urbana,
2170280,02/04/2017,5:00 p.m.,sábado,CAMIONETA,PARTICULAR,Conductor,Masculino,NO,N/A,SOLO DAÑOS,Choque,Exceso de velocidad,Tramo 371 Kilometro  0,VEREDA EL ESCOBERO,Rural,
2170280,02/04/2017,5:00 p.m.,sábado,AUTOMOVIL,PARTICULAR,Conductor,Masculino,NO,N/A,SOLO DAÑOS,Choque,Exceso de velocidad,Tramo 371 Kilometro  0,VEREDA EL ESCOBERO,Rural,
2170309,02/04/2017,10:00 a.m.,sábado,AUTOMOVIL,PUBLICO,Conductor,Masculino,NO,N/A,SOLO DAÑOS,Choque,No mantener distancia de seguridad,Calle 37  Sur Carrera 46,ALCALA,Urbana,"(6.172613713, -75.590909108)"
2170309,02/04/2017,10:00 a.m.,sábado,Sin registro,PUBLICO,Conductor,Masculino,NO,N/A,SOLO DAÑOS,Choque,No mantener distancia de seguridad,Calle 37  Sur Carrera 46,ALCALA,Urbana,"(6.172613713, -75.590909108)"
2170267,02/04/2017,2:00 p.m.,sábado,AUTOMOVIL,PARTICULAR,Conductor,Masculino,NO,N/A,SOLO DAÑOS,Choque,No mantener distancia de seguridad,Tramo 371 Kilometro  11,VEREDA PALMAS,Rural,
2170267,02/04/2017,2:00 p.m.,sábado,CAMION,PUBLICO,Conductor,Masculino,NO,N/A,SOLO DAÑOS,Choque,No mantener distancia de seguridad,Tramo 371 Kilometro  11,VEREDA PALMAS,Rural,
2170289,02/04/2017,7:20 p.m.,sábado,AUTOMOVIL,PARTICULAR,Conductor,Masculino,NO,N/A,SOLO DAÑOS,Choque,No respetar prelacion,Carrera 48 Calle 43  Sur,LAS VEGAS,Urbana,"(6.168335134, -75.597233576)"
2170289,02/04/2017,7:20 p.m.,sábado,CAMION,PUBLICO,Conductor,Masculino,NO,N/A,SOLO DAÑOS,Choque,No respetar prelacion,Carrera 48 Calle 43  Sur,LAS VEGAS,Urbana,"(6.168335134, -75.597233576)"
2170268,02/04/2017,1:15 p.m.,sábado,CAMIONETA,OFICIAL,Conductor,Masculino,NO,N/A,SOLO DAÑOS,Choque,Poner en marcha un vehiculo sin precauci,Tramo 372 Kilometro  16,VEREDA PALMAS,Rural,
2170268,02/04/2017,1:15 p.m.,sábado,CAMIONETA,PARTICULAR,Conductor,Masculino,NO,N/A,SOLO DAÑOS,Choque,Poner en marcha un vehiculo sin precauci,Tramo 372 Kilometro  16,VEREDA PALMAS,Rural,
2170282,02/04/2017,2:10 p.m.,sábado,MOTOCICLETA,PARTICULAR,Motociclista,Masculino,NO,N/A,HERIDO,Atropello,Transitar entre vehiculos,Calle 46  Sur Carrera 48,LAS VEGAS,Urbana,"(6.162824447, -75.599686607)"
2170301,02/04/2017,8:00 p.m.,sábado,AUTOMOVIL,PARTICULAR,Conductor,Masculino,NO,N/A,SOLO DAÑOS,Choque,Adelantar por la derecha,Calle 27 D Sur Carrera 27,EL ESMERALDAL,Urbana,"(6.169224506, -75.571738164)"
2170301,02/04/2017,8:00 p.m.,sábado,MOTOCICLETA,PARTICULAR,Motociclista,Masculino,NO,N/A,SOLO DAÑOS,Choque,Adelantar por la derecha,Calle 27 D Sur Carrera 27,EL ESMERALDAL,Urbana,"(6.169224506, -75.571738164)"
2170292,02/04/2017,1:30 p.m.,sábado,MOTOCICLETA,PARTICULAR,Motociclista,Masculino,NO,N/A,SOLO DAÑOS,Choque,No mantener distancia de seguridad,Calle 29  Sur Carrera 50,LAS VEGAS,Urbana,
2170292,02/04/2017,1:30 p.m.,sábado,AUTOMOVIL,PARTICULAR,Conductor,Masculino,NO,N/A,SOLO DAÑOS,Choque,No mantener distancia de seguridad,Calle 29  Sur Carrera 50,LAS VEGAS,Urbana,
2170292,02/04/2017,1:30 p.m.,sábado,MOTOCICLETA,PARTICULAR,Motociclista,Masculino,NO,N/A,SOLO DAÑOS,Choque,No mantener distancia de seguridad,Calle 29  Sur Carrera 50,LAS VEGAS,Urbana,
2170271,02/04/2017,8:20 p.m.,sábado,AUTOMOVIL,PARTICULAR,Conductor,Masculino,NO,N/A,SOLO DAÑOS,Choque,No respetar prelacion,Calle 39  Sur Carrera 35,MESA,Urbana,"(6.165647651, -75.584029525)"
2170271,02/04/2017,8:20 p.m.,sábado,AUTOMOVIL,PARTICULAR,Conductor,Femenino,NO,N/A,SOLO DAÑOS,Choque,No respetar prelacion,Calle 39  Sur Carrera 35,MESA,Urbana,"(6.165647651, -75.584029525)"
2170300,02/04/2017,12:25 p.m.,sábado,CAMIONETA,PARTICULAR,Conductor,Masculino,NO,N/A,HERIDO,Atropello,Reverso imprudente,Calle 46  Sur Carrera 46,PRIMAVERA,Urbana,"(6.164633401, -75.596689606)"
2170273,02/04/2017,11:45 a.m.,sábado,AUTOMOVIL,PARTICULAR,Conductor,Femenino,NO,N/A,HERIDO,Choque,No mantener distancia de seguridad,Calle 26  Sur Carrera 50,LAS VEGAS,Urbana,
2170273,02/04/2017,11:45 a.m.,sábado,MOTOCICLETA,PARTICULAR,Motociclista,Masculino,NO,N/A,HERIDO,Choque,No mantener distancia de seguridad,Calle 26  Sur Carrera 50,LAS VEGAS,Urbana,
2170273,02/04/2017,11:45 a.m.,sábado,AUTOMOVIL,PARTICULAR,Conductor,Masculino,NO,N/A,HERIDO,Choque,No mantener distancia de seguridad,Calle 26  Sur Carrera 50,LAS VEGAS,Urbana,
2170273,02/04/2017,11:45 a.m.,sábado,AUTOMOVIL,PARTICULAR,Conductor,Masculino,NO,N/A,HERIDO,Choque,No mantener distancia de seguridad,Calle 26  Sur Carrera 50,LAS VEGAS,Urbana,
2170284,02/04/2017,6:45 p.m.,sábado,BUS,PUBLICO,Conductor,Masculino,NO,N/A,HERIDO,Choque,Impericia en el manejo,Carrera 48 Calle 39 B Sur,LAS VEGAS,Urbana,"(6.170456638, -75.594830041)"
2170284,02/04/2017,6:45 p.m.,sábado,AUTOMOVIL,PARTICULAR,Conductor,Masculino,NO,N/A,HERIDO,Choque,Impericia en el manejo,Carrera 48 Calle 39 B Sur,LAS VEGAS,Urbana,"(6.170456638, -75.594830041)"
2170277,02/04/2017,5:40 p.m.,sábado,AUTOMOVIL,PARTICULAR,Conductor,Femenino,NO,N/A,SOLO DAÑOS,Choque,No mantener distancia de seguridad,Carrera 49 Calle 39  Sur,MESA,Urbana,"(6.173609359, -75.597070569)"
2170277,02/04/2017,5:40 p.m.,sábado,AUTOMOVIL,PUBLICO,Conductor,Masculino,NO,N/A,SOLO DAÑOS,Choque,No mantener distancia de seguridad,Carrera 49 Calle 39  Sur,MESA,Urbana,"(6.173609359, -75.597070569)"
2170270,02/04/2017,4:50 p.m.,sábado,CAMPERO,PARTICULAR,Conductor,Femenino,NO,N/A,SOLO DAÑOS,Choque,No mantener distancia de seguridad,Tramo 372 Kilometro  15,VEREDA PALMAS,Rural,
2170270,02/04/2017,4:50 p.m.,sábado,AUTOMOVIL,PUBLICO,Conductor,Masculino,NO,N/A,SOLO DAÑOS,Choque,No mantener distancia de seguridad,Tramo 372 Kilometro  15,VEREDA PALMAS,Rural,
2170311,02/05/2017,5:00 p.m.,domingo,AUTOMOVIL,PARTICULAR,Conductor,Masculino,NO,N/A,SOLO DAÑOS,Choque,Otra,Tramo 375 Kilometro  900,VEREDA PANTANILLO,Rural,
2170311,02/05/2017,5:00 p.m.,domingo,CAMPERO,PARTICULAR,Conductor,Masculino,NO,N/A,SOLO DAÑOS,Choque,Otra,Tramo 375 Kilometro  900,VEREDA PANTANILLO,Rural,
2170290,02/05/2017,4:05 p.m.,domingo,AUTOMOVIL,PARTICULAR,Conductor,Masculino,NO,N/A,SOLO DAÑOS,Choque,Desobedecer senales,Calle 37  Sur Carrera 35,MESA,Urbana,"(6.167699744, -75.582707548)"
2170290,02/05/2017,4:05 p.m.,domingo,CAMPERO,PARTICULAR,Conductor,Masculino,NO,N/A,SOLO DAÑOS,Choque,Desobedecer senales,Calle 37  Sur Carrera 35,MESA,Urbana,"(6.167699744, -75.582707548)"
2170304,02/05/2017,2:10 a.m.,domingo,CAMPERO,PARTICULAR,Conductor,Femenino,NO,N/A,SOLO DAÑOS,Choque,Desobedecer senales,Calle 36 D Sur Carrera 27 D,VEREDA EL ESCOBERO,Urbana,"(6.164970853, -75.574637268)"
2170670,02/05/2017,8:15 p.m.,domingo,AUTOMOVIL,PUBLICO,Conductor,Sin Registro,NO,N/A,SOLO DAÑOS,Choque,Otra,Calle 50  Sur Carrera 48,LAS VEGAS,Urbana,
2170670,02/05/2017,8:15 p.m.,domingo,AUTOMOVIL,PARTICULAR,Conductor,Masculino,NO,N/A,SOLO DAÑOS,Choque,Otra,Calle 50  Sur Carrera 48,LAS VEGAS,Urbana,
2170299,02/05/2017,8:45 p.m.,domingo,MOTOCICLETA,PARTICULAR,Motociclista,Femenino,NO,N/A,HERIDO,Choque,No respetar prelacion,Calle 46 A Sur Carrera 42 B,LA PAZ,Urbana,"(6.161603623, -75.593852145)"
2170299,02/05/2017,8:45 p.m.,domingo,AUTOMOVIL,PUBLICO,Conductor,Masculino,NO,N/A,HERIDO,Choque,No respetar prelacion,Calle 46 A Sur Carrera 42 B,LA PAZ,Urbana,"(6.161603623, -75.593852145)"
2170308,02/05/2017,3:40 p.m.,domingo,CAMIONETA,PARTICULAR,Conductor,Masculino,NO,N/A,SOLO DAÑOS,Choque,No mantener distancia de seguridad,Tramo 372 Kilometro  13,VEREDA PALMAS,Rural,
2170308,02/05/2017,3:40 p.m.,domingo,AUTOMOVIL,PUBLICO,Conductor,Masculino,NO,N/A,SOLO DAÑOS,Choque,No mantener distancia de seguridad,Tramo 372 Kilometro  13,VEREDA PALMAS,Rural,
2170296,02/05/2017,2:50 p.m.,domingo,AUTOMOVIL,PARTICULAR,Conductor,Femenino,NO,N/A,SOLO DAÑOS,Choque,No mantener distancia de seguridad,Carrera 48 Calle 46  Sur,LAS VEGAS,Urbana,"(6.166195386, -75.599285489)"
2170296,02/05/2017,2:50 p.m.,domingo,CAMIONETA,PARTICULAR,Conductor,Masculino,NO,N/A,SOLO DAÑOS,Choque,No mantener distancia de seguridad,Carrera 48 Calle 46  Sur,LAS VEGAS,Urbana,"(6.166195386, -75.599285489)"
2170306,02/06/2017,5:00 p.m.,lunes,AUTOMOVIL,PUBLICO,Conductor,Masculino,NO,N/A,SOLO DAÑOS,Choque,Poner en marcha un vehiculo sin precauci,Calle 45 C Sur Carrera 46 A,PRIMAVERA,Urbana,"(6.164965043, -75.596400026)"
2170306,02/06/2017,5:00 p.m.,lunes,AUTOMOVIL,PARTICULAR,Conductor,Masculino,NO,N/A,SOLO DAÑOS,Choque,Poner en marcha un vehiculo sin precauci,Calle 45 C Sur Carrera 46 A,PRIMAVERA,Urbana,"(6.164965043, -75.596400026)"
2170323,02/06/2017,7:05 a.m.,lunes,MOTOCICLETA,PARTICULAR,Motociclista,Masculino,NO,N/A,SOLO DAÑOS,Choque,No mantener distancia de seguridad,Carrera 48 Calle 25  Sur,LAS VEGAS,Urbana,"(6.185059174, -75.58329333)"
2170323,02/06/2017,7:05 a.m.,lunes,CAMIONETA,PARTICULAR,Conductor,Masculino,NO,N/A,SOLO DAÑOS,Choque,No mantener distancia de seguridad,Carrera 48 Calle 25  Sur,LAS VEGAS,Urbana,"(6.185059174, -75.58329333)"
2170312,02/06/2017,1:20 p.m.,lunes,AUTOMOVIL,PUBLICO,Conductor,Masculino,NO,N/A,SOLO DAÑOS,Choque,No mantener distancia de seguridad,Calle 19  Sur Carrera 48,LAS VEGAS,Urbana,
2170312,02/06/2017,1:20 p.m.,lunes,AUTOMOVIL,PARTICULAR,Conductor,Femenino,NO,N/A,SOLO DAÑOS,Choque,No mantener distancia de seguridad,Calle 19  Sur Carrera 48,LAS VEGAS,Urbana,
2170312,02/06/2017,1:20 p.m.,lunes,AUTOMOVIL,PARTICULAR,Conductor,Masculino,NO,N/A,SOLO DAÑOS,Choque,No mantener distancia de seguridad,Calle 19  Sur Carrera 48,LAS VEGAS,Urbana,
2170472,02/18/2017,12:40 a.m.,sábado,CAMPERO,PARTICULAR,Conductor,Masculino,SI,3,SOLO DAÑOS,Choque,Embriaguez o droga,Calle 27  Sur Carrera 28,LAS VEGAS,Urbana,"(6.175346318, -75.574583402)"
2170325,02/06/2017,7:20 a.m.,lunes,MICROBUS,PUBLICO,Conductor,Masculino,NO,N/A,SOLO DAÑOS,Choque,No mantener distancia de seguridad,Carrera 48 Calle 25 AA Sur,LAS VEGAS,Urbana,"(6.183765745, -75.584690349)"
2170325,02/06/2017,7:20 a.m.,lunes,AUTOMOVIL,PARTICULAR,Conductor,Femenino,NO,N/A,SOLO DAÑOS,Choque,No mantener distancia de seguridad,Carrera 48 Calle 25 AA Sur,LAS VEGAS,Urbana,"(6.183765745, -75.584690349)"
2170328,02/06/2017,2:20 p.m.,lunes,CAMPERO,PARTICULAR,Conductor,Femenino,NO,N/A,SOLO DAÑOS,Choque,Impericia en el manejo,Diagonal 32 D Transversal 32 A,LA MAGNOLIA,Urbana,"(6.175128619, -75.583985655)"
2170328,02/06/2017,2:20 p.m.,lunes,CAMION,PUBLICO,Conductor,Masculino,NO,N/A,SOLO DAÑOS,Choque,Impericia en el manejo,Diagonal 32 D Transversal 32 A,LA MAGNOLIA,Urbana,"(6.175128619, -75.583985655)"
2170307,02/06/2017,3:30 p.m.,lunes,BUS,PUBLICO,Conductor,Masculino,NO,N/A,SOLO DAÑOS,Choque,Poner en marcha un vehiculo sin precauci,Calle 36 D Sur Carrera 27,VEREDA EL ESCOBERO,Urbana,"(6.162479576, -75.570222573)"
2170307,02/06/2017,3:30 p.m.,lunes,CAMION,PARTICULAR,Conductor,Masculino,NO,N/A,SOLO DAÑOS,Choque,Poner en marcha un vehiculo sin precauci,Calle 36 D Sur Carrera 27,VEREDA EL ESCOBERO,Urbana,"(6.162479576, -75.570222573)"
2170326,02/06/2017,8:30 a.m.,lunes,MOTOCICLETA,PARTICULAR,Motociclista,Masculino,NO,N/A,SOLO DAÑOS,Choque,Otra,Calle 36 D Sur Carrera 27,VEREDA EL ESCOBERO,Urbana,"(6.162479576, -75.570222573)"
2170326,02/06/2017,8:30 a.m.,lunes,CAMIONETA,PARTICULAR,Conductor,Femenino,NO,N/A,SOLO DAÑOS,Choque,Otra,Calle 36 D Sur Carrera 27,VEREDA EL ESCOBERO,Urbana,"(6.162479576, -75.570222573)"
2170322,02/06/2017,4:30 p.m.,lunes,CAMIONETA,PARTICULAR,Conductor,Masculino,NO,N/A,SOLO DAÑOS,Choque,No respetar prelacion,Carrera 29 Calle 38  Sur,N/R,Urbana,
2170322,02/06/2017,4:30 p.m.,lunes,CAMPERO,PARTICULAR,Conductor,Masculino,NO,N/A,SOLO DAÑOS,Choque,No respetar prelacion,Carrera 29 Calle 38  Sur,N/R,Urbana,
2170327,02/06/2017,12:30 p.m.,lunes,CAMION,PARTICULAR,Conductor,Masculino,NO,N/A,SOLO DAÑOS,Choque,Transitar entre vehiculos,Calle 35  Sur Carrera 39,OBRERO,Urbana,"(6.170534598, -75.584181072)"
2170327,02/06/2017,12:30 p.m.,lunes,AUTOMOVIL,PARTICULAR,Conductor,Femenino,NO,N/A,SOLO DAÑOS,Choque,Desobedecer senales,Calle 35  Sur Carrera 39,OBRERO,Urbana,"(6.170534598, -75.584181072)"
2170327,02/06/2017,12:30 p.m.,lunes,AUTOMOVIL,PARTICULAR,Conductor,Femenino,NO,N/A,SOLO DAÑOS,Choque,Transitar entre vehiculos,Calle 35  Sur Carrera 39,OBRERO,Urbana,"(6.170534598, -75.584181072)"
2170327,02/06/2017,12:30 p.m.,lunes,MOTOCICLETA,PARTICULAR,Motociclista,Masculino,NO,N/A,SOLO DAÑOS,Choque,Desobedecer senales,Calle 35  Sur Carrera 39,OBRERO,Urbana,"(6.170534598, -75.584181072)"
2170327,02/06/2017,12:30 p.m.,lunes,MOTOCICLETA,PARTICULAR,Motociclista,Masculino,NO,N/A,SOLO DAÑOS,Choque,Transitar entre vehiculos,Calle 35  Sur Carrera 39,OBRERO,Urbana,"(6.170534598, -75.584181072)"
2170327,02/06/2017,12:30 p.m.,lunes,CAMION,PARTICULAR,Conductor,Masculino,NO,N/A,SOLO DAÑOS,Choque,Desobedecer senales,Calle 35  Sur Carrera 39,OBRERO,Urbana,"(6.170534598, -75.584181072)"
2170331,02/06/2017,3:40 p.m.,lunes,CAMPERO,PARTICULAR,Conductor,Femenino,NO,N/A,HERIDO,Atropello,Semaforo en rojo,Calle 38 A Sur Carrera 42,ZONA CENTRO,Urbana,"(6.169022232, -75.587722385)"
2170330,02/06/2017,8:50 a.m.,lunes,AUTOMOVIL,PARTICULAR,Conductor,Masculino,NO,N/A,HERIDO,Atropello,Desobedecer senales,Calle 39  Sur Carrera 47 A,ALCALA,Urbana,"(6.171457478, -75.593352997)"
2170330,02/06/2017,8:50 a.m.,lunes,MOTOCICLETA,PARTICULAR,Motociclista,Masculino,NO,N/A,HERIDO,Atropello,Desobedecer senales,Calle 39  Sur Carrera 47 A,ALCALA,Urbana,"(6.171457478, -75.593352997)"
2170321,02/06/2017,4:50 p.m.,lunes,AUTOMOVIL,PARTICULAR,Conductor,Masculino,NO,N/A,SOLO DAÑOS,Choque,No mantener distancia de seguridad,Carrera 50 Calle 37  Sur,LAS VEGAS,Urbana,
2170324,02/06/2017,2:45 p.m.,lunes,AUTOMOVIL,PUBLICO,Conductor,Masculino,NO,N/A,SOLO DAÑOS,Choque,Transitar entre vehiculos,Carrera 48 Calle 46  Sur,LAS VEGAS,Urbana,"(6.166195386, -75.599285489)"
2170321,02/06/2017,4:50 p.m.,lunes,MOTOCICLETA,PARTICULAR,Motociclista,Femenino,NO,N/A,SOLO DAÑOS,Choque,No mantener distancia de seguridad,Carrera 50 Calle 37  Sur,LAS VEGAS,Urbana,
2170321,02/06/2017,4:50 p.m.,lunes,AUTOMOVIL,PARTICULAR,Conductor,Masculino,NO,N/A,SOLO DAÑOS,Choque,No mantener distancia de seguridad,Carrera 50 Calle 37  Sur,LAS VEGAS,Urbana,
2170324,02/06/2017,2:45 p.m.,lunes,MOTOCICLETA,PARTICULAR,Motociclista,Masculino,NO,N/A,SOLO DAÑOS,Choque,Transitar entre vehiculos,Carrera 48 Calle 46  Sur,LAS VEGAS,Urbana,"(6.166195386, -75.599285489)"
2170303,02/06/2017,12:45 a.m.,lunes,AUTOMOVIL,PARTICULAR,Conductor,Masculino,NO,N/A,HERIDO,Choque,Impericia en el manejo,Calle 40 B Sur Carrera 42,EL DORADO,Urbana,"(6.167192582, -75.588827055)"
2170314,02/07/2017,4:00 p.m.,martes,AUTOMOVIL,PUBLICO,Conductor,Masculino,NO,N/A,SOLO DAÑOS,Choque,No mantener distancia de seguridad,Calle 46  Sur Carrera 46,PRIMAVERA,Urbana,"(6.164633401, -75.596689606)"
2170314,02/07/2017,4:00 p.m.,martes,AUTOMOVIL,PARTICULAR,Conductor,Masculino,NO,N/A,SOLO DAÑOS,Choque,No mantener distancia de seguridad,Calle 46  Sur Carrera 46,PRIMAVERA,Urbana,"(6.164633401, -75.596689606)"
2170334,02/07/2017,10:10 a.m.,martes,AUTOMOVIL,PARTICULAR,Conductor,Masculino,NO,N/A,SOLO DAÑOS,Choque,Desobedecer senales,Carrera 43 A Calle 38 A Sur,ZONA CENTRO,Urbana,"(6.169698887, -75.589058765)"
2170334,02/07/2017,10:10 a.m.,martes,MOTOCICLETA,PARTICULAR,Motociclista,Masculino,NO,N/A,SOLO DAÑOS,Choque,Desobedecer senales,Carrera 43 A Calle 38 A Sur,ZONA CENTRO,Urbana,"(6.169698887, -75.589058765)"
2170337,02/07/2017,8:00 p.m.,martes,CAMION,PUBLICO,Conductor,Masculino,NO,N/A,SOLO DAÑOS,Choque,Fallas en los frenos,Calle 40  Sur Carrera 24 F,LA MINA,Urbana,"(6.151179811, -75.577599332)"