RADICADO,FECHA,HORA,DÍA DE LA SEMANA,CLASE DE VEHICULO,TIPO DE SERVICIO,TIPO DE VICTIMA,SEXO,ESTADO DE BEODEZ,RESULTADO DE BEODEZ,GRAVEDAD,CLASE DE ACCIDENTE,CAUSA,DIRECCIÓN,BARRIO,AREA,Coordenadas
2170568,02/15/2017,1:35 p.m.,miércoles,AUTOMOVIL,PARTICULAR,Conductor,Femenino,NO,N/A,SOLO DAÑOS,Choque,No mantener distancia de seguridad,Calle 46 A Sur Carrera 48,LAS VEGAS,Urbana,"(6.166989258, -75.600743118)"
2170440,02/15/2017,5:50 a.m.,miércoles,AUTOMOVIL,PARTICULAR,Conductor,Masculino,NO,N/A,SOLO DAÑOS,Choque,No mantener distancia de seguridad,Tramo 372 Kilometro  16,VEREDA PALMAS,Rural,
2170440,02/15/2017,5:50 a.m.,miércoles,AUTOMOVIL,PARTICULAR,Conductor,Femenino,NO,N/A,SOLO DAÑOS,Choque,No mantener distancia de seguridad,Tramo 372 Kilometro  16,VEREDA PALMAS,Rural,
2170444,02/15/2017,4:40 p.m.,miércoles,BUS,PUBLICO,Conductor,Masculino,NO,N/A,SOLO DAÑOS,Choque,Transitar entre vehiculos,Carrera 48 Calle 25  Sur,LAS VEGAS,Urbana,"(6.185059174, -75.58329333)"
2170444,02/15/2017,4:40 p.m.,miércoles,AUTOMOVIL,PUBLICO,Conductor,Masculino,NO,N/A,SOLO DAÑOS,Choque,Transitar entre vehiculos,Carrera 48 Calle 25  Sur,LAS VEGAS,Urbana,"(6.185059174, -75.58329333)"
2170442,02/15/2017,2:40 p.m.,miércoles,MOTOCICLETA,PARTICULAR,Motociclista,Masculino,NO,N/A,SOLO DAÑOS,Choque,Adelantar en zona prohibida,Calle 39  Sur Carrera 29 A,SAN JOSE,Urbana,"(6.164019418, -75.581208066)"
2170442,02/15/2017,2:40 p.m.,miércoles,AUTOMOVIL,PARTICULAR,Conductor,Masculino,NO,N/A,SOLO DAÑOS,Choque,Adelantar en zona prohibida,Calle 39  Sur Carrera 29 A,SAN JOSE,Urbana,"(6.164019418, -75.581208066)"
2170443,02/15/2017,2:40 p.m.,miércoles,AUTOMOVIL,PARTICULAR,Conductor,Femenino,NO,N/A,SOLO DAÑOS,Choque,No respetar prelacion,Carrera 24 Calle 41  Sur,LA MINA,Urbana,
2170443,02/15/2017,2:40 p.m.,miércoles,MOTOCICLETA,PARTICULAR,Motociclista,Masculino,NO,N/A,SOLO DAÑOS,Choque,No respetar prelacion,Carrera 24 Calle 41  Sur,LA MINA,Urbana,
2170457,02/15/2017,6:40 p.m.,miércoles,BICICLETA,N/A,Ciclista,Masculino,NO,N/A,SOLO DAÑOS,Choque,No mantener distancia de seguridad,Tramo 372 Kilometro  12,VEREDA PALMAS,Rural,
2170457,02/15/2017,6:40 p.m.,miércoles,CAMIONETA,PARTICULAR,Conductor,Masculino,NO,N/A,SOLO DAÑOS,Choque,No mantener distancia de seguridad,Tramo 372 Kilometro  12,VEREDA PALMAS,Rural,
2170441,02/15/2017,2:50 p.m.,miércoles,CAMPERO,PARTICULAR,Conductor,Masculino,NO,N/A,SOLO DAÑOS,Choque,Desobedecer senales,Transversal 32  Sur Diagonal 32 B,LA MAGNOLIA,Urbana,"(6.175969516, -75.583529999)"
2170441,02/15/2017,2:50 p.m.,miércoles,AUTOMOVIL,PARTICULAR,Conductor,Masculino,NO,N/A,SOLO DAÑOS,Choque,Desobedecer senales,Transversal 32  Sur Diagonal 32 B,LA MAGNOLIA,Urbana,"(6.175969516, -75.583529999)"
2170842,03/22/2017,9:30 a.m.,miércoles,CAMION,PUBLICO,Conductor,Masculino,NO,N/A,SOLO DAÑOS,Choque,Girar bruscamente,Tramo 12 Kilometro  12,VEREDA PALMAS,Rural,
2170448,02/15/2017,2:50 p.m.,miércoles,MOTOCICLETA,PARTICULAR,Motociclista,Masculino,NO,N/A,SOLO DAÑOS,Choque,Adelantar por la derecha,Calle 25  Sur Carrera 45,ZU├æIGA,Urbana,"(6.182658265, -75.582042508)"
2170448,02/15/2017,2:50 p.m.,miércoles,AUTOMOVIL,PARTICULAR,Conductor,Masculino,NO,N/A,SOLO DAÑOS,Choque,Adelantar por la derecha,Calle 25  Sur Carrera 45,ZU├æIGA,Urbana,"(6.182658265, -75.582042508)"
2170449,02/16/2017,8:00 a.m.,jueves,CAMIONETA,PARTICULAR,Conductor,Femenino,NO,N/A,SOLO DAÑOS,Choque,No mantener distancia de seguridad,Tramo 372 Kilometro  13,VEREDA PALMAS,Rural,
2170449,02/16/2017,8:00 a.m.,jueves,CAMIONETA,PARTICULAR,Conductor,Masculino,NO,N/A,SOLO DAÑOS,Choque,No mantener distancia de seguridad,Tramo 372 Kilometro  13,VEREDA PALMAS,Rural,
2170474,02/16/2017,3:00 p.m.,jueves,BUS,PUBLICO,Conductor,Masculino,NO,N/A,SOLO DAÑOS,Choque,Desobedecer senales,Calle 45 B Sur Carrera 43,LA PAZ,Urbana,"(6.164485785, -75.594678415)"
2170474,02/16/2017,3:00 p.m.,jueves,MOTOCICLETA,PARTICULAR,Motociclista,Masculino,NO,N/A,SOLO DAÑOS,Choque,Desobedecer senales,Calle 45 B Sur Carrera 43,LA PAZ,Urbana,"(6.164485785, -75.594678415)"
2170449,02/16/2017,8:00 a.m.,jueves,CAMPERO,PARTICULAR,Conductor,Masculino,NO,N/A,SOLO DAÑOS,Choque,No mantener distancia de seguridad,Tramo 372 Kilometro  13,VEREDA PALMAS,Rural,
2170460,02/16/2017,7:00 p.m.,jueves,MOTOCICLETA,PARTICULAR,Motociclista,Masculino,NO,N/A,HERIDO,Choque,Exceso de velocidad,Tramo 372 Kilometro  15,VEREDA PALMAS,Rural,
2170460,02/16/2017,7:00 p.m.,jueves,CAMIONETA,PUBLICO,Conductor,Masculino,NO,N/A,HERIDO,Choque,Exceso de velocidad,Tramo 372 Kilometro  15,VEREDA PALMAS,Rural,
2170460,02/16/2017,7:00 p.m.,jueves,AUTOMOVIL,PUBLICO,Conductor,Masculino,NO,N/A,HERIDO,Choque,Exceso de velocidad,Tramo 372 Kilometro  15,VEREDA PALMAS,Rural,
2170479,02/16/2017,7:00 p.m.,jueves,BUS,PUBLICO,Conductor,Masculino,NO,N/A,HERIDO,Atropello,Cruzar sin observar,Calle 33  Sur Carrera 43,ZONA CENTRO,Urbana,"(6.173912569, -75.586974728)"
2170459,02/16/2017,7:35 p.m.,jueves,MOTOCICLETA,PARTICULAR,Motociclista,Masculino,NO,N/A,HERIDO,Caida Ocupante,Impericia en el manejo,Calle 25 A Sur Carrera 43 A,LAS VEGAS,Urbana,"(6.181689385, -75.582417986)"
2170452,02/16/2017,1:20 p.m.,jueves,CAMIONETA,PARTICULAR,Conductor,Masculino,NO,N/A,HERIDO,Choque,Desobedecer senales,Diagonal 32 B Transversal 33 A,OBRERO,Urbana,"(6.173859675, -75.582667092)"
2170452,02/16/2017,1:20 p.m.,jueves,MOTOCICLETA,PARTICULAR,Motociclista,Femenino,NO,N/A,HERIDO,Choque,Desobedecer senales,Diagonal 32 B Transversal 33 A,OBRERO,Urbana,"(6.173859675, -75.582667092)"
2170450,02/16/2017,6:15 p.m.,jueves,AUTOMOVIL,PARTICULAR,Conductor,Masculino,NO,N/A,SOLO DAÑOS,Choque,Impericia en el manejo,Carrera 48 Calle 46  Sur,LAS VEGAS,Urbana,"(6.166195386, -75.599285489)"
2170467,02/16/2017,8:04 p.m.,jueves,AUTOMOVIL,PARTICULAR,Conductor,Masculino,NO,N/A,SOLO DAÑOS,Choque,Impericia en el manejo,Tramo 12 Kilometro  13,ALCALA,Rural,
2170467,02/16/2017,8:04 p.m.,jueves,CAMIONETA,PARTICULAR,Conductor,Masculino,NO,N/A,SOLO DAÑOS,Choque,Impericia en el manejo,Tramo 12 Kilometro  13,ALCALA,Rural,
2170455,02/16/2017,6:40 a.m.,jueves,AUTOMOVIL,PUBLICO,Conductor,Masculino,NO,N/A,HERIDO,Choque,No mantener distancia de seguridad,Diagonal 31 Transversal 32,LA MAGNOLIA,Urbana,"(6.174681134, -75.578471041)"
2170455,02/16/2017,6:40 a.m.,jueves,AUTOMOVIL,PARTICULAR,Conductor,Masculino,NO,N/A,HERIDO,Choque,No mantener distancia de seguridad,Diagonal 31 Transversal 32,LA MAGNOLIA,Urbana,"(6.174681134, -75.578471041)"
2170455,02/16/2017,6:40 a.m.,jueves,AUTOMOVIL,PARTICULAR,Conductor,Femenino,NO,N/A,HERIDO,Choque,No mantener distancia de seguridad,Diagonal 31 Transversal 32,LA MAGNOLIA,Urbana,"(6.174681134, -75.578471041)"
2170461,02/16/2017,8:30 p.m.,jueves,CAMPERO,PARTICULAR,Conductor,Masculino,NO,N/A,HERIDO,Choque,Adelantar por la derecha,Calle 37  Sur Carrera 41,ZONA CENTRO,Urbana,"(6.169855492, -75.586196006)"
2170461,02/16/2017,8:30 p.m.,jueves,MOTOCICLETA,PARTICULAR,Motociclista,Femenino,NO,N/A,HERIDO,Choque,Adelantar por la derecha,Calle 37  Sur Carrera 41,ZONA CENTRO,Urbana,"(6.169855492, -75.586196006)"
2170476,02/16/2017,8:30 p.m.,jueves,CAMPERO,PUBLICO,Conductor,Masculino,NO,N/A,SOLO DAÑOS,Choque,No mantener distancia de seguridad,Tramo 12 Kilometro  12,VEREDA PALMAS,Rural,
2170476,02/16/2017,8:30 p.m.,jueves,AUTOMOVIL,PARTICULAR,Conductor,Femenino,NO,N/A,SOLO DAÑOS,Choque,Impericia en el manejo,Tramo 12 Kilometro  12,VEREDA PALMAS,Rural,
2170476,02/16/2017,8:30 p.m.,jueves,AUTOMOVIL,PARTICULAR,Conductor,Femenino,NO,N/A,SOLO DAÑOS,Choque,No mantener distancia de seguridad,Tramo 12 Kilometro  12,VEREDA PALMAS,Rural,
2170476,02/16/2017,8:30 p.m.,jueves,CAMPERO,PUBLICO,Conductor,Masculino,NO,N/A,SOLO DAÑOS,Choque,Impericia en el manejo,Tramo 12 Kilometro  12,VEREDA PALMAS,Rural,
2170453,02/16/2017,5:50 a.m.,jueves,MOTOCICLETA,PARTICULAR,Motociclista,Masculino,NO,N/A,HERIDO,Choque,Desobedecer senales,Transversal 34 C Sur Diagonal 39,OBRERO,Urbana,"(6.171097602, -75.584051382)"
2170453,02/16/2017,5:50 a.m.,jueves,BICICLETA,N/A,Ciclista,Masculino,NO,N/A,HERIDO,Choque,Desobedecer senales,Transversal 34 C Sur Diagonal 39,OBRERO,Urbana,"(6.171097602, -75.584051382)"
2170454,02/16/2017,6:50 a.m.,jueves,AUTOMOVIL,PARTICULAR,Conductor,Femenino,NO,N/A,HERIDO,Choque,No mantener distancia de seguridad,Carrera 43 A Calle 21  Sur,ZU├æIGA,Urbana,"(6.183599544, -75.579409862)"
2170454,02/16/2017,6:50 a.m.,jueves,MOTOCICLETA,PARTICULAR,Motociclista,Masculino,NO,N/A,HERIDO,Choque,No mantener distancia de seguridad,Carrera 43 A Calle 21  Sur,ZU├æIGA,Urbana,"(6.183599544, -75.579409862)"
2170454,02/16/2017,6:50 a.m.,jueves,MOTOCICLETA,PARTICULAR,Motociclista,Femenino,NO,N/A,HERIDO,Choque,No mantener distancia de seguridad,Carrera 43 A Calle 21  Sur,ZU├æIGA,Urbana,"(6.183599544, -75.579409862)"
2170456,02/16/2017,10:30 p.m.,jueves,MOTOCICLETA,PARTICULAR,Motociclista,Masculino,NO,N/A,HERIDO,Choque,No mantener distancia de seguridad,Calle 39 B Sur Carrera 39,MESA,Urbana,"(6.166296351, -75.586498963)"
2170456,02/16/2017,10:30 p.m.,jueves,MOTOCICLETA,PARTICULAR,Motociclista,Femenino,NO,N/A,HERIDO,Choque,No mantener distancia de seguridad,Calle 39 B Sur Carrera 39,MESA,Urbana,"(6.166296351, -75.586498963)"
2170490,02/17/2017,4:10 a.m.,viernes,AUTOMOVIL,PUBLICO,Conductor,Masculino,NO,N/A,SOLO DAÑOS,Choque,No mantener distancia de seguridad,Diagonal 31 Transversal 35  Sur,LA SEBASTIANA,Urbana,"(6.170095297, -75.579612082)"
2170490,02/17/2017,4:10 a.m.,viernes,CAMION,PUBLICO,Conductor,Masculino,NO,N/A,SOLO DAÑOS,Choque,No mantener distancia de seguridad,Diagonal 31 Transversal 35  Sur,LA SEBASTIANA,Urbana,"(6.170095297, -75.579612082)"
2170464,02/17/2017,6:15 a.m.,viernes,AUTOMOVIL,PARTICULAR,Conductor,Femenino,NO,N/A,SOLO DAÑOS,Choque,Impericia en el manejo,Calle 37  Sur Carrera 31,MESA,Urbana,"(6.166120684, -75.580740605)"
2170464,02/17/2017,6:15 a.m.,viernes,AUTOMOVIL,PARTICULAR,Conductor,Masculino,NO,N/A,SOLO DAÑOS,Choque,Poner en marcha un vehiculo sin precauci,Calle 37  Sur Carrera 31,MESA,Urbana,"(6.166120684, -75.580740605)"
2170464,02/17/2017,6:15 a.m.,viernes,AUTOMOVIL,PARTICULAR,Conductor,Masculino,NO,N/A,SOLO DAÑOS,Choque,Impericia en el manejo,Calle 37  Sur Carrera 31,MESA,Urbana,"(6.166120684, -75.580740605)"
2170464,02/17/2017,6:15 a.m.,viernes,AUTOMOVIL,PARTICULAR,Conductor,Femenino,NO,N/A,SOLO DAÑOS,Choque,Poner en marcha un vehiculo sin precauci,Calle 37  Sur Carrera 31,MESA,Urbana,"(6.166120684, -75.580740605)"
2170470,02/17/2017,12:10 p.m.,viernes,AUTOMOVIL,PARTICULAR,Conductor,Femenino,NO,N/A,SOLO DAÑOS,Choque,Impericia en el manejo,Tramo 12 Kilometro  15,VEREDA PALMAS,Rural,
2170462,02/17/2017,5:10 p.m.,viernes,CAMIONETA,PUBLICO,Conductor,Masculino,NO,N/A,HERIDO,Choque,Semaforo en rojo,Calle 40  Sur Carrera 48,LAS VEGAS,Urbana,"(6.158744179, -75.594597118)"
2170462,02/17/2017,5:10 p.m.,viernes,AUTOMOVIL,PARTICULAR,Conductor,Masculino,NO,N/A,HERIDO,Choque,Semaforo en rojo,Calle 40  Sur Carrera 48,LAS VEGAS,Urbana,"(6.158744179, -75.594597118)"
2170477,02/17/2017,12:10 p.m.,viernes,CAMPERO,PARTICULAR,Conductor,Masculino,NO,N/A,HERIDO,Choque,Desobedecer senales,Calle 22  Sur Carrera 27,LAS VEGAS,Urbana,
2170477,02/17/2017,12:10 p.m.,viernes,AUTOMOVIL,PARTICULAR,Conductor,Masculino,NO,N/A,HERIDO,Choque,Desobedecer senales,Calle 22  Sur Carrera 27,LAS VEGAS,Urbana,
2170477,02/17/2017,12:10 p.m.,viernes,MOTOCICLETA,PARTICULAR,Motociclista,Masculino,NO,N/A,HERIDO,Choque,Desobedecer senales,Calle 22  Sur Carrera 27,LAS VEGAS,Urbana,
2170463,02/17/2017,8:00 p.m.,viernes,AUTOMOVIL,PARTICULAR,Conductor,Masculino,NO,N/A,HERIDO,Choque,Poner en marcha un vehiculo sin precauci,Calle 39 A Sur Carrera 28,LAS VEGAS,Urbana,"(6.160591259, -75.580409281)"
2170463,02/17/2017,8:00 p.m.,viernes,MOTOCICLETA,PARTICULAR,Motociclista,Masculino,NO,N/A,HERIDO,Choque,Poner en marcha un vehiculo sin precauci,Calle 39 A Sur Carrera 28,LAS VEGAS,Urbana,"(6.160591259, -75.580409281)"
2170466,02/17/2017,8:30 p.m.,viernes,TRACTOCAMION,PUBLICO,Conductor,Masculino,NO,N/A,SOLO DAÑOS,Choque,Otra,Calle 38 A Sur Carrera 43 A,ZONA CENTRO,Urbana,"(6.169807343, -75.589125359)"
2170469,02/17/2017,8:45 a.m.,viernes,AUTOMOVIL,PARTICULAR,Conductor,Masculino,NO,N/A,SOLO DAÑOS,Choque,No mantener distancia de seguridad,Calle 36 D Sur Carrera 27,VEREDA EL ESCOBERO,Urbana,"(6.162479576, -75.570222573)"
2170480,02/17/2017,7:40 a.m.,viernes,MOTOCICLETA,PARTICULAR,Motociclista,Masculino,NO,N/A,SOLO DAÑOS,Choque,No mantener distancia de seguridad,Tramo 372 Kilometro  11,VEREDA PALMAS,Rural,
2170480,02/17/2017,7:40 a.m.,viernes,CAMIONETA,PARTICULAR,Conductor,Masculino,NO,N/A,SOLO DAÑOS,Choque,No mantener distancia de seguridad,Tramo 372 Kilometro  11,VEREDA PALMAS,Rural,
2170480,02/17/2017,7:40 a.m.,viernes,AUTOMOVIL,PARTICULAR,Conductor,Masculino,NO,N/A,SOLO DAÑOS,Choque,No mantener distancia de seguridad,Tramo 372 Kilometro  11,VEREDA PALMAS,Rural,
2170480,02/17/2017,7:40 a.m.,viernes,CAMIONETA,PARTICULAR,Conductor,Masculino,NO,N/A,SOLO DAÑOS,Choque,No mantener distancia de seguridad,Tramo 372 Kilometro  11,VEREDA PALMAS,Rural,
2170469,02/17/2017,8:45 a.m.,viernes,CAMIONETA,PARTICULAR,Conductor,Femenino,NO,N/A,SOLO DAÑOS,Choque,No mantener distancia de seguridad,Calle 36 D Sur Carrera 27,VEREDA EL ESCOBERO,Urbana,"(6.162479576, -75.570222573)"
2170480,02/17/2017,7:40 a.m.,viernes,CAMIONETA,PARTICULAR,Conductor,Masculino,NO,N/A,SOLO DAÑOS,Choque,No mantener distancia de seguridad,Tramo 372 Kilometro  11,VEREDA PALMAS,Rural,
2170488,02/17/2017,7:50 a.m.,viernes,MOTOCICLETA,PARTICULAR,Motociclista,Masculino,NO,N/A,SOLO DAÑOS,Choque,Desobedecer senales,Calle 45 B Sur Carrera 43 A,LA PAZ,Urbana,"(6.164485785, -75.594678415)"
2170488,02/17/2017,7:50 a.m.,viernes,MOTOCICLETA,PARTICULAR,Motociclista,Masculino,NO,N/A,SOLO DAÑOS,Choque,Desobedecer senales,Calle 45 B Sur Carrera 43 A,LA PAZ,Urbana,"(6.164485785, -75.594678415)"
2170482,02/17/2017,5:50 p.m.,viernes,CAMPERO,PARTICULAR,Conductor,Masculino,NO,N/A,HERIDO,Choque,Impericia en el manejo,Tramo 371 Kilometro  0,VEREDA EL ESCOBERO,Rural,
2170482,02/17/2017,5:50 p.m.,viernes,MOTOCICLETA,PARTICULAR,Motociclista,Masculino,NO,N/A,HERIDO,Choque,Impericia en el manejo,Tramo 371 Kilometro  0,VEREDA EL ESCOBERO,Rural,
2170489,02/18/2017,11:00 a.m.,sábado,AUTOMOVIL,PARTICULAR,Conductor,Masculino,NO,N/A,SOLO DAÑOS,Choque,Adelantar por la derecha,Calle 31  Sur Carrera 43 A,SAN MARCOS,Urbana,"(6.176823564, -75.585392151)"
2170489,02/18/2017,11:00 a.m.,sábado,MOTOCICLETA,PARTICULAR,Motociclista,Masculino,NO,N/A,SOLO DAÑOS,Choque,Adelantar por la derecha,Calle 31  Sur Carrera 43 A,SAN MARCOS,Urbana,"(6.176823564, -75.585392151)"
2170498,02/18/2017,1:00 p.m.,sábado,BUSETA,PUBLICO,Conductor,Masculino,NO,N/A,SOLO DAÑOS,Choque,No mantener distancia de seguridad,Carrera 43 A Calle 38  Sur,ZONA CENTRO,Urbana,"(6.170421178, -75.588598773)"
2170498,02/18/2017,1:00 p.m.,sábado,CAMIONETA,PARTICULAR,Conductor,Masculino,NO,N/A,SOLO DAÑOS,Choque,No mantener distancia de seguridad,Carrera 43 A Calle 38  Sur,ZONA CENTRO,Urbana,"(6.170421178, -75.588598773)"
2170501,02/18/2017,1:00 p.m.,sábado,AUTOMOVIL,PARTICULAR,Conductor,Masculino,NO,N/A,SOLO DAÑOS,Choque,No mantener distancia de seguridad,Calle 37  Sur Carrera 48,GLORIETA DE PELDAR,Urbana,"(6.17412211, -75.593061115)"
2170501,02/18/2017,1:00 p.m.,sábado,CAMION,PUBLICO,Conductor,Masculino,NO,N/A,SOLO DAÑOS,Choque,No mantener distancia de seguridad,Calle 37  Sur Carrera 48,GLORIETA DE PELDAR,Urbana,"(6.17412211, -75.593061115)"
2170468,02/18/2017,7:10 p.m.,sábado,AUTOMOVIL,PARTICULAR,Conductor,Masculino,NO,N/A,HERIDO,Choque,Semaforo en rojo,Calle 25  Sur Carrera 43 A,ZU├æIGA,Urbana,"(6.181560189, -75.582016491)"
2170468,02/18/2017,7:10 p.m.,sábado,MOTOCICLETA,PARTICULAR,Motociclista,Masculino,NO,N/A,HERIDO,Choque,Semaforo en rojo,Calle 25  Sur Carrera 43 A,ZU├æIGA,Urbana,"(6.181560189, -75.582016491)"
2170468,02/18/2017,7:10 p.m.,sábado,MOTOCICLETA,PARTICULAR,Motociclista,Masculino,NO,N/A,HERIDO,Choque,Semaforo en rojo,Calle 25  Sur Carrera 43 A,ZU├æIGA,Urbana,"(6.181560189, -75.582016491)"
2170789,02/18/2017,12:00 p.m.,sábado,AUTOMOVIL,PARTICULAR,Conductor,Femenino,NO,N/A,SOLO DAÑOS,Choque,Otra,Calle 27  Sur Carrera 28,LAS VEGAS,Urbana,"(6.175346318, -75.574583402)"
2170789,02/18/2017,12:00 p.m.,sábado,MOTOCICLETA,PARTICULAR,Motociclista,Sin Registro,NO,N/A,SOLO DAÑOS,Choque,Otra,Calle 27  Sur Carrera 28,LAS VEGAS,Urbana,"(6.175346318, -75.574583402)"
2170500,02/18/2017,12:20 p.m.,sábado,BUS,PUBLICO,Conductor,Masculino,NO,N/A,SOLO DAÑOS,Choque,No mantener distancia de seguridad,Carrera 43 A Calle 36  Sur,EL PORTAL,Urbana,"(6.171753325, -75.587727675)"
2170500,02/18/2017,12:20 p.m.,sábado,AUTOMOVIL,PUBLICO,Conductor,Masculino,NO,N/A,SOLO DAÑOS,Choque,No mantener distancia de seguridad,Carrera 43 A Calle 36  Sur,EL PORTAL,Urbana,"(6.171753325, -75.587727675)"
2170465,02/18/2017,11:30 a.m.,sábado,CAMIONETA,PARTICULAR,Conductor,Femenino,NO,N/A,HERIDO,Choque,No mantener distancia de seguridad,Calle 37  Sur Carrera 50,LAS VEGAS,Urbana,
2170465,02/18/2017,11:30 a.m.,sábado,CAMIONETA,PARTICULAR,Conductor,Masculino,NO,N/A,HERIDO,Choque,No mantener distancia de seguridad,Calle 37  Sur Carrera 50,LAS VEGAS,Urbana,
2170491,02/18/2017,9:30 a.m.,sábado,MOTOCICLETA,PARTICULAR,Motociclista,Masculino,NO,N/A,SOLO DAÑOS,Choque,No mantener distancia de seguridad,Calle 46  Sur Carrera 48,LAS VEGAS,Urbana,"(6.162824447, -75.599686607)"
2170491,02/18/2017,9:30 a.m.,sábado,AUTOMOVIL,PUBLICO,Conductor,Masculino,NO,N/A,SOLO DAÑOS,Choque,No mantener distancia de seguridad,Calle 46  Sur Carrera 48,LAS VEGAS,Urbana,"(6.162824447, -75.599686607)"
2170481,02/18/2017,1:50 p.m.,sábado,AUTOMOVIL,PARTICULAR,Conductor,Femenino,NO,N/A,SOLO DAÑOS,Choque,Desobedecer senales,Carrera 42 Calle 36  Sur,ZONA CENTRO,Urbana,"(6.170966181, -75.586463499)"
2170481,02/18/2017,1:50 p.m.,sábado,AUTOMOVIL,PARTICULAR,Conductor,Femenino,NO,N/A,SOLO DAÑOS,Choque,Desobedecer senales,Carrera 42 Calle 36  Sur,ZONA CENTRO,Urbana,"(6.170966181, -75.586463499)"
2170502,02/18/2017,9:30 p.m.,sábado,CAMIONETA,PARTICULAR,Conductor,Masculino,NO,N/A,SOLO DAÑOS,Choque,Reverso imprudente,Calle 39  Sur Carrera 25,EL CHINGU├ì,Urbana,"(6.157563812, -75.579224131)"
2170502,02/18/2017,9:30 p.m.,sábado,CAMPERO,PARTICULAR,Conductor,Masculino,NO,N/A,SOLO DAÑOS,Choque,Reverso imprudente,Calle 39  Sur Carrera 25,EL CHINGU├ì,Urbana,"(6.157563812, -75.579224131)"
2170485,02/19/2017,7:00 p.m.,domingo,BUS,PUBLICO,Conductor,Masculino,NO,N/A,HERIDO,Choque,No mantener distancia de seguridad,Calle 37  Sur Diagonal 31,MANUEL URIBE ANGEL,Urbana,"(6.166120684, -75.580740605)"
2170485,02/19/2017,7:00 p.m.,domingo,AUTOMOVIL,PARTICULAR,Conductor,Masculino,NO,N/A,HERIDO,Choque,No mantener distancia de seguridad,Calle 37  Sur Diagonal 31,MANUEL URIBE ANGEL,Urbana,"(6.166120684, -75.580740605)"
2170484,02/19/2017,5:00 p.m.,domingo,MOTOCICLETA,PARTICULAR,Motociclista,Masculino,NO,N/A,HERIDO,Choque,Girar bruscamente,Calle 38  Sur Carrera 38,MESA,Urbana,"(6.16803936, -75.584694353)"
2170484,02/19/2017,5:00 p.m.,domingo,MOTOCICLETA,PARTICULAR,Motociclista,Femenino,NO,N/A,HERIDO,Choque,No mantener distancia de seguridad,Calle 38  Sur Carrera 38,MESA,Urbana,"(6.16803936, -75.584694353)"
2170484,02/19/2017,5:00 p.m.,domingo,MOTOCICLETA,PARTICULAR,Motociclista,Femenino,NO,N/A,HERIDO,Choque,Girar bruscamente,Calle 38  Sur Carrera 38,MESA,Urbana,"(6.16803936, -75.584694353)"
2170484,02/19/2017,5:00 p.m.,domingo,MOTOCICLETA,PARTICULAR,Motociclista,Masculino,NO,N/A,HERIDO,Choque,No mantener distancia de seguridad,Calle 38  Sur Carrera 38,MESA,Urbana,"(6.16803936, -75.584694353)"
2170484,02/19/2017,5:00 p.m.,domingo,MOTOCICLETA,PARTICULAR,Motociclista,Masculino,NO,N/A,HERIDO,Choque,Girar bruscamente,Calle 38  Sur Carrera 38,MESA,Urbana,"(6.16803936, -75.584694353)"
2170484,02/19/2017,5:00 p.m.,domingo,MOTOCICLETA,PARTICULAR,Motociclista,Masculino,NO,N/A,HERIDO,Choque,No mantener distancia de seguridad,Calle 38  Sur Carrera 38,MESA,Urbana,"(6.16803936, -75.584694353)"
2170492,02/19/2017,2:00 p.m.,domingo,MOTOCICLETA,PARTICULAR,Motociclista,Masculino,NO,N/A,SOLO DAÑOS,Choque,No mantener distancia de seguridad,Calle 48 C Sur Carrera 42 D,LOMA DEL BARRO,Urbana,"(6.161910694, -75.596854256)"
2170492,02/19/2017,2:00 p.m.,domingo,MOTOCICLETA,PARTICULAR,Motociclista,Masculino,NO,N/A,SOLO DAÑOS,Choque,No mantener distancia de seguridad,Calle 48 C Sur Carrera 42 D,LOMA DEL BARRO,Urbana,"(6.161910694, -75.596854256)"
2170478,02/19/2017,7:05 p.m.,domingo,MOTOCICLETA,PARTICULAR,Motociclista,Masculino,NO,N/A,HERIDO,Caida Ocupante,Impericia en el manejo,Calle 36 D Sur Carrera 27,VEREDA EL ESCOBERO,Urbana,"(6.162479576, -75.570222573)"
2170483,02/19/2017,3:30 p.m.,domingo,AUTOMOVIL,PARTICULAR,Conductor,Masculino,NO,N/A,HERIDO,Choque,Semaforo en rojo,Calle 45  Sur Carrera 43,PRIMAVERA,Urbana,"(6.164788767, -75.594211126)"
2170483,02/19/2017,3:30 p.m.,domingo,AUTOMOVIL,PUBLICO,Conductor,Masculino,NO,N/A,HERIDO,Choque,Semaforo en rojo,Calle 45  Sur Carrera 43,PRIMAVERA,Urbana,"(6.164788767, -75.594211126)"
2170473,02/19/2017,9:10 p.m.,domingo,AUTOMOVIL,PARTICULAR,Conductor,Masculino,NO,N/A,SOLO DAÑOS,Choque,No mantener distancia de seguridad,Diagonal 31 C Sur Transversal 32 A,LA MAGNOLIA,Urbana,"(6.176220433, -75.580618655)"
2170473,02/19/2017,9:10 p.m.,domingo,AUTOMOVIL,PARTICULAR,Conductor,Masculino,NO,N/A,SOLO DAÑOS,Choque,No mantener distancia de seguridad,Diagonal 31 C Sur Transversal 32 A,LA MAGNOLIA,Urbana,"(6.176220433, -75.580618655)"