RADICADO,FECHA,HORA,DÍA DE LA SEMANA,CLASE DE VEHICULO,TIPO DE SERVICIO,TIPO DE VICTIMA,SEXO,ESTADO DE BEODEZ,RESULTADO DE BEODEZ,GRAVEDAD,CLASE DE ACCIDENTE,CAUSA,DIRECCIÓN,BARRIO,AREA,Coordenadas
2170981,04/03/2017,5:50 p.m.,lunes,AUTOMOVIL,PUBLICO,Conductor,Masculino,NO,N/A,SOLO DAÑOS,Choque,No mantener distancia de seguridad,Carrera 48 Calle 26  Sur,LAS VEGAS,Urbana,"(6.183318111, -75.585537184)"
2170981,04/03/2017,5:50 p.m.,lunes,MOTOCICLETA,PARTICULAR,Motociclista,Masculino,NO,N/A,SOLO DAÑOS,Choque,No mantener distancia de seguridad,Carrera 48 Calle 26  Sur,LAS VEGAS,Urbana,"(6.183318111, -75.585537184)"
2170995,04/04/2017,9:00 a.m.,martes,MOTOCICLETA,PARTICULAR,Motociclista,Masculino,NO,N/A,HERIDO,Choque,Otra,Diagonal 31 E Transversal 34  Sur,LAS FLORES,Urbana,"(6.172689669, -75.578827286)"
2170995,04/04/2017,9:00 a.m.,martes,CAMION,PUBLICO,Conductor,Masculino,NO,N/A,HERIDO,Choque,Otra,Diagonal 31 E Transversal 34  Sur,LAS FLORES,Urbana,"(6.172689669, -75.578827286)"
2171011,04/04/2017,5:00 p.m.,martes,TRACTOCAMION,PUBLICO,Conductor,Masculino,NO,N/A,SOLO DAÑOS,Choque,Impericia en el manejo,Carrera 50 Calle 38  Sur,LAS VEGAS,Urbana,
2171011,04/04/2017,5:00 p.m.,martes,AUTOMOVIL,PARTICULAR,Conductor,Masculino,NO,N/A,SOLO DAÑOS,Choque,Impericia en el manejo,Carrera 50 Calle 38  Sur,LAS VEGAS,Urbana,
2171027,04/04/2017,1:05 p.m.,martes,AUTOMOVIL,DIPLOMATICO,Conductor,Masculino,NO,N/A,SOLO DAÑOS,Choque,Otra,Calle 39  Sur Carrera 38,MESA,Urbana,"(6.166656476, -75.585553364)"
2171027,04/04/2017,1:05 p.m.,martes,CAMPERO,PARTICULAR,Conductor,Masculino,NO,N/A,SOLO DAÑOS,Choque,Otra,Calle 39  Sur Carrera 38,MESA,Urbana,"(6.166656476, -75.585553364)"
2171002,04/04/2017,3:29 p.m.,martes,BUS,PUBLICO,Conductor,Masculino,NO,N/A,SOLO DAÑOS,Choque,Impericia en el manejo,Calle 37 A Sur Carrera 37 E,LA MAGNOLIA,Urbana,"(6.166332677, -75.582037182)"
2170996,04/04/2017,5:20 p.m.,martes,AUTOMOVIL,PARTICULAR,Conductor,Femenino,NO,N/A,SOLO DAÑOS,Choque,Transitar entre vehiculos,Calle 46 A Sur Carrera 43 A,LAS VEGAS,Urbana,"(6.163929718, -75.598167455)"
2170996,04/04/2017,5:20 p.m.,martes,MOTOCICLETA,PARTICULAR,Motociclista,Masculino,NO,N/A,SOLO DAÑOS,Choque,Transitar entre vehiculos,Calle 46 A Sur Carrera 43 A,LAS VEGAS,Urbana,"(6.163929718, -75.598167455)"
2170996,04/04/2017,5:20 p.m.,martes,AUTOMOVIL,PARTICULAR,Conductor,Masculino,NO,N/A,SOLO DAÑOS,Choque,Transitar entre vehiculos,Calle 46 A Sur Carrera 43 A,LAS VEGAS,Urbana,"(6.163929718, -75.598167455)"
2171009,04/04/2017,3:45 p.m.,martes,CAMIONETA,PARTICULAR,Conductor,Masculino,NO,N/A,SOLO DAÑOS,Choque,Reverso imprudente,Calle 36  Sur Carrera 41,ZONA CENTRO,Urbana,"(6.170639628, -75.58578509)"
2171009,04/04/2017,3:45 p.m.,martes,AUTOMOVIL,PARTICULAR,Conductor,Masculino,NO,N/A,SOLO DAÑOS,Choque,Reverso imprudente,Calle 36  Sur Carrera 41,ZONA CENTRO,Urbana,"(6.170639628, -75.58578509)"
2171026,04/04/2017,8:50 a.m.,martes,AUTOMOVIL,PARTICULAR,Conductor,Masculino,NO,N/A,SOLO DAÑOS,Choque,Desobedecer senales,Calle 38 A Sur Carrera 43 A Sur,ZONA CENTRO,Urbana,"(6.169807343, -75.589125359)"
2171026,04/04/2017,8:50 a.m.,martes,CAMIONETA,PARTICULAR,Conductor,Femenino,NO,N/A,SOLO DAÑOS,Choque,Desobedecer senales,Calle 38 A Sur Carrera 43 A Sur,ZONA CENTRO,Urbana,"(6.169807343, -75.589125359)"
2171000,04/04/2017,5:40 p.m.,martes,MOTOCICLETA,PARTICULAR,Motociclista,Masculino,NO,N/A,HERIDO,Atropello,Impericia en el manejo,Calle 41  Sur Carrera 26,LA MINA,Urbana,
2171006,04/05/2017,4:00 p.m.,miércoles,AUTOMOVIL,PARTICULAR,Conductor,Femenino,NO,N/A,SOLO DAÑOS,Choque,No mantener distancia de seguridad,Calle 21  Sur Carrera 43 A,AVENIDA EL POBLADO,Urbana,"(6.18399286, -75.579597643)"
2171006,04/05/2017,4:00 p.m.,miércoles,AUTOMOVIL,PARTICULAR,Conductor,Masculino,NO,N/A,SOLO DAÑOS,Choque,No mantener distancia de seguridad,Calle 21  Sur Carrera 43 A,AVENIDA EL POBLADO,Urbana,"(6.18399286, -75.579597643)"
2171016,04/05/2017,5:00 p.m.,miércoles,TRACTOCAMION,PUBLICO,Conductor,Masculino,NO,N/A,SOLO DAÑOS,Choque,Otra,Carrera 50 Calle 39  Sur,LAS VEGAS,Urbana,
2171016,04/05/2017,5:00 p.m.,miércoles,AUTOMOVIL,PARTICULAR,Conductor,Femenino,NO,N/A,SOLO DAÑOS,Choque,Otra,Carrera 50 Calle 39  Sur,LAS VEGAS,Urbana,
2171045,04/05/2017,2:00 p.m.,miércoles,AUTOMOVIL,PARTICULAR,Conductor,Masculino,NO,N/A,HERIDO,Choque,Impericia en el manejo,Calle 40 AA Sur Carrera 37,EL DORADO,Urbana,"(6.164225597, -75.585320139)"
2171045,04/05/2017,2:00 p.m.,miércoles,AUTOMOVIL,PARTICULAR,Conductor,Masculino,NO,N/A,HERIDO,Choque,Impericia en el manejo,Calle 40 AA Sur Carrera 37,EL DORADO,Urbana,"(6.164225597, -75.585320139)"
2171045,04/05/2017,2:00 p.m.,miércoles,AUTOMOVIL,PARTICULAR,Conductor,Femenino,NO,N/A,HERIDO,Choque,Impericia en el manejo,Calle 40 AA Sur Carrera 37,EL DORADO,Urbana,"(6.164225597, -75.585320139)"
2171017,04/05/2017,12:00 p.m.,miércoles,CAMION,PUBLICO,Conductor,Masculino,NO,N/A,SOLO DAÑOS,Choque,Otra,Carrera 43 A Calle 39  Sur,ZONA CENTRO,Urbana,"(6.169011071, -75.589484903)"
2171017,04/05/2017,12:00 p.m.,miércoles,AUTOMOVIL,PARTICULAR,Conductor,Femenino,NO,N/A,SOLO DAÑOS,Choque,Otra,Carrera 43 A Calle 39  Sur,ZONA CENTRO,Urbana,"(6.169011071, -75.589484903)"
2171003,04/05/2017,7:40 p.m.,miércoles,AUTOMOVIL,PARTICULAR,Conductor,Femenino,NO,N/A,HERIDO,Choque,No mantener distancia de seguridad,Calle 50  Sur Carrera 48,LAS VEGAS,Urbana,
2171003,04/05/2017,7:40 p.m.,miércoles,AUTOMOVIL,PARTICULAR,Conductor,Femenino,NO,N/A,HERIDO,Choque,No mantener distancia de seguridad,Calle 50  Sur Carrera 48,LAS VEGAS,Urbana,
2171015,04/05/2017,8:00 p.m.,miércoles,BICICLETA,N/A,Ciclista,Masculino,NO,N/A,HERIDO,Atropello,Otra,Calle 39 D Sur Carrera 24 EE,EL CHINGU├ì,Urbana,"(6.154343948, -75.578021489)"
2171004,04/05/2017,6:15 p.m.,miércoles,MOTOCICLETA,PARTICULAR,Motociclista,Masculino,NO,N/A,SOLO DAÑOS,Choque,Adelantar por la derecha,Carrera 48 Calle 46  Sur,LAS VEGAS,Urbana,"(6.166195386, -75.599285489)"
2171004,04/05/2017,6:15 p.m.,miércoles,MOTOCICLETA,PARTICULAR,Motociclista,Masculino,NO,N/A,SOLO DAÑOS,Choque,Adelantar por la derecha,Carrera 48 Calle 46  Sur,LAS VEGAS,Urbana,"(6.166195386, -75.599285489)"
2170999,04/05/2017,8:28 a.m.,miércoles,AUTOMOVIL,PARTICULAR,Conductor,Masculino,NO,N/A,HERIDO,Choque,Girar bruscamente,Calle 34  Sur Carrera 48,LAS VEGAS,Urbana,
2170999,04/05/2017,8:28 a.m.,miércoles,MOTOCICLETA,PARTICULAR,Motociclista,Masculino,NO,N/A,HERIDO,Choque,Girar bruscamente,Calle 34  Sur Carrera 48,LAS VEGAS,Urbana,
2171005,04/05/2017,7:25 a.m.,miércoles,AUTOMOVIL,PARTICULAR,Conductor,Femenino,NO,N/A,SOLO DAÑOS,Choque,Adelantar invadiendo carril de sentido contrario,Carrera 27 Calle 28  Sur,LA INMACULADA,Urbana,"(6.171086787, -75.569080997)"
2171005,04/05/2017,7:25 a.m.,miércoles,MOTOCICLETA,PARTICULAR,Motociclista,Masculino,NO,N/A,SOLO DAÑOS,Choque,Adelantar invadiendo carril de sentido contrario,Carrera 27 Calle 28  Sur,LA INMACULADA,Urbana,"(6.171086787, -75.569080997)"
2171013,04/05/2017,5:20 p.m.,miércoles,AUTOMOVIL,PARTICULAR,Conductor,Femenino,NO,N/A,SOLO DAÑOS,Choque,No mantener distancia de seguridad,Calle 48 C Sur Carrera 50,LAS VEGAS,Urbana,
2171013,04/05/2017,5:20 p.m.,miércoles,CAMIONETA,OFICIAL,Conductor,Masculino,NO,N/A,SOLO DAÑOS,Choque,No mantener distancia de seguridad,Calle 48 C Sur Carrera 50,LAS VEGAS,Urbana,
2171020,04/05/2017,7:30 a.m.,miércoles,AUTOMOVIL,PARTICULAR,Conductor,Masculino,NO,N/A,HERIDO,Choque,No respetar pelacion de interseccion o giros,Calle 37  Sur Carrera 50,LAS VEGAS,Urbana,
2171020,04/05/2017,7:30 a.m.,miércoles,BUS,PUBLICO,Conductor,Masculino,NO,N/A,HERIDO,Choque,No respetar pelacion de interseccion o giros,Calle 37  Sur Carrera 50,LAS VEGAS,Urbana,
2171020,04/05/2017,7:30 a.m.,miércoles,MOTOCICLETA,PARTICULAR,Motociclista,Masculino,NO,N/A,HERIDO,Choque,No respetar pelacion de interseccion o giros,Calle 37  Sur Carrera 50,LAS VEGAS,Urbana,
2171010,04/05/2017,12:30 p.m.,miércoles,CAMIONETA,PARTICULAR,Conductor,Masculino,NO,N/A,SOLO DAÑOS,Choque,No mantener distancia de seguridad,Carrera 43 A Calle 39  Sur,ZONA CENTRO,Urbana,"(6.169011071, -75.589484903)"
2171010,04/05/2017,12:30 p.m.,miércoles,AUTOMOVIL,PARTICULAR,Conductor,Femenino,NO,N/A,SOLO DAÑOS,Choque,No mantener distancia de seguridad,Carrera 43 A Calle 39  Sur,ZONA CENTRO,Urbana,"(6.169011071, -75.589484903)"
2171023,04/05/2017,7:40 a.m.,miércoles,CAMIONETA,PARTICULAR,Conductor,Masculino,NO,N/A,HERIDO,Choque,Otra,Calle 26  Sur Carrera 50,LAS VEGAS,Urbana,
2171023,04/05/2017,7:40 a.m.,miércoles,MOTOCICLETA,PARTICULAR,Motociclista,Masculino,NO,N/A,HERIDO,Choque,Otra,Calle 26  Sur Carrera 50,LAS VEGAS,Urbana,
2171023,04/05/2017,7:40 a.m.,miércoles,MOTOCICLETA,PARTICULAR,Motociclista,Masculino,NO,N/A,HERIDO,Choque,Otra,Calle 26  Sur Carrera 50,LAS VEGAS,Urbana,
2171012,04/05/2017,4:40 p.m.,miércoles,MOTOCICLETA,PARTICULAR,Motociclista,Masculino,NO,N/A,HERIDO,Choque,Otra,Calle 46 A Sur Carrera 43 A,LAS VEGAS,Urbana,"(6.163929718, -75.598167455)"
2171012,04/05/2017,4:40 p.m.,miércoles,CAMION,PUBLICO,Conductor,Masculino,NO,N/A,HERIDO,Choque,Otra,Calle 46 A Sur Carrera 43 A,LAS VEGAS,Urbana,"(6.163929718, -75.598167455)"
2171012,04/05/2017,4:40 p.m.,miércoles,BUS,PUBLICO,Conductor,Masculino,NO,N/A,HERIDO,Choque,Otra,Calle 46 A Sur Carrera 43 A,LAS VEGAS,Urbana,"(6.163929718, -75.598167455)"
2171007,04/05/2017,4:50 p.m.,miércoles,CAMIONETA,PUBLICO,Conductor,Masculino,NO,N/A,HERIDO,Choque,Otra,Tramo 372 Kilometro  12,VEREDA PALMAS,Rural,
2171007,04/05/2017,4:50 p.m.,miércoles,BICICLETA,N/A,Ciclista,Masculino,NO,N/A,HERIDO,Choque,Otra,Tramo 372 Kilometro  12,VEREDA PALMAS,Rural,
2171001,04/05/2017,7:55 a.m.,miércoles,AUTOMOVIL,PARTICULAR,Conductor,Femenino,NO,N/A,SOLO DAÑOS,Choque,No mantener distancia de seguridad,Tramo 12 Kilometro  16,VEREDA PALMAS,Rural,
2171001,04/05/2017,7:55 a.m.,miércoles,AUTOMOVIL,PARTICULAR,Conductor,Masculino,NO,N/A,SOLO DAÑOS,Choque,No mantener distancia de seguridad,Tramo 12 Kilometro  16,VEREDA PALMAS,Rural,
2171008,04/05/2017,12:55 p.m.,miércoles,AUTOMOVIL,PARTICULAR,Conductor,Masculino,NO,N/A,SOLO DAÑOS,Choque,Reverso imprudente,Carrera 40 Calle 39  Sur,MESA,Urbana,"(6.16729029, -75.586691325)"
2171008,04/05/2017,12:55 p.m.,miércoles,CAMIONETA,PARTICULAR,Conductor,Femenino,NO,N/A,SOLO DAÑOS,Choque,Reverso imprudente,Carrera 40 Calle 39  Sur,MESA,Urbana,"(6.16729029, -75.586691325)"
2171019,04/06/2017,10:00 a.m.,jueves,CAMIONETA,PARTICULAR,Conductor,Masculino,NO,N/A,SOLO DAÑOS,Choque,Impericia en el manejo,Calle 27  Sur Carrera 27,EL ESMERALDAL,Urbana,"(6.17243521, -75.567871917)"
2171019,04/06/2017,10:00 a.m.,jueves,CAMION,PUBLICO,Conductor,Masculino,NO,N/A,SOLO DAÑOS,Choque,Impericia en el manejo,Calle 27  Sur Carrera 27,EL ESMERALDAL,Urbana,"(6.17243521, -75.567871917)"
2171025,04/06/2017,6:20 a.m.,jueves,BUS,PUBLICO,Conductor,Masculino,NO,N/A,SOLO DAÑOS,Choque,No mantener distancia de seguridad,Calle 37  Sur Carrera 50,LAS VEGAS,Urbana,
2171025,04/06/2017,6:20 a.m.,jueves,AUTOMOVIL,PARTICULAR,Conductor,Masculino,NO,N/A,SOLO DAÑOS,Choque,No mantener distancia de seguridad,Calle 37  Sur Carrera 50,LAS VEGAS,Urbana,
2171028,04/06/2017,6:45 a.m.,jueves,AUTOMOVIL,PARTICULAR,Conductor,Masculino,NO,N/A,HERIDO,Choque,No mantener distancia de seguridad,Calle 37  Sur Carrera 48,LAS VEGAS,Urbana,"(6.17412211, -75.593061115)"
2171028,04/06/2017,6:45 a.m.,jueves,MOTOCICLETA,PARTICULAR,Motociclista,Masculino,NO,N/A,HERIDO,Choque,No mantener distancia de seguridad,Calle 37  Sur Carrera 48,LAS VEGAS,Urbana,"(6.17412211, -75.593061115)"
2171014,04/06/2017,3:40 p.m.,jueves,AUTOMOVIL,PUBLICO,Conductor,Masculino,NO,N/A,SOLO DAÑOS,Choque,Desobedecer senales,Calle 38 A Sur Carrera 38,MESA,Urbana,"(6.167339205, -75.585136359)"
2171014,04/06/2017,3:40 p.m.,jueves,AUTOMOVIL,PARTICULAR,Conductor,Masculino,NO,N/A,SOLO DAÑOS,Choque,Desobedecer senales,Calle 38 A Sur Carrera 38,MESA,Urbana,"(6.167339205, -75.585136359)"
2171021,04/06/2017,7:45 a.m.,jueves,CAMIONETA,PUBLICO,Conductor,Masculino,NO,N/A,SOLO DAÑOS,Choque,No mantener distancia de seguridad,Carrera 48 A Calle 48 C Sur,LAS VEGAS,Urbana,
2171021,04/06/2017,7:45 a.m.,jueves,MOTOCICLETA,PARTICULAR,Motociclista,Femenino,NO,N/A,SOLO DAÑOS,Choque,No mantener distancia de seguridad,Carrera 48 A Calle 48 C Sur,LAS VEGAS,Urbana,
2171022,04/06/2017,9:50 a.m.,jueves,BUS,PUBLICO,Conductor,Masculino,NO,N/A,SOLO DAÑOS,Choque,No mantener distancia de seguridad,Calle 38  Sur Carrera 33,MESA,Urbana,"(6.166254397, -75.582128829)"
2171022,04/06/2017,9:50 a.m.,jueves,AUTOMOVIL,PUBLICO,Conductor,Masculino,NO,N/A,SOLO DAÑOS,Choque,No mantener distancia de seguridad,Calle 38  Sur Carrera 33,MESA,Urbana,"(6.166254397, -75.582128829)"
2171049,04/06/2017,5:50 p.m.,jueves,AUTOMOVIL,PUBLICO,Conductor,Masculino,NO,N/A,HERIDO,Choque,Otra,Diagonal 33 Transversal 34 D Sur,LOS NARANJOS,Urbana,"(6.170891508, -75.583140175)"
2171049,04/06/2017,5:50 p.m.,jueves,BICICLETA,N/A,Ciclista,Masculino,NO,N/A,HERIDO,Choque,Otra,Diagonal 33 Transversal 34 D Sur,LOS NARANJOS,Urbana,"(6.170891508, -75.583140175)"
2171018,04/06/2017,11:40 p.m.,jueves,MOTOCICLETA,PARTICULAR,Motociclista,Masculino,NO,N/A,SOLO DAÑOS,Choque,Desobedecer senales,Calle 25  Sur Carrera 43 A,LAS ORQUIDEAS,Urbana,"(6.181560189, -75.582016491)"
2171018,04/06/2017,11:40 p.m.,jueves,MOTOCICLETA,PARTICULAR,Motociclista,Masculino,NO,N/A,SOLO DAÑOS,Choque,Desobedecer senales,Calle 25  Sur Carrera 43 A,LAS ORQUIDEAS,Urbana,"(6.181560189, -75.582016491)"
2171069,04/07/2017,6:10 a.m.,viernes,AUTOMOVIL,PARTICULAR,Conductor,Femenino,NO,N/A,SOLO DAÑOS,Choque,No mantener distancia de seguridad,Calle 43  Sur Carrera 50,LAS VEGAS,Urbana,"(6.159203801, -75.602594962)"
2171069,04/07/2017,6:10 a.m.,viernes,CAMION,PUBLICO,Conductor,Masculino,NO,N/A,SOLO DAÑOS,Choque,No mantener distancia de seguridad,Calle 43  Sur Carrera 50,LAS VEGAS,Urbana,"(6.159203801, -75.602594962)"
2171042,04/07/2017,7:50 p.m.,viernes,CAMIONETA,PARTICULAR,Conductor,Masculino,NO,N/A,SOLO DAÑOS,Choque,Reverso imprudente,Carrera 46 Calle 38  Sur,ALCALA,Urbana,"(6.171865925, -75.591329151)"
2171042,04/07/2017,7:50 p.m.,viernes,CAMIONETA,PARTICULAR,Conductor,Masculino,NO,N/A,SOLO DAÑOS,Choque,Reverso imprudente,Carrera 46 Calle 38  Sur,ALCALA,Urbana,"(6.171865925, -75.591329151)"
2171036,04/07/2017,3:15 p.m.,viernes,AUTOMOVIL,PARTICULAR,Conductor,Masculino,NO,N/A,SOLO DAÑOS,Choque,Otra,Tramo 12 Kilometro  2,VEREDA PALMAS,Rural,
2171036,04/07/2017,3:15 p.m.,viernes,BUS,PUBLICO,Conductor,Masculino,NO,N/A,SOLO DAÑOS,Choque,Otra,Tramo 12 Kilometro  2,VEREDA PALMAS,Rural,
2171047,04/07/2017,8:00 p.m.,viernes,CAMPERO,DIPLOMATICO,Conductor,Masculino,NO,N/A,SOLO DAÑOS,Choque,Otra,Calle 37  Sur Carrera 37,MESA,Urbana,"(6.168351775, -75.583769107)"
2171047,04/07/2017,8:00 p.m.,viernes,MOTOCICLETA,PARTICULAR,Motociclista,Masculino,NO,N/A,SOLO DAÑOS,Choque,Otra,Calle 37  Sur Carrera 37,MESA,Urbana,"(6.168351775, -75.583769107)"
2171029,04/07/2017,1:23 p.m.,viernes,CAMIONETA,PUBLICO,Conductor,Femenino,NO,N/A,SOLO DAÑOS,Choque,Impericia en el manejo,Calle 45 A Sur Carrera 39 D Sur,EL TRIANON,Urbana,"(6.161471458, -75.590981836)"
2171043,04/07/2017,6:15 p.m.,viernes,MOTOCICLETA,PARTICULAR,Motociclista,Masculino,NO,N/A,SOLO DAÑOS,Choque,Otra,Calle 21  Sur Carrera 44,ZU├æIGA,Urbana,
2171043,04/07/2017,6:15 p.m.,viernes,AUTOMOVIL,PARTICULAR,Conductor,Femenino,NO,N/A,SOLO DAÑOS,Choque,Otra,Calle 21  Sur Carrera 44,ZU├æIGA,Urbana,
2171840,04/07/2017,4:20 p.m.,viernes,AUTOMOVIL,PARTICULAR,Conductor,Masculino,NO,N/A,SOLO DAÑOS,Choque,Otra,Calle 36  Sur Carrera 27,LA INMACULADA,Urbana,"(6.167154903, -75.569336965)"
2171032,04/07/2017,1:30 p.m.,viernes,AUTOMOVIL,PARTICULAR,Conductor,Masculino,NO,N/A,HERIDO,Choque,Otra,Calle 49 D Sur Carrera 40 A,LA INMACULADA,Urbana,"(6.155814881, -75.600754668)"
2171032,04/07/2017,1:30 p.m.,viernes,BICICLETA,N/A,Ciclista,Masculino,NO,N/A,HERIDO,Choque,Otra,Calle 49 D Sur Carrera 40 A,LA INMACULADA,Urbana,"(6.155814881, -75.600754668)"
2171840,04/07/2017,4:20 p.m.,viernes,CAMIONETA,PARTICULAR,Conductor,Masculino,NO,N/A,SOLO DAÑOS,Choque,Otra,Calle 36  Sur Carrera 27,LA INMACULADA,Urbana,"(6.167154903, -75.569336965)"
2171041,04/07/2017,1:30 p.m.,viernes,CAMION,PUBLICO,Conductor,Masculino,NO,N/A,SOLO DAÑOS,Choque,Impericia en el manejo,Carrera 49 Calle 25 AA Sur,LAS VEGAS,Urbana,"(6.18641241, -75.585062957)"
2171041,04/07/2017,1:30 p.m.,viernes,AUTOMOVIL,PARTICULAR,Conductor,Femenino,NO,N/A,SOLO DAÑOS,Choque,Impericia en el manejo,Carrera 49 Calle 25 AA Sur,LAS VEGAS,Urbana,"(6.18641241, -75.585062957)"
2171040,04/07/2017,8:50 p.m.,viernes,AUTOMOVIL,PUBLICO,Conductor,Masculino,NO,N/A,SOLO DAÑOS,Choque,Otra,Carrera 42 Calle 38 A Sur,ZONA CENTRO,Urbana,"(6.168903475, -75.587695784)"
2171040,04/07/2017,8:50 p.m.,viernes,AUTOMOVIL,PARTICULAR,Conductor,Masculino,NO,N/A,SOLO DAÑOS,Choque,Otra,Carrera 42 Calle 38 A Sur,ZONA CENTRO,Urbana,"(6.168903475, -75.587695784)"
2171039,04/07/2017,6:45 a.m.,viernes,MOTOCICLETA,PARTICULAR,Motociclista,Masculino,NO,N/A,SOLO DAÑOS,Choque,Girar bruscamente,Carrera 50 Calle 32  Sur,LAS VEGAS,Urbana,"(6.178248378, -75.591688281)"
2171039,04/07/2017,6:45 a.m.,viernes,MOTOCICLETA,PARTICULAR,Motociclista,Masculino,NO,N/A,SOLO DAÑOS,Choque,Girar bruscamente,Carrera 50 Calle 32  Sur,LAS VEGAS,Urbana,"(6.178248378, -75.591688281)"
2171033,04/07/2017,9:35 a.m.,viernes,MOTOCICLETA,PARTICULAR,Motociclista,Masculino,NO,N/A,SOLO DAÑOS,Choque,Desobedecer senales,Carrera 43 A Calle 33 B Sur,ZONA CENTRO,Urbana,"(6.173325428, -75.586677202)"
2171033,04/07/2017,9:35 a.m.,viernes,AUTOMOVIL,PARTICULAR,Conductor,Masculino,NO,N/A,SOLO DAÑOS,Choque,Desobedecer senales,Carrera 43 A Calle 33 B Sur,ZONA CENTRO,Urbana,"(6.173325428, -75.586677202)"
2171051,04/07/2017,6:50 a.m.,viernes,AUTOMOVIL,PARTICULAR,Conductor,Femenino,NO,N/A,SOLO DAÑOS,Choque,Adelantar invadiendo carril del mismo sentido en zigzag,Calle 39 B Sur Carrera 48,LAS VEGAS,Urbana,"(6.170162601, -75.59457554)"
2171051,04/07/2017,6:50 a.m.,viernes,CAMIONETA,PARTICULAR,Conductor,Femenino,NO,N/A,SOLO DAÑOS,Choque,Adelantar invadiendo carril del mismo sentido en zigzag,Calle 39 B Sur Carrera 48,LAS VEGAS,Urbana,"(6.170162601, -75.59457554)"
2171053,04/07/2017,3:50 a.m.,viernes,CAMIONETA,PUBLICO,Conductor,Masculino,NO,N/A,SOLO DAÑOS,Volcamiento,Otra,Carrera 50 Calle 25  Sur,LAS VEGAS,Urbana,"(6.186515998, -75.585125414)"
2171054,04/07/2017,12:40 p.m.,viernes,BUS,PUBLICO,Conductor,Masculino,NO,N/A,SOLO DAÑOS,Choque,Otra,Carrera 43 A Calle 48 C Sur,AVENIDA EL POBLADO,Urbana,"(6.162218777, -75.597644457)"
2171054,04/07/2017,12:40 p.m.,viernes,CAMIONETA,PARTICULAR,Conductor,Masculino,NO,N/A,SOLO DAÑOS,Choque,Otra,Carrera 43 A Calle 48 C Sur,AVENIDA EL POBLADO,Urbana,"(6.162218777, -75.597644457)"
2171055,04/08/2017,3:00 p.m.,sábado,CAMIONETA,PUBLICO,Conductor,Masculino,NO,N/A,SOLO DAÑOS,Choque,No mantener distancia de seguridad,Calle 37  Sur Carrera 50,LAS VEGAS,Urbana,
2171055,04/08/2017,3:00 p.m.,sábado,AUTOMOVIL,PARTICULAR,Conductor,Masculino,NO,N/A,SOLO DAÑOS,Choque,No mantener distancia de seguridad,Calle 37  Sur Carrera 50,LAS VEGAS,Urbana,
2172523,04/08/2017,11:00 a.m.,sábado,AUTOMOVIL,PARTICULAR,Conductor,Masculino,NO,N/A,SOLO DAÑOS,Choque,Otra,Calle 27 D Sur Carrera 28,N/R,Urbana,"(6.169224506, -75.571738164)"
2172523,04/08/2017,11:00 a.m.,sábado,CAMIONETA,PARTICULAR,Conductor,Sin Registro,NO,N/A,SOLO DAÑOS,Choque,Otra,Calle 27 D Sur Carrera 28,N/R,Urbana,"(6.169224506, -75.571738164)"
2171035,04/08/2017,2:00 p.m.,sábado,AUTOMOVIL,PUBLICO,Conductor,Masculino,NO,N/A,SOLO DAÑOS,Choque,Otra,Carrera 48 Calle 50  Sur,LAS CASITAS,Urbana,
2171035,04/08/2017,2:00 p.m.,sábado,CAMION,PUBLICO,Conductor,Masculino,NO,N/A,SOLO DAÑOS,Choque,Otra,Carrera 48 Calle 50  Sur,LAS CASITAS,Urbana,
2171038,04/08/2017,2:00 p.m.,sábado,BUSETA,PUBLICO,Conductor,Masculino,NO,N/A,SOLO DAÑOS,Choque,No mantener distancia de seguridad,Carrera 43 Transversal 32  Sur,LA MAGNOLIA,Urbana,"(6.175345679, -75.585125064)"
2171038,04/08/2017,2:00 p.m.,sábado,AUTOMOVIL,PARTICULAR,Conductor,Masculino,NO,N/A,SOLO DAÑOS,Choque,No mantener distancia de seguridad,Carrera 43 Transversal 32  Sur,LA MAGNOLIA,Urbana,"(6.175345679, -75.585125064)"
2171070,04/08/2017,10:00 a.m.,sábado,CAMPERO,PARTICULAR,Conductor,Femenino,NO,N/A,SOLO DAÑOS,Choque,No mantener distancia de seguridad,Tramo 372 Kilometro  9,VEREDA PALMAS,Rural,
2171070,04/08/2017,10:00 a.m.,sábado,AUTOMOVIL,PUBLICO,Conductor,Masculino,NO,N/A,SOLO DAÑOS,Choque,No mantener distancia de seguridad,Tramo 372 Kilometro  9,VEREDA PALMAS,Rural,
2171030,04/08/2017,12:00 p.m.,sábado,CAMIONETA,PUBLICO,Conductor,Masculino,NO,N/A,HERIDO,Choque,No mantener distancia de seguridad,Calle 40  Sur Carrera 48,LAS VEGAS,Urbana,"(6.158744179, -75.594597118)"
2171030,04/08/2017,12:00 p.m.,sábado,MOTOCICLETA,PARTICULAR,Motociclista,Masculino,NO,N/A,HERIDO,Choque,No mantener distancia de seguridad,Calle 40  Sur Carrera 48,LAS VEGAS,Urbana,"(6.158744179, -75.594597118)"
2171059,04/08/2017,1:10 p.m.,sábado,CAMPERO,PARTICULAR,Conductor,Femenino,NO,N/A,SOLO DAÑOS,Choque,Desobedecer senales,Carrera 43 A Calle 28  Sur,VILLA GRANDE,Urbana,"(6.178334276, -75.584449186)"
2171059,04/08/2017,1:10 p.m.,sábado,AUTOMOVIL,PARTICULAR,Conductor,Masculino,NO,N/A,SOLO DAÑOS,Choque,Desobedecer senales,Carrera 43 A Calle 28  Sur,VILLA GRANDE,Urbana,"(6.178334276, -75.584449186)"
2171175,04/08/2017,7:41 p.m.,sábado,AUTOMOVIL,PARTICULAR,Conductor,Femenino,NO,N/A,SOLO DAÑOS,Choque,Impericia en el manejo,Calle 38  Sur Carrera 48,LAS VEGAS,Urbana,