RADICADO,FECHA,HORA,DÍA DE LA SEMANA,CLASE DE VEHICULO,TIPO DE SERVICIO,TIPO DE VICTIMA,SEXO,ESTADO DE BEODEZ,RESULTADO DE BEODEZ,GRAVEDAD,CLASE DE ACCIDENTE,CAUSA,DIRECCIÓN,BARRIO,AREA,Coordenadas
2171332,05/05/2017,2:10 p.m.,viernes,AUTOMOVIL,DIPLOMATICO,Conductor,Femenino,NO,N/A,SOLO DAÑOS,Choque,No mantener distancia de seguridad,Calle 37  Sur Carrera 29 A,LA MAGNOLIA,Urbana,"(6.166159821, -75.580618636)"
2171332,05/05/2017,2:10 p.m.,viernes,CAMIONETA,PUBLICO,Conductor,Masculino,NO,N/A,SOLO DAÑOS,Choque,No mantener distancia de seguridad,Calle 37  Sur Carrera 29 A,LA MAGNOLIA,Urbana,"(6.166159821, -75.580618636)"
2171327,05/05/2017,5:10 p.m.,viernes,CAMIONETA,PARTICULAR,Conductor,Masculino,NO,N/A,SOLO DAÑOS,Choque,Transitar entre vehiculos,Calle 37  Sur Carrera 43,ZONA CENTRO,Urbana,"(6.170662973, -75.587448517)"
2171327,05/05/2017,5:10 p.m.,viernes,MOTOCICLETA,PARTICULAR,Motociclista,Femenino,NO,N/A,SOLO DAÑOS,Choque,Transitar entre vehiculos,Calle 37  Sur Carrera 43,ZONA CENTRO,Urbana,"(6.170662973, -75.587448517)"
2171334,05/05/2017,11:30 a.m.,viernes,CAMION,PUBLICO,Conductor,Masculino,NO,N/A,SOLO DAÑOS,Choque,Adelantar cerrando,Carrera 43 A Calle 34  Sur,ZONA CENTRO,Urbana,"(6.172927746, -75.586943997)"
2171334,05/05/2017,11:30 a.m.,viernes,AUTOMOVIL,PARTICULAR,Conductor,Femenino,NO,N/A,SOLO DAÑOS,Choque,Adelantar cerrando,Carrera 43 A Calle 34  Sur,ZONA CENTRO,Urbana,"(6.172927746, -75.586943997)"
2171331,05/05/2017,5:20 p.m.,viernes,CAMIONETA,PUBLICO,Conductor,Masculino,NO,N/A,SOLO DAÑOS,Choque,No mantener distancia de seguridad,Calle 43  Sur Carrera 50,LAS VEGAS,Urbana,"(6.159203801, -75.602594962)"
2171331,05/05/2017,5:20 p.m.,viernes,AUTOMOVIL,PARTICULAR,Conductor,Masculino,NO,N/A,SOLO DAÑOS,Choque,No mantener distancia de seguridad,Calle 43  Sur Carrera 50,LAS VEGAS,Urbana,"(6.159203801, -75.602594962)"
2171325,05/05/2017,2:30 p.m.,viernes,AUTOMOVIL,PARTICULAR,Conductor,Femenino,NO,N/A,SOLO DAÑOS,Choque,No mantener distancia de seguridad,Calle 36  Sur Carrera 27 A,LA INMACULADA,Urbana,"(6.167592229, -75.570654593)"
2171325,05/05/2017,2:30 p.m.,viernes,AUTOMOVIL,PARTICULAR,Conductor,Masculino,NO,N/A,SOLO DAÑOS,Choque,No mantener distancia de seguridad,Calle 36  Sur Carrera 27 A,LA INMACULADA,Urbana,"(6.167592229, -75.570654593)"
2171336,05/05/2017,9:00 p.m.,viernes,AUTOMOVIL,PUBLICO,Conductor,Masculino,NO,N/A,SOLO DAÑOS,Choque,Desobedecer senales,Carrera 48 Calle 27 A Sur,LAS VEGAS,Urbana,"(6.181312425, -75.58688511)"
2171336,05/05/2017,9:00 p.m.,viernes,AUTOMOVIL,PUBLICO,Conductor,Masculino,NO,N/A,SOLO DAÑOS,Choque,Desobedecer senales,Carrera 48 Calle 27 A Sur,LAS VEGAS,Urbana,"(6.181312425, -75.58688511)"
2171328,05/05/2017,3:40 p.m.,viernes,AUTOMOVIL,DIPLOMATICO,Conductor,Masculino,NO,N/A,SOLO DAÑOS,Choque,Transitar entre vehiculos,Carrera 42 Calle 40 DD Sur,EL DORADO,Urbana,"(6.166161402, -75.589772893)"
2171328,05/05/2017,3:40 p.m.,viernes,CAMPERO,PARTICULAR,Conductor,Masculino,NO,N/A,SOLO DAÑOS,Choque,Transitar entre vehiculos,Carrera 42 Calle 40 DD Sur,EL DORADO,Urbana,"(6.166161402, -75.589772893)"
2171328,05/05/2017,3:40 p.m.,viernes,MOTOCICLETA,DIPLOMATICO,Motociclista,Masculino,NO,N/A,SOLO DAÑOS,Choque,Transitar entre vehiculos,Carrera 42 Calle 40 DD Sur,EL DORADO,Urbana,"(6.166161402, -75.589772893)"
2171330,05/05/2017,9:30 p.m.,viernes,AUTOMOVIL,PUBLICO,Conductor,Masculino,NO,N/A,SOLO DAÑOS,Choque,Girar bruscamente,Carrera 27 Calle 36  Sur,LA INMACULADA,Urbana,"(6.167009975, -75.569278076)"
2171330,05/05/2017,9:30 p.m.,viernes,AUTOMOVIL,PARTICULAR,Conductor,Masculino,NO,N/A,SOLO DAÑOS,Choque,Adelantar en zona prohibida,Carrera 27 Calle 36  Sur,LA INMACULADA,Urbana,"(6.167009975, -75.569278076)"
2171330,05/05/2017,9:30 p.m.,viernes,AUTOMOVIL,PARTICULAR,Conductor,Masculino,NO,N/A,SOLO DAÑOS,Choque,Girar bruscamente,Carrera 27 Calle 36  Sur,LA INMACULADA,Urbana,"(6.167009975, -75.569278076)"
2171330,05/05/2017,9:30 p.m.,viernes,AUTOMOVIL,PUBLICO,Conductor,Masculino,NO,N/A,SOLO DAÑOS,Choque,Adelantar en zona prohibida,Carrera 27 Calle 36  Sur,LA INMACULADA,Urbana,"(6.167009975, -75.569278076)"
2171317,05/05/2017,2:40 p.m.,viernes,AUTOMOVIL,PARTICULAR,Conductor,Masculino,NO,N/A,HERIDO,Atropello,Reverso imprudente,Calle 39  Sur Carrera 25 B,EL CHINGU├ì,Urbana,"(6.157563812, -75.579224131)"
2171337,05/05/2017,6:55 a.m.,viernes,AUTOMOVIL,PARTICULAR,Conductor,Masculino,NO,N/A,SOLO DAÑOS,Choque,No mantener distancia de seguridad,Carrera 43 A Calle 45  Sur,AVENIDA EL POBLADO,Urbana,"(6.165116925, -75.594483161)"
2171337,05/05/2017,6:55 a.m.,viernes,AUTOMOVIL,PUBLICO,Conductor,Masculino,NO,N/A,SOLO DAÑOS,Choque,No mantener distancia de seguridad,Carrera 43 A Calle 45  Sur,AVENIDA EL POBLADO,Urbana,"(6.165116925, -75.594483161)"
2171329,05/05/2017,11:20 p.m.,viernes,AUTOMOVIL,PUBLICO,Conductor,Masculino,NO,N/A,SOLO DAÑOS,Choque,No respetar pelacion de interseccion o giros,Calle 40  Sur Carrera 43 A,ALCALA,Urbana,"(6.167965983, -75.590242146)"
2171329,05/05/2017,11:20 p.m.,viernes,AUTOMOVIL,PARTICULAR,Conductor,Masculino,NO,N/A,SOLO DAÑOS,Choque,No respetar pelacion de interseccion o giros,Calle 40  Sur Carrera 43 A,ALCALA,Urbana,"(6.167965983, -75.590242146)"
2171347,05/06/2017,12:04 p.m.,sábado,AUTOMOVIL,PUBLICO,Conductor,Masculino,NO,N/A,SOLO DAÑOS,Choque,Adelantar cerrando,Calle 36  Sur Carrera 27,EL CHOCHO,Urbana,"(6.167154903, -75.569336965)"
2171347,05/06/2017,12:04 p.m.,sábado,CAMPERO,PARTICULAR,Conductor,Masculino,NO,N/A,SOLO DAÑOS,Choque,Adelantar cerrando,Calle 36  Sur Carrera 27,EL CHOCHO,Urbana,"(6.167154903, -75.569336965)"
2171338,05/06/2017,3:10 p.m.,sábado,CAMIONETA,PARTICULAR,Conductor,Masculino,NO,N/A,SOLO DAÑOS,Choque,No mantener distancia de seguridad,Carrera 41 Calle 21  Sur,EL ESMERALDAL,Urbana,"(6.182090327, -75.576703464)"
2171338,05/06/2017,3:10 p.m.,sábado,AUTOMOVIL,PARTICULAR,Conductor,Masculino,NO,N/A,SOLO DAÑOS,Choque,No mantener distancia de seguridad,Carrera 41 Calle 21  Sur,EL ESMERALDAL,Urbana,"(6.182090327, -75.576703464)"
2171338,05/06/2017,3:10 p.m.,sábado,AUTOMOVIL,PARTICULAR,Conductor,Masculino,NO,N/A,SOLO DAÑOS,Choque,No mantener distancia de seguridad,Carrera 41 Calle 21  Sur,EL ESMERALDAL,Urbana,"(6.182090327, -75.576703464)"
2171350,05/07/2017,12:30 p.m.,domingo,AUTOMOVIL,PARTICULAR,Conductor,Masculino,SI,3,SOLO DAÑOS,Choque,Embriaguez o droga,Carrera 47 Calle 38 A Sur,ALCALA,Urbana,"(6.1715299, -75.592589544)"
2171355,05/06/2017,11:15 a.m.,sábado,AUTOMOVIL,PARTICULAR,Conductor,Masculino,NO,N/A,SOLO DAÑOS,Choque,No mantener distancia de seguridad,Carrera 48 Calle 32  Sur,LAS VEGAS,Urbana,"(6.177503621, -75.589485382)"
2171355,05/06/2017,11:15 a.m.,sábado,CAMPERO,PARTICULAR,Conductor,Masculino,NO,N/A,SOLO DAÑOS,Choque,No mantener distancia de seguridad,Carrera 48 Calle 32  Sur,LAS VEGAS,Urbana,"(6.177503621, -75.589485382)"
2171362,05/06/2017,11:15 a.m.,sábado,AUTOMOVIL,PARTICULAR,Conductor,Femenino,NO,N/A,SOLO DAÑOS,Choque,No mantener distancia de seguridad,Carrera 48 Calle 27 A Sur,LAS VEGAS,Urbana,"(6.181312425, -75.58688511)"
2171362,05/06/2017,11:15 a.m.,sábado,CAMPERO,PARTICULAR,Conductor,Masculino,NO,N/A,SOLO DAÑOS,Choque,No mantener distancia de seguridad,Carrera 48 Calle 27 A Sur,LAS VEGAS,Urbana,"(6.181312425, -75.58688511)"
2171363,05/06/2017,10:10 a.m.,sábado,AUTOMOVIL,PUBLICO,Conductor,Masculino,NO,N/A,HERIDO,Choque,Exceso de velocidad,Tramo 372 Kilometro  12,VEREDA PALMAS,Rural,
2171363,05/06/2017,10:10 a.m.,sábado,CAMIONETA,PARTICULAR,Conductor,Femenino,NO,N/A,HERIDO,Choque,No mantener distancia de seguridad,Tramo 372 Kilometro  12,VEREDA PALMAS,Rural,
2171363,05/06/2017,10:10 a.m.,sábado,CAMIONETA,PARTICULAR,Conductor,Femenino,NO,N/A,HERIDO,Choque,Exceso de velocidad,Tramo 372 Kilometro  12,VEREDA PALMAS,Rural,
2171363,05/06/2017,10:10 a.m.,sábado,AUTOMOVIL,PUBLICO,Conductor,Masculino,NO,N/A,HERIDO,Choque,No mantener distancia de seguridad,Tramo 372 Kilometro  12,VEREDA PALMAS,Rural,
2171341,05/06/2017,2:25 p.m.,sábado,AUTOMOVIL,PARTICULAR,Conductor,Masculino,NO,N/A,SOLO DAÑOS,Choque,Transitar entre vehiculos,Carrera 48 Calle 46  Sur,LAS VEGAS,Urbana,"(6.166195386, -75.599285489)"
2171341,05/06/2017,2:25 p.m.,sábado,MOTOCICLETA,PARTICULAR,Motociclista,Masculino,NO,N/A,SOLO DAÑOS,Choque,Transitar entre vehiculos,Carrera 48 Calle 46  Sur,LAS VEGAS,Urbana,"(6.166195386, -75.599285489)"
2171341,05/06/2017,2:25 p.m.,sábado,CAMIONETA,PARTICULAR,Conductor,Femenino,NO,N/A,SOLO DAÑOS,Choque,Transitar entre vehiculos,Carrera 48 Calle 46  Sur,LAS VEGAS,Urbana,"(6.166195386, -75.599285489)"
2171342,05/06/2017,12:30 p.m.,sábado,AUTOMOVIL,PARTICULAR,Conductor,Femenino,NO,N/A,SOLO DAÑOS,Choque,Reverso imprudente,Calle 27  Sur Carrera 28,EL ESMERALDAL,Urbana,"(6.175346318, -75.574583402)"
2171342,05/06/2017,12:30 p.m.,sábado,AUTOMOVIL,PARTICULAR,Conductor,Femenino,NO,N/A,SOLO DAÑOS,Choque,Reverso imprudente,Calle 27  Sur Carrera 28,EL ESMERALDAL,Urbana,"(6.175346318, -75.574583402)"
2171340,05/06/2017,11:50 a.m.,sábado,CAMPERO,PARTICULAR,Conductor,Femenino,NO,N/A,SOLO DAÑOS,Choque,Reverso imprudente,Calle 36  Sur Carrera 37,URIBE ANGEL,Urbana,"(6.169187276, -75.583497627)"
2171340,05/06/2017,11:50 a.m.,sábado,CAMIONETA,PARTICULAR,Conductor,Masculino,NO,N/A,SOLO DAÑOS,Choque,Reverso imprudente,Calle 36  Sur Carrera 37,URIBE ANGEL,Urbana,"(6.169187276, -75.583497627)"
2171319,05/07/2017,2:00 a.m.,domingo,AUTOMOVIL,PARTICULAR,Conductor,Masculino,NO,N/A,HERIDO,Volcamiento,Exceso de velocidad,Tramo 372 Kilometro  13,VEREDA PALMAS,Rural,
2171348,05/07/2017,4:00 p.m.,domingo,AUTOMOVIL,PARTICULAR,Conductor,Femenino,NO,N/A,SOLO DAÑOS,Choque,No mantener distancia de seguridad,Calle 37  Sur Carrera 50,LAS VEGAS,Urbana,
2171348,05/07/2017,4:00 p.m.,domingo,CAMPERO,PARTICULAR,Conductor,Masculino,NO,N/A,SOLO DAÑOS,Choque,No mantener distancia de seguridad,Calle 37  Sur Carrera 50,LAS VEGAS,Urbana,
2171346,05/07/2017,6:10 a.m.,domingo,AUTOMOVIL,PARTICULAR,Conductor,Masculino,NO,N/A,SOLO DAÑOS,Choque,Impericia en el manejo,Tramo 12 Kilometro  14,VEREDA PALMAS,Rural,
2171360,05/07/2017,1:20 p.m.,domingo,CAMIONETA,PARTICULAR,Conductor,Femenino,NO,N/A,SOLO DAÑOS,Choque,No respetar prelacion,Carrera 48 Calle 40  Sur,LAS VEGAS,Urbana,"(6.168855316, -75.596887667)"
2171360,05/07/2017,1:20 p.m.,domingo,AUTOMOVIL,PUBLICO,Conductor,Masculino,NO,N/A,SOLO DAÑOS,Choque,No respetar prelacion,Carrera 48 Calle 40  Sur,LAS VEGAS,Urbana,"(6.168855316, -75.596887667)"
2171364,05/07/2017,8:30 p.m.,domingo,AUTOMOVIL,PARTICULAR,Conductor,Masculino,NO,N/A,HERIDO,Choque,Otra,Calle 39  Sur Carrera 35,MESA,Urbana,"(6.165647651, -75.584029525)"
2171364,05/07/2017,8:30 p.m.,domingo,MOTOCICLETA,PARTICULAR,Motociclista,Masculino,NO,N/A,HERIDO,Choque,Otra,Calle 39  Sur Carrera 35,MESA,Urbana,"(6.165647651, -75.584029525)"
2171335,05/07/2017,8:30 a.m.,domingo,CAMIONETA,PARTICULAR,Conductor,Masculino,NO,N/A,HERIDO,Volcamiento,Exceso de velocidad,Tramo 192 Kilometro  8,VEREDA EL ESCOBERO,Rural,
2171344,05/07/2017,6:30 p.m.,domingo,AUTOMOVIL,DIPLOMATICO,Conductor,Masculino,NO,N/A,SOLO DAÑOS,Choque,No mantener distancia de seguridad,Diagonal 31 E Transversal 34 D Sur,LOS NARANJOS,Urbana,"(6.17201459, -75.579216112)"
2171344,05/07/2017,6:30 p.m.,domingo,CAMIONETA,PARTICULAR,Conductor,Masculino,NO,N/A,SOLO DAÑOS,Choque,No mantener distancia de seguridad,Diagonal 31 E Transversal 34 D Sur,LOS NARANJOS,Urbana,"(6.17201459, -75.579216112)"
2171345,05/07/2017,8:45 a.m.,domingo,CAMION,PUBLICO,Conductor,Masculino,NO,N/A,SOLO DAÑOS,Choque,Adelantar cerrando,Calle 38  Sur Carrera 32,MESA,Urbana,"(6.166011939, -75.581581213)"
2171345,05/07/2017,8:45 a.m.,domingo,AUTOMOVIL,PUBLICO,Conductor,Masculino,NO,N/A,SOLO DAÑOS,Choque,Adelantar cerrando,Calle 38  Sur Carrera 32,MESA,Urbana,"(6.166011939, -75.581581213)"
2171320,05/07/2017,12:27 a.m.,domingo,AUTOMOVIL,PARTICULAR,Conductor,Masculino,NO,N/A,HERIDO,Atropello,Impericia en el manejo,Calle 47  Sur Carrera 39,EL TRIANON,Urbana,"(6.157444431, -75.592640637)"
2171320,05/07/2017,12:27 a.m.,domingo,AUTOMOVIL,PARTICULAR,Conductor,Masculino,NO,N/A,HERIDO,Atropello,Exceso de velocidad,Calle 47  Sur Carrera 39,EL TRIANON,Urbana,"(6.157444431, -75.592640637)"
2173158,05/07/2017,4:50 p.m.,domingo,AUTOMOVIL,PUBLICO,Conductor,Masculino,NO,N/A,SOLO DAÑOS,Choque,Transitar entre vehiculos,Carrera 46 Calle 38  Sur,ZONA CENTRO,Urbana,"(6.171865925, -75.591329151)"
2173158,05/07/2017,4:50 p.m.,domingo,MOTOCICLETA,PARTICULAR,Motociclista,Masculino,NO,N/A,SOLO DAÑOS,Choque,Transitar entre vehiculos,Carrera 46 Calle 38  Sur,ZONA CENTRO,Urbana,"(6.171865925, -75.591329151)"
2171349,05/07/2017,3:50 p.m.,domingo,MICROBUS,PUBLICO,Conductor,Masculino,NO,N/A,SOLO DAÑOS,Choque,No respetar pelacion de interseccion o giros,Transversal 34 C Sur Diagonal 39,OBRERO,Urbana,"(6.171097602, -75.584051382)"
2171349,05/07/2017,3:50 p.m.,domingo,AUTOMOVIL,PUBLICO,Conductor,Masculino,NO,N/A,SOLO DAÑOS,Choque,No respetar pelacion de interseccion o giros,Transversal 34 C Sur Diagonal 39,OBRERO,Urbana,"(6.171097602, -75.584051382)"
2171356,05/08/2017,9:00 a.m.,lunes,AUTOMOVIL,PARTICULAR,Conductor,Masculino,NO,N/A,SOLO DAÑOS,Choque,Poner en marcha un vehiculo sin precauci,Calle 38  Sur Carrera 40  Sur,ZONA CENTRO,Urbana,"(6.16879573, -75.585889779)"
2171356,05/08/2017,9:00 a.m.,lunes,AUTOMOVIL,PARTICULAR,Conductor,Masculino,NO,N/A,SOLO DAÑOS,Choque,Poner en marcha un vehiculo sin precauci,Calle 38  Sur Carrera 40  Sur,ZONA CENTRO,Urbana,"(6.16879573, -75.585889779)"
2171359,05/08/2017,6:04 a.m.,lunes,BUS,PUBLICO,Conductor,Masculino,NO,N/A,SOLO DAÑOS,Choque,Poner en marcha un vehiculo sin precauci,Calle 40  Sur Carrera 25 B,EL SALADO,Urbana,"(6.155114269, -75.578968941)"
2171359,05/08/2017,6:04 a.m.,lunes,AUTOMOVIL,DIPLOMATICO,Conductor,Femenino,NO,N/A,SOLO DAÑOS,Choque,Poner en marcha un vehiculo sin precauci,Calle 40  Sur Carrera 25 B,EL SALADO,Urbana,"(6.155114269, -75.578968941)"
2171352,05/08/2017,9:05 a.m.,lunes,CAMIONETA,OFICIAL,Conductor,Masculino,NO,N/A,SOLO DAÑOS,Choque,No respetar pelacion de interseccion o giros,Carrera 40 Calle 36  Sur,ZONA CENTRO,Urbana,"(6.17006539, -75.585029162)"
2171352,05/08/2017,9:05 a.m.,lunes,AUTOMOVIL,PUBLICO,Conductor,Masculino,NO,N/A,SOLO DAÑOS,Choque,No respetar pelacion de interseccion o giros,Carrera 40 Calle 36  Sur,ZONA CENTRO,Urbana,"(6.17006539, -75.585029162)"
2171358,05/08/2017,7:10 a.m.,lunes,AUTOMOVIL,PUBLICO,Conductor,Masculino,NO,N/A,SOLO DAÑOS,Choque,No mantener distancia de seguridad,Calle 36  Sur Carrera 27,LA INMACULADA,Urbana,"(6.167154903, -75.569336965)"
2171358,05/08/2017,7:10 a.m.,lunes,AUTOMOVIL,PARTICULAR,Conductor,Femenino,NO,N/A,SOLO DAÑOS,Choque,No mantener distancia de seguridad,Calle 36  Sur Carrera 27,LA INMACULADA,Urbana,"(6.167154903, -75.569336965)"
2171367,05/08/2017,7:45 p.m.,lunes,AUTOMOVIL,PARTICULAR,Conductor,Masculino,NO,N/A,SOLO DAÑOS,Choque,No mantener distancia de seguridad,Calle 50  Sur Carrera 48,LAS VEGAS,Urbana,
2171367,05/08/2017,7:45 p.m.,lunes,CAMIONETA,PARTICULAR,Conductor,Masculino,NO,N/A,SOLO DAÑOS,Choque,No mantener distancia de seguridad,Calle 50  Sur Carrera 48,LAS VEGAS,Urbana,
2171365,05/08/2017,3:15 p.m.,lunes,CAMPERO,PARTICULAR,Conductor,Masculino,NO,N/A,SOLO DAÑOS,Choque,No mantener distancia de seguridad,Calle 37  Sur Carrera 50,LAS VEGAS,Urbana,
2171393,05/08/2017,5:10 p.m.,lunes,BUS,PUBLICO,Conductor,Masculino,NO,N/A,SOLO DAÑOS,Choque,Desobedecer senales,Carrera 42 Calle 35  Sur,ZONA CENTRO,Urbana,"(6.171623749, -75.586043385)"
2171393,05/08/2017,5:10 p.m.,lunes,CAMIONETA,PARTICULAR,Conductor,Femenino,NO,N/A,SOLO DAÑOS,Choque,Desobedecer senales,Carrera 42 Calle 35  Sur,ZONA CENTRO,Urbana,"(6.171623749, -75.586043385)"
2171365,05/08/2017,3:15 p.m.,lunes,CAMIONETA,PARTICULAR,Conductor,Masculino,NO,N/A,SOLO DAÑOS,Choque,No mantener distancia de seguridad,Calle 37  Sur Carrera 50,LAS VEGAS,Urbana,
2171343,05/08/2017,9:20 a.m.,lunes,BUS,PUBLICO,Conductor,Masculino,NO,N/A,HERIDO,Choque,Vehiculo mal estacionado,Calle 37  Sur Carrera 50,LAS VEGAS,Urbana,
2171380,05/08/2017,3:20 p.m.,lunes,CAMIONETA,OFICIAL,Conductor,Masculino,NO,N/A,SOLO DAÑOS,Choque,No mantener distancia de seguridad,Carrera 50 Calle 37  Sur,LAS VEGAS,Urbana,
2171380,05/08/2017,3:20 p.m.,lunes,CAMIONETA,PUBLICO,Conductor,Masculino,NO,N/A,SOLO DAÑOS,Choque,No mantener distancia de seguridad,Carrera 50 Calle 37  Sur,LAS VEGAS,Urbana,
2171380,05/08/2017,3:20 p.m.,lunes,CAMIONETA,PARTICULAR,Conductor,Masculino,NO,N/A,SOLO DAÑOS,Choque,No mantener distancia de seguridad,Carrera 50 Calle 37  Sur,LAS VEGAS,Urbana,
2171343,05/08/2017,9:20 a.m.,lunes,MOTOCICLETA,PARTICULAR,Motociclista,Masculino,NO,N/A,HERIDO,Choque,No mantener distancia de seguridad,Calle 37  Sur Carrera 50,LAS VEGAS,Urbana,
2171343,05/08/2017,9:20 a.m.,lunes,MOTOCICLETA,PARTICULAR,Motociclista,Masculino,NO,N/A,HERIDO,Choque,Vehiculo mal estacionado,Calle 37  Sur Carrera 50,LAS VEGAS,Urbana,
2171343,05/08/2017,9:20 a.m.,lunes,BUS,PUBLICO,Conductor,Masculino,NO,N/A,HERIDO,Choque,No mantener distancia de seguridad,Calle 37  Sur Carrera 50,LAS VEGAS,Urbana,
2171353,05/08/2017,8:15 p.m.,lunes,MOTOCICLETA,PARTICULAR,Motociclista,Masculino,NO,N/A,MUERTO,Choque,Semaforo en rojo,Calle 25  Sur Carrera 48,LAS VEGAS,Urbana,
2171353,05/08/2017,8:15 p.m.,lunes,MOTOCICLETA,PARTICULAR,Motociclista,Masculino,NO,N/A,MUERTO,Choque,Semaforo en rojo,Calle 25  Sur Carrera 48,LAS VEGAS,Urbana,
2171357,05/08/2017,3:30 p.m.,lunes,MOTOCICLETA,PARTICULAR,Motociclista,Femenino,NO,N/A,HERIDO,Choque,Desobedecer senales,Calle 30  Sur Carrera 48,LAS VEGAS,Urbana,"(6.180376127, -75.590288049)"
2171357,05/08/2017,3:30 p.m.,lunes,MOTOCICLETA,PARTICULAR,Motociclista,Masculino,NO,N/A,HERIDO,Choque,Desobedecer senales,Calle 30  Sur Carrera 48,LAS VEGAS,Urbana,"(6.180376127, -75.590288049)"
2171368,05/08/2017,3:30 p.m.,lunes,AUTOMOVIL,PUBLICO,Conductor,Masculino,NO,N/A,SOLO DAÑOS,Choque,No respetar pelacion de interseccion o giros,Calle 37  Sur Carrera 49,LAS VEGAS,Urbana,"(6.174789471, -75.594204243)"
2171368,05/08/2017,3:30 p.m.,lunes,CAMIONETA,PARTICULAR,Conductor,Masculino,NO,N/A,SOLO DAÑOS,Choque,No respetar pelacion de interseccion o giros,Calle 37  Sur Carrera 49,LAS VEGAS,Urbana,"(6.174789471, -75.594204243)"
2171369,05/08/2017,5:30 p.m.,lunes,MOTOCICLETA,PARTICULAR,Motociclista,Masculino,NO,N/A,SOLO DAÑOS,Choque,Transitar entre vehiculos,Carrera 48 Calle 37  Sur,LAS VEGAS,Urbana,"(6.172859211, -75.592769925)"
2171369,05/08/2017,5:30 p.m.,lunes,AUTOMOVIL,PARTICULAR,Conductor,Masculino,NO,N/A,SOLO DAÑOS,Choque,Transitar entre vehiculos,Carrera 48 Calle 37  Sur,LAS VEGAS,Urbana,"(6.172859211, -75.592769925)"
2171369,05/08/2017,5:30 p.m.,lunes,AUTOMOVIL,PARTICULAR,Conductor,Masculino,NO,N/A,SOLO DAÑOS,Choque,Transitar entre vehiculos,Carrera 48 Calle 37  Sur,LAS VEGAS,Urbana,"(6.172859211, -75.592769925)"
2171375,05/08/2017,5:30 p.m.,lunes,BUS,PUBLICO,Conductor,Masculino,NO,N/A,SOLO DAÑOS,Choque,Adelantar cerrando,Carrera 43 A Calle 48  Sur,LOMA DEL BARRO,Urbana,"(6.162218777, -75.597644457)"
2171375,05/08/2017,5:30 p.m.,lunes,CAMIONETA,PARTICULAR,Conductor,Masculino,NO,N/A,SOLO DAÑOS,Choque,Poner en marcha un vehiculo sin precauci,Carrera 43 A Calle 48  Sur,LOMA DEL BARRO,Urbana,"(6.162218777, -75.597644457)"
2171375,05/08/2017,5:30 p.m.,lunes,CAMIONETA,PARTICULAR,Conductor,Masculino,NO,N/A,SOLO DAÑOS,Choque,Adelantar cerrando,Carrera 43 A Calle 48  Sur,LOMA DEL BARRO,Urbana,"(6.162218777, -75.597644457)"
2171375,05/08/2017,5:30 p.m.,lunes,BUS,PUBLICO,Conductor,Masculino,NO,N/A,SOLO DAÑOS,Choque,Poner en marcha un vehiculo sin precauci,Carrera 43 A Calle 48  Sur,LOMA DEL BARRO,Urbana,"(6.162218777, -75.597644457)"
2171372,05/08/2017,7:40 a.m.,lunes,CAMIONETA,PARTICULAR,Conductor,Femenino,NO,N/A,SOLO DAÑOS,Choque,Desobedecer senales,Calle 36 A Sur Carrera 27,LA SEBASTIANA,Urbana,"(6.167621297, -75.578524101)"
2171372,05/08/2017,7:40 a.m.,lunes,AUTOMOVIL,PARTICULAR,Conductor,Masculino,NO,N/A,SOLO DAÑOS,Choque,Desobedecer senales,Calle 36 A Sur Carrera 27,LA SEBASTIANA,Urbana,"(6.167621297, -75.578524101)"
2171354,05/08/2017,3:45 p.m.,lunes,CAMIONETA,PARTICULAR,Conductor,Masculino,NO,N/A,SOLO DAÑOS,Choque,No mantener distancia de seguridad,Calle 49  Sur Carrera 50,LAS VEGAS,Urbana,
2171354,05/08/2017,3:45 p.m.,lunes,CAMPERO,PARTICULAR,Conductor,Femenino,NO,N/A,SOLO DAÑOS,Choque,No mantener distancia de seguridad,Calle 49  Sur Carrera 50,LAS VEGAS,Urbana,
2171339,05/08/2017,10:10 p.m.,lunes,CAMION,PUBLICO,Conductor,Masculino,NO,N/A,HERIDO,Choque,Exceso de velocidad,Calle 29  Sur Carrera 50,LAS VEGAS,Urbana,
2171339,05/08/2017,10:10 p.m.,lunes,MOTOCICLETA,PARTICULAR,Motociclista,Masculino,NO,N/A,HERIDO,Choque,No mantener distancia de seguridad,Calle 29  Sur Carrera 50,LAS VEGAS,Urbana,
2171339,05/08/2017,10:10 p.m.,lunes,MOTOCICLETA,PARTICULAR,Motociclista,Masculino,NO,N/A,HERIDO,Choque,Exceso de velocidad,Calle 29  Sur Carrera 50,LAS VEGAS,Urbana,
2171339,05/08/2017,10:10 p.m.,lunes,AUTOMOVIL,PARTICULAR,Conductor,Masculino,NO,N/A,HERIDO,Choque,No mantener distancia de seguridad,Calle 29  Sur Carrera 50,LAS VEGAS,Urbana,
2171339,05/08/2017,10:10 p.m.,lunes,AUTOMOVIL,PARTICULAR,Conductor,Masculino,NO,N/A,HERIDO,Choque,Exceso de velocidad,Calle 29  Sur Carrera 50,LAS VEGAS,Urbana,
2171339,05/08/2017,10:10 p.m.,lunes,CAMION,PUBLICO,Conductor,Masculino,NO,N/A,HERIDO,Choque,No mantener distancia de seguridad,Calle 29  Sur Carrera 50,LAS VEGAS,Urbana,
2171366,05/08/2017,3:50 p.m.,lunes,AUTOMOVIL,PARTICULAR,Conductor,Femenino,NO,N/A,SOLO DAÑOS,Choque,No respetar prelacion,Carrera 49 A Calle 46 A Sur,LAS VEGAS,Urbana,"(6.167871749, -75.602138766)"