RADICADO,FECHA,HORA,DÍA DE LA SEMANA,CLASE DE VEHICULO,TIPO DE SERVICIO,TIPO DE VICTIMA,SEXO,ESTADO DE BEODEZ,RESULTADO DE BEODEZ,GRAVEDAD,CLASE DE ACCIDENTE,CAUSA,DIRECCIÓN,BARRIO,AREA,Coordenadas
2171366,05/08/2017,3:50 p.m.,lunes,MOTOCICLETA,PARTICULAR,Motociclista,Masculino,NO,N/A,SOLO DAÑOS,Choque,No respetar prelacion,Carrera 49 A Calle 46 A Sur,LAS VEGAS,Urbana,"(6.167871749, -75.602138766)"
2171395,05/09/2017,5:00 p.m.,martes,AUTOMOVIL,PUBLICO,Conductor,Masculino,NO,N/A,SOLO DAÑOS,Choque,Otra,Calle 50  Sur Carrera 46 A,LAS CASITAS,Urbana,"(6.16131219, -75.603198185)"
2171395,05/09/2017,5:00 p.m.,martes,AUTOMOVIL,PARTICULAR,Conductor,Masculino,NO,N/A,SOLO DAÑOS,Choque,Otra,Calle 50  Sur Carrera 46 A,LAS CASITAS,Urbana,"(6.16131219, -75.603198185)"
2171387,05/09/2017,7:01 a.m.,martes,MOTOCICLETA,PARTICULAR,Motociclista,Masculino,NO,N/A,SOLO DAÑOS,Choque,Adelantar por la derecha,Calle 21  Sur Carrera 43 A,ZU├æIGA,Urbana,"(6.18399286, -75.579597643)"
2171387,05/09/2017,7:01 a.m.,martes,AUTOMOVIL,PARTICULAR,Conductor,Masculino,NO,N/A,SOLO DAÑOS,Choque,Recoger o dejar pasajeros en calzada,Calle 21  Sur Carrera 43 A,ZU├æIGA,Urbana,"(6.18399286, -75.579597643)"
2171387,05/09/2017,7:01 a.m.,martes,AUTOMOVIL,PARTICULAR,Conductor,Masculino,NO,N/A,SOLO DAÑOS,Choque,Adelantar por la derecha,Calle 21  Sur Carrera 43 A,ZU├æIGA,Urbana,"(6.18399286, -75.579597643)"
2171387,05/09/2017,7:01 a.m.,martes,MOTOCICLETA,PARTICULAR,Motociclista,Masculino,NO,N/A,SOLO DAÑOS,Choque,Recoger o dejar pasajeros en calzada,Calle 21  Sur Carrera 43 A,ZU├æIGA,Urbana,"(6.18399286, -75.579597643)"
2171361,05/09/2017,8:05 a.m.,martes,CAMION,PUBLICO,Conductor,Masculino,NO,N/A,SOLO DAÑOS,Choque,Transitar entre vehiculos,Calle 21  Sur Carrera 43 A,ZU├æIGA,Urbana,"(6.18399286, -75.579597643)"
2171361,05/09/2017,8:05 a.m.,martes,MOTOCICLETA,PARTICULAR,Motociclista,Masculino,NO,N/A,SOLO DAÑOS,Choque,Transitar entre vehiculos,Calle 21  Sur Carrera 43 A,ZU├æIGA,Urbana,"(6.18399286, -75.579597643)"
2171388,05/09/2017,4:10 p.m.,martes,AUTOMOVIL,PUBLICO,Conductor,Masculino,NO,N/A,SOLO DAÑOS,Choque,No mantener distancia de seguridad,Calle 38  Sur Carrera 29 A,SAN JOSE,Urbana,"(6.165022576, -75.580713107)"
2171388,05/09/2017,4:10 p.m.,martes,AUTOMOVIL,PUBLICO,Conductor,Masculino,NO,N/A,SOLO DAÑOS,Choque,No mantener distancia de seguridad,Calle 38  Sur Carrera 29 A,SAN JOSE,Urbana,"(6.165022576, -75.580713107)"
2171388,05/09/2017,4:10 p.m.,martes,CAMPERO,PARTICULAR,Conductor,Masculino,NO,N/A,SOLO DAÑOS,Choque,No mantener distancia de seguridad,Calle 38  Sur Carrera 29 A,SAN JOSE,Urbana,"(6.165022576, -75.580713107)"
2171377,05/09/2017,6:30 a.m.,martes,AUTOMOVIL,PARTICULAR,Conductor,Masculino,NO,N/A,SOLO DAÑOS,Choque,No mantener distancia de seguridad,Carrera 50 Calle 30  Sur,LAS VEGAS,Urbana,
2171377,05/09/2017,6:30 a.m.,martes,MOTOCICLETA,PARTICULAR,Motociclista,Masculino,NO,N/A,SOLO DAÑOS,Choque,No mantener distancia de seguridad,Carrera 50 Calle 30  Sur,LAS VEGAS,Urbana,
2171373,05/09/2017,9:20 a.m.,martes,CAMIONETA,PARTICULAR,Conductor,Masculino,NO,N/A,SOLO DAÑOS,Choque,No mantener distancia de seguridad,Carrera 50 Calle 39 A Sur,LAS VEGAS,Urbana,
2171373,05/09/2017,9:20 a.m.,martes,AUTOMOVIL,PARTICULAR,Conductor,Masculino,NO,N/A,SOLO DAÑOS,Choque,No mantener distancia de seguridad,Carrera 50 Calle 39 A Sur,LAS VEGAS,Urbana,
2171379,05/09/2017,10:20 a.m.,martes,MOTOCICLETA,PARTICULAR,Motociclista,Masculino,NO,N/A,SOLO DAÑOS,Choque,Desobedecer senales,Calle 40 F Sur Carrera 36,EL DORADO,Urbana,"(6.16111564, -75.584770078)"
2171379,05/09/2017,10:20 a.m.,martes,MOTOCICLETA,PARTICULAR,Motociclista,Masculino,NO,N/A,SOLO DAÑOS,Choque,Desobedecer senales,Calle 40 F Sur Carrera 36,EL DORADO,Urbana,"(6.16111564, -75.584770078)"
2171378,05/09/2017,11:30 a.m.,martes,AUTOMOVIL,PARTICULAR,Conductor,Femenino,NO,N/A,SOLO DAÑOS,Choque,No mantener distancia de seguridad,Calle 21  Sur Carrera 41,ZU├æIGA,Urbana,"(6.182165945, -75.576776678)"
2171378,05/09/2017,11:30 a.m.,martes,CAMIONETA,PUBLICO,Conductor,Masculino,NO,N/A,SOLO DAÑOS,Choque,No mantener distancia de seguridad,Calle 21  Sur Carrera 41,ZU├æIGA,Urbana,"(6.182165945, -75.576776678)"
2171382,05/09/2017,11:30 a.m.,martes,AUTOMOVIL,PUBLICO,Conductor,Masculino,NO,N/A,SOLO DAÑOS,Choque,No respetar pelacion de interseccion o giros,Calle 3  Sur Carrera 48,ALCALA,Urbana,
2171382,05/09/2017,11:30 a.m.,martes,AUTOMOVIL,PUBLICO,Conductor,Masculino,NO,N/A,SOLO DAÑOS,Choque,No respetar pelacion de interseccion o giros,Calle 3  Sur Carrera 48,ALCALA,Urbana,
2171374,05/09/2017,2:30 p.m.,martes,AUTOMOVIL,PARTICULAR,Conductor,Masculino,NO,N/A,SOLO DAÑOS,Choque,Desobedecer senales,Transversal 34 A Sur Diagonal 3 D,OBRERO,Urbana,"(6.172526619, -75.583085835)"
2171374,05/09/2017,2:30 p.m.,martes,AUTOMOVIL,PARTICULAR,Conductor,Femenino,NO,N/A,SOLO DAÑOS,Choque,Desobedecer senales,Transversal 34 A Sur Diagonal 3 D,OBRERO,Urbana,"(6.172526619, -75.583085835)"
2171383,05/09/2017,10:30 a.m.,martes,AUTOMOVIL,PARTICULAR,Conductor,Masculino,NO,N/A,SOLO DAÑOS,Choque,No mantener distancia de seguridad,Carrera 43 A Calle 50  Sur,LAS CASITAS,Urbana,"(6.160125495, -75.602078994)"
2171383,05/09/2017,10:30 a.m.,martes,AUTOMOVIL,PARTICULAR,Conductor,Masculino,NO,N/A,SOLO DAÑOS,Choque,No mantener distancia de seguridad,Carrera 43 A Calle 50  Sur,LAS CASITAS,Urbana,"(6.160125495, -75.602078994)"
2171385,05/09/2017,7:35 a.m.,martes,CAMIONETA,PARTICULAR,Conductor,Masculino,NO,N/A,SOLO DAÑOS,Choque,No mantener distancia de seguridad,Tramo 192 Kilometro  11,VEREDA EL ESCOBERO,Rural,
2171385,05/09/2017,7:35 a.m.,martes,CAMIONETA,PARTICULAR,Conductor,Masculino,NO,N/A,SOLO DAÑOS,Choque,No mantener distancia de seguridad,Tramo 192 Kilometro  11,VEREDA EL ESCOBERO,Rural,
2171384,05/09/2017,7:40 a.m.,martes,AUTOMOVIL,PARTICULAR,Conductor,Masculino,NO,N/A,SOLO DAÑOS,Choque,No respetar prelacion,Tramo 376 Kilometro  8,VEREDA PERICO,Rural,
2171384,05/09/2017,7:40 a.m.,martes,MOTOCICLETA,PARTICULAR,Motociclista,Masculino,NO,N/A,SOLO DAÑOS,Choque,No respetar prelacion,Tramo 376 Kilometro  8,VEREDA PERICO,Rural,
2171399,05/09/2017,6:50 p.m.,martes,Sin registro,PUBLICO,Conductor,Masculino,NO,N/A,SOLO DAÑOS,Choque,No respetar prelacion,Carrera 50 Calle 39 A Sur,LAS VEGAS,Urbana,
2171399,05/09/2017,6:50 p.m.,martes,CAMION,PUBLICO,Conductor,Masculino,NO,N/A,SOLO DAÑOS,Choque,No respetar prelacion,Carrera 50 Calle 39 A Sur,LAS VEGAS,Urbana,
2171376,05/09/2017,11:10 p.m.,martes,AUTOMOVIL,PUBLICO,Conductor,Masculino,NO,N/A,SOLO DAÑOS,Choque,Semaforo en rojo,Carrera 43 A Calle 37  Sur,ZONA CENTRO,Urbana,"(6.171024704, -75.588164697)"
2171376,05/09/2017,11:10 p.m.,martes,CAMIONETA,PARTICULAR,Conductor,Masculino,NO,N/A,SOLO DAÑOS,Choque,Semaforo en rojo,Carrera 43 A Calle 37  Sur,ZONA CENTRO,Urbana,"(6.171024704, -75.588164697)"
2171398,05/10/2017,2:00 p.m.,miércoles,CAMPERO,PARTICULAR,Conductor,Masculino,NO,N/A,SOLO DAÑOS,Choque,Subirse al anden o vias peatonales,Carrera 42 B Calle 23 A Sur,ZU├æIGA,Urbana,"(6.181739433, -75.579489058)"
2171398,05/10/2017,2:00 p.m.,miércoles,AUTOMOVIL,PARTICULAR,Conductor,Masculino,NO,N/A,SOLO DAÑOS,Choque,Subirse al anden o vias peatonales,Carrera 42 B Calle 23 A Sur,ZU├æIGA,Urbana,"(6.181739433, -75.579489058)"
2171386,05/10/2017,10:00 a.m.,miércoles,AUTOMOVIL,PUBLICO,Conductor,Masculino,NO,N/A,HERIDO,Choque,Adelantar por la derecha,Calle 38  Sur Carrera 40,ZONA CENTRO,Urbana,"(6.16879573, -75.585889779)"
2171386,05/10/2017,10:00 a.m.,miércoles,MOTOCICLETA,PARTICULAR,Motociclista,Femenino,NO,N/A,HERIDO,Choque,Adelantar por la derecha,Calle 38  Sur Carrera 40,ZONA CENTRO,Urbana,"(6.16879573, -75.585889779)"
2171391,05/10/2017,11:20 a.m.,miércoles,CAMIONETA,PARTICULAR,Conductor,Masculino,NO,N/A,SOLO DAÑOS,Choque,Reverso imprudente,Calle 40 AA Sur Carrera 30,SAN JOSE,Urbana,"(6.164225597, -75.585320139)"
2171391,05/10/2017,11:20 a.m.,miércoles,CAMIONETA,PARTICULAR,Conductor,Femenino,NO,N/A,SOLO DAÑOS,Choque,Reverso imprudente,Calle 40 AA Sur Carrera 30,SAN JOSE,Urbana,"(6.164225597, -75.585320139)"
2171389,05/10/2017,11:30 a.m.,miércoles,BUS,PUBLICO,Conductor,Masculino,NO,N/A,SOLO DAÑOS,Choque,Transitar en contravia,Calle 40 AA Sur Carrera 30,SAN JOSE,Urbana,"(6.164225597, -75.585320139)"
2171389,05/10/2017,11:30 a.m.,miércoles,CAMIONETA,PARTICULAR,Conductor,Femenino,NO,N/A,SOLO DAÑOS,Choque,Transitar en contravia,Calle 40 AA Sur Carrera 30,SAN JOSE,Urbana,"(6.164225597, -75.585320139)"
2171394,05/10/2017,6:30 p.m.,miércoles,AUTOMOVIL,PARTICULAR,Conductor,Masculino,NO,N/A,SOLO DAÑOS,Choque,Otra,Carrera 27 Calle 36  Sur,LA INMACULADA,Urbana,"(6.167009975, -75.569278076)"
2171394,05/10/2017,6:30 p.m.,miércoles,MOTOCICLETA,PARTICULAR,Motociclista,Masculino,NO,N/A,SOLO DAÑOS,Choque,Otra,Carrera 27 Calle 36  Sur,LA INMACULADA,Urbana,"(6.167009975, -75.569278076)"
2171370,05/10/2017,6:50 a.m.,miércoles,AUTOMOVIL,PARTICULAR,Conductor,Femenino,NO,N/A,HERIDO,Choque,No mantener distancia de seguridad,Calle 39  Sur Carrera 48,ALCALA,Urbana,"(6.17373153, -75.596883967)"
2171370,05/10/2017,6:50 a.m.,miércoles,MOTOCICLETA,PARTICULAR,Motociclista,Masculino,NO,N/A,HERIDO,Choque,No mantener distancia de seguridad,Calle 39  Sur Carrera 48,ALCALA,Urbana,"(6.17373153, -75.596883967)"
2171371,05/10/2017,7:40 a.m.,miércoles,AUTOMOVIL,PARTICULAR,Conductor,Femenino,NO,N/A,HERIDO,Choque,No respetar prelacion,Calle 39  Sur Carrera 50,LAS VEGAS,Urbana,
2171371,05/10/2017,7:40 a.m.,miércoles,MOTOCICLETA,PARTICULAR,Motociclista,Femenino,NO,N/A,HERIDO,Choque,No respetar prelacion,Calle 39  Sur Carrera 50,LAS VEGAS,Urbana,
2171390,05/10/2017,3:50 p.m.,miércoles,AUTOMOVIL,PUBLICO,Conductor,Masculino,NO,N/A,HERIDO,Choque,Otra,Calle 39  Sur Carrera 27 B,EL CHINGU├ì,Urbana,"(6.159217585, -75.578834618)"
2171390,05/10/2017,3:50 p.m.,miércoles,MOTOCICLETA,PARTICULAR,Motociclista,Masculino,NO,N/A,HERIDO,Choque,Otra,Calle 39  Sur Carrera 27 B,EL CHINGU├ì,Urbana,"(6.159217585, -75.578834618)"
2171392,05/10/2017,10:50 a.m.,miércoles,AUTOMOVIL,PARTICULAR,Conductor,Masculino,NO,N/A,SOLO DAÑOS,Choque,Otra,Calle 32  Sur Carrera 45 B,EL PORTAL,Urbana,"(6.17690285, -75.588461995)"
2171392,05/10/2017,10:50 a.m.,miércoles,AUTOMOVIL,PARTICULAR,Conductor,Masculino,NO,N/A,SOLO DAÑOS,Choque,Otra,Calle 32  Sur Carrera 45 B,EL PORTAL,Urbana,"(6.17690285, -75.588461995)"
2171396,05/10/2017,4:55 p.m.,miércoles,BUSETA,PUBLICO,Conductor,Masculino,NO,N/A,SOLO DAÑOS,Choque,Otra,Carrera 48 Calle 50  Sur,LAS VEGAS,Urbana,
2171396,05/10/2017,4:55 p.m.,miércoles,AUTOMOVIL,PARTICULAR,Conductor,Masculino,NO,N/A,SOLO DAÑOS,Choque,Otra,Carrera 48 Calle 50  Sur,LAS VEGAS,Urbana,
2171403,05/11/2017,6:00 a.m.,jueves,CAMIONETA,PARTICULAR,Conductor,Femenino,NO,N/A,SOLO DAÑOS,Choque,Desobedecer senales,Calle 39  Sur Carrera 39,ZONA CENTRO,Urbana,"(6.166978259, -75.586044922)"
2171403,05/11/2017,6:00 a.m.,jueves,MOTOCICLETA,PARTICULAR,Motociclista,Masculino,NO,N/A,SOLO DAÑOS,Choque,Desobedecer senales,Calle 39  Sur Carrera 39,ZONA CENTRO,Urbana,"(6.166978259, -75.586044922)"
2171415,05/11/2017,3:00 p.m.,jueves,AUTOMOVIL,PARTICULAR,Conductor,Masculino,NO,N/A,SOLO DAÑOS,Choque,No mantener distancia de seguridad,Carrera 43 A Calle 50  Sur,LAS CASITAS,Urbana,"(6.160125495, -75.602078994)"
2171415,05/11/2017,3:00 p.m.,jueves,AUTOMOVIL,PARTICULAR,Conductor,Masculino,NO,N/A,SOLO DAÑOS,Choque,No mantener distancia de seguridad,Carrera 43 A Calle 50  Sur,LAS CASITAS,Urbana,"(6.160125495, -75.602078994)"
2171406,05/11/2017,5:10 a.m.,jueves,BUS,PUBLICO,Conductor,Masculino,NO,N/A,SOLO DAÑOS,Choque,No mantener distancia de seguridad,Carrera 49 Calle 37  Sur,LAS VEGAS,Urbana,
2171406,05/11/2017,5:10 a.m.,jueves,MICROBUS,PUBLICO,Conductor,Masculino,NO,N/A,SOLO DAÑOS,Choque,No mantener distancia de seguridad,Carrera 49 Calle 37  Sur,LAS VEGAS,Urbana,
2171400,05/11/2017,7:15 p.m.,jueves,AUTOMOVIL,PARTICULAR,Conductor,Masculino,NO,N/A,SOLO DAÑOS,Choque,No mantener distancia de seguridad,Carrera 40 Calle 37  Sur,ZONA CENTRO,Urbana,"(6.169323846, -75.585486221)"
2171400,05/11/2017,7:15 p.m.,jueves,MOTOCICLETA,PARTICULAR,Motociclista,Masculino,NO,N/A,SOLO DAÑOS,Choque,No mantener distancia de seguridad,Carrera 40 Calle 37  Sur,ZONA CENTRO,Urbana,"(6.169323846, -75.585486221)"
2171442,05/11/2017,11:05 a.m.,jueves,AUTOMOVIL,PARTICULAR,Conductor,Femenino,NO,N/A,SOLO DAÑOS,Choque,Transitar entre vehiculos,Calle 50  Sur Carrera 48,LAS VEGAS,Urbana,
2171442,05/11/2017,11:05 a.m.,jueves,MOTOCICLETA,PARTICULAR,Motociclista,Masculino,NO,N/A,SOLO DAÑOS,Choque,Transitar entre vehiculos,Calle 50  Sur Carrera 48,LAS VEGAS,Urbana,
2171412,05/11/2017,6:30 a.m.,jueves,CAMION,PUBLICO,Conductor,Masculino,NO,N/A,SOLO DAÑOS,Choque,Adelantar cerrando,Carrera 50 Calle 37  Sur,LAS VEGAS,Urbana,
2171412,05/11/2017,6:30 a.m.,jueves,CAMION,PUBLICO,Conductor,Masculino,NO,N/A,SOLO DAÑOS,Choque,Adelantar cerrando,Carrera 50 Calle 37  Sur,LAS VEGAS,Urbana,
2171420,05/11/2017,6:20 p.m.,jueves,AUTOMOVIL,PARTICULAR,Conductor,Masculino,NO,N/A,SOLO DAÑOS,Choque,Adelantar cerrando,Carrera 48 Calle 40  Sur,LAS VEGAS,Urbana,"(6.168855316, -75.596887667)"
2171420,05/11/2017,6:20 p.m.,jueves,AUTOMOVIL,PARTICULAR,Conductor,Masculino,NO,N/A,SOLO DAÑOS,Choque,Adelantar cerrando,Carrera 48 Calle 40  Sur,LAS VEGAS,Urbana,"(6.168855316, -75.596887667)"
2171404,05/11/2017,9:25 a.m.,jueves,CAMIONETA,PARTICULAR,Conductor,Masculino,NO,N/A,SOLO DAÑOS,Choque,No mantener distancia de seguridad,Carrera 50 Calle 25  Sur,LAS VEGAS,Urbana,"(6.186515998, -75.585125414)"
2171404,05/11/2017,9:25 a.m.,jueves,CAMIONETA,PARTICULAR,Conductor,Femenino,NO,N/A,SOLO DAÑOS,Choque,No mantener distancia de seguridad,Carrera 50 Calle 25  Sur,LAS VEGAS,Urbana,"(6.186515998, -75.585125414)"
2171404,05/11/2017,9:25 a.m.,jueves,CAMION,PUBLICO,Conductor,Masculino,NO,N/A,SOLO DAÑOS,Choque,No mantener distancia de seguridad,Carrera 50 Calle 25  Sur,LAS VEGAS,Urbana,"(6.186515998, -75.585125414)"
2171407,05/11/2017,3:30 p.m.,jueves,AUTOMOVIL,PARTICULAR,Conductor,Masculino,NO,N/A,SOLO DAÑOS,Choque,Adelantar por la derecha,Carrera 41 Calle 24  Sur,ZU├æIGA,Urbana,"(6.179819678, -75.577141234)"
2171407,05/11/2017,3:30 p.m.,jueves,CAMIONETA,PARTICULAR,Conductor,Femenino,NO,N/A,SOLO DAÑOS,Choque,Adelantar por la derecha,Carrera 41 Calle 24  Sur,ZU├æIGA,Urbana,"(6.179819678, -75.577141234)"
2171423,05/11/2017,10:30 a.m.,jueves,AUTOMOVIL,PUBLICO,Conductor,Masculino,NO,N/A,SOLO DAÑOS,Choque,Poner en marcha un vehiculo sin precauci,Carrera 46 A Calle 39  Sur,ALCALA,Urbana,"(6.170724351, -75.592737206)"
2171423,05/11/2017,10:30 a.m.,jueves,AUTOMOVIL,PARTICULAR,Conductor,Masculino,NO,N/A,SOLO DAÑOS,Choque,Poner en marcha un vehiculo sin precauci,Carrera 46 A Calle 39  Sur,ALCALA,Urbana,"(6.170724351, -75.592737206)"
2171405,05/11/2017,11:40 a.m.,jueves,CAMPERO,PARTICULAR,Conductor,Masculino,NO,N/A,SOLO DAÑOS,Choque,No mantener distancia de seguridad,Calle 37  Sur Carrera 49,LAS VEGAS,Urbana,"(6.174789471, -75.594204243)"
2171405,05/11/2017,11:40 a.m.,jueves,MOTOCICLETA,PARTICULAR,Motociclista,Masculino,NO,N/A,SOLO DAÑOS,Choque,No mantener distancia de seguridad,Calle 37  Sur Carrera 49,LAS VEGAS,Urbana,"(6.174789471, -75.594204243)"
2171402,05/11/2017,1:50 p.m.,jueves,AUTOMOVIL,PARTICULAR,Conductor,Femenino,NO,N/A,SOLO DAÑOS,Choque,No respetar prelacion,Calle 32  Sur Carrera 45 B,EL PORTAL,Urbana,"(6.17690285, -75.588461995)"
2171402,05/11/2017,1:50 p.m.,jueves,CAMIONETA,PARTICULAR,Conductor,Masculino,NO,N/A,SOLO DAÑOS,Choque,No respetar prelacion,Calle 32  Sur Carrera 45 B,EL PORTAL,Urbana,"(6.17690285, -75.588461995)"
2171397,05/11/2017,7:40 a.m.,jueves,MOTOCICLETA,PARTICULAR,Motociclista,Masculino,NO,N/A,HERIDO,Choque,Otra,Calle 25 AA Sur Carrera 48,LAS VEGAS,Urbana,"(6.18405129, -75.584783826)"
2171397,05/11/2017,7:40 a.m.,jueves,MOTOCICLETA,PARTICULAR,Motociclista,Masculino,NO,N/A,HERIDO,Choque,Otra,Calle 25 AA Sur Carrera 48,LAS VEGAS,Urbana,"(6.18405129, -75.584783826)"
2171408,05/11/2017,6:40 p.m.,jueves,BUS,PUBLICO,Conductor,Masculino,NO,N/A,SOLO DAÑOS,Choque,No respetar prelacion,Calle 40  Sur Carrera 29,SAN JOSE,Urbana,"(6.159832302, -75.582595296)"
2171408,05/11/2017,6:40 p.m.,jueves,AUTOMOVIL,PARTICULAR,Conductor,Masculino,NO,N/A,SOLO DAÑOS,Choque,No respetar prelacion,Calle 40  Sur Carrera 29,SAN JOSE,Urbana,"(6.159832302, -75.582595296)"
2171401,05/11/2017,5:40 p.m.,jueves,CAMION,PUBLICO,Conductor,Masculino,NO,N/A,SOLO DAÑOS,Choque,Otra,Calle 37 B Sur Carrera 27 B,SAN JOSE,Urbana,"(6.161472845, -75.576107866)"
2171401,05/11/2017,5:40 p.m.,jueves,MOTOCICLETA,PARTICULAR,Motociclista,Masculino,NO,N/A,SOLO DAÑOS,Choque,Girar bruscamente,Calle 37 B Sur Carrera 27 B,SAN JOSE,Urbana,"(6.161472845, -75.576107866)"
2171401,05/11/2017,5:40 p.m.,jueves,MOTOCICLETA,PARTICULAR,Motociclista,Masculino,NO,N/A,SOLO DAÑOS,Choque,Otra,Calle 37 B Sur Carrera 27 B,SAN JOSE,Urbana,"(6.161472845, -75.576107866)"
2171401,05/11/2017,5:40 p.m.,jueves,CAMION,PUBLICO,Conductor,Masculino,NO,N/A,SOLO DAÑOS,Choque,Girar bruscamente,Calle 37 B Sur Carrera 27 B,SAN JOSE,Urbana,"(6.161472845, -75.576107866)"
2171431,05/12/2017,6:10 a.m.,viernes,BUS,PUBLICO,Conductor,Masculino,NO,N/A,HERIDO,Atropello,Exceso de velocidad,Calle 25 A Sur Carrera 43 A,LAS VEGAS,Urbana,"(6.181689385, -75.582417986)"
2171413,05/12/2017,7:20 p.m.,viernes,MOTOCICLETA,PARTICULAR,Motociclista,Femenino,NO,N/A,SOLO DAÑOS,Choque,No respetar prelacion,Calle 37  Sur Carrera 48,LAS VEGAS,Urbana,"(6.17412211, -75.593061115)"
2171413,05/12/2017,7:20 p.m.,viernes,AUTOMOVIL,PARTICULAR,Conductor,Femenino,NO,N/A,SOLO DAÑOS,Choque,No respetar prelacion,Calle 37  Sur Carrera 48,LAS VEGAS,Urbana,"(6.17412211, -75.593061115)"
2171410,05/12/2017,8:00 p.m.,viernes,AUTOMOVIL,PARTICULAR,Conductor,Masculino,NO,N/A,HERIDO,Atropello,Poner en marcha un vehiculo sin precauci,Diagonal 29 Transversal 34 F Sur,ALTO DE MISAEL,Urbana,"(6.169949011, -75.577578888)"
2171436,05/12/2017,6:40 a.m.,viernes,AUTOMOVIL,PARTICULAR,Conductor,Femenino,NO,N/A,SOLO DAÑOS,Choque,Adelantar cerrando,Calle 49  Sur Carrera 50,LAS VEGAS,Urbana,
2171436,05/12/2017,6:40 a.m.,viernes,TRACTOCAMION,PUBLICO,Conductor,Masculino,NO,N/A,SOLO DAÑOS,Choque,Adelantar cerrando,Calle 49  Sur Carrera 50,LAS VEGAS,Urbana,
2171424,05/12/2017,9:30 p.m.,viernes,CAMIONETA,PARTICULAR,Conductor,Masculino,NO,N/A,SOLO DAÑOS,Choque,No mantener distancia de seguridad,Calle 30  Sur Carrera 45 A,LAS VEGAS,Urbana,"(6.178033442, -75.586523966)"
2171424,05/12/2017,9:30 p.m.,viernes,AUTOMOVIL,PARTICULAR,Conductor,Masculino,NO,N/A,SOLO DAÑOS,Choque,No mantener distancia de seguridad,Calle 30  Sur Carrera 45 A,LAS VEGAS,Urbana,"(6.178033442, -75.586523966)"
2171421,05/12/2017,11:00 p.m.,viernes,AUTOMOVIL,PUBLICO,Conductor,Masculino,NO,N/A,SOLO DAÑOS,Choque,Adelantar cerrando,Calle 40  Sur Carrera 43 A,ALCALA,Urbana,"(6.167965983, -75.590242146)"
2171421,05/12/2017,11:00 p.m.,viernes,AUTOMOVIL,PARTICULAR,Conductor,Femenino,NO,N/A,SOLO DAÑOS,Choque,Adelantar cerrando,Calle 40  Sur Carrera 43 A,ALCALA,Urbana,"(6.167965983, -75.590242146)"
2171450,05/13/2017,8:10 a.m.,sábado,Sin registro,PUBLICO,Conductor,Masculino,NO,N/A,SOLO DAÑOS,Choque,Desobedecer senales,Carrera 48 Calle 38 A Sur,ALCALA,Urbana,"(6.172315595, -75.59309025)"
2171450,05/13/2017,8:10 a.m.,sábado,CAMPERO,PARTICULAR,Conductor,Masculino,NO,N/A,SOLO DAÑOS,Choque,Desobedecer senales,Carrera 48 Calle 38 A Sur,ALCALA,Urbana,"(6.172315595, -75.59309025)"
2171429,05/13/2017,3:15 p.m.,sábado,BUS,PUBLICO,Conductor,Masculino,NO,N/A,SOLO DAÑOS,Choque,Poner en marcha un vehiculo sin precauci,Carrera 48 Calle 32 B Sur,LAS VEGAS,Urbana,"(6.176994311, -75.589841192)"
2171429,05/13/2017,3:15 p.m.,sábado,AUTOMOVIL,PARTICULAR,Conductor,Femenino,NO,N/A,SOLO DAÑOS,Choque,Poner en marcha un vehiculo sin precauci,Carrera 48 Calle 32 B Sur,LAS VEGAS,Urbana,"(6.176994311, -75.589841192)"
2171427,05/13/2017,8:00 p.m.,sábado,MOTOCICLETA,PARTICULAR,Motociclista,Masculino,SI,2,HERIDO,Choque,Embriaguez o droga,Calle 25  Sur Carrera 42 B,LAS ORQUIDEAS,Urbana,"(6.179561127, -75.579866326)"
2171427,05/13/2017,8:00 p.m.,sábado,AUTOMOVIL,PARTICULAR,Conductor,Masculino,NO,N/A,HERIDO,Choque,Transitar entre vehiculos,Calle 25  Sur Carrera 42 B,LAS ORQUIDEAS,Urbana,"(6.179561127, -75.579866326)"
2171427,05/13/2017,8:00 p.m.,sábado,AUTOMOVIL,PARTICULAR,Conductor,Masculino,NO,N/A,HERIDO,Choque,Embriaguez o droga,Calle 25  Sur Carrera 42 B,LAS ORQUIDEAS,Urbana,"(6.179561127, -75.579866326)"
2171427,05/13/2017,8:00 p.m.,sábado,MOTOCICLETA,PARTICULAR,Motociclista,Masculino,SI,2,HERIDO,Choque,Transitar entre vehiculos,Calle 25  Sur Carrera 42 B,LAS ORQUIDEAS,Urbana,"(6.179561127, -75.579866326)"
2171414,05/13/2017,2:15 a.m.,sábado,AUTOMOVIL,PARTICULAR,Conductor,Masculino,NO,N/A,SOLO DAÑOS,Choque,No mantener distancia de seguridad,Carrera 43 A Calle 30  Sur,AVENIDA EL POBLADO,Urbana,"(6.177072638, -75.585336148)"
2171414,05/13/2017,2:15 a.m.,sábado,AUTOMOVIL,PUBLICO,Conductor,Masculino,NO,N/A,SOLO DAÑOS,Choque,Desobedecer senales,Carrera 43 A Calle 30  Sur,AVENIDA EL POBLADO,Urbana,"(6.177072638, -75.585336148)"
2171414,05/13/2017,2:15 a.m.,sábado,AUTOMOVIL,PUBLICO,Conductor,Masculino,NO,N/A,SOLO DAÑOS,Choque,No mantener distancia de seguridad,Carrera 43 A Calle 30  Sur,AVENIDA EL POBLADO,Urbana,"(6.177072638, -75.585336148)"
2171414,05/13/2017,2:15 a.m.,sábado,AUTOMOVIL,PARTICULAR,Conductor,Masculino,NO,N/A,SOLO DAÑOS,Choque,Desobedecer senales,Carrera 43 A Calle 30  Sur,AVENIDA EL POBLADO,Urbana,"(6.177072638, -75.585336148)"
2171443,05/13/2017,8:50 p.m.,sábado,MOTOCICLETA,PARTICULAR,Motociclista,Masculino,NO,N/A,HERIDO,Atropello,Exceso de velocidad,Calle 40 C Sur Carrera 29,LA MINA,Urbana,"(6.160404351, -75.582515029)"