RADICADO,FECHA,HORA,DÍA DE LA SEMANA,CLASE DE VEHICULO,TIPO DE SERVICIO,TIPO DE VICTIMA,SEXO,ESTADO DE BEODEZ,RESULTADO DE BEODEZ,GRAVEDAD,CLASE DE ACCIDENTE,CAUSA,DIRECCIÓN,BARRIO,AREA,Coordenadas
2171512,05/18/2017,2:15 p.m.,jueves,AUTOMOVIL,PARTICULAR,Conductor,Femenino,NO,N/A,SOLO DAÑOS,Choque,No mantener distancia de seguridad,Tramo 12 Kilometro  12,VEREDA PALMAS,Rural,
2171512,05/18/2017,2:15 p.m.,jueves,AUTOMOVIL,PARTICULAR,Conductor,Masculino,NO,N/A,SOLO DAÑOS,Choque,No mantener distancia de seguridad,Tramo 12 Kilometro  12,VEREDA PALMAS,Rural,
2171512,05/18/2017,2:15 p.m.,jueves,AUTOMOVIL,PARTICULAR,Conductor,Femenino,NO,N/A,SOLO DAÑOS,Choque,No mantener distancia de seguridad,Tramo 12 Kilometro  12,VEREDA PALMAS,Rural,
2171485,05/18/2017,4:30 p.m.,jueves,MOTOCICLETA,PARTICULAR,Motociclista,Masculino,NO,N/A,SOLO DAÑOS,Choque,Transitar entre vehiculos,Carrera 50 Calle 32  Sur,LAS VEGAS,Urbana,"(6.178248378, -75.591688281)"
2171485,05/18/2017,4:30 p.m.,jueves,AUTOMOVIL,PARTICULAR,Conductor,Femenino,NO,N/A,SOLO DAÑOS,Choque,Transitar entre vehiculos,Carrera 50 Calle 32  Sur,LAS VEGAS,Urbana,"(6.178248378, -75.591688281)"
2171478,05/18/2017,9:40 a.m.,jueves,BUS,PUBLICO,Conductor,Masculino,NO,N/A,SOLO DAÑOS,Choque,No mantener distancia de seguridad,Carrera 43 A Calle 23  Sur,ZU├æIGA,Urbana,"(6.182555831, -75.580177931)"
2171478,05/18/2017,9:40 a.m.,jueves,CAMIONETA,DIPLOMATICO,Conductor,Femenino,NO,N/A,SOLO DAÑOS,Choque,No mantener distancia de seguridad,Carrera 43 A Calle 23  Sur,ZU├æIGA,Urbana,"(6.182555831, -75.580177931)"
2171478,05/18/2017,9:40 a.m.,jueves,BUS,PUBLICO,Conductor,Masculino,NO,N/A,SOLO DAÑOS,Choque,No mantener distancia de seguridad,Carrera 43 A Calle 23  Sur,ZU├æIGA,Urbana,"(6.182555831, -75.580177931)"
2171465,05/18/2017,12:20 a.m.,jueves,MOTOCICLETA,PARTICULAR,Motociclista,Masculino,NO,N/A,HERIDO,Atropello,No respetar prelacion,Calle 39  Sur Carrera 43 A,ZONA CENTRO,Urbana,"(6.169120914, -75.589530358)"
2171465,05/18/2017,12:20 a.m.,jueves,AUTOMOVIL,PARTICULAR,Conductor,Masculino,NO,N/A,HERIDO,Atropello,No respetar prelacion,Calle 39  Sur Carrera 43 A,ZONA CENTRO,Urbana,"(6.169120914, -75.589530358)"
2171492,05/18/2017,6:35 p.m.,jueves,AUTOMOVIL,PARTICULAR,Conductor,Femenino,NO,N/A,SOLO DAÑOS,Choque,Impericia en el manejo,Calle 46  Sur Carrera 44,PRIMAVERA,Urbana,"(6.164371719, -75.596317156)"
2171492,05/18/2017,6:35 p.m.,jueves,AUTOMOVIL,PARTICULAR,Conductor,Masculino,NO,N/A,SOLO DAÑOS,Choque,Impericia en el manejo,Calle 46  Sur Carrera 44,PRIMAVERA,Urbana,"(6.164371719, -75.596317156)"
2171491,05/18/2017,12:50 p.m.,jueves,BUSETA,PUBLICO,Conductor,Masculino,NO,N/A,SOLO DAÑOS,Choque,No mantener distancia de seguridad,Calle 25  Sur Carrera 48,LAS VEGAS,Urbana,
2171491,05/18/2017,12:50 p.m.,jueves,AUTOMOVIL,PARTICULAR,Conductor,Masculino,NO,N/A,SOLO DAÑOS,Choque,No mantener distancia de seguridad,Calle 25  Sur Carrera 48,LAS VEGAS,Urbana,
2171484,05/18/2017,3:50 p.m.,jueves,MOTOCICLETA,PARTICULAR,Motociclista,Masculino,NO,N/A,SOLO DAÑOS,Choque,Adelantar cerrando,Calle 40 D Sur Carrera 39 A,EL DORADO,Urbana,"(6.164920887, -75.58776066)"
2171484,05/18/2017,3:50 p.m.,jueves,AUTOMOVIL,PARTICULAR,Conductor,Masculino,NO,N/A,SOLO DAÑOS,Choque,Adelantar cerrando,Calle 40 D Sur Carrera 39 A,EL DORADO,Urbana,"(6.164920887, -75.58776066)"
2171497,05/19/2017,6:00 p.m.,viernes,MOTOCICLETA,PARTICULAR,Motociclista,Masculino,NO,N/A,SOLO DAÑOS,Choque,No respetar prelacion,Tramo 12 Kilometro  14,VEREDA PALMAS,Rural,
2171497,05/19/2017,6:00 p.m.,viernes,AUTOMOVIL,PARTICULAR,Conductor,Femenino,NO,N/A,SOLO DAÑOS,Choque,No respetar prelacion,Tramo 12 Kilometro  14,VEREDA PALMAS,Rural,
2171497,05/19/2017,6:00 p.m.,viernes,MOTOCICLETA,PARTICULAR,Motociclista,Masculino,NO,N/A,SOLO DAÑOS,Choque,No respetar prelacion,Tramo 12 Kilometro  14,VEREDA PALMAS,Rural,
2171504,05/19/2017,5:00 p.m.,viernes,AUTOMOVIL,DIPLOMATICO,Conductor,Femenino,NO,N/A,SOLO DAÑOS,Choque,No mantener distancia de seguridad,Carrera 48 Calle 50  Sur,LAS VEGAS,Urbana,
2171504,05/19/2017,5:00 p.m.,viernes,AUTOMOVIL,PARTICULAR,Conductor,Femenino,NO,N/A,SOLO DAÑOS,Choque,No mantener distancia de seguridad,Carrera 48 Calle 50  Sur,LAS VEGAS,Urbana,
2171507,05/19/2017,1:10 p.m.,viernes,BUSETA,PUBLICO,Conductor,Masculino,NO,N/A,SOLO DAÑOS,Choque,No mantener distancia de seguridad,Carrera 48 Calle 26  Sur,LAS VEGAS,Urbana,"(6.183318111, -75.585537184)"
2171507,05/19/2017,1:10 p.m.,viernes,BUSETA,PUBLICO,Conductor,Masculino,NO,N/A,SOLO DAÑOS,Choque,No mantener distancia de seguridad,Carrera 48 Calle 26  Sur,LAS VEGAS,Urbana,"(6.183318111, -75.585537184)"
2171513,05/19/2017,12:05 p.m.,viernes,AUTOMOVIL,PARTICULAR,Conductor,Femenino,NO,N/A,SOLO DAÑOS,Choque,No mantener distancia de seguridad,Carrera 48 Calle 48  Sur,LAS VEGAS,Urbana,"(6.164595282, -75.601380414)"
2171513,05/19/2017,12:05 p.m.,viernes,AUTOMOVIL,PARTICULAR,Conductor,Masculino,NO,N/A,SOLO DAÑOS,Choque,No mantener distancia de seguridad,Carrera 48 Calle 48  Sur,LAS VEGAS,Urbana,"(6.164595282, -75.601380414)"
2171510,05/19/2017,11:10 a.m.,viernes,AUTOMOVIL,PUBLICO,Conductor,Masculino,NO,N/A,SOLO DAÑOS,Choque,Adelantar cerrando,Calle 40 C Sur Carrera 30,SAN JOSE,Urbana,"(6.161689933, -75.583404716)"
2171510,05/19/2017,11:10 a.m.,viernes,CAMION,PUBLICO,Conductor,Masculino,NO,N/A,SOLO DAÑOS,Choque,Adelantar cerrando,Calle 40 C Sur Carrera 30,SAN JOSE,Urbana,"(6.161689933, -75.583404716)"
2171508,05/19/2017,7:45 p.m.,viernes,AUTOMOVIL,PARTICULAR,Conductor,Femenino,NO,N/A,SOLO DAÑOS,Choque,No mantener distancia de seguridad,Calle 25  Sur Carrera 42 B,LAS ORQUIDEAS,Urbana,"(6.179561127, -75.579866326)"
2171508,05/19/2017,7:45 p.m.,viernes,MOTOCICLETA,PARTICULAR,Motociclista,Masculino,NO,N/A,SOLO DAÑOS,Choque,No mantener distancia de seguridad,Calle 25  Sur Carrera 42 B,LAS ORQUIDEAS,Urbana,"(6.179561127, -75.579866326)"
2171535,05/19/2017,12:10 p.m.,viernes,AUTOMOVIL,PUBLICO,Conductor,Masculino,NO,N/A,SOLO DAÑOS,Choque,No respetar prelacion,Calle 26 B Sur Carrera 42,LAS ORQUIDEAS,Urbana,"(6.176911315, -75.58005899)"
2171535,05/19/2017,12:10 p.m.,viernes,AUTOMOVIL,PARTICULAR,Conductor,Masculino,NO,N/A,SOLO DAÑOS,Choque,No respetar prelacion,Calle 26 B Sur Carrera 42,LAS ORQUIDEAS,Urbana,"(6.176911315, -75.58005899)"
2171521,05/19/2017,11:15 a.m.,viernes,CAMION,PUBLICO,Conductor,Masculino,NO,N/A,SOLO DAÑOS,Choque,Impericia en el manejo,Carrera 48 Calle 48  Sur,LAS VEGAS,Urbana,"(6.164595282, -75.601380414)"
2171511,05/19/2017,7:15 a.m.,viernes,AUTOMOVIL,PUBLICO,Conductor,Masculino,NO,N/A,HERIDO,Choque,Semaforo en rojo,Calle 21  Sur Carrera 43 A,ZU├æIGA,Urbana,"(6.18399286, -75.579597643)"
2171511,05/19/2017,7:15 a.m.,viernes,MOTOCICLETA,PARTICULAR,Motociclista,Masculino,NO,N/A,HERIDO,Choque,Semaforo en rojo,Calle 21  Sur Carrera 43 A,ZU├æIGA,Urbana,"(6.18399286, -75.579597643)"
2171533,05/19/2017,10:15 a.m.,viernes,CAMIONETA,PARTICULAR,Conductor,Masculino,NO,N/A,SOLO DAÑOS,Choque,Reverso imprudente,Calle 36  Sur Carrera 38,LOS NARANJOS,Urbana,"(6.169465734, -75.583858682)"
2171533,05/19/2017,10:15 a.m.,viernes,CAMPERO,PARTICULAR,Conductor,Masculino,NO,N/A,SOLO DAÑOS,Choque,Reverso imprudente,Calle 36  Sur Carrera 38,LOS NARANJOS,Urbana,"(6.169465734, -75.583858682)"
2171518,05/19/2017,5:20 p.m.,viernes,CAMIONETA,PARTICULAR,Conductor,Masculino,NO,N/A,SOLO DAÑOS,Choque,No respetar pelacion de interseccion o giros,Calle 38  Sur Carrera 39,ZONA CENTRO,Urbana,"(6.16839174, -75.585247797)"
2171518,05/19/2017,5:20 p.m.,viernes,AUTOMOVIL,PUBLICO,Conductor,Masculino,NO,N/A,SOLO DAÑOS,Choque,No respetar pelacion de interseccion o giros,Calle 38  Sur Carrera 39,ZONA CENTRO,Urbana,"(6.16839174, -75.585247797)"
2171502,05/19/2017,2:30 p.m.,viernes,AUTOMOVIL,PARTICULAR,Conductor,Masculino,NO,N/A,SOLO DAÑOS,Choque,No mantener distancia de seguridad,Calle 37  Sur Carrera 49,EL PORTAL,Urbana,"(6.174789471, -75.594204243)"
2171502,05/19/2017,2:30 p.m.,viernes,AUTOMOVIL,PUBLICO,Conductor,Masculino,NO,N/A,SOLO DAÑOS,Choque,No mantener distancia de seguridad,Calle 37  Sur Carrera 49,EL PORTAL,Urbana,"(6.174789471, -75.594204243)"
2171522,05/19/2017,1:40 p.m.,viernes,AUTOMOVIL,PARTICULAR,Conductor,Masculino,NO,N/A,SOLO DAÑOS,Choque,Impericia en el manejo,Calle 33 B Sur Carrera 43 A,EL PORTAL,Urbana,"(6.173429457, -75.586716615)"
2171522,05/19/2017,1:40 p.m.,viernes,MICROBUS,PUBLICO,Conductor,Masculino,NO,N/A,SOLO DAÑOS,Choque,Impericia en el manejo,Calle 33 B Sur Carrera 43 A,EL PORTAL,Urbana,"(6.173429457, -75.586716615)"
2171515,05/19/2017,9:35 a.m.,viernes,CAMPERO,PARTICULAR,Conductor,Femenino,NO,N/A,SOLO DAÑOS,Choque,Girar bruscamente,Calle 38 A Sur Carrera 40,ZONA CENTRO,Urbana,"(6.168097144, -75.586307809)"
2171515,05/19/2017,9:35 a.m.,viernes,BUSETA,PUBLICO,Conductor,Masculino,NO,N/A,SOLO DAÑOS,Choque,Girar bruscamente,Calle 38 A Sur Carrera 40,ZONA CENTRO,Urbana,"(6.168097144, -75.586307809)"
2171501,05/19/2017,3:45 p.m.,viernes,AUTOMOVIL,PARTICULAR,Conductor,Masculino,NO,N/A,SOLO DAÑOS,Choque,Adelantar cerrando,Calle 21  Sur Carrera 44,ZU├æIGA,Urbana,
2171501,05/19/2017,3:45 p.m.,viernes,AUTOMOVIL,PARTICULAR,Conductor,Masculino,NO,N/A,SOLO DAÑOS,Choque,Adelantar cerrando,Calle 21  Sur Carrera 44,ZU├æIGA,Urbana,
2171505,05/19/2017,7:50 a.m.,viernes,AUTOMOVIL,PARTICULAR,Conductor,Masculino,NO,N/A,SOLO DAÑOS,Choque,No respetar pelacion de interseccion o giros,Calle 49  Sur Carrera 48,LAS VEGAS,Urbana,"(6.163238618, -75.602507178)"
2171505,05/19/2017,7:50 a.m.,viernes,MICROBUS,PUBLICO,Conductor,Masculino,NO,N/A,SOLO DAÑOS,Choque,No respetar pelacion de interseccion o giros,Calle 49  Sur Carrera 48,LAS VEGAS,Urbana,"(6.163238618, -75.602507178)"
2171494,05/19/2017,10:00 p.m.,viernes,AUTOMOVIL,PARTICULAR,Conductor,Masculino,NO,N/A,SOLO DAÑOS,Choque,Impericia en el manejo,Tramo 372 Kilometro  14,VEREDA PALMAS,Rural,
2171526,05/19/2017,2:45 p.m.,viernes,MOTOCICLETA,PARTICULAR,Motociclista,Masculino,NO,N/A,SOLO DAÑOS,Choque,Adelantar en zona prohibida,Calle 40 B Sur Carrera 39 A,EL DORADO,Urbana,"(6.165386968, -75.587185007)"
2171526,05/19/2017,2:45 p.m.,viernes,AUTOMOVIL,PARTICULAR,Conductor,Masculino,NO,N/A,SOLO DAÑOS,Choque,Adelantar en zona prohibida,Calle 40 B Sur Carrera 39 A,EL DORADO,Urbana,"(6.165386968, -75.587185007)"
2171526,05/19/2017,2:45 p.m.,viernes,AUTOMOVIL,PARTICULAR,Conductor,Femenino,NO,N/A,SOLO DAÑOS,Choque,Adelantar en zona prohibida,Calle 40 B Sur Carrera 39 A,EL DORADO,Urbana,"(6.165386968, -75.587185007)"
2171493,05/19/2017,3:50 p.m.,viernes,CAMIONETA,OFICIAL,Conductor,Masculino,NO,N/A,SOLO DAÑOS,Choque,Exceso de velocidad,Calle 36 D Sur Carrera 24,VEREDA EL ESCOBERO,Urbana,"(6.157425668, -75.56691387)"
2171493,05/19/2017,3:50 p.m.,viernes,BICICLETA,N/A,Ciclista,Masculino,NO,N/A,SOLO DAÑOS,Choque,Exceso de velocidad,Calle 36 D Sur Carrera 24,VEREDA EL ESCOBERO,Urbana,"(6.157425668, -75.56691387)"
2171499,05/19/2017,3:50 p.m.,viernes,AUTOMOVIL,PARTICULAR,Conductor,Femenino,NO,N/A,SOLO DAÑOS,Choque,No mantener distancia de seguridad,Tramo 372 Kilometro  9,VEREDA PALMAS,Rural,
2171499,05/19/2017,3:50 p.m.,viernes,AUTOMOVIL,PUBLICO,Conductor,Masculino,NO,N/A,SOLO DAÑOS,Choque,No mantener distancia de seguridad,Tramo 372 Kilometro  9,VEREDA PALMAS,Rural,
2171519,05/20/2017,1:30 p.m.,sábado,CAMIONETA,PUBLICO,Conductor,Masculino,NO,N/A,SOLO DAÑOS,Choque,No mantener distancia de seguridad,Carrera 50 Calle 43  Sur,LAS VEGAS,Urbana,
2171519,05/20/2017,1:30 p.m.,sábado,AUTOMOVIL,PARTICULAR,Conductor,Femenino,NO,N/A,SOLO DAÑOS,Choque,No mantener distancia de seguridad,Carrera 50 Calle 43  Sur,LAS VEGAS,Urbana,
2171498,05/20/2017,12:25 p.m.,sábado,MOTOCICLETA,PARTICULAR,Motociclista,Masculino,SI,3,SOLO DAÑOS,Choque,Adelantar por la derecha,Carrera 42 Calle 40 C Sur,EL DORADO,Urbana,"(6.16670504, -75.589141194)"
2171498,05/20/2017,12:25 p.m.,sábado,AUTOMOVIL,DIPLOMATICO,Conductor,Masculino,NO,N/A,SOLO DAÑOS,Choque,Embriaguez o droga,Carrera 42 Calle 40 C Sur,EL DORADO,Urbana,"(6.16670504, -75.589141194)"
2171498,05/20/2017,12:25 p.m.,sábado,AUTOMOVIL,DIPLOMATICO,Conductor,Masculino,NO,N/A,SOLO DAÑOS,Choque,Adelantar por la derecha,Carrera 42 Calle 40 C Sur,EL DORADO,Urbana,"(6.16670504, -75.589141194)"
2171498,05/20/2017,12:25 p.m.,sábado,MOTOCICLETA,PARTICULAR,Motociclista,Masculino,SI,3,SOLO DAÑOS,Choque,Embriaguez o droga,Carrera 42 Calle 40 C Sur,EL DORADO,Urbana,"(6.16670504, -75.589141194)"
2171530,05/20/2017,8:30 a.m.,sábado,AUTOMOVIL,PARTICULAR,Conductor,Masculino,NO,N/A,SOLO DAÑOS,Choque,Desobedecer senales,Calle 23  Sur Carrera 27,LA INMACULADA,Urbana,"(6.176668041, -75.567525633)"
2171530,05/20/2017,8:30 a.m.,sábado,CAMIONETA,PARTICULAR,Conductor,Masculino,NO,N/A,SOLO DAÑOS,Choque,Desobedecer senales,Calle 23  Sur Carrera 27,LA INMACULADA,Urbana,"(6.176668041, -75.567525633)"
2171534,05/20/2017,8:50 p.m.,sábado,AUTOMOVIL,PARTICULAR,Conductor,Masculino,NO,N/A,SOLO DAÑOS,Choque,No mantener distancia de seguridad,Tramo 12 Kilometro  14,VEREDA PALMAS,Rural,
2171534,05/20/2017,8:50 p.m.,sábado,AUTOMOVIL,PARTICULAR,Conductor,Femenino,NO,N/A,SOLO DAÑOS,Choque,No mantener distancia de seguridad,Tramo 12 Kilometro  14,VEREDA PALMAS,Rural,
2171514,05/20/2017,2:30 p.m.,sábado,MOTOCICLETA,PARTICULAR,Motociclista,Masculino,NO,N/A,HERIDO,Choque,Semaforo en rojo,Diagonal 31 Transversal 36  Sur,LA SEBASTIANA,Urbana,"(6.168204377, -75.580205142)"
2171514,05/20/2017,2:30 p.m.,sábado,MOTOCICLETA,PARTICULAR,Motociclista,Masculino,NO,N/A,HERIDO,Choque,Semaforo en rojo,Diagonal 31 Transversal 36  Sur,LA SEBASTIANA,Urbana,"(6.168204377, -75.580205142)"
2171516,05/20/2017,4:30 p.m.,sábado,AUTOMOVIL,PUBLICO,Conductor,Masculino,NO,N/A,SOLO DAÑOS,Choque,No respetar pelacion de interseccion o giros,Carrera 48 Calle 25 A Sur,LAS VEGAS,Urbana,"(6.184740152, -75.583657425)"
2171516,05/20/2017,4:30 p.m.,sábado,AUTOMOVIL,PARTICULAR,Conductor,Femenino,NO,N/A,SOLO DAÑOS,Choque,No respetar pelacion de interseccion o giros,Carrera 48 Calle 25 A Sur,LAS VEGAS,Urbana,"(6.184740152, -75.583657425)"
2171528,05/20/2017,7:30 a.m.,sábado,BICICLETA,N/A,Ciclista,Masculino,NO,N/A,HERIDO,Choque,Adelantar cerrando,Tramo 372 Kilometro  12,VEREDA PALMAS,Rural,
2171528,05/20/2017,7:30 a.m.,sábado,MOTOCICLETA,PARTICULAR,Motociclista,Masculino,NO,N/A,HERIDO,Choque,Adelantar cerrando,Tramo 372 Kilometro  12,VEREDA PALMAS,Rural,
2171503,05/20/2017,10:30 a.m.,sábado,AUTOMOVIL,PARTICULAR,Conductor,Masculino,NO,N/A,SOLO DAÑOS,Choque,Girar bruscamente,Calle 36 D Sur Carrera 27 D,VEREDA EL ESCOBERO,Urbana,"(6.164970853, -75.574637268)"
2171503,05/20/2017,10:30 a.m.,sábado,AUTOMOVIL,PARTICULAR,Conductor,Masculino,NO,N/A,SOLO DAÑOS,Choque,Girar bruscamente,Calle 36 D Sur Carrera 27 D,VEREDA EL ESCOBERO,Urbana,"(6.164970853, -75.574637268)"
2171489,05/20/2017,7:40 a.m.,sábado,CAMIONETA,PARTICULAR,Conductor,Masculino,NO,N/A,HERIDO,Choque,No mantener distancia de seguridad,Calle 25  Sur Carrera 47,ZU├æIGA,Urbana,
2171489,05/20/2017,7:40 a.m.,sábado,MOTOCICLETA,PARTICULAR,Motociclista,Masculino,NO,N/A,HERIDO,Choque,No mantener distancia de seguridad,Calle 25  Sur Carrera 47,ZU├æIGA,Urbana,
2171489,05/20/2017,7:40 a.m.,sábado,MOTOCICLETA,PARTICULAR,Motociclista,Masculino,NO,N/A,HERIDO,Choque,No mantener distancia de seguridad,Calle 25  Sur Carrera 47,ZU├æIGA,Urbana,
2171509,05/20/2017,6:40 p.m.,sábado,AUTOMOVIL,PARTICULAR,Conductor,Femenino,NO,N/A,HERIDO,Atropello,Cruzar sin observar,Calle 40 G Sur Carrera 41,EL DORADO,Urbana,"(6.16508973, -75.590094326)"
2171495,05/20/2017,9:50 p.m.,sábado,AUTOMOVIL,PARTICULAR,Conductor,Masculino,NO,N/A,HERIDO,Choque,Desobedecer senales,Diagonal 32 D Transversal 34 B Sur,OBRERO,Urbana,"(6.172045916, -75.582803478)"
2171495,05/20/2017,9:50 p.m.,sábado,MOTOCICLETA,PARTICULAR,Motociclista,Masculino,NO,N/A,HERIDO,Choque,Desobedecer senales,Diagonal 32 D Transversal 34 B Sur,OBRERO,Urbana,"(6.172045916, -75.582803478)"
2171500,05/20/2017,12:45 p.m.,sábado,AUTOMOVIL,PUBLICO,Conductor,Masculino,NO,N/A,SOLO DAÑOS,Choque,No respetar pelacion de interseccion o giros,Calle 36 A Sur Carrera 46 A,EL PORTAL,Urbana,"(6.173325762, -75.591117395)"
2171500,05/20/2017,12:45 p.m.,sábado,MOTOCICLETA,PARTICULAR,Motociclista,Masculino,NO,N/A,SOLO DAÑOS,Choque,No respetar pelacion de interseccion o giros,Calle 36 A Sur Carrera 46 A,EL PORTAL,Urbana,"(6.173325762, -75.591117395)"
2171490,05/20/2017,9:50 a.m.,sábado,AUTOMOVIL,PARTICULAR,Conductor,Femenino,NO,N/A,HERIDO,Choque,Otra,Calle 38  Sur Carrera 43,ZONA CENTRO,Urbana,"(6.170061667, -75.587839128)"
2171488,05/20/2017,10:50 a.m.,sábado,AUTOMOVIL,PARTICULAR,Conductor,Femenino,NO,N/A,HERIDO,Choque,Impericia en el manejo,Calle 26  Sur Carrera 48,LAS VEGAS,Urbana,"(6.183423583, -75.585428952)"
2171488,05/20/2017,10:50 a.m.,sábado,MOTOCICLETA,PARTICULAR,Motociclista,Masculino,NO,N/A,HERIDO,Choque,Impericia en el manejo,Calle 26  Sur Carrera 48,LAS VEGAS,Urbana,"(6.183423583, -75.585428952)"
2171496,05/20/2017,10:35 p.m.,sábado,AUTOMOVIL,PARTICULAR,Conductor,Masculino,NO,N/A,SOLO DAÑOS,Choque,Desobedecer senales,Carrera 47 A Calle 39  Sur,ALCALA,Urbana,"(6.171342349, -75.593361446)"
2171496,05/20/2017,10:35 p.m.,sábado,CAMIONETA,PUBLICO,Conductor,Masculino,NO,N/A,SOLO DAÑOS,Choque,Desobedecer senales,Carrera 47 A Calle 39  Sur,ALCALA,Urbana,"(6.171342349, -75.593361446)"
2171523,05/21/2017,7:30 p.m.,domingo,AUTOMOVIL,PARTICULAR,Conductor,Masculino,NO,N/A,SOLO DAÑOS,Choque,No mantener distancia de seguridad,Tramo 12 Kilometro  12,VEREDA PALMAS,Rural,
2171523,05/21/2017,7:30 p.m.,domingo,AUTOMOVIL,PARTICULAR,Conductor,Masculino,NO,N/A,SOLO DAÑOS,Choque,No mantener distancia de seguridad,Tramo 12 Kilometro  12,VEREDA PALMAS,Rural,
2171506,05/21/2017,1:20 a.m.,domingo,AUTOMOVIL,PARTICULAR,Conductor,Masculino,SI,3,SOLO DAÑOS,Choque,Embriaguez o droga,Diagonal 30 Transversal 35 C Sur,LA SEBASTIANA,Urbana,"(6.168597303, -75.579373687)"
2171525,05/21/2017,1:35 p.m.,domingo,MOTOCICLETA,PARTICULAR,Motociclista,Masculino,NO,N/A,HERIDO,Atropello,Semaforo en rojo,Calle 21  Sur Carrera 43 A,LAS VEGAS,Urbana,"(6.18399286, -75.579597643)"
2171506,05/21/2017,1:20 a.m.,domingo,AUTOMOVIL,DIPLOMATICO,Conductor,Masculino,NO,N/A,SOLO DAÑOS,Choque,Embriaguez o droga,Diagonal 30 Transversal 35 C Sur,LA SEBASTIANA,Urbana,"(6.168597303, -75.579373687)"
2171524,05/21/2017,9:00 p.m.,domingo,AUTOMOVIL,PARTICULAR,Conductor,Masculino,NO,N/A,SOLO DAÑOS,Choque,Impericia en el manejo,Carrera 48 Calle 43  Sur,LAS VEGAS,Urbana,"(6.168335134, -75.597233576)"
2171520,05/21/2017,3:40 p.m.,domingo,MICROBUS,PUBLICO,Conductor,Masculino,NO,N/A,SOLO DAÑOS,Choque,No respetar prelacion,Carrera 48 Calle 37  Sur,LAS VEGAS,Urbana,"(6.172859211, -75.592769925)"
2171520,05/21/2017,3:40 p.m.,domingo,MOTOCICLETA,PARTICULAR,Motociclista,Femenino,NO,N/A,SOLO DAÑOS,Choque,No respetar prelacion,Carrera 48 Calle 37  Sur,LAS VEGAS,Urbana,"(6.172859211, -75.592769925)"
2171548,05/22/2017,7:00 a.m.,lunes,MOTOCICLETA,PARTICULAR,Motociclista,Masculino,NO,N/A,SOLO DAÑOS,Choque,Desobedecer senales,Diagonal 32 B Transversal 32 C Sur,LA MAGNOLIA,Urbana,"(6.174833303, -75.583064259)"
2171548,05/22/2017,7:00 a.m.,lunes,AUTOMOVIL,PARTICULAR,Conductor,Masculino,NO,N/A,SOLO DAÑOS,Choque,Desobedecer senales,Diagonal 32 B Transversal 32 C Sur,LA MAGNOLIA,Urbana,"(6.174833303, -75.583064259)"
2171531,05/22/2017,3:20 p.m.,lunes,AUTOMOVIL,PARTICULAR,Conductor,Masculino,NO,N/A,SOLO DAÑOS,Choque,No mantener distancia de seguridad,Carrera 50 Calle 37 A Sur,LAS VEGAS,Urbana,
2171531,05/22/2017,3:20 p.m.,lunes,AUTOMOVIL,PARTICULAR,Conductor,Masculino,NO,N/A,SOLO DAÑOS,Choque,No mantener distancia de seguridad,Carrera 50 Calle 37 A Sur,LAS VEGAS,Urbana,
2171517,05/22/2017,8:20 a.m.,lunes,MOTOCICLETA,PARTICULAR,Motociclista,Femenino,NO,N/A,HERIDO,Choque,Transitar entre vehiculos,Calle 19  Sur Carrera 48,LAS VEGAS,Urbana,
2171517,05/22/2017,8:20 a.m.,lunes,CAMIONETA,PARTICULAR,Conductor,Femenino,NO,N/A,HERIDO,Choque,Transitar entre vehiculos,Calle 19  Sur Carrera 48,LAS VEGAS,Urbana,
2171536,05/22/2017,10:20 a.m.,lunes,MOTOCICLETA,DIPLOMATICO,Motociclista,Masculino,NO,N/A,SOLO DAÑOS,Choque,Adelantar por la derecha,Calle 48 C Sur Carrera 48,LAS CASITAS,Urbana,"(6.159138282, -75.596259706)"
2171536,05/22/2017,10:20 a.m.,lunes,AUTOMOVIL,PARTICULAR,Conductor,Masculino,NO,N/A,SOLO DAÑOS,Choque,Adelantar por la derecha,Calle 48 C Sur Carrera 48,LAS CASITAS,Urbana,"(6.159138282, -75.596259706)"
2171532,05/22/2017,2:35 p.m.,lunes,MICROBUS,PUBLICO,Conductor,Masculino,NO,N/A,SOLO DAÑOS,Choque,Poner en marcha un vehiculo sin precauci,Calle 39 B Sur Carrera 49,LAS VEGAS,Urbana,"(6.170162601, -75.59457554)"
2171532,05/22/2017,2:35 p.m.,lunes,AUTOMOVIL,PARTICULAR,Conductor,Masculino,NO,N/A,SOLO DAÑOS,Choque,Poner en marcha un vehiculo sin precauci,Calle 39 B Sur Carrera 49,LAS VEGAS,Urbana,"(6.170162601, -75.59457554)"
2171540,05/23/2017,7:00 a.m.,martes,AUTOMOVIL,PARTICULAR,Conductor,Masculino,NO,N/A,SOLO DAÑOS,Choque,Transitar entre vehiculos,Carrera 50 Calle 43  Sur,LAS VEGAS,Urbana,
2171540,05/23/2017,7:00 a.m.,martes,MOTOCICLETA,PARTICULAR,Motociclista,Masculino,NO,N/A,SOLO DAÑOS,Choque,Transitar entre vehiculos,Carrera 50 Calle 43  Sur,LAS VEGAS,Urbana,
2171539,05/23/2017,5:00 p.m.,martes,CAMION,PUBLICO,Conductor,Masculino,NO,N/A,SOLO DAÑOS,Choque,Adelantar cerrando,Calle 45 A Sur Carrera 39 B,LAS ANTILLAS,Urbana,"(6.160320892, -75.590005662)"
2171539,05/23/2017,5:00 p.m.,martes,AUTOMOVIL,PARTICULAR,Conductor,Masculino,NO,N/A,SOLO DAÑOS,Choque,Adelantar cerrando,Calle 45 A Sur Carrera 39 B,LAS ANTILLAS,Urbana,"(6.160320892, -75.590005662)"