RADICADO,FECHA,HORA,DÍA DE LA SEMANA,CLASE DE VEHICULO,TIPO DE SERVICIO,TIPO DE VICTIMA,SEXO,ESTADO DE BEODEZ,RESULTADO DE BEODEZ,GRAVEDAD,CLASE DE ACCIDENTE,CAUSA,DIRECCIÓN,BARRIO,AREA,Coordenadas
2171693,06/05/2017,7:30 a.m.,lunes,AUTOMOVIL,PARTICULAR,Conductor,Masculino,NO,N/A,HERIDO,Choque,No mantener distancia de seguridad,Calle 30  Sur Carrera 50,LAS VEGAS,Urbana,
2171693,06/05/2017,7:30 a.m.,lunes,AUTOMOVIL,PARTICULAR,Conductor,Masculino,NO,N/A,HERIDO,Choque,Transitar entre vehiculos,Calle 30  Sur Carrera 50,LAS VEGAS,Urbana,
2171693,06/05/2017,7:30 a.m.,lunes,CAMIONETA,PARTICULAR,Conductor,Femenino,NO,N/A,HERIDO,Choque,No mantener distancia de seguridad,Calle 30  Sur Carrera 50,LAS VEGAS,Urbana,
2171677,06/05/2017,9:00 p.m.,lunes,CAMIONETA,PARTICULAR,Conductor,Masculino,NO,N/A,SOLO DAÑOS,Choque,Reverso imprudente,Carrera 48 Calle 26  Sur,LAS VEGAS,Urbana,"(6.183318111, -75.585537184)"
2171677,06/05/2017,9:00 p.m.,lunes,CAMIONETA,PARTICULAR,Conductor,Masculino,NO,N/A,SOLO DAÑOS,Choque,Reverso imprudente,Carrera 48 Calle 26  Sur,LAS VEGAS,Urbana,"(6.183318111, -75.585537184)"
2171704,06/05/2017,7:40 a.m.,lunes,AUTOMOVIL,PUBLICO,Conductor,Masculino,NO,N/A,HERIDO,Choque,Adelantar cerrando,Calle 37  Sur Carrera 29,VEREDA EL ESCOBERO,Urbana,"(6.165886877, -75.579550992)"
2171704,06/05/2017,7:40 a.m.,lunes,AUTOMOVIL,PUBLICO,Conductor,Masculino,NO,N/A,HERIDO,Choque,Adelantar cerrando,Calle 37  Sur Carrera 29,VEREDA EL ESCOBERO,Urbana,"(6.165886877, -75.579550992)"
2171689,06/05/2017,10:40 p.m.,lunes,CAMIONETA,PARTICULAR,Conductor,Masculino,NO,N/A,SOLO DAÑOS,Choque,Reverso imprudente,Calle 27  Sur Carrera 27,EL ESMERALDAL,Urbana,"(6.17243521, -75.567871917)"
2171689,06/05/2017,10:40 p.m.,lunes,AUTOMOVIL,PARTICULAR,Conductor,Masculino,NO,N/A,SOLO DAÑOS,Choque,Reverso imprudente,Calle 27  Sur Carrera 27,EL ESMERALDAL,Urbana,"(6.17243521, -75.567871917)"
2171700,06/06/2017,4:00 p.m.,martes,BUS,PUBLICO,Conductor,Masculino,NO,N/A,SOLO DAÑOS,Choque,No mantener distancia de seguridad,Calle 50  Sur Carrera 48,LAS VEGAS,Urbana,
2171700,06/06/2017,4:00 p.m.,martes,MICROBUS,PUBLICO,Conductor,Masculino,NO,N/A,SOLO DAÑOS,Choque,No mantener distancia de seguridad,Calle 50  Sur Carrera 48,LAS VEGAS,Urbana,
2171709,06/06/2017,4:00 p.m.,martes,CAMIONETA,PARTICULAR,Conductor,Masculino,NO,N/A,SOLO DAÑOS,Choque,Adelantar en zona prohibida,Tramo 12 Kilometro  5,VEREDA PALMAS,Rural,
2171709,06/06/2017,4:00 p.m.,martes,AUTOMOVIL,PARTICULAR,Conductor,Masculino,NO,N/A,SOLO DAÑOS,Choque,Adelantar en zona prohibida,Tramo 12 Kilometro  5,VEREDA PALMAS,Rural,
2171687,06/06/2017,11:10 a.m.,martes,AUTOMOVIL,PARTICULAR,Conductor,Masculino,NO,N/A,SOLO DAÑOS,Choque,Reverso imprudente,Tramo 12 Kilometro  17,VEREDA PALMAS,Rural,
2171687,06/06/2017,11:10 a.m.,martes,CAMIONETA,PARTICULAR,Conductor,Masculino,NO,N/A,SOLO DAÑOS,Choque,Reverso imprudente,Tramo 12 Kilometro  17,VEREDA PALMAS,Rural,
2171706,06/06/2017,1:20 p.m.,martes,AUTOMOVIL,PARTICULAR,Conductor,Femenino,NO,N/A,SOLO DAÑOS,Choque,Reverso imprudente,Calle 49  Sur Carrera 48,LAS VEGAS,Urbana,"(6.163238618, -75.602507178)"
2171706,06/06/2017,1:20 p.m.,martes,AUTOMOVIL,PARTICULAR,Conductor,Masculino,NO,N/A,SOLO DAÑOS,Choque,Reverso imprudente,Calle 49  Sur Carrera 48,LAS VEGAS,Urbana,"(6.163238618, -75.602507178)"
2171702,06/06/2017,5:10 p.m.,martes,AUTOMOVIL,PARTICULAR,Conductor,Masculino,NO,N/A,SOLO DAÑOS,Choque,Desobedecer senales,Calle 39 B Sur Carrera 32,MESA,Urbana,"(6.163909636, -75.5829262)"
2171702,06/06/2017,5:10 p.m.,martes,CAMIONETA,PARTICULAR,Conductor,Masculino,NO,N/A,SOLO DAÑOS,Choque,Desobedecer senales,Calle 39 B Sur Carrera 32,MESA,Urbana,"(6.163909636, -75.5829262)"
2171703,06/06/2017,6:35 a.m.,martes,CAMIONETA,PARTICULAR,Conductor,Femenino,NO,N/A,SOLO DAÑOS,Choque,No mantener distancia de seguridad,Calle 28  Sur Carrera 26 D,LA INMACULADA,Urbana,
2171703,06/06/2017,6:35 a.m.,martes,CAMPERO,PARTICULAR,Conductor,Masculino,NO,N/A,SOLO DAÑOS,Choque,No mantener distancia de seguridad,Calle 28  Sur Carrera 26 D,LA INMACULADA,Urbana,
2171705,06/06/2017,4:25 p.m.,martes,CAMIONETA,PARTICULAR,Conductor,Masculino,NO,N/A,HERIDO,Choque,Desobedecer senales,Calle 33  Sur Carrera 33,MESA,Urbana,"(6.173879308, -75.584283827)"
2171705,06/06/2017,4:25 p.m.,martes,MOTOCICLETA,PARTICULAR,Motociclista,Femenino,NO,N/A,HERIDO,Choque,Desobedecer senales,Calle 33  Sur Carrera 33,MESA,Urbana,"(6.173879308, -75.584283827)"
2171701,06/06/2017,2:30 p.m.,martes,CAMIONETA,PUBLICO,Conductor,Masculino,NO,N/A,SOLO DAÑOS,Choque,Reverso imprudente,Calle 40 C Sur Carrera 38,EL DORADO,Urbana,"(6.162266026, -75.583620513)"
2171720,06/06/2017,2:30 p.m.,martes,AUTOMOVIL,PARTICULAR,Conductor,Masculino,NO,N/A,SOLO DAÑOS,Choque,Desobedecer senales,Calle 38 A Sur Carrera 46,ALCALA,Urbana,"(6.171457357, -75.591576633)"
2171720,06/06/2017,2:30 p.m.,martes,BICICLETA,N/A,Ciclista,Masculino,NO,N/A,SOLO DAÑOS,Choque,Desobedecer senales,Calle 38 A Sur Carrera 46,ALCALA,Urbana,"(6.171457357, -75.591576633)"
2171691,06/06/2017,10:50 a.m.,martes,AUTOMOVIL,PUBLICO,Conductor,Masculino,NO,N/A,HERIDO,Atropello,Cruzar sin observar,Calle 40  Sur Carrera 43 A,LAS VEGAS,Urbana,"(6.167965983, -75.590242146)"
2171699,06/06/2017,11:55 a.m.,martes,AUTOMOVIL,PARTICULAR,Conductor,Masculino,NO,N/A,SOLO DAÑOS,Choque,Desobedecer senales,Tramo 372 Kilometro  7,VEREDA PALMAS,Rural,
2171699,06/06/2017,11:55 a.m.,martes,AUTOMOVIL,PARTICULAR,Conductor,Masculino,NO,N/A,SOLO DAÑOS,Choque,No mantener distancia de seguridad,Tramo 372 Kilometro  7,VEREDA PALMAS,Rural,
2171699,06/06/2017,11:55 a.m.,martes,AUTOMOVIL,PARTICULAR,Conductor,Masculino,NO,N/A,SOLO DAÑOS,Choque,Desobedecer senales,Tramo 372 Kilometro  7,VEREDA PALMAS,Rural,
2171699,06/06/2017,11:55 a.m.,martes,AUTOMOVIL,PARTICULAR,Conductor,Masculino,NO,N/A,SOLO DAÑOS,Choque,No mantener distancia de seguridad,Tramo 372 Kilometro  7,VEREDA PALMAS,Rural,
2171717,06/07/2017,3:00 p.m.,miércoles,MOTOCICLETA,PARTICULAR,Motociclista,Femenino,NO,N/A,HERIDO,Choque,Transitar entre vehiculos,Calle 38 A Sur Carrera 41,ZONA CENTRO,Urbana,"(6.168560755, -75.587015366)"
2171717,06/07/2017,3:00 p.m.,miércoles,BICICLETA,N/A,Ciclista,Masculino,NO,N/A,HERIDO,Choque,Transitar entre vehiculos,Calle 38 A Sur Carrera 41,ZONA CENTRO,Urbana,"(6.168560755, -75.587015366)"
2171730,06/07/2017,8:10 a.m.,miércoles,AUTOMOVIL,PARTICULAR,Conductor,Masculino,NO,N/A,SOLO DAÑOS,Choque,No mantener distancia de seguridad,Calle 48 C Sur Carrera 43 A,LOMA DEL BARRO,Urbana,"(6.162378903, -75.597630589)"
2171730,06/07/2017,8:10 a.m.,miércoles,CAMIONETA,PUBLICO,Conductor,Masculino,NO,N/A,SOLO DAÑOS,Choque,No mantener distancia de seguridad,Calle 48 C Sur Carrera 43 A,LOMA DEL BARRO,Urbana,"(6.162378903, -75.597630589)"
2171728,06/07/2017,11:10 a.m.,miércoles,AUTOMOVIL,PARTICULAR,Conductor,Femenino,NO,N/A,SOLO DAÑOS,Choque,No mantener distancia de seguridad,Calle 39  Sur Carrera 26,EL CHINGU├ì,Urbana,
2171728,06/07/2017,11:10 a.m.,miércoles,CAMIONETA,PUBLICO,Conductor,Masculino,NO,N/A,SOLO DAÑOS,Choque,No mantener distancia de seguridad,Calle 39  Sur Carrera 26,EL CHINGU├ì,Urbana,
2171716,06/07/2017,7:20 a.m.,miércoles,AUTOMOVIL,PARTICULAR,Conductor,Masculino,NO,N/A,SOLO DAÑOS,Choque,Desobedecer senales,Diagonal 33 Transversal 32 C Sur,LA MAGNOLIA,Urbana,"(6.174362764, -75.584458996)"
2171815,06/16/2017,6:50 p.m.,viernes,BICICLETA,N/A,Ciclista,Masculino,NO,N/A,HERIDO,Choque,Semaforo en rojo,Calle 45  Sur Carrera 42,LA PAZ,Urbana,"(6.163286327, -75.592604185)"
2171716,06/07/2017,7:20 a.m.,miércoles,AUTOMOVIL,PARTICULAR,Conductor,Masculino,NO,N/A,SOLO DAÑOS,Choque,Desobedecer senales,Diagonal 33 Transversal 32 C Sur,LA MAGNOLIA,Urbana,"(6.174362764, -75.584458996)"
2171732,06/07/2017,10:20 a.m.,miércoles,AUTOMOVIL,PARTICULAR,Conductor,Femenino,NO,N/A,SOLO DAÑOS,Choque,No mantener distancia de seguridad,Tramo 12 Kilometro  14,VEREDA PALMAS,Rural,
2171732,06/07/2017,10:20 a.m.,miércoles,CAMIONETA,PARTICULAR,Conductor,Femenino,NO,N/A,SOLO DAÑOS,Choque,No mantener distancia de seguridad,Tramo 12 Kilometro  14,VEREDA PALMAS,Rural,
2171727,06/07/2017,11:30 a.m.,miércoles,AUTOMOVIL,PARTICULAR,Conductor,Masculino,NO,N/A,SOLO DAÑOS,Choque,Transitar entre vehiculos,Carrera 43 A Calle 25 A Sur,AVENIDA EL POBLADO,Urbana,"(6.181504184, -75.581741498)"
2171727,06/07/2017,11:30 a.m.,miércoles,MOTOCICLETA,PARTICULAR,Motociclista,Masculino,NO,N/A,SOLO DAÑOS,Choque,Transitar entre vehiculos,Carrera 43 A Calle 25 A Sur,AVENIDA EL POBLADO,Urbana,"(6.181504184, -75.581741498)"
2171713,06/07/2017,7:30 a.m.,miércoles,CAMIONETA,PARTICULAR,Conductor,Masculino,NO,N/A,SOLO DAÑOS,Choque,No mantener distancia de seguridad,Tramo 12 Kilometro  8,VEREDA PALMAS,Rural,
2171713,06/07/2017,7:30 a.m.,miércoles,MOTOCICLETA,PARTICULAR,Motociclista,Masculino,NO,N/A,SOLO DAÑOS,Choque,No mantener distancia de seguridad,Tramo 12 Kilometro  8,VEREDA PALMAS,Rural,
2171729,06/07/2017,10:30 a.m.,miércoles,CAMIONETA,PARTICULAR,Conductor,Masculino,NO,N/A,SOLO DAÑOS,Choque,No mantener distancia de seguridad,Tramo 12 Kilometro  13,VEREDA PALMAS,Rural,
2171708,06/07/2017,5:50 a.m.,miércoles,AUTOMOVIL,PUBLICO,Conductor,Masculino,NO,N/A,HERIDO,Choque,No respetar prelacion,Tramo 372 Kilometro  11,VEREDA PALMAS,Rural,
2171708,06/07/2017,5:50 a.m.,miércoles,MOTOCICLETA,PARTICULAR,Motociclista,Masculino,NO,N/A,HERIDO,Choque,No respetar prelacion,Tramo 372 Kilometro  11,VEREDA PALMAS,Rural,
2171729,06/07/2017,10:30 a.m.,miércoles,CAMIONETA,PARTICULAR,Conductor,Masculino,NO,N/A,SOLO DAÑOS,Choque,No mantener distancia de seguridad,Tramo 12 Kilometro  13,VEREDA PALMAS,Rural,
2171719,06/07/2017,1:40 p.m.,miércoles,CAMIONETA,PARTICULAR,Conductor,Femenino,NO,N/A,SOLO DAÑOS,Choque,No mantener distancia de seguridad,Calle 46  Sur Carrera 46 B,PRIMAVERA,Urbana,"(6.165325085, -75.59741757)"
2171719,06/07/2017,1:40 p.m.,miércoles,CUATRIMOTO,PARTICULAR,Motociclista,Masculino,NO,N/A,SOLO DAÑOS,Choque,No mantener distancia de seguridad,Calle 46  Sur Carrera 46 B,PRIMAVERA,Urbana,"(6.165325085, -75.59741757)"
2171718,06/07/2017,5:30 p.m.,miércoles,MOTOCICLETA,PARTICULAR,Motociclista,Femenino,NO,N/A,HERIDO,Choque,Transitar entre vehiculos,Calle 39  Sur Carrera 43 A,ALCALA,Urbana,"(6.169120914, -75.589530358)"
2171718,06/07/2017,5:30 p.m.,miércoles,AUTOMOVIL,PARTICULAR,Conductor,Femenino,NO,N/A,HERIDO,Choque,Transitar entre vehiculos,Calle 39  Sur Carrera 43 A,ALCALA,Urbana,"(6.169120914, -75.589530358)"
2171712,06/07/2017,8:45 a.m.,miércoles,AUTOMOVIL,PUBLICO,Conductor,Masculino,NO,N/A,SOLO DAÑOS,Choque,Adelantar cerrando,Carrera 42 B Calle 25 A Sur,VILLA GRANDE,Urbana,"(6.179670916, -75.581486749)"
2171712,06/07/2017,8:45 a.m.,miércoles,AUTOMOVIL,PARTICULAR,Conductor,Masculino,NO,N/A,SOLO DAÑOS,Choque,Adelantar cerrando,Carrera 42 B Calle 25 A Sur,VILLA GRANDE,Urbana,"(6.179670916, -75.581486749)"
2171711,06/07/2017,9:40 p.m.,miércoles,AUTOMOVIL,PARTICULAR,Conductor,Masculino,NO,N/A,SOLO DAÑOS,Choque,No mantener distancia de seguridad,Carrera 27 Calle 39  Sur,EL CHINGU├ì,Urbana,
2171711,06/07/2017,9:40 p.m.,miércoles,AUTOMOVIL,PARTICULAR,Conductor,Masculino,NO,N/A,SOLO DAÑOS,Choque,No mantener distancia de seguridad,Carrera 27 Calle 39  Sur,EL CHINGU├ì,Urbana,
2171722,06/07/2017,7:40 a.m.,miércoles,CAMION,PARTICULAR,Conductor,Masculino,NO,N/A,HERIDO,Choque,No mantener distancia de seguridad,Calle 46 A Sur Carrera 50,LAS VEGAS,Urbana,
2171722,06/07/2017,7:40 a.m.,miércoles,MOTOCICLETA,PARTICULAR,Motociclista,Masculino,NO,N/A,HERIDO,Choque,No mantener distancia de seguridad,Calle 46 A Sur Carrera 50,LAS VEGAS,Urbana,
2171722,06/07/2017,7:40 a.m.,miércoles,AUTOMOVIL,PARTICULAR,Conductor,Femenino,NO,N/A,HERIDO,Choque,No mantener distancia de seguridad,Calle 46 A Sur Carrera 50,LAS VEGAS,Urbana,
2171714,06/07/2017,6:40 p.m.,miércoles,MOTOCICLETA,PARTICULAR,Motociclista,Masculino,NO,N/A,SOLO DAÑOS,Choque,No mantener distancia de seguridad,Calle 40 B Sur Carrera 40,EL DORADO,Urbana,"(6.165949141, -75.587781599)"
2171714,06/07/2017,6:40 p.m.,miércoles,CAMIONETA,PUBLICO,Conductor,Masculino,NO,N/A,SOLO DAÑOS,Choque,No mantener distancia de seguridad,Calle 40 B Sur Carrera 40,EL DORADO,Urbana,"(6.165949141, -75.587781599)"
2171715,06/07/2017,2:50 p.m.,miércoles,AUTOMOVIL,PARTICULAR,Conductor,Masculino,NO,N/A,SOLO DAÑOS,Choque,Arrancar sin precaucion,Calle 36  Sur Carrera 40,ZONA CENTRO,Urbana,"(6.170187625, -75.585057659)"
2171715,06/07/2017,2:50 p.m.,miércoles,CAMIONETA,PARTICULAR,Conductor,Masculino,NO,N/A,SOLO DAÑOS,Choque,Arrancar sin precaucion,Calle 36  Sur Carrera 40,ZONA CENTRO,Urbana,"(6.170187625, -75.585057659)"
2171707,06/07/2017,11:35 p.m.,miércoles,AUTOMOVIL,PARTICULAR,Conductor,Femenino,SI,1,HERIDO,Choque,Impericia en el manejo,Calle 30  Sur Carrera 48,LAS VEGAS,Urbana,"(6.180376127, -75.590288049)"
2171707,06/07/2017,11:35 p.m.,miércoles,MOTOCICLETA,PARTICULAR,Motociclista,Femenino,NO,N/A,HERIDO,Choque,Impericia en el manejo,Calle 30  Sur Carrera 48,LAS VEGAS,Urbana,"(6.180376127, -75.590288049)"
2171755,06/08/2017,7:15 p.m.,jueves,CAMIONETA,PARTICULAR,Conductor,Masculino,NO,N/A,SOLO DAÑOS,Choque,Impericia en el manejo,Calle 34  Sur Carrera 48 B,GLORIETA DE PELDAR,Urbana,
2171755,06/08/2017,7:15 p.m.,jueves,AUTOMOVIL,PARTICULAR,Conductor,Femenino,NO,N/A,SOLO DAÑOS,Choque,Impericia en el manejo,Calle 34  Sur Carrera 48 B,GLORIETA DE PELDAR,Urbana,
2171735,06/08/2017,10:10 a.m.,jueves,CAMIONETA,PARTICULAR,Conductor,Masculino,NO,N/A,SOLO DAÑOS,Choque,Reverso imprudente,Calle 49  Sur Carrera 43 A,LAS CASITAS,Urbana,"(6.160925818, -75.599980088)"
2171735,06/08/2017,10:10 a.m.,jueves,AUTOMOVIL,PARTICULAR,Conductor,Masculino,NO,N/A,SOLO DAÑOS,Choque,Reverso imprudente,Calle 49  Sur Carrera 43 A,LAS CASITAS,Urbana,"(6.160925818, -75.599980088)"
2171733,06/08/2017,1:25 p.m.,jueves,AUTOMOVIL,PARTICULAR,Conductor,Femenino,NO,N/A,HERIDO,Choque,Adelantar en zona prohibida,Calle 28  Sur Carrera 27,LA INMACULADA,Urbana,"(6.175270544, -75.573686934)"
2171733,06/08/2017,1:25 p.m.,jueves,MOTOCICLETA,PARTICULAR,Motociclista,Masculino,NO,N/A,HERIDO,Choque,Adelantar en zona prohibida,Calle 28  Sur Carrera 27,LA INMACULADA,Urbana,"(6.175270544, -75.573686934)"
2171726,06/08/2017,3:20 p.m.,jueves,AUTOMOVIL,PUBLICO,Conductor,Masculino,NO,N/A,SOLO DAÑOS,Choque,Reverso imprudente,Calle 39 B Sur Carrera 24 EE,EL CHINGU├ì,Urbana,"(6.150777241, -75.5751861)"
2171726,06/08/2017,3:20 p.m.,jueves,MOTOCICLETA,PARTICULAR,Motociclista,Masculino,NO,N/A,SOLO DAÑOS,Choque,Reverso imprudente,Calle 39 B Sur Carrera 24 EE,EL CHINGU├ì,Urbana,"(6.150777241, -75.5751861)"
2171725,06/08/2017,5:15 p.m.,jueves,MOTOCICLETA,PARTICULAR,Motociclista,Masculino,NO,N/A,SOLO DAÑOS,Choque,No respetar prelacion,Calle 23  Sur Carrera 27,ZU├æIGA,Urbana,"(6.176668041, -75.567525633)"
2171723,06/08/2017,5:35 a.m.,jueves,BUS,PUBLICO,Conductor,Masculino,NO,N/A,HERIDO,Choque,No mantener distancia de seguridad,Calle 37  Sur Carrera 48,LAS VEGAS,Urbana,"(6.17412211, -75.593061115)"
2171725,06/08/2017,5:15 p.m.,jueves,AUTOMOVIL,PARTICULAR,Conductor,Femenino,NO,N/A,SOLO DAÑOS,Choque,No respetar prelacion,Calle 23  Sur Carrera 27,ZU├æIGA,Urbana,"(6.176668041, -75.567525633)"
2171723,06/08/2017,5:35 a.m.,jueves,BUSETA,PUBLICO,Conductor,Masculino,NO,N/A,HERIDO,Choque,No mantener distancia de seguridad,Calle 37  Sur Carrera 48,LAS VEGAS,Urbana,"(6.17412211, -75.593061115)"
2171736,06/08/2017,4:20 p.m.,jueves,MICROBUS,PUBLICO,Conductor,Masculino,NO,N/A,SOLO DAÑOS,Choque,Exceso de velocidad,Tramo 371 Kilometro  5,VEREDA EL ESCOBERO,Rural,
2171736,06/08/2017,4:20 p.m.,jueves,BUSETA,PUBLICO,Conductor,Masculino,NO,N/A,SOLO DAÑOS,Choque,Exceso de velocidad,Tramo 371 Kilometro  5,VEREDA EL ESCOBERO,Rural,
2171737,06/08/2017,4:25 p.m.,jueves,AUTOMOVIL,PUBLICO,Conductor,Masculino,NO,N/A,SOLO DAÑOS,Choque,No mantener distancia de seguridad,Calle 38  Sur Carrera 42,ZONA CENTRO,Urbana,"(6.16961293, -75.587384695)"
2171737,06/08/2017,4:25 p.m.,jueves,BUS,PUBLICO,Conductor,Masculino,NO,N/A,SOLO DAÑOS,Choque,No mantener distancia de seguridad,Calle 38  Sur Carrera 42,ZONA CENTRO,Urbana,"(6.16961293, -75.587384695)"
2171731,06/08/2017,5:20 p.m.,jueves,CAMIONETA,PARTICULAR,Conductor,Masculino,NO,N/A,HERIDO,Choque,Superficie lisa,Tramo 372 Kilometro  18,VEREDA PALMAS,Rural,
2171731,06/08/2017,5:20 p.m.,jueves,MICROBUS,PUBLICO,Conductor,Masculino,NO,N/A,HERIDO,Choque,Superficie lisa,Tramo 372 Kilometro  18,VEREDA PALMAS,Rural,
2171734,06/08/2017,2:40 p.m.,jueves,CAMPERO,PARTICULAR,Conductor,Masculino,NO,N/A,SOLO DAÑOS,Choque,Poner en marcha un vehiculo sin precauci,Carrera 43 A Calle 21  Sur,ZU├æIGA,Urbana,"(6.183599544, -75.579409862)"
2171734,06/08/2017,2:40 p.m.,jueves,AUTOMOVIL,PARTICULAR,Conductor,Masculino,NO,N/A,SOLO DAÑOS,Choque,Poner en marcha un vehiculo sin precauci,Carrera 43 A Calle 21  Sur,ZU├æIGA,Urbana,"(6.183599544, -75.579409862)"
2171724,06/08/2017,6:45 p.m.,jueves,CAMIONETA,PARTICULAR,Conductor,Masculino,NO,N/A,SOLO DAÑOS,Choque,Impericia en el manejo,Carrera 47 Calle 43  Sur,MILAN VALLEJUELOS,Urbana,"(6.167574091, -75.596440299)"
2171724,06/08/2017,6:45 p.m.,jueves,AUTOMOVIL,PARTICULAR,Conductor,Masculino,NO,N/A,SOLO DAÑOS,Choque,Impericia en el manejo,Carrera 47 Calle 43  Sur,MILAN VALLEJUELOS,Urbana,"(6.167574091, -75.596440299)"
2172224,06/09/2017,4:00 p.m.,viernes,AUTOMOVIL,PUBLICO,Conductor,Masculino,NO,N/A,HERIDO,Choque,Otra,Calle 40  Sur Carrera 39 B Sur,SAN JOSE,Urbana,"(6.166616571, -75.587103427)"
2172224,06/09/2017,4:00 p.m.,viernes,MOTOCICLETA,PARTICULAR,Motociclista,Femenino,NO,N/A,HERIDO,Choque,Otra,Calle 40  Sur Carrera 39 B Sur,SAN JOSE,Urbana,"(6.166616571, -75.587103427)"
2171746,06/09/2017,3:10 p.m.,viernes,MOTOCICLETA,PARTICULAR,Motociclista,Masculino,NO,N/A,HERIDO,Choque,Transitar entre vehiculos,Calle 43  Sur Carrera 50,LAS VEGAS,Urbana,"(6.159203801, -75.602594962)"
2171746,06/09/2017,3:10 p.m.,viernes,TRACTOCAMION,PUBLICO,Conductor,Masculino,NO,N/A,HERIDO,Choque,Transitar entre vehiculos,Calle 43  Sur Carrera 50,LAS VEGAS,Urbana,"(6.159203801, -75.602594962)"
2171743,06/09/2017,2:10 p.m.,viernes,CAMIONETA,PARTICULAR,Conductor,Masculino,NO,N/A,HERIDO,Choque,Semaforo en rojo,Calle 39  Sur Carrera 42,ZONA CENTRO,Urbana,"(6.168300638, -75.588159271)"
2171743,06/09/2017,2:10 p.m.,viernes,MOTOCICLETA,PARTICULAR,Motociclista,Masculino,NO,N/A,HERIDO,Choque,Semaforo en rojo,Calle 39  Sur Carrera 42,ZONA CENTRO,Urbana,"(6.168300638, -75.588159271)"
2171754,06/09/2017,1:30 p.m.,viernes,AUTOMOVIL,PARTICULAR,Conductor,Masculino,NO,N/A,HERIDO,Choque,No mantener distancia de seguridad,Calle 26  Sur Carrera 41,ZONA CENTRO,Urbana,"(6.156404508, -75.583044412)"
2171754,06/09/2017,1:30 p.m.,viernes,MOTOCICLETA,PARTICULAR,Motociclista,Masculino,NO,N/A,HERIDO,Choque,No mantener distancia de seguridad,Calle 26  Sur Carrera 41,ZONA CENTRO,Urbana,"(6.156404508, -75.583044412)"
2171747,06/09/2017,4:30 a.m.,viernes,AUTOMOVIL,PARTICULAR,Conductor,Masculino,NO,N/A,HERIDO,Choque,No respetar prelacion,Calle 37  Sur Carrera 48,LAS VEGAS,Urbana,"(6.17412211, -75.593061115)"
2171747,06/09/2017,4:30 a.m.,viernes,MOTOCICLETA,PARTICULAR,Motociclista,Masculino,NO,N/A,HERIDO,Choque,No respetar prelacion,Calle 37  Sur Carrera 48,LAS VEGAS,Urbana,"(6.17412211, -75.593061115)"
2171766,06/09/2017,4:30 p.m.,viernes,AUTOMOVIL,PARTICULAR,Conductor,Masculino,NO,N/A,SOLO DAÑOS,Choque,No mantener distancia de seguridad,Calle 37  Sur Carrera 50,LAS VEGAS,Urbana,
2171766,06/09/2017,4:30 p.m.,viernes,CAMION,PUBLICO,Conductor,Masculino,NO,N/A,SOLO DAÑOS,Choque,No mantener distancia de seguridad,Calle 37  Sur Carrera 50,LAS VEGAS,Urbana,
2171745,06/09/2017,4:40 p.m.,viernes,AUTOMOVIL,PARTICULAR,Conductor,Masculino,NO,N/A,SOLO DAÑOS,Choque,No mantener distancia de seguridad,Calle 21  Sur Carrera 41,ZU├æIGA,Urbana,"(6.182165945, -75.576776678)"
2171745,06/09/2017,4:40 p.m.,viernes,CAMIONETA,PARTICULAR,Conductor,Femenino,NO,N/A,SOLO DAÑOS,Choque,No mantener distancia de seguridad,Calle 21  Sur Carrera 41,ZU├æIGA,Urbana,"(6.182165945, -75.576776678)"
2171744,06/09/2017,3:45 p.m.,viernes,AUTOMOVIL,PARTICULAR,Conductor,Masculino,NO,N/A,SOLO DAÑOS,Choque,Desobedecer senales,Calle 30  Sur Carrera 45 A,EL PORTAL,Urbana,"(6.178033442, -75.586523966)"
2171744,06/09/2017,3:45 p.m.,viernes,MOTOCICLETA,PARTICULAR,Motociclista,Masculino,NO,N/A,SOLO DAÑOS,Choque,Desobedecer senales,Calle 30  Sur Carrera 45 A,EL PORTAL,Urbana,"(6.178033442, -75.586523966)"
2171740,06/09/2017,9:50 p.m.,viernes,AUTOMOVIL,PARTICULAR,Conductor,Masculino,NO,N/A,SOLO DAÑOS,Choque,Impericia en el manejo,Carrera 42 Calle 44  Sur,EL DORADO,Urbana,
2171740,06/09/2017,9:50 p.m.,viernes,MOTOCARRO,PARTICULAR,Motociclista,Masculino,NO,N/A,SOLO DAÑOS,Choque,Impericia en el manejo,Carrera 42 Calle 44  Sur,EL DORADO,Urbana,
2171777,06/09/2017,7:50 a.m.,viernes,CAMION,PUBLICO,Conductor,Masculino,NO,N/A,SOLO DAÑOS,Choque,Otra,Calle 48  Sur Carrera 48,LAS VEGAS,Urbana,"(6.164595282, -75.601380414)"
2171739,06/09/2017,11:50 a.m.,viernes,AUTOMOVIL,DIPLOMATICO,Conductor,Femenino,NO,N/A,SOLO DAÑOS,Choque,No mantener distancia de seguridad,Carrera 48 A Calle 23  Sur,ZU├æIGA,Urbana,
2171739,06/09/2017,11:50 a.m.,viernes,AUTOMOVIL,PUBLICO,Conductor,Masculino,NO,N/A,SOLO DAÑOS,Choque,No mantener distancia de seguridad,Carrera 48 A Calle 23  Sur,ZU├æIGA,Urbana,
2171742,06/09/2017,2:45 p.m.,viernes,CAMION,PUBLICO,Conductor,Masculino,NO,N/A,SOLO DAÑOS,Choque,No mantener distancia de seguridad,Carrera 50 Calle 30  Sur,LAS VEGAS,Urbana,
2171742,06/09/2017,2:45 p.m.,viernes,AUTOMOVIL,PARTICULAR,Conductor,Masculino,NO,N/A,SOLO DAÑOS,Choque,No mantener distancia de seguridad,Carrera 50 Calle 30  Sur,LAS VEGAS,Urbana,