RADICADO,FECHA,HORA,DÍA DE LA SEMANA,CLASE DE VEHICULO,TIPO DE SERVICIO,TIPO DE VICTIMA,SEXO,ESTADO DE BEODEZ,RESULTADO DE BEODEZ,GRAVEDAD,CLASE DE ACCIDENTE,CAUSA,DIRECCIÓN,BARRIO,AREA,Coordenadas
2172111,07/15/2017,9:00 a.m.,sábado,CAMIONETA,PARTICULAR,Conductor,Masculino,NO,N/A,SOLO DAÑOS,Choque,No mantener distancia de seguridad,Tramo 372 Kilometro  15,VEREDA PALMAS,Rural,
2172064,07/15/2017,11:00 a.m.,sábado,CAMPERO,PARTICULAR,Conductor,Masculino,NO,N/A,SOLO DAÑOS,Choque,No respetar prelacion,Carrera 27 A Calle 36 A Sur,VEREDA EL ESCOBERO,Urbana,"(6.162396832, -75.573231113)"
2172064,07/15/2017,11:00 a.m.,sábado,MOTOCICLETA,PARTICULAR,Motociclista,Masculino,NO,N/A,SOLO DAÑOS,Choque,No respetar prelacion,Carrera 27 A Calle 36 A Sur,VEREDA EL ESCOBERO,Urbana,"(6.162396832, -75.573231113)"
2172097,07/15/2017,5:00 p.m.,sábado,MOTOCICLETA,PARTICULAR,Motociclista,Masculino,NO,N/A,HERIDO,Atropello,Exceso de velocidad,Calle 40  Sur Carrera 24 E,EL SALADO,Urbana,"(6.147263187, -75.576335752)"
2172085,07/15/2017,10:00 a.m.,sábado,AUTOMOVIL,PARTICULAR,Conductor,Masculino,NO,N/A,SOLO DAÑOS,Choque,Reverso imprudente,Tramo 181 Kilometro  17,VEREDA PALMAS,Rural,
2172085,07/15/2017,10:00 a.m.,sábado,AUTOMOVIL,PARTICULAR,Conductor,Femenino,NO,N/A,SOLO DAÑOS,Choque,Reverso imprudente,Tramo 181 Kilometro  17,VEREDA PALMAS,Rural,
2172067,07/15/2017,9:15 a.m.,sábado,MOTOCICLETA,PARTICULAR,Motociclista,Masculino,NO,N/A,HERIDO,Choque,Semaforo en rojo,Carrera 43 A Calle 30  Sur,JARDINES,Urbana,"(6.177072638, -75.585336148)"
2172067,07/15/2017,9:15 a.m.,sábado,VOLQUETA,PUBLICO,Conductor,Masculino,NO,N/A,HERIDO,Choque,Semaforo en rojo,Carrera 43 A Calle 30  Sur,JARDINES,Urbana,"(6.177072638, -75.585336148)"
2172069,07/15/2017,9:15 a.m.,sábado,AUTOMOVIL,PARTICULAR,Conductor,Masculino,NO,N/A,SOLO DAÑOS,Choque,No mantener distancia de seguridad,Tramo 12 Kilometro  7,VEREDA PALMAS,Rural,
2172069,07/15/2017,9:15 a.m.,sábado,MOTOCICLETA,PARTICULAR,Motociclista,Masculino,NO,N/A,SOLO DAÑOS,Choque,No mantener distancia de seguridad,Tramo 12 Kilometro  7,VEREDA PALMAS,Rural,
2172076,07/15/2017,8:00 p.m.,sábado,AUTOMOVIL,PARTICULAR,Conductor,Masculino,NO,N/A,HERIDO,Choque,No mantener distancia de seguridad,Transversal 34 C Sur Diagonal 31 E,LOS NARANJOS,Urbana,"(6.172217077, -75.57974847)"
2172076,07/15/2017,8:00 p.m.,sábado,MOTOCICLETA,PARTICULAR,Motociclista,Masculino,NO,N/A,HERIDO,Choque,No mantener distancia de seguridad,Transversal 34 C Sur Diagonal 31 E,LOS NARANJOS,Urbana,"(6.172217077, -75.57974847)"
2172105,07/15/2017,2:15 p.m.,sábado,AUTOMOVIL,PARTICULAR,Conductor,Femenino,NO,N/A,SOLO DAÑOS,Choque,Adelantar por la derecha,Carrera 27 Calle 23  Sur,EL ESMERALDAL,Urbana,"(6.176588834, -75.567445991)"
2172105,07/15/2017,2:15 p.m.,sábado,MOTOCICLETA,PARTICULAR,Motociclista,Masculino,NO,N/A,SOLO DAÑOS,Choque,Adelantar por la derecha,Carrera 27 Calle 23  Sur,EL ESMERALDAL,Urbana,"(6.176588834, -75.567445991)"
2172099,07/15/2017,3:20 p.m.,sábado,CAMPERO,PARTICULAR,Conductor,Femenino,NO,N/A,SOLO DAÑOS,Choque,No mantener distancia de seguridad,Calle 33  Sur Carrera 43,ZONA CENTRO,Urbana,"(6.173912569, -75.586974728)"
2172099,07/15/2017,3:20 p.m.,sábado,CAMPERO,PARTICULAR,Conductor,Femenino,NO,N/A,SOLO DAÑOS,Choque,No mantener distancia de seguridad,Calle 33  Sur Carrera 43,ZONA CENTRO,Urbana,"(6.173912569, -75.586974728)"
2172108,07/15/2017,9:20 a.m.,sábado,CAMIONETA,PUBLICO,Conductor,Masculino,NO,N/A,SOLO DAÑOS,Choque,No respetar prelacion,Carrera 41 Calle 45 A Sur,LAS ANTILLAS,Urbana,"(6.162364197, -75.592592357)"
2172108,07/15/2017,9:20 a.m.,sábado,AUTOMOVIL,PARTICULAR,Conductor,Masculino,NO,N/A,SOLO DAÑOS,Choque,No respetar prelacion,Carrera 41 Calle 45 A Sur,LAS ANTILLAS,Urbana,"(6.162364197, -75.592592357)"
2172065,07/15/2017,11:20 a.m.,sábado,AUTOMOVIL,PARTICULAR,Conductor,Femenino,NO,N/A,SOLO DAÑOS,Choque,No mantener distancia de seguridad,Calle 36  Sur Carrera 25,EL CHOCHO,Urbana,"(6.167194335, -75.564826277)"
2172065,07/15/2017,11:20 a.m.,sábado,CAMPERO,PARTICULAR,Conductor,Masculino,NO,N/A,SOLO DAÑOS,Choque,No mantener distancia de seguridad,Calle 36  Sur Carrera 25,EL CHOCHO,Urbana,"(6.167194335, -75.564826277)"
2172080,07/15/2017,4:30 a.m.,sábado,AUTOMOVIL,PARTICULAR,Conductor,Masculino,NO,N/A,SOLO DAÑOS,Choque,No respetar prelacion,Diagonal 33 Transversal 32 C Sur,LA MAGNOLIA,Urbana,"(6.174362764, -75.584458996)"
2172080,07/15/2017,4:30 a.m.,sábado,AUTOMOVIL,DIPLOMATICO,Conductor,Masculino,NO,N/A,SOLO DAÑOS,Choque,No respetar prelacion,Diagonal 33 Transversal 32 C Sur,LA MAGNOLIA,Urbana,"(6.174362764, -75.584458996)"
2172063,07/15/2017,3:30 p.m.,sábado,CAMIONETA,DIPLOMATICO,Conductor,Masculino,NO,N/A,SOLO DAÑOS,Choque,Cargue o descarge en horas/sitios prohib,Carrera 40 A Calle 40 F Sur,EL DORADO,Urbana,"(6.164685452, -75.589594868)"
2172063,07/15/2017,3:30 p.m.,sábado,MOTOCICLETA,PARTICULAR,Motociclista,Masculino,NO,N/A,SOLO DAÑOS,Choque,Cargue o descarge en horas/sitios prohib,Carrera 40 A Calle 40 F Sur,EL DORADO,Urbana,"(6.164685452, -75.589594868)"
2172057,07/15/2017,5:30 p.m.,sábado,AUTOMOVIL,PARTICULAR,Conductor,Masculino,NO,N/A,SOLO DAÑOS,Choque,No mantener distancia de seguridad,Tramo 12 Kilometro  15,VEREDA PALMAS,Rural,
2172057,07/15/2017,5:30 p.m.,sábado,MOTOCICLETA,PARTICULAR,Motociclista,Masculino,NO,N/A,SOLO DAÑOS,Choque,No mantener distancia de seguridad,Tramo 12 Kilometro  15,VEREDA PALMAS,Rural,
2172059,07/15/2017,9:40 a.m.,sábado,CAMIONETA,OFICIAL,Conductor,Masculino,NO,N/A,SOLO DAÑOS,Choque,No mantener distancia de seguridad,Carrera 50 Calle 39  Sur,LAS VEGAS,Urbana,
2172059,07/15/2017,9:40 a.m.,sábado,AUTOMOVIL,PARTICULAR,Conductor,Masculino,NO,N/A,SOLO DAÑOS,Choque,No mantener distancia de seguridad,Carrera 50 Calle 39  Sur,LAS VEGAS,Urbana,
2172059,07/15/2017,9:40 a.m.,sábado,AUTOMOVIL,PARTICULAR,Conductor,Femenino,NO,N/A,SOLO DAÑOS,Choque,No mantener distancia de seguridad,Carrera 50 Calle 39  Sur,LAS VEGAS,Urbana,
2172098,07/15/2017,12:40 p.m.,sábado,MICROBUS,PUBLICO,Conductor,Masculino,NO,N/A,HERIDO,Caida Ocupante,Poner en marcha un vehiculo sin precauci,Calle 47  Sur Carrera 40,EL TRIANON,Urbana,"(6.15929595, -75.593774797)"
2172066,07/15/2017,4:50 p.m.,sábado,MOTOCICLETA,PARTICULAR,Motociclista,Masculino,NO,N/A,SOLO DAÑOS,Choque,Adelantar cerrando,Transversal 34 C Sur Diagonal 39,OBRERO,Urbana,"(6.171097602, -75.584051382)"
2172066,07/15/2017,4:50 p.m.,sábado,AUTOMOVIL,PARTICULAR,Conductor,Masculino,NO,N/A,SOLO DAÑOS,Choque,Adelantar cerrando,Transversal 34 C Sur Diagonal 39,OBRERO,Urbana,"(6.171097602, -75.584051382)"
2172072,07/15/2017,9:50 a.m.,sábado,AUTOMOVIL,PARTICULAR,Conductor,Femenino,NO,N/A,SOLO DAÑOS,Choque,No respetar prelacion,Calle 38  Sur Carrera 48,GLORIETA EXITO,Urbana,
2172072,07/15/2017,9:50 a.m.,sábado,CAMIONETA,PUBLICO,Conductor,Masculino,NO,N/A,SOLO DAÑOS,Choque,No respetar prelacion,Calle 38  Sur Carrera 48,GLORIETA EXITO,Urbana,
2172073,07/15/2017,10:10 p.m.,sábado,AUTOMOVIL,PARTICULAR,Conductor,Masculino,NO,N/A,SOLO DAÑOS,Choque,No mantener distancia de seguridad,Tramo 12 Kilometro  8,VEREDA PALMAS,Rural,
2172073,07/15/2017,10:10 p.m.,sábado,AUTOMOVIL,PARTICULAR,Conductor,Masculino,NO,N/A,SOLO DAÑOS,Choque,No mantener distancia de seguridad,Tramo 12 Kilometro  8,VEREDA PALMAS,Rural,
2172104,07/15/2017,5:50 p.m.,sábado,CAMPERO,PARTICULAR,Conductor,Masculino,NO,N/A,SOLO DAÑOS,Choque,Adelantar por la derecha,Carrera 27 Calle 23  Sur,EL ESMERALDAL,Urbana,"(6.176588834, -75.567445991)"
2172104,07/15/2017,5:50 p.m.,sábado,MOTOCICLETA,PARTICULAR,Motociclista,Masculino,NO,N/A,SOLO DAÑOS,Choque,Adelantar por la derecha,Carrera 27 Calle 23  Sur,EL ESMERALDAL,Urbana,"(6.176588834, -75.567445991)"
2172074,07/15/2017,11:10 p.m.,sábado,AUTOMOVIL,PUBLICO,Conductor,Masculino,NO,N/A,HERIDO,Choque,Vehiculo mal estacionado,Diagonal 29 Transversal 28  Sur,ALTO DE MISAEL,Urbana,"(6.175122612, -75.576955937)"
2172074,07/15/2017,11:10 p.m.,sábado,MOTOCICLETA,PARTICULAR,Motociclista,Masculino,NO,N/A,HERIDO,Choque,Adelantar por la derecha,Diagonal 29 Transversal 28  Sur,ALTO DE MISAEL,Urbana,"(6.175122612, -75.576955937)"
2172074,07/15/2017,11:10 p.m.,sábado,MOTOCICLETA,PARTICULAR,Motociclista,Masculino,NO,N/A,HERIDO,Choque,Vehiculo mal estacionado,Diagonal 29 Transversal 28  Sur,ALTO DE MISAEL,Urbana,"(6.175122612, -75.576955937)"
2172074,07/15/2017,11:10 p.m.,sábado,AUTOMOVIL,PUBLICO,Conductor,Masculino,NO,N/A,HERIDO,Choque,Adelantar por la derecha,Diagonal 29 Transversal 28  Sur,ALTO DE MISAEL,Urbana,"(6.175122612, -75.576955937)"
2172077,07/16/2017,6:05 a.m.,domingo,MOTOCICLETA,PARTICULAR,Motociclista,Masculino,NO,N/A,SOLO DAÑOS,Choque,Semaforo en rojo,Carrera 48 Calle 30  Sur,LAS VEGAS,Urbana,"(6.179366643, -75.588084104)"
2172106,07/16/2017,5:00 p.m.,domingo,MOTOCICLETA,PARTICULAR,Motociclista,Masculino,NO,N/A,HERIDO,Choque,Obstaculos en la via,Calle 25 A Sur Carrera 42,VILLA GRANDE,Urbana,"(6.181402463, -75.58167941)"
2172089,07/16/2017,10:00 a.m.,domingo,AUTOMOVIL,PARTICULAR,Conductor,Femenino,NO,N/A,SOLO DAÑOS,Choque,Impericia en el manejo,Tramo 12 Kilometro  17,VEREDA PALMAS,Rural,
2172089,07/16/2017,10:00 a.m.,domingo,AUTOMOVIL,PARTICULAR,Conductor,Masculino,NO,N/A,SOLO DAÑOS,Choque,Impericia en el manejo,Tramo 12 Kilometro  17,VEREDA PALMAS,Rural,
2172084,07/16/2017,5:35 p.m.,domingo,MOTOCICLETA,PARTICULAR,Motociclista,Masculino,NO,N/A,HERIDO,Otro,Impericia en el manejo,Calle 39  Sur Carrera 43 A,ALCALA,Urbana,"(6.169120914, -75.589530358)"
2172091,07/16/2017,11:50 a.m.,domingo,AUTOMOVIL,PARTICULAR,Conductor,Femenino,NO,N/A,SOLO DAÑOS,Choque,No mantener distancia de seguridad,Tramo 372 Kilometro  12,VEREDA PALMAS,Rural,
2172091,07/16/2017,11:50 a.m.,domingo,AUTOMOVIL,PUBLICO,Conductor,Masculino,NO,N/A,SOLO DAÑOS,Choque,No mantener distancia de seguridad,Tramo 372 Kilometro  12,VEREDA PALMAS,Rural,
2172071,07/16/2017,5:50 p.m.,domingo,AUTOMOVIL,PARTICULAR,Conductor,Femenino,NO,N/A,SOLO DAÑOS,Choque,No mantener distancia de seguridad,Carrera 50 Calle 30  Sur,LAS VEGAS,Urbana,
2172071,07/16/2017,5:50 p.m.,domingo,AUTOMOVIL,PARTICULAR,Conductor,Masculino,NO,N/A,SOLO DAÑOS,Choque,No mantener distancia de seguridad,Carrera 50 Calle 30  Sur,LAS VEGAS,Urbana,
2172112,07/17/2017,4:00 p.m.,lunes,BUS,PUBLICO,Conductor,Masculino,NO,N/A,SOLO DAÑOS,Choque,Adelantar cerrando,Calle 31  Sur Carrera 43 A Sur,SAN MARCOS,Urbana,"(6.176823564, -75.585392151)"
2172112,07/17/2017,4:00 p.m.,lunes,AUTOMOVIL,PARTICULAR,Conductor,Masculino,NO,N/A,SOLO DAÑOS,Choque,Adelantar cerrando,Calle 31  Sur Carrera 43 A Sur,SAN MARCOS,Urbana,"(6.176823564, -75.585392151)"
2172095,07/17/2017,2:00 p.m.,lunes,CAMPERO,PARTICULAR,Conductor,Femenino,NO,N/A,SOLO DAÑOS,Choque,Reverso imprudente,Carrera 48 Calle 37  Sur,LAS VEGAS,Urbana,"(6.172859211, -75.592769925)"
2172095,07/17/2017,2:00 p.m.,lunes,CAMPERO,PARTICULAR,Conductor,Femenino,NO,N/A,SOLO DAÑOS,Choque,Reverso imprudente,Carrera 48 Calle 37  Sur,LAS VEGAS,Urbana,"(6.172859211, -75.592769925)"
2172092,07/17/2017,5:00 p.m.,lunes,BUS,PUBLICO,Conductor,Masculino,NO,N/A,SOLO DAÑOS,Choque,No respetar prelacion,Calle 40 F Sur Carrera 24 B,LA MINA,Urbana,"(6.156115722, -75.582407469)"
2172092,07/17/2017,5:00 p.m.,lunes,MOTOCICLETA,PARTICULAR,Motociclista,Femenino,NO,N/A,SOLO DAÑOS,Choque,No respetar prelacion,Calle 40 F Sur Carrera 24 B,LA MINA,Urbana,"(6.156115722, -75.582407469)"
2172103,07/17/2017,10:10 a.m.,lunes,AUTOMOVIL,PUBLICO,Conductor,Masculino,NO,N/A,SOLO DAÑOS,Choque,Girar bruscamente,Carrera 42 B Calle 46 B Sur,LA PAZ,Urbana,"(6.161513191, -75.594775213)"
2172103,07/17/2017,10:10 a.m.,lunes,AUTOMOVIL,PARTICULAR,Conductor,Masculino,NO,N/A,SOLO DAÑOS,Choque,Girar bruscamente,Carrera 42 B Calle 46 B Sur,LA PAZ,Urbana,"(6.161513191, -75.594775213)"
2172088,07/17/2017,8:30 p.m.,lunes,CAMPERO,PARTICULAR,Conductor,Masculino,NO,N/A,SOLO DAÑOS,Choque,No mantener distancia de seguridad,Calle 25  Sur Carrera 49,LAS VEGAS,Urbana,
2172088,07/17/2017,8:30 p.m.,lunes,CAMPERO,PARTICULAR,Conductor,Femenino,NO,N/A,SOLO DAÑOS,Choque,No mantener distancia de seguridad,Calle 25  Sur Carrera 49,LAS VEGAS,Urbana,
2172087,07/17/2017,7:25 a.m.,lunes,AUTOMOVIL,PARTICULAR,Conductor,Masculino,NO,N/A,SOLO DAÑOS,Choque,No mantener distancia de seguridad,Calle 19  Sur Carrera 50  Sur,LAS VEGAS,Urbana,
2172087,07/17/2017,7:25 a.m.,lunes,MOTOCICLETA,PARTICULAR,Motociclista,Masculino,NO,N/A,SOLO DAÑOS,Choque,No mantener distancia de seguridad,Calle 19  Sur Carrera 50  Sur,LAS VEGAS,Urbana,
2172117,07/17/2017,5:35 p.m.,lunes,CAMION,PUBLICO,Conductor,Masculino,NO,N/A,SOLO DAÑOS,Choque,Reverso imprudente,Calle 39  Sur Carrera 40,EL DORADO,Urbana,"(6.167409609, -75.586720978)"
2172117,07/17/2017,5:35 p.m.,lunes,MOTOCICLETA,PARTICULAR,Motociclista,Masculino,NO,N/A,SOLO DAÑOS,Choque,Reverso imprudente,Calle 39  Sur Carrera 40,EL DORADO,Urbana,"(6.167409609, -75.586720978)"
2172117,07/17/2017,5:35 p.m.,lunes,MOTOCICLETA,OFICIAL,Motociclista,Masculino,NO,N/A,SOLO DAÑOS,Choque,Reverso imprudente,Calle 39  Sur Carrera 40,EL DORADO,Urbana,"(6.167409609, -75.586720978)"
2172101,07/17/2017,5:50 p.m.,lunes,AUTOMOVIL,PUBLICO,Conductor,Masculino,NO,N/A,SOLO DAÑOS,Choque,No respetar prelacion,Carrera 48 Calle 30  Sur,LAS VEGAS,Urbana,"(6.179366643, -75.588084104)"
2172101,07/17/2017,5:50 p.m.,lunes,AUTOMOVIL,PUBLICO,Conductor,Masculino,NO,N/A,SOLO DAÑOS,Choque,No respetar prelacion,Carrera 48 Calle 30  Sur,LAS VEGAS,Urbana,"(6.179366643, -75.588084104)"
2172083,07/17/2017,11:40 p.m.,lunes,MOTOCICLETA,PARTICULAR,Motociclista,Masculino,NO,N/A,HERIDO,Choque,Exceso de velocidad,Tramo 371 Kilometro  2,VEREDA EL ESCOBERO,Rural,
2172083,07/17/2017,11:40 p.m.,lunes,CAMIONETA,PARTICULAR,Conductor,Masculino,NO,N/A,HERIDO,Choque,Exceso de velocidad,Tramo 371 Kilometro  2,VEREDA EL ESCOBERO,Rural,
2172115,07/18/2017,6:00 p.m.,martes,MOTOCICLETA,PARTICULAR,Motociclista,Masculino,NO,N/A,HERIDO,Atropello,Transitar entre vehiculos,Calle 39  Sur Carrera 44 A,ALCALA,Urbana,"(6.16947488, -75.590584379)"
2172115,07/18/2017,6:00 p.m.,martes,MOTOCICLETA,PARTICULAR,Motociclista,Masculino,NO,N/A,HERIDO,Atropello,Exceso de velocidad,Calle 39  Sur Carrera 44 A,ALCALA,Urbana,"(6.16947488, -75.590584379)"
2172130,07/18/2017,12:00 p.m.,martes,AUTOMOVIL,PARTICULAR,Conductor,Masculino,NO,N/A,SOLO DAÑOS,Choque,Adelantar cerrando,Calle 38 A Sur Carrera 43,ZONA CENTRO,Urbana,"(6.169370628, -75.588315099)"
2172130,07/18/2017,12:00 p.m.,martes,MICROBUS,PUBLICO,Conductor,Masculino,NO,N/A,SOLO DAÑOS,Choque,Adelantar cerrando,Calle 38 A Sur Carrera 43,ZONA CENTRO,Urbana,"(6.169370628, -75.588315099)"
2172113,07/18/2017,7:05 a.m.,martes,MOTOCICLETA,PARTICULAR,Motociclista,Masculino,NO,N/A,HERIDO,Choque,No mantener distancia de seguridad,Diagonal 31 Transversal 32 A Sur,LA MAGNOLIA,Urbana,"(6.174681134, -75.578471041)"
2172113,07/18/2017,7:05 a.m.,martes,MOTOCICLETA,PARTICULAR,Motociclista,Masculino,NO,N/A,HERIDO,Choque,No mantener distancia de seguridad,Diagonal 31 Transversal 32 A Sur,LA MAGNOLIA,Urbana,"(6.174681134, -75.578471041)"
2172110,07/18/2017,8:10 a.m.,martes,AUTOMOVIL,PARTICULAR,Conductor,Femenino,NO,N/A,SOLO DAÑOS,Choque,No respetar prelacion,Carrera 46 Calle 40  Sur,ALCALA,Urbana,"(6.168563384, -75.594058113)"
2172110,07/18/2017,8:10 a.m.,martes,MOTOCICLETA,PARTICULAR,Motociclista,Masculino,NO,N/A,SOLO DAÑOS,Choque,No respetar prelacion,Carrera 46 Calle 40  Sur,ALCALA,Urbana,"(6.168563384, -75.594058113)"
2172109,07/18/2017,7:10 a.m.,martes,AUTOMOVIL,PARTICULAR,Conductor,Masculino,NO,N/A,HERIDO,Choque,Desobedecer senales,Calle 38 A Sur Carrera 38,MESA,Urbana,"(6.167339205, -75.585136359)"
2172109,07/18/2017,7:10 a.m.,martes,MOTOCICLETA,PARTICULAR,Motociclista,Masculino,NO,N/A,HERIDO,Choque,Desobedecer senales,Calle 38 A Sur Carrera 38,MESA,Urbana,"(6.167339205, -75.585136359)"
2172123,07/18/2017,12:10 p.m.,martes,AUTOMOVIL,PARTICULAR,Conductor,Femenino,NO,N/A,SOLO DAÑOS,Choque,No mantener distancia de seguridad,Carrera 48 Calle 25 A Sur,VILLA GRANDE,Urbana,"(6.184740152, -75.583657425)"
2172123,07/18/2017,12:10 p.m.,martes,AUTOMOVIL,PARTICULAR,Conductor,Masculino,NO,N/A,SOLO DAÑOS,Choque,No mantener distancia de seguridad,Carrera 48 Calle 25 A Sur,VILLA GRANDE,Urbana,"(6.184740152, -75.583657425)"
2172118,07/18/2017,4:10 p.m.,martes,BUSETA,PUBLICO,Conductor,Masculino,NO,N/A,SOLO DAÑOS,Choque,Desobedecer senales,Calle 30  Sur Carrera 48,LAS VEGAS,Urbana,"(6.180376127, -75.590288049)"
2172118,07/18/2017,4:10 p.m.,martes,AUTOMOVIL,PARTICULAR,Conductor,Masculino,NO,N/A,SOLO DAÑOS,Choque,Desobedecer senales,Calle 30  Sur Carrera 48,LAS VEGAS,Urbana,"(6.180376127, -75.590288049)"
2172114,07/18/2017,8:15 a.m.,martes,MOTOCICLETA,PARTICULAR,Motociclista,Masculino,NO,N/A,HERIDO,Atropello,Exceso de velocidad,Tramo 372 Kilometro  15,VEREDA PALMAS,Rural,
2172107,07/18/2017,1:30 p.m.,martes,AUTOMOVIL,PARTICULAR,Conductor,Masculino,NO,N/A,SOLO DAÑOS,Choque,Impericia en el manejo,Tramo 372 Kilometro  11,VEREDA PALMAS,Rural,
2172102,07/18/2017,9:10 p.m.,martes,BUS,PUBLICO,Conductor,Masculino,NO,N/A,SOLO DAÑOS,Choque,Exceso de velocidad,Carrera 42 B Calle 45 B Sur,LA PAZ,Urbana,"(6.163036146, -75.593706023)"
2172102,07/18/2017,9:10 p.m.,martes,AUTOMOVIL,PARTICULAR,Conductor,Masculino,NO,N/A,SOLO DAÑOS,Choque,Exceso de velocidad,Carrera 42 B Calle 45 B Sur,LA PAZ,Urbana,"(6.163036146, -75.593706023)"
2172100,07/18/2017,5:50 p.m.,martes,CAMPERO,PARTICULAR,Conductor,Femenino,NO,N/A,SOLO DAÑOS,Choque,No mantener distancia de seguridad,Calle 40 B Sur Carrera 40 A,EL DORADO,Urbana,"(6.165969162, -75.587800133)"
2172100,07/18/2017,5:50 p.m.,martes,AUTOMOVIL,PARTICULAR,Conductor,Masculino,NO,N/A,SOLO DAÑOS,Choque,No mantener distancia de seguridad,Calle 40 B Sur Carrera 40 A,EL DORADO,Urbana,"(6.165969162, -75.587800133)"
2172134,07/19/2017,4:00 p.m.,miércoles,AUTOMOVIL,PARTICULAR,Conductor,Masculino,NO,N/A,SOLO DAÑOS,Choque,Impericia en el manejo,Carrera 43 A Calle 40 H Sur,AVENIDA EL POBLADO,Urbana,"(6.167378392, -75.591151428)"
2172134,07/19/2017,4:00 p.m.,miércoles,AUTOMOVIL,PARTICULAR,Conductor,Femenino,NO,N/A,SOLO DAÑOS,Choque,Impericia en el manejo,Carrera 43 A Calle 40 H Sur,AVENIDA EL POBLADO,Urbana,"(6.167378392, -75.591151428)"
2172131,07/19/2017,2:00 p.m.,miércoles,AUTOMOVIL,PARTICULAR,Conductor,Masculino,NO,N/A,SOLO DAÑOS,Choque,No mantener distancia de seguridad,Carrera 27 Calle 28  Sur,LA INMACULADA,Urbana,"(6.171086787, -75.569080997)"
2172131,07/19/2017,2:00 p.m.,miércoles,CAMIONETA,DIPLOMATICO,Conductor,Masculino,NO,N/A,SOLO DAÑOS,Choque,No mantener distancia de seguridad,Carrera 27 Calle 28  Sur,LA INMACULADA,Urbana,"(6.171086787, -75.569080997)"
2172145,07/19/2017,5:00 p.m.,miércoles,AUTOMOVIL,PARTICULAR,Conductor,Masculino,NO,N/A,SOLO DAÑOS,Choque,No mantener distancia de seguridad,Carrera 48 Calle 32  Sur,LAS VEGAS,Urbana,"(6.177503621, -75.589485382)"
2172145,07/19/2017,5:00 p.m.,miércoles,AUTOMOVIL,PARTICULAR,Conductor,Masculino,NO,N/A,SOLO DAÑOS,Choque,No mantener distancia de seguridad,Carrera 48 Calle 32  Sur,LAS VEGAS,Urbana,"(6.177503621, -75.589485382)"
2172150,07/19/2017,6:15 a.m.,miércoles,AUTOMOVIL,PUBLICO,Conductor,Masculino,NO,N/A,HERIDO,Choque,Transitar entre vehiculos,Calle 32 A Sur Carrera 43 A,SAN MARCOS,Urbana,"(6.174867987, -75.58533492)"
2172150,07/19/2017,6:15 a.m.,miércoles,MOTOCICLETA,PARTICULAR,Motociclista,Masculino,NO,N/A,HERIDO,Choque,Transitar entre vehiculos,Calle 32 A Sur Carrera 43 A,SAN MARCOS,Urbana,"(6.174867987, -75.58533492)"
2172133,07/19/2017,4:06 p.m.,miércoles,MOTOCICLETA,PARTICULAR,Motociclista,Masculino,NO,N/A,SOLO DAÑOS,Choque,Transitar entre vehiculos,Carrera 40 Calle 35  Sur,ZONA CENTRO,Urbana,"(6.170776136, -75.584583255)"
2172133,07/19/2017,4:06 p.m.,miércoles,AUTOMOVIL,PARTICULAR,Conductor,Femenino,NO,N/A,SOLO DAÑOS,Choque,Transitar entre vehiculos,Carrera 40 Calle 35  Sur,ZONA CENTRO,Urbana,"(6.170776136, -75.584583255)"
2172133,07/19/2017,4:06 p.m.,miércoles,AUTOMOVIL,PARTICULAR,Conductor,Masculino,NO,N/A,SOLO DAÑOS,Choque,Transitar entre vehiculos,Carrera 40 Calle 35  Sur,ZONA CENTRO,Urbana,"(6.170776136, -75.584583255)"
2172149,07/19/2017,8:30 p.m.,miércoles,CAMIONETA,PARTICULAR,Conductor,Femenino,NO,N/A,HERIDO,Choque,Transitar entre vehiculos,Calle 38  Sur Carrera 43 A,ZONA CENTRO,Urbana,"(6.170537577, -75.588625139)"
2172149,07/19/2017,8:30 p.m.,miércoles,BICICLETA,N/A,Ciclista,Masculino,NO,N/A,HERIDO,Choque,Transitar entre vehiculos,Calle 38  Sur Carrera 43 A,ZONA CENTRO,Urbana,"(6.170537577, -75.588625139)"
2172125,07/19/2017,6:40 a.m.,miércoles,MICROBUS,PUBLICO,Conductor,Masculino,NO,N/A,SOLO DAÑOS,Choque,Reverso imprudente,Calle 36  Sur Carrera 27,EL CHOCHO,Urbana,"(6.167154903, -75.569336965)"
2172125,07/19/2017,6:40 a.m.,miércoles,CAMION,PUBLICO,Conductor,Masculino,NO,N/A,SOLO DAÑOS,Choque,Reverso imprudente,Calle 36  Sur Carrera 27,EL CHOCHO,Urbana,"(6.167154903, -75.569336965)"
2172132,07/19/2017,6:40 a.m.,miércoles,BUS,PUBLICO,Conductor,Femenino,NO,N/A,SOLO DAÑOS,Choque,Otra,Calle 48 E Sur Carrera 42,LOMA DEL BARRO,Urbana,"(6.159800047, -75.595095327)"
2172132,07/19/2017,6:40 a.m.,miércoles,CAMPERO,DIPLOMATICO,Conductor,Femenino,NO,N/A,SOLO DAÑOS,Choque,Otra,Calle 48 E Sur Carrera 42,LOMA DEL BARRO,Urbana,"(6.159800047, -75.595095327)"
2172127,07/19/2017,4:30 p.m.,miércoles,AUTOMOVIL,PUBLICO,Conductor,Masculino,NO,N/A,SOLO DAÑOS,Choque,Impericia en el manejo,Calle 39  Sur Carrera 45 A,ALCALA,Urbana,"(6.169659373, -75.591546149)"
2172127,07/19/2017,4:30 p.m.,miércoles,AUTOMOVIL,PARTICULAR,Conductor,Femenino,NO,N/A,SOLO DAÑOS,Choque,Impericia en el manejo,Calle 39  Sur Carrera 45 A,ALCALA,Urbana,"(6.169659373, -75.591546149)"