RADICADO,FECHA,HORA,DÍA DE LA SEMANA,CLASE DE VEHICULO,TIPO DE SERVICIO,TIPO DE VICTIMA,SEXO,ESTADO DE BEODEZ,RESULTADO DE BEODEZ,GRAVEDAD,CLASE DE ACCIDENTE,CAUSA,DIRECCIÓN,BARRIO,AREA,Coordenadas
2172120,07/19/2017,9:00 p.m.,miércoles,MOTOCICLETA,PARTICULAR,Motociclista,Masculino,NO,N/A,HERIDO,Atropello,Cruzar sin observar,Transversal 33  Sur Carrera 43,ZONA CENTRO,Urbana,"(6.173912569, -75.586974728)"
2172126,07/19/2017,1:50 p.m.,miércoles,AUTOMOVIL,PARTICULAR,Conductor,Masculino,NO,N/A,SOLO DAÑOS,Choque,Otra,Carrera 50 Calle 32  Sur,LAS VEGAS,Urbana,"(6.178248378, -75.591688281)"
2172126,07/19/2017,1:50 p.m.,miércoles,MOTOCICLETA,PARTICULAR,Motociclista,Masculino,NO,N/A,SOLO DAÑOS,Choque,Otra,Carrera 50 Calle 32  Sur,LAS VEGAS,Urbana,"(6.178248378, -75.591688281)"
2172121,07/19/2017,8:53 a.m.,miércoles,AUTOMOVIL,PARTICULAR,Conductor,Femenino,NO,N/A,HERIDO,Choque,No mantener distancia de seguridad,Calle 27 A Sur Carrera 48,LAS VEGAS,Urbana,"(6.179449536, -75.585041503)"
2172121,07/19/2017,8:53 a.m.,miércoles,MOTOCICLETA,PARTICULAR,Motociclista,Masculino,NO,N/A,HERIDO,Choque,No mantener distancia de seguridad,Calle 27 A Sur Carrera 48,LAS VEGAS,Urbana,"(6.179449536, -75.585041503)"
2172119,07/19/2017,5:45 p.m.,miércoles,AUTOMOVIL,PUBLICO,Conductor,Masculino,NO,N/A,HERIDO,Choque,No respetar prelacion,Calle 50  Sur Carrera 48,LAS CASITAS,Urbana,
2172119,07/19/2017,5:45 p.m.,miércoles,MOTOCICLETA,PARTICULAR,Motociclista,Masculino,NO,N/A,HERIDO,Choque,No respetar prelacion,Calle 50  Sur Carrera 48,LAS CASITAS,Urbana,
2172128,07/20/2017,10:00 a.m.,jueves,MOTOCICLETA,PARTICULAR,Motociclista,Masculino,NO,N/A,HERIDO,Choque,Desobedecer senales,Calle 38  Sur Carrera 36,MESA,Urbana,"(6.167371692, -75.58367367)"
2172128,07/20/2017,10:00 a.m.,jueves,AUTOMOVIL,PUBLICO,Conductor,Femenino,NO,N/A,HERIDO,Choque,Desobedecer senales,Calle 38  Sur Carrera 36,MESA,Urbana,"(6.167371692, -75.58367367)"
2172135,07/20/2017,11:30 a.m.,jueves,AUTOMOVIL,PARTICULAR,Conductor,Masculino,NO,N/A,SOLO DAÑOS,Choque,Impericia en el manejo,Calle 25  Sur Carrera 45,ZU├æIGA,Urbana,"(6.182658265, -75.582042508)"
2172129,07/20/2017,10:30 a.m.,jueves,AUTOMOVIL,PARTICULAR,Conductor,Masculino,NO,N/A,SOLO DAÑOS,Choque,No mantener distancia de seguridad,Tramo 372 Kilometro  16,VEREDA PALMAS,Rural,
2172129,07/20/2017,10:30 a.m.,jueves,CAMIONETA,PUBLICO,Conductor,Masculino,NO,N/A,SOLO DAÑOS,Choque,No mantener distancia de seguridad,Tramo 372 Kilometro  16,VEREDA PALMAS,Rural,
2172139,07/20/2017,8:45 a.m.,jueves,BUS,PUBLICO,Conductor,Masculino,NO,N/A,SOLO DAÑOS,Choque,Adelantar cerrando,Calle 37  Sur Carrera 42,ZONA CENTRO,Urbana,"(6.17029993, -75.586935484)"
2172139,07/20/2017,8:45 a.m.,jueves,MOTOCICLETA,PARTICULAR,Motociclista,Femenino,NO,N/A,SOLO DAÑOS,Choque,Adelantar cerrando,Calle 37  Sur Carrera 42,ZONA CENTRO,Urbana,"(6.17029993, -75.586935484)"
2172124,07/20/2017,2:40 p.m.,jueves,AUTOMOVIL,PARTICULAR,Conductor,Masculino,NO,N/A,SOLO DAÑOS,Choque,No mantener distancia de seguridad,Carrera 39 DD Calle 45 A Sur,LAS ANTILLAS,Urbana,"(6.161860353, -75.591522661)"
2172124,07/20/2017,2:40 p.m.,jueves,AUTOMOVIL,PARTICULAR,Conductor,Masculino,NO,N/A,SOLO DAÑOS,Choque,No mantener distancia de seguridad,Carrera 39 DD Calle 45 A Sur,LAS ANTILLAS,Urbana,"(6.161860353, -75.591522661)"
2172122,07/20/2017,12:30 a.m.,jueves,AUTOMOVIL,PARTICULAR,Conductor,Masculino,NO,N/A,SOLO DAÑOS,Choque,No respetar pelacion de interseccion o giros,Calle 23  Sur Carrera 27,ZU├æIGA,Urbana,"(6.176668041, -75.567525633)"
2172122,07/20/2017,12:30 a.m.,jueves,MOTOCICLETA,PARTICULAR,Motociclista,Masculino,NO,N/A,SOLO DAÑOS,Choque,No respetar pelacion de interseccion o giros,Calle 23  Sur Carrera 27,ZU├æIGA,Urbana,"(6.176668041, -75.567525633)"
2172137,07/21/2017,4:00 p.m.,viernes,AUTOMOVIL,PARTICULAR,Conductor,Masculino,NO,N/A,SOLO DAÑOS,Choque,Desobedecer senales,Carrera 27 D Calle 36 C Sur,VEREDA EL ESCOBERO,Urbana,"(6.165786744, -75.573801385)"
2172137,07/21/2017,4:00 p.m.,viernes,AUTOMOVIL,PARTICULAR,Conductor,Femenino,NO,N/A,SOLO DAÑOS,Choque,Desobedecer senales,Carrera 27 D Calle 36 C Sur,VEREDA EL ESCOBERO,Urbana,"(6.165786744, -75.573801385)"
2172169,07/21/2017,10:00 a.m.,viernes,CAMPERO,PARTICULAR,Conductor,Masculino,NO,N/A,SOLO DAÑOS,Choque,Adelantar por la derecha,Calle 38  Sur Carrera 34,MESA,Urbana,"(6.166700674, -75.58264033)"
2172169,07/21/2017,10:00 a.m.,viernes,MOTOCICLETA,PARTICULAR,Motociclista,Masculino,NO,N/A,SOLO DAÑOS,Choque,Adelantar por la derecha,Calle 38  Sur Carrera 34,MESA,Urbana,"(6.166700674, -75.58264033)"
2172140,07/21/2017,4:15 p.m.,viernes,AUTOMOVIL,PARTICULAR,Conductor,Masculino,NO,N/A,SOLO DAÑOS,Choque,No mantener distancia de seguridad,Calle 25 AA Sur Carrera 50,LAS VEGAS,Urbana,"(6.182478523, -75.583313359)"
2172140,07/21/2017,4:15 p.m.,viernes,AUTOMOVIL,PARTICULAR,Conductor,Femenino,NO,N/A,SOLO DAÑOS,Choque,No mantener distancia de seguridad,Calle 25 AA Sur Carrera 50,LAS VEGAS,Urbana,"(6.182478523, -75.583313359)"
2172337,08/09/2017,9:30 a.m.,miércoles,AUTOMOVIL,PARTICULAR,Conductor,Femenino,NO,N/A,HERIDO,Choque,Impericia en el manejo,Tramo 372 Kilometro  16,VEREDA PALMAS,Rural,
2172138,07/21/2017,8:20 a.m.,viernes,AUTOMOVIL,PARTICULAR,Conductor,Femenino,NO,N/A,SOLO DAÑOS,Choque,No mantener distancia de seguridad,Calle 30  Sur Carrera 50,LAS VEGAS,Urbana,
2172138,07/21/2017,8:20 a.m.,viernes,AUTOMOVIL,PUBLICO,Conductor,Masculino,NO,N/A,SOLO DAÑOS,Choque,No mantener distancia de seguridad,Calle 30  Sur Carrera 50,LAS VEGAS,Urbana,
2172146,07/21/2017,3:37 p.m.,viernes,MOTOCICLETA,PARTICULAR,Motociclista,Masculino,NO,N/A,HERIDO,Choque,No mantener distancia de seguridad,Tramo 372 Kilometro  14,VEREDA PALMAS,Rural,
2172146,07/21/2017,3:37 p.m.,viernes,CAMIONETA,PARTICULAR,Conductor,Masculino,NO,N/A,HERIDO,Choque,No mantener distancia de seguridad,Tramo 372 Kilometro  14,VEREDA PALMAS,Rural,
2172142,07/21/2017,9:45 a.m.,viernes,AUTOMOVIL,PARTICULAR,Conductor,Masculino,NO,N/A,SOLO DAÑOS,Choque,No mantener distancia de seguridad,Calle 32 A Sur Carrera 43,SAN MARCOS,Urbana,"(6.174867987, -75.58533492)"
2172142,07/21/2017,9:45 a.m.,viernes,AUTOMOVIL,PARTICULAR,Conductor,Masculino,NO,N/A,SOLO DAÑOS,Choque,No mantener distancia de seguridad,Calle 32 A Sur Carrera 43,SAN MARCOS,Urbana,"(6.174867987, -75.58533492)"
2172151,07/21/2017,4:50 p.m.,viernes,AUTOMOVIL,PUBLICO,Conductor,Masculino,NO,N/A,SOLO DAÑOS,Choque,Impericia en el manejo,Calle 36  Sur Carrera 43 A,ZONA CENTRO,Urbana,"(6.171868319, -75.587748226)"
2172151,07/21/2017,4:50 p.m.,viernes,AUTOMOVIL,PARTICULAR,Conductor,Femenino,NO,N/A,SOLO DAÑOS,Choque,Impericia en el manejo,Calle 36  Sur Carrera 43 A,ZONA CENTRO,Urbana,"(6.171868319, -75.587748226)"
2172136,07/21/2017,12:50 p.m.,viernes,MOTOCICLETA,PARTICULAR,Motociclista,Masculino,NO,N/A,SOLO DAÑOS,Choque,Adelantar cerrando,Carrera 43 A Calle 23  Sur,AVENIDA EL POBLADO,Urbana,"(6.182555831, -75.580177931)"
2172136,07/21/2017,12:50 p.m.,viernes,CAMIONETA,PARTICULAR,Conductor,Masculino,NO,N/A,SOLO DAÑOS,Choque,Adelantar cerrando,Carrera 43 A Calle 23  Sur,AVENIDA EL POBLADO,Urbana,"(6.182555831, -75.580177931)"
2172167,07/22/2017,12:00 p.m.,sábado,AUTOMOVIL,PUBLICO,Conductor,Masculino,NO,N/A,SOLO DAÑOS,Choque,No mantener distancia de seguridad,Tramo 373 Kilometro  11,VEREDA PALMAS,Rural,
2172167,07/22/2017,12:00 p.m.,sábado,CAMIONETA,OFICIAL,Conductor,Masculino,NO,N/A,SOLO DAÑOS,Choque,No mantener distancia de seguridad,Tramo 373 Kilometro  11,VEREDA PALMAS,Rural,
2172167,07/22/2017,12:00 p.m.,sábado,CAMPERO,PARTICULAR,Conductor,Femenino,NO,N/A,SOLO DAÑOS,Choque,No mantener distancia de seguridad,Tramo 373 Kilometro  11,VEREDA PALMAS,Rural,
2172938,07/22/2017,4:10 p.m.,sábado,AUTOMOVIL,PARTICULAR,Conductor,Femenino,NO,N/A,SOLO DAÑOS,Choque,Impericia en el manejo,Carrera 43 A Calle 39  Sur,AVENIDA EL POBLADO,Urbana,"(6.169011071, -75.589484903)"
2172938,07/22/2017,4:10 p.m.,sábado,CAMIONETA,PARTICULAR,Conductor,Masculino,NO,N/A,SOLO DAÑOS,Choque,Impericia en el manejo,Carrera 43 A Calle 39  Sur,AVENIDA EL POBLADO,Urbana,"(6.169011071, -75.589484903)"
2172148,07/22/2017,8:15 p.m.,sábado,MOTOCICLETA,PARTICULAR,Motociclista,Masculino,NO,N/A,HERIDO,Choque,Transitar entre vehiculos,Calle 44  Sur Carrera 43 A,LAS VEGAS,Urbana,"(6.165598746, -75.594021133)"
2172148,07/22/2017,8:15 p.m.,sábado,BICICLETA,N/A,Ciclista,Masculino,NO,N/A,HERIDO,Choque,Transitar entre vehiculos,Calle 44  Sur Carrera 43 A,LAS VEGAS,Urbana,"(6.165598746, -75.594021133)"
2172141,07/22/2017,1:40 p.m.,sábado,MOTOCICLETA,PARTICULAR,Motociclista,Masculino,NO,N/A,SOLO DAÑOS,Choque,Otra,Carrera 40 Calle 48  Sur,EL TRIANON,Urbana,"(6.158744179, -75.594597118)"
2172141,07/22/2017,1:40 p.m.,sábado,AUTOMOVIL,PARTICULAR,Conductor,Femenino,NO,N/A,SOLO DAÑOS,Choque,Otra,Carrera 40 Calle 48  Sur,EL TRIANON,Urbana,"(6.158744179, -75.594597118)"
2172154,07/22/2017,5:30 p.m.,sábado,MOTOCICLETA,PARTICULAR,Motociclista,Masculino,NO,N/A,SOLO DAÑOS,Choque,No respetar prelacion,Tramo 373 Kilometro  11,VEREDA PALMAS,Rural,
2172154,07/22/2017,5:30 p.m.,sábado,BUS,PUBLICO,Conductor,Masculino,NO,N/A,SOLO DAÑOS,Choque,No respetar prelacion,Tramo 373 Kilometro  11,VEREDA PALMAS,Rural,
2172144,07/22/2017,2:40 p.m.,sábado,AUTOMOVIL,PARTICULAR,Conductor,Femenino,NO,N/A,SOLO DAÑOS,Choque,No mantener distancia de seguridad,Tramo 371 Kilometro  12,VEREDA PALMAS,Rural,
2172144,07/22/2017,2:40 p.m.,sábado,AUTOMOVIL,PARTICULAR,Conductor,Femenino,NO,N/A,SOLO DAÑOS,Choque,No mantener distancia de seguridad,Tramo 371 Kilometro  12,VEREDA PALMAS,Rural,
2172143,07/22/2017,12:45 p.m.,sábado,MOTOCICLETA,PARTICULAR,Motociclista,Femenino,NO,N/A,SOLO DAÑOS,Choque,Adelantar en zona prohibida,Calle 40 B Sur Carrera 27,LA MINA,Urbana,"(6.157910673, -75.581553601)"
2172143,07/22/2017,12:45 p.m.,sábado,MOTOCICLETA,PARTICULAR,Motociclista,Masculino,NO,N/A,SOLO DAÑOS,Choque,Adelantar en zona prohibida,Calle 40 B Sur Carrera 27,LA MINA,Urbana,"(6.157910673, -75.581553601)"
2172156,07/22/2017,8:55 a.m.,sábado,AUTOMOVIL,PARTICULAR,Conductor,Masculino,NO,N/A,SOLO DAÑOS,Choque,Desobedecer senales,Calle 40  Sur Carrera 43 A,ALCALA,Urbana,"(6.167965983, -75.590242146)"
2172156,07/22/2017,8:55 a.m.,sábado,AUTOMOVIL,PARTICULAR,Conductor,Masculino,NO,N/A,SOLO DAÑOS,Choque,Desobedecer senales,Calle 40  Sur Carrera 43 A,ALCALA,Urbana,"(6.167965983, -75.590242146)"
2172155,07/23/2017,1:00 p.m.,domingo,MOTOCICLETA,PARTICULAR,Motociclista,Masculino,NO,N/A,HERIDO,Choque,Adelantar en zona prohibida,Calle 39  Sur Carrera 27,EL CHINGU├ì,Urbana,"(6.159217585, -75.578834618)"
2172155,07/23/2017,1:00 p.m.,domingo,AUTOMOVIL,PARTICULAR,Conductor,Masculino,NO,N/A,HERIDO,Choque,Adelantar en zona prohibida,Calle 39  Sur Carrera 27,EL CHINGU├ì,Urbana,"(6.159217585, -75.578834618)"
2172158,07/23/2017,5:00 p.m.,domingo,CAMIONETA,PARTICULAR,Conductor,Masculino,NO,N/A,SOLO DAÑOS,Choque,No mantener distancia de seguridad,Tramo 372 Kilometro  12,VEREDA PALMAS,Rural,
2172158,07/23/2017,5:00 p.m.,domingo,AUTOMOVIL,PARTICULAR,Conductor,Femenino,NO,N/A,SOLO DAÑOS,Choque,No mantener distancia de seguridad,Tramo 372 Kilometro  12,VEREDA PALMAS,Rural,
2172152,07/23/2017,7:50 p.m.,domingo,CAMPERO,PARTICULAR,Conductor,Masculino,NO,N/A,HERIDO,Choque,No respetar prelacion,Tramo 372 Kilometro  12,VEREDA PALMAS,Rural,
2172152,07/23/2017,7:50 p.m.,domingo,MOTOCICLETA,PARTICULAR,Motociclista,Masculino,NO,N/A,HERIDO,Choque,No respetar prelacion,Tramo 372 Kilometro  12,VEREDA PALMAS,Rural,
2172147,07/23/2017,3:20 p.m.,domingo,TRACTOCAMION,PUBLICO,Conductor,Masculino,NO,N/A,SOLO DAÑOS,Choque,Reverso imprudente,Calle 29  Sur Carrera 49,LAS VEGAS,Urbana,
2172147,07/23/2017,3:20 p.m.,domingo,TRACTOCAMION,PUBLICO,Conductor,Masculino,NO,N/A,SOLO DAÑOS,Choque,Reverso imprudente,Calle 29  Sur Carrera 49,LAS VEGAS,Urbana,
2172160,07/23/2017,8:40 p.m.,domingo,AUTOMOVIL,PARTICULAR,Conductor,Masculino,NO,N/A,SOLO DAÑOS,Choque,No mantener distancia de seguridad,Tramo 373 Kilometro  11,VEREDA PALMAS,Rural,
2172160,07/23/2017,8:40 p.m.,domingo,CAMIONETA,PARTICULAR,Conductor,Masculino,NO,N/A,SOLO DAÑOS,Choque,No mantener distancia de seguridad,Tramo 373 Kilometro  11,VEREDA PALMAS,Rural,
2172165,07/23/2017,3:30 p.m.,domingo,AUTOMOVIL,PARTICULAR,Conductor,Masculino,NO,N/A,SOLO DAÑOS,Choque,No respetar prelacion,Diagonal 31 E Transversal 33 A Sur,VILLA GRANDE,Urbana,"(6.173761816, -75.578919701)"
2172165,07/23/2017,3:30 p.m.,domingo,AUTOMOVIL,PUBLICO,Conductor,Masculino,NO,N/A,SOLO DAÑOS,Choque,No respetar prelacion,Diagonal 31 E Transversal 33 A Sur,VILLA GRANDE,Urbana,"(6.173761816, -75.578919701)"
2172153,07/23/2017,5:50 a.m.,domingo,AUTOMOVIL,PARTICULAR,Conductor,Masculino,NO,N/A,SOLO DAÑOS,Choque,Impericia en el manejo,Calle 40 F Sur Carrera 29 A,SAN JOSE,Urbana,"(6.15991303, -75.583887604)"
2172153,07/23/2017,5:50 a.m.,domingo,MOTOCICLETA,PARTICULAR,Motociclista,Masculino,NO,N/A,SOLO DAÑOS,Choque,Impericia en el manejo,Calle 40 F Sur Carrera 29 A,SAN JOSE,Urbana,"(6.15991303, -75.583887604)"
2172163,07/24/2017,3:00 p.m.,lunes,AUTOMOVIL,DIPLOMATICO,Conductor,Masculino,NO,N/A,SOLO DAÑOS,Choque,No mantener distancia de seguridad,Carrera 42 Calle 25  Sur,LAS ORQUIDEAS,Urbana,
2172163,07/24/2017,3:00 p.m.,lunes,CAMIONETA,PARTICULAR,Conductor,Masculino,NO,N/A,SOLO DAÑOS,Choque,No mantener distancia de seguridad,Carrera 42 Calle 25  Sur,LAS ORQUIDEAS,Urbana,
2172166,07/24/2017,4:00 p.m.,lunes,MICROBUS,PUBLICO,Conductor,Masculino,NO,N/A,HERIDO,Choque,Girar bruscamente,Transversal 34 C Sur Diagonal 32 D,LOS NARANJOS,Urbana,"(6.171646495, -75.582738871)"
2172166,07/24/2017,4:00 p.m.,lunes,MOTOCICLETA,PARTICULAR,Motociclista,Masculino,NO,N/A,HERIDO,Choque,Girar bruscamente,Transversal 34 C Sur Diagonal 32 D,LOS NARANJOS,Urbana,"(6.171646495, -75.582738871)"
2172185,07/24/2017,11:00 a.m.,lunes,AUTOMOVIL,PARTICULAR,Conductor,Femenino,NO,N/A,SOLO DAÑOS,Choque,No mantener distancia de seguridad,Carrera 50 Calle 48 C Sur,LAS VEGAS,Urbana,
2172185,07/24/2017,11:00 a.m.,lunes,CAMIONETA,PUBLICO,Conductor,Masculino,NO,N/A,SOLO DAÑOS,Choque,No mantener distancia de seguridad,Carrera 50 Calle 48 C Sur,LAS VEGAS,Urbana,
2172159,07/24/2017,2:00 p.m.,lunes,AUTOMOVIL,PARTICULAR,Conductor,Masculino,NO,N/A,SOLO DAÑOS,Choque,Impericia en el manejo,Calle 40 F Sur Carrera 29 B,SAN JOSE,Urbana,"(6.160257642, -75.584046412)"
2172159,07/24/2017,2:00 p.m.,lunes,CAMIONETA,PUBLICO,Conductor,Masculino,NO,N/A,SOLO DAÑOS,Choque,Impericia en el manejo,Calle 40 F Sur Carrera 29 B,SAN JOSE,Urbana,"(6.160257642, -75.584046412)"
2172170,07/24/2017,12:15 p.m.,lunes,CAMION,PUBLICO,Conductor,Masculino,NO,N/A,SOLO DAÑOS,Choque,Adelantar cerrando,Carrera 50 Calle 50  Sur,LAS VEGAS,Urbana,
2172170,07/24/2017,12:15 p.m.,lunes,AUTOMOVIL,PUBLICO,Conductor,Masculino,NO,N/A,SOLO DAÑOS,Choque,Adelantar cerrando,Carrera 50 Calle 50  Sur,LAS VEGAS,Urbana,
2172162,07/24/2017,5:10 p.m.,lunes,AUTOMOVIL,PARTICULAR,Conductor,Masculino,NO,N/A,SOLO DAÑOS,Choque,Desobedecer senales,Calle 37  Sur Carrera 50,LAS VEGAS,Urbana,
2172162,07/24/2017,5:10 p.m.,lunes,TRACTOCAMION,PUBLICO,Conductor,Masculino,NO,N/A,SOLO DAÑOS,Choque,Desobedecer senales,Calle 37  Sur Carrera 50,LAS VEGAS,Urbana,
2172186,07/24/2017,5:10 p.m.,lunes,AUTOMOVIL,PARTICULAR,Conductor,Masculino,NO,N/A,SOLO DAÑOS,Choque,Adelantar en zona prohibida,Tramo 371 Kilometro  6,VEREDA EL ESCOBERO,Rural,
2172186,07/24/2017,5:10 p.m.,lunes,MOTOCICLETA,PARTICULAR,Motociclista,Masculino,NO,N/A,SOLO DAÑOS,Choque,Adelantar en zona prohibida,Tramo 371 Kilometro  6,VEREDA EL ESCOBERO,Rural,
2172157,07/24/2017,6:15 p.m.,lunes,AUTOMOVIL,PARTICULAR,Conductor,Masculino,NO,N/A,HERIDO,Choque,Semaforo en rojo,Carrera 43 A Transversal 27 A Sur,JARDINES,Urbana,"(6.178993539, -75.583605914)"
2172157,07/24/2017,6:15 p.m.,lunes,MOTOCICLETA,PARTICULAR,Motociclista,Masculino,NO,N/A,HERIDO,Choque,Semaforo en rojo,Carrera 43 A Transversal 27 A Sur,JARDINES,Urbana,"(6.178993539, -75.583605914)"
2172168,07/24/2017,5:15 p.m.,lunes,BUS,PUBLICO,Conductor,Masculino,NO,N/A,SOLO DAÑOS,Choque,Desobedecer senales,Carrera 42 Calle 35  Sur,ZONA CENTRO,Urbana,"(6.171623749, -75.586043385)"
2172168,07/24/2017,5:15 p.m.,lunes,CAMIONETA,PARTICULAR,Conductor,Femenino,NO,N/A,SOLO DAÑOS,Choque,Desobedecer senales,Carrera 42 Calle 35  Sur,ZONA CENTRO,Urbana,"(6.171623749, -75.586043385)"
2172164,07/24/2017,1:30 p.m.,lunes,BICICLETA,N/A,Ciclista,Masculino,NO,N/A,HERIDO,Choque,Desobedecer senales,Carrera 48 Calle 38  Sur,LAS VEGAS,Urbana,"(6.172747818, -75.592698171)"
2172164,07/24/2017,1:30 p.m.,lunes,BUSETA,PUBLICO,Conductor,Masculino,NO,N/A,HERIDO,Choque,Desobedecer senales,Carrera 48 Calle 38  Sur,LAS VEGAS,Urbana,"(6.172747818, -75.592698171)"
2172161,07/24/2017,9:30 a.m.,lunes,CAMIONETA,PARTICULAR,Conductor,Masculino,NO,N/A,SOLO DAÑOS,Choque,Semaforo en rojo,Carrera 43 A Calle 21  Sur,ZU├æIGA,Urbana,"(6.183599544, -75.579409862)"
2172161,07/24/2017,9:30 a.m.,lunes,MOTOCICLETA,PARTICULAR,Motociclista,Masculino,NO,N/A,SOLO DAÑOS,Choque,Semaforo en rojo,Carrera 43 A Calle 21  Sur,ZU├æIGA,Urbana,"(6.183599544, -75.579409862)"
2172173,07/25/2017,6:00 p.m.,martes,AUTOMOVIL,PARTICULAR,Conductor,Femenino,NO,N/A,SOLO DAÑOS,Choque,Desobedecer senales,Carrera 32 Calle 40 E Sur,SAN RAFAEL,Urbana,"(6.163516173, -75.583068147)"
2172173,07/25/2017,6:00 p.m.,martes,AUTOMOVIL,PARTICULAR,Conductor,Masculino,NO,N/A,SOLO DAÑOS,Choque,Desobedecer senales,Carrera 32 Calle 40 E Sur,SAN RAFAEL,Urbana,"(6.163516173, -75.583068147)"
2172196,07/25/2017,6:00 p.m.,martes,CAMIONETA,PUBLICO,Conductor,Masculino,NO,N/A,SOLO DAÑOS,Choque,Otra,Tramo 372 Kilometro  15,VEREDA PALMAS,Rural,
2172196,07/25/2017,6:00 p.m.,martes,CAMPERO,PARTICULAR,Conductor,Femenino,NO,N/A,SOLO DAÑOS,Choque,Otra,Tramo 372 Kilometro  15,VEREDA PALMAS,Rural,
2172182,07/25/2017,9:00 a.m.,martes,AUTOMOVIL,PARTICULAR,Conductor,Femenino,NO,N/A,SOLO DAÑOS,Choque,No respetar prelacion,Carrera 23 Calle 25  Sur,EL CHOCHO,Urbana,"(6.172945607, -75.563451683)"
2172182,07/25/2017,9:00 a.m.,martes,CAMPERO,PARTICULAR,Conductor,Femenino,NO,N/A,SOLO DAÑOS,Choque,No respetar prelacion,Carrera 23 Calle 25  Sur,EL CHOCHO,Urbana,"(6.172945607, -75.563451683)"
2172197,07/25/2017,11:00 a.m.,martes,CAMIONETA,DIPLOMATICO,Conductor,Masculino,NO,N/A,HERIDO,Choque,Impericia en el manejo,Calle 41  Sur Carrera 45 F,MILAN VALLEJUELOS,Urbana,"(6.162364197, -75.592592357)"
2172197,07/25/2017,11:00 a.m.,martes,MOTOCICLETA,PARTICULAR,Motociclista,Femenino,NO,N/A,HERIDO,Choque,Impericia en el manejo,Calle 41  Sur Carrera 45 F,MILAN VALLEJUELOS,Urbana,"(6.162364197, -75.592592357)"
2172172,07/25/2017,10:00 a.m.,martes,AUTOMOVIL,PARTICULAR,Conductor,Masculino,NO,N/A,HERIDO,Choque,No mantener distancia de seguridad,Carrera 48 Calle 27 A Sur,LAS VEGAS,Urbana,"(6.181312425, -75.58688511)"
2172172,07/25/2017,10:00 a.m.,martes,MOTOCICLETA,PARTICULAR,Motociclista,Masculino,NO,N/A,HERIDO,Choque,No mantener distancia de seguridad,Carrera 48 Calle 27 A Sur,LAS VEGAS,Urbana,"(6.181312425, -75.58688511)"
2172176,07/25/2017,3:15 p.m.,martes,CAMIONETA,PARTICULAR,Conductor,Femenino,NO,N/A,SOLO DAÑOS,Choque,No mantener distancia de seguridad,Calle 37  Sur Carrera 32,LOS NARANJOS,Urbana,"(6.166691719, -75.581185995)"
2172176,07/25/2017,3:15 p.m.,martes,AUTOMOVIL,PARTICULAR,Conductor,Masculino,NO,N/A,SOLO DAÑOS,Choque,No mantener distancia de seguridad,Calle 37  Sur Carrera 32,LOS NARANJOS,Urbana,"(6.166691719, -75.581185995)"
2172178,07/25/2017,1:20 p.m.,martes,MOTOCICLETA,PARTICULAR,Motociclista,Masculino,NO,N/A,HERIDO,Atropello,Cruzar sin observar,Carrera 40 Calle 36  Sur,ZONA CENTRO,Urbana,"(6.17006539, -75.585029162)"
2172178,07/25/2017,1:20 p.m.,martes,MOTOCICLETA,PARTICULAR,Motociclista,Masculino,NO,N/A,HERIDO,Atropello,Impericia en el manejo,Carrera 40 Calle 36  Sur,ZONA CENTRO,Urbana,"(6.17006539, -75.585029162)"
2172175,07/25/2017,4:15 p.m.,martes,AUTOMOVIL,PARTICULAR,Conductor,Masculino,NO,N/A,SOLO DAÑOS,Choque,Desobedecer senales,Calle 25 A Sur Carrera 48,LAS VEGAS,Urbana,"(6.185202689, -75.583587178)"
2172175,07/25/2017,4:15 p.m.,martes,AUTOMOVIL,PARTICULAR,Conductor,Masculino,NO,N/A,SOLO DAÑOS,Choque,Desobedecer senales,Calle 25 A Sur Carrera 48,LAS VEGAS,Urbana,"(6.185202689, -75.583587178)"
2172181,07/25/2017,9:20 a.m.,martes,AUTOMOVIL,PARTICULAR,Conductor,Femenino,NO,N/A,SOLO DAÑOS,Choque,No mantener distancia de seguridad,Carrera 50 Calle 46 A Sur,LAS VEGAS,Urbana,"(6.16131219, -75.603198185)"
2172181,07/25/2017,9:20 a.m.,martes,MOTOCICLETA,PARTICULAR,Motociclista,Masculino,NO,N/A,SOLO DAÑOS,Choque,No mantener distancia de seguridad,Carrera 50 Calle 46 A Sur,LAS VEGAS,Urbana,"(6.16131219, -75.603198185)"
2172181,07/25/2017,9:20 a.m.,martes,CAMION,PUBLICO,Conductor,Masculino,NO,N/A,SOLO DAÑOS,Choque,No mantener distancia de seguridad,Carrera 50 Calle 46 A Sur,LAS VEGAS,Urbana,"(6.16131219, -75.603198185)"
2172181,07/25/2017,9:20 a.m.,martes,CAMIONETA,PUBLICO,Conductor,Masculino,NO,N/A,SOLO DAÑOS,Choque,No mantener distancia de seguridad,Carrera 50 Calle 46 A Sur,LAS VEGAS,Urbana,"(6.16131219, -75.603198185)"
2172171,07/25/2017,3:30 p.m.,martes,AUTOMOVIL,PUBLICO,Conductor,Masculino,NO,N/A,SOLO DAÑOS,Choque,Adelantar cerrando,Carrera 48 Calle 32 B Sur,LAS VEGAS,Urbana,"(6.176994311, -75.589841192)"
2172171,07/25/2017,3:30 p.m.,martes,CAMIONETA,PARTICULAR,Conductor,Masculino,NO,N/A,SOLO DAÑOS,Choque,Adelantar cerrando,Carrera 48 Calle 32 B Sur,LAS VEGAS,Urbana,"(6.176994311, -75.589841192)"