RADICADO,FECHA,HORA,DÍA DE LA SEMANA,CLASE DE VEHICULO,TIPO DE SERVICIO,TIPO DE VICTIMA,SEXO,ESTADO DE BEODEZ,RESULTADO DE BEODEZ,GRAVEDAD,CLASE DE ACCIDENTE,CAUSA,DIRECCIÓN,BARRIO,AREA,Coordenadas
2172200,07/30/2017,4:55 a.m.,domingo,MOTOCICLETA,PARTICULAR,Motociclista,Masculino,NO,N/A,SOLO DAÑOS,Choque,Embriaguez o droga,Calle 39  Sur Carrera 40,MESA,Urbana,"(6.167409609, -75.586720978)"
2172200,07/30/2017,4:55 a.m.,domingo,MOTOCICLETA,PARTICULAR,Motociclista,Masculino,NO,N/A,SOLO DAÑOS,Choque,Semaforo en rojo,Calle 39  Sur Carrera 40,MESA,Urbana,"(6.167409609, -75.586720978)"
2172200,07/30/2017,4:55 a.m.,domingo,AUTOMOVIL,PARTICULAR,Conductor,Masculino,NO,N/A,SOLO DAÑOS,Choque,Embriaguez o droga,Calle 39  Sur Carrera 40,MESA,Urbana,"(6.167409609, -75.586720978)"
2172259,07/31/2017,7:00 p.m.,lunes,CAMIONETA,PUBLICO,Conductor,Masculino,NO,N/A,SOLO DAÑOS,Choque,Carga sobresaliente sin senales,Calle 46  Sur Carrera 46 A,PRIMAVERA,Urbana,"(6.164633401, -75.596689606)"
2172259,07/31/2017,7:00 p.m.,lunes,CAMIONETA,PUBLICO,Conductor,Masculino,NO,N/A,SOLO DAÑOS,Choque,Poner en marcha un vehiculo sin precauci,Calle 46  Sur Carrera 46 A,PRIMAVERA,Urbana,"(6.164633401, -75.596689606)"
2172259,07/31/2017,7:00 p.m.,lunes,CAMIONETA,PUBLICO,Conductor,Masculino,NO,N/A,SOLO DAÑOS,Choque,Carga sobresaliente sin senales,Calle 46  Sur Carrera 46 A,PRIMAVERA,Urbana,"(6.164633401, -75.596689606)"
2172259,07/31/2017,7:00 p.m.,lunes,CAMIONETA,PUBLICO,Conductor,Masculino,NO,N/A,SOLO DAÑOS,Choque,Poner en marcha un vehiculo sin precauci,Calle 46  Sur Carrera 46 A,PRIMAVERA,Urbana,"(6.164633401, -75.596689606)"
2172254,07/31/2017,4:00 p.m.,lunes,BUS,PUBLICO,Conductor,Masculino,NO,N/A,SOLO DAÑOS,Choque,Adelantar invadiendo carril del mismo sentido en zigzag,Calle 38 A Sur Carrera 37,MESA,Urbana,"(6.167015309, -75.584620694)"
2172254,07/31/2017,4:00 p.m.,lunes,AUTOMOVIL,PARTICULAR,Conductor,Masculino,NO,N/A,SOLO DAÑOS,Choque,Adelantar invadiendo carril del mismo sentido en zigzag,Calle 38 A Sur Carrera 37,MESA,Urbana,"(6.167015309, -75.584620694)"
2172230,07/31/2017,10:05 a.m.,lunes,CAMION,PUBLICO,Conductor,Masculino,NO,N/A,SOLO DAÑOS,Choque,Reverso imprudente,Calle 25 AA Sur Carrera 48,LAS VEGAS,Urbana,"(6.18405129, -75.584783826)"
2172230,07/31/2017,10:05 a.m.,lunes,AUTOMOVIL,PARTICULAR,Conductor,Masculino,NO,N/A,SOLO DAÑOS,Choque,Reverso imprudente,Calle 25 AA Sur Carrera 48,LAS VEGAS,Urbana,"(6.18405129, -75.584783826)"
2172234,07/31/2017,6:25 a.m.,lunes,AUTOMOVIL,PARTICULAR,Conductor,Femenino,NO,N/A,SOLO DAÑOS,Choque,Poner en marcha un vehiculo sin precauci,Carrera 43 A Calle 31 A Sur,SAN MARCOS,Urbana,"(6.176310274, -75.585487159)"
2172234,07/31/2017,6:25 a.m.,lunes,AUTOMOVIL,PARTICULAR,Conductor,Femenino,NO,N/A,SOLO DAÑOS,Choque,Poner en marcha un vehiculo sin precauci,Carrera 43 A Calle 31 A Sur,SAN MARCOS,Urbana,"(6.176310274, -75.585487159)"
2172258,07/31/2017,4:15 p.m.,lunes,MOTOCICLETA,PARTICULAR,Motociclista,Masculino,NO,N/A,HERIDO,Choque,No respetar prelacion,Transversal 36 A Sur Diagonal 29,MANUEL URIBE ANGEL,Urbana,"(6.167621297, -75.578524101)"
2172258,07/31/2017,4:15 p.m.,lunes,BICICLETA,N/A,Ciclista,Masculino,NO,N/A,HERIDO,Choque,No respetar prelacion,Transversal 36 A Sur Diagonal 29,MANUEL URIBE ANGEL,Urbana,"(6.167621297, -75.578524101)"
2172233,07/31/2017,11:20 a.m.,lunes,CAMIONETA,PARTICULAR,Conductor,Masculino,NO,N/A,SOLO DAÑOS,Choque,No mantener distancia de seguridad,Calle 37  Sur Carrera 50,LAS VEGAS,Urbana,
2172233,07/31/2017,11:20 a.m.,lunes,CAMPERO,PARTICULAR,Conductor,Femenino,NO,N/A,SOLO DAÑOS,Choque,No mantener distancia de seguridad,Calle 37  Sur Carrera 50,LAS VEGAS,Urbana,
2172250,07/31/2017,2:20 p.m.,lunes,MOTOCICLETA,PARTICULAR,Motociclista,Femenino,NO,N/A,HERIDO,Choque,Transitar entre vehiculos,Calle 37  Sur Carrera 50,LAS VEGAS,Urbana,
2172250,07/31/2017,2:20 p.m.,lunes,AUTOMOVIL,PARTICULAR,Conductor,Masculino,NO,N/A,HERIDO,Choque,No mantener distancia de seguridad,Calle 37  Sur Carrera 50,LAS VEGAS,Urbana,
2172250,07/31/2017,2:20 p.m.,lunes,AUTOMOVIL,PARTICULAR,Conductor,Masculino,NO,N/A,HERIDO,Choque,Transitar entre vehiculos,Calle 37  Sur Carrera 50,LAS VEGAS,Urbana,
2172250,07/31/2017,2:20 p.m.,lunes,MOTOCICLETA,PARTICULAR,Motociclista,Femenino,NO,N/A,HERIDO,Choque,No mantener distancia de seguridad,Calle 37  Sur Carrera 50,LAS VEGAS,Urbana,
2172257,07/31/2017,6:20 p.m.,lunes,MOTOCICLETA,PARTICULAR,Motociclista,Masculino,NO,N/A,HERIDO,Choque,Otra,Carrera 50 Calle 25 A Sur,LAS VEGAS,Urbana,"(6.186515998, -75.585125414)"
2172257,07/31/2017,6:20 p.m.,lunes,MOTOCICLETA,PARTICULAR,Motociclista,Masculino,NO,N/A,HERIDO,Choque,Otra,Carrera 50 Calle 25 A Sur,LAS VEGAS,Urbana,"(6.186515998, -75.585125414)"
2172246,07/31/2017,5:20 p.m.,lunes,AUTOMOVIL,PARTICULAR,Conductor,Femenino,NO,N/A,SOLO DAÑOS,Choque,No mantener distancia de seguridad,Calle 38  Sur Carrera 47,ALCALA,Urbana,"(6.172469073, -75.592092518)"
2172246,07/31/2017,5:20 p.m.,lunes,CAMPERO,PARTICULAR,Conductor,Masculino,NO,N/A,SOLO DAÑOS,Choque,No mantener distancia de seguridad,Calle 38  Sur Carrera 47,ALCALA,Urbana,"(6.172469073, -75.592092518)"
2172247,07/31/2017,10:25 a.m.,lunes,MOTOCICLETA,PARTICULAR,Motociclista,Masculino,NO,N/A,SOLO DAÑOS,Choque,Desobedecer senales,Calle 37  Sur Carrera 45,ALCALA,Urbana,"(6.172286684, -75.590367365)"
2172247,07/31/2017,10:25 a.m.,lunes,MOTOCICLETA,PARTICULAR,Motociclista,Masculino,NO,N/A,SOLO DAÑOS,Choque,Desobedecer senales,Calle 37  Sur Carrera 45,ALCALA,Urbana,"(6.172286684, -75.590367365)"
2172256,07/31/2017,6:30 p.m.,lunes,BUS,PUBLICO,Conductor,Masculino,NO,N/A,HERIDO,Choque,Adelantar en zona prohibida,Calle 40 F Sur Carrera 29,SAN JOSE,Urbana,"(6.160257642, -75.584046412)"
2172256,07/31/2017,6:30 p.m.,lunes,MOTOCICLETA,PARTICULAR,Motociclista,Masculino,NO,N/A,HERIDO,Choque,Adelantar en zona prohibida,Calle 40 F Sur Carrera 29,SAN JOSE,Urbana,"(6.160257642, -75.584046412)"
2172236,07/31/2017,9:15 p.m.,lunes,CAMPERO,PARTICULAR,Conductor,Masculino,NO,N/A,SOLO DAÑOS,Choque,Estacionar sin seguridad,Calle 48 F Sur Carrera 39,LOMA DEL BARRO,Urbana,"(6.156024221, -75.598072554)"
2172236,07/31/2017,9:15 p.m.,lunes,CAMIONETA,PARTICULAR,Conductor,Femenino,NO,N/A,SOLO DAÑOS,Choque,Estacionar sin seguridad,Calle 48 F Sur Carrera 39,LOMA DEL BARRO,Urbana,"(6.156024221, -75.598072554)"
2172232,07/31/2017,6:50 a.m.,lunes,MOTOCICLETA,PARTICULAR,Motociclista,Masculino,NO,N/A,SOLO DAÑOS,Choque,Desobedecer senales,Carrera 39 Calle 40 B Sur,EL DORADO,Urbana,"(6.164830692, -75.587226743)"
2172232,07/31/2017,6:50 a.m.,lunes,CAMIONETA,PARTICULAR,Conductor,Masculino,NO,N/A,SOLO DAÑOS,Choque,Desobedecer senales,Carrera 39 Calle 40 B Sur,EL DORADO,Urbana,"(6.164830692, -75.587226743)"
2172231,07/31/2017,4:45 p.m.,lunes,MICROBUS,PUBLICO,Conductor,Masculino,NO,N/A,SOLO DAÑOS,Choque,Impericia en el manejo,Calle 41 A Sur Carrera 25 AA,LA MINA,Urbana,"(6.158780813, -75.585208753)"
2172231,07/31/2017,4:45 p.m.,lunes,CAMIONETA,PARTICULAR,Conductor,Masculino,NO,N/A,SOLO DAÑOS,Choque,Vehiculo mal estacionado,Calle 41 A Sur Carrera 25 AA,LA MINA,Urbana,"(6.158780813, -75.585208753)"
2172231,07/31/2017,4:45 p.m.,lunes,CAMIONETA,PARTICULAR,Conductor,Masculino,NO,N/A,SOLO DAÑOS,Choque,Impericia en el manejo,Calle 41 A Sur Carrera 25 AA,LA MINA,Urbana,"(6.158780813, -75.585208753)"
2172231,07/31/2017,4:45 p.m.,lunes,MICROBUS,PUBLICO,Conductor,Masculino,NO,N/A,SOLO DAÑOS,Choque,Vehiculo mal estacionado,Calle 41 A Sur Carrera 25 AA,LA MINA,Urbana,"(6.158780813, -75.585208753)"
2172235,07/31/2017,9:50 p.m.,lunes,AUTOMOVIL,PARTICULAR,Conductor,Masculino,NO,N/A,SOLO DAÑOS,Choque,Adelantar cerrando,Calle 25  Sur Carrera 48,ZU├æIGA,Urbana,
2172235,07/31/2017,9:50 p.m.,lunes,CAMPERO,PARTICULAR,Conductor,Femenino,NO,N/A,SOLO DAÑOS,Choque,Adelantar cerrando,Calle 25  Sur Carrera 48,ZU├æIGA,Urbana,
2172244,07/31/2017,8:50 a.m.,lunes,CAMIONETA,OFICIAL,Conductor,Masculino,NO,N/A,SOLO DAÑOS,Choque,Impericia en el manejo,Carrera 27 D Calle 34  Sur,LAS ORQUIDEAS,Urbana,"(6.171895479, -75.57503368)"
2172244,07/31/2017,8:50 a.m.,lunes,MOTOCICLETA,PARTICULAR,Motociclista,Masculino,NO,N/A,SOLO DAÑOS,Choque,Impericia en el manejo,Carrera 27 D Calle 34  Sur,LAS ORQUIDEAS,Urbana,"(6.171895479, -75.57503368)"
2172245,08/01/2017,6:00 a.m.,martes,MOTOCICLETA,PARTICULAR,Motociclista,Masculino,NO,N/A,MUERTO,Atropello,Exceso de velocidad,Carrera 48 Calle 25 A Sur,LAS VEGAS,Urbana,"(6.184740152, -75.583657425)"
2172260,08/01/2017,3:00 p.m.,martes,AUTOMOVIL,PARTICULAR,Conductor,Masculino,NO,N/A,HERIDO,Choque,Adelantar en zona prohibida,Carrera 29 D Calle 40 F Sur,SAN JOSE,Urbana,"(6.160292785, -75.584494997)"
2172260,08/01/2017,3:00 p.m.,martes,BICICLETA,N/A,Ciclista,Masculino,NO,N/A,HERIDO,Choque,Adelantar en zona prohibida,Carrera 29 D Calle 40 F Sur,SAN JOSE,Urbana,"(6.160292785, -75.584494997)"
2172263,08/01/2017,10:04 a.m.,martes,CAMIONETA,PARTICULAR,Conductor,Masculino,NO,N/A,SOLO DAÑOS,Choque,Transitar entre vehiculos,Carrera 50 Calle 39 B Sur,LAS VEGAS,Urbana,
2172263,08/01/2017,10:04 a.m.,martes,MOTOCICLETA,PARTICULAR,Motociclista,Masculino,NO,N/A,SOLO DAÑOS,Choque,Transitar entre vehiculos,Carrera 50 Calle 39 B Sur,LAS VEGAS,Urbana,
2172270,08/01/2017,6:10 p.m.,martes,AUTOMOVIL,PARTICULAR,Conductor,Masculino,NO,N/A,SOLO DAÑOS,Choque,No mantener distancia de seguridad,Tramo 373 Kilometro  11,VEREDA PALMAS,Rural,
2172270,08/01/2017,6:10 p.m.,martes,AUTOMOVIL,PUBLICO,Conductor,Masculino,NO,N/A,SOLO DAÑOS,Choque,No mantener distancia de seguridad,Tramo 373 Kilometro  11,VEREDA PALMAS,Rural,
2172252,08/01/2017,3:15 p.m.,martes,MOTOCICLETA,PARTICULAR,Motociclista,Masculino,NO,N/A,SOLO DAÑOS,Choque,Transitar entre vehiculos,Calle 30  Sur Carrera 45,JARDINES,Urbana,"(6.177736003, -75.586123784)"
2172252,08/01/2017,3:15 p.m.,martes,AUTOMOVIL,PARTICULAR,Conductor,Masculino,NO,N/A,SOLO DAÑOS,Choque,Transitar entre vehiculos,Calle 30  Sur Carrera 45,JARDINES,Urbana,"(6.177736003, -75.586123784)"
2172267,08/01/2017,4:20 p.m.,martes,AUTOMOVIL,PARTICULAR,Conductor,Masculino,NO,N/A,SOLO DAÑOS,Choque,Desobedecer senales,Calle 40 A Sur Carrera 25 B,EL SALADO,Urbana,"(6.156266878, -75.580891491)"
2172255,08/01/2017,8:30 a.m.,martes,MOTOCICLETA,PARTICULAR,Motociclista,Masculino,NO,N/A,HERIDO,Choque,Exceso de velocidad,Tramo 372 Kilometro  12,VEREDA PALMAS,Rural,
2172255,08/01/2017,8:30 a.m.,martes,AUTOMOVIL,PARTICULAR,Conductor,Masculino,NO,N/A,HERIDO,Choque,Exceso de velocidad,Tramo 372 Kilometro  12,VEREDA PALMAS,Rural,
2172249,08/01/2017,8:35 a.m.,martes,AUTOMOVIL,PUBLICO,Conductor,Masculino,NO,N/A,SOLO DAÑOS,Choque,No respetar prelacion,Carrera 49 Calle 25 AA Sur,LAS VEGAS,Urbana,"(6.18641241, -75.585062957)"
2172249,08/01/2017,8:35 a.m.,martes,AUTOMOVIL,DIPLOMATICO,Conductor,Femenino,NO,N/A,SOLO DAÑOS,Choque,No respetar prelacion,Carrera 49 Calle 25 AA Sur,LAS VEGAS,Urbana,"(6.18641241, -75.585062957)"
2172262,08/01/2017,9:30 a.m.,martes,AUTOMOVIL,PARTICULAR,Conductor,Masculino,NO,N/A,SOLO DAÑOS,Choque,No mantener distancia de seguridad,Calle 37  Sur Carrera 50,LAS VEGAS,Urbana,
2172262,08/01/2017,9:30 a.m.,martes,AUTOMOVIL,PARTICULAR,Conductor,Femenino,NO,N/A,SOLO DAÑOS,Choque,No mantener distancia de seguridad,Calle 37  Sur Carrera 50,LAS VEGAS,Urbana,
2172269,08/01/2017,9:20 p.m.,martes,AUTOMOVIL,PARTICULAR,Conductor,Masculino,NO,N/A,SOLO DAÑOS,Choque,Adelantar cerrando,Calle 50  Sur Carrera 46,LAS VEGAS,Urbana,"(6.16131219, -75.603198185)"
2172269,08/01/2017,9:20 p.m.,martes,BUS,PUBLICO,Conductor,Masculino,NO,N/A,SOLO DAÑOS,Choque,Adelantar cerrando,Calle 50  Sur Carrera 46,LAS VEGAS,Urbana,"(6.16131219, -75.603198185)"
2172251,08/01/2017,1:50 p.m.,martes,BUS,PUBLICO,Conductor,Masculino,NO,N/A,SOLO DAÑOS,Choque,Poner en marcha un vehiculo sin precauci,Carrera 49 Calle 43  Sur,LAS VEGAS,Urbana,"(6.160925818, -75.599980088)"
2172251,08/01/2017,1:50 p.m.,martes,MOTOCICLETA,PARTICULAR,Motociclista,Masculino,NO,N/A,SOLO DAÑOS,Choque,Poner en marcha un vehiculo sin precauci,Carrera 49 Calle 43  Sur,LAS VEGAS,Urbana,"(6.160925818, -75.599980088)"
2172248,08/01/2017,6:55 p.m.,martes,BICICLETA,N/A,Ciclista,Masculino,NO,N/A,HERIDO,Choque,Impericia en el manejo,Calle 40 H Sur Carrera 41,EL DORADO,Urbana,"(6.164634475, -75.590462131)"
2172248,08/01/2017,6:55 p.m.,martes,CAMIONETA,OFICIAL,Conductor,Masculino,NO,N/A,HERIDO,Choque,Impericia en el manejo,Calle 40 H Sur Carrera 41,EL DORADO,Urbana,"(6.164634475, -75.590462131)"
2172279,08/02/2017,7:00 a.m.,miércoles,AUTOMOVIL,PARTICULAR,Conductor,Femenino,NO,N/A,SOLO DAÑOS,Choque,No mantener distancia de seguridad,Diagonal 40 Transversal 33  Sur,LA MAGNOLIA,Urbana,"(6.173507784, -75.585457506)"
2172279,08/02/2017,7:00 a.m.,miércoles,AUTOMOVIL,PARTICULAR,Conductor,Femenino,NO,N/A,SOLO DAÑOS,Choque,No mantener distancia de seguridad,Diagonal 40 Transversal 33  Sur,LA MAGNOLIA,Urbana,"(6.173507784, -75.585457506)"
2172264,08/02/2017,9:00 a.m.,miércoles,AUTOMOVIL,PARTICULAR,Conductor,Femenino,NO,N/A,SOLO DAÑOS,Choque,Adelantar invadiendo carril del mismo sentido en zigzag,Carrera 48 Calle 38  Sur,LAS VEGAS,Urbana,"(6.172747818, -75.592698171)"
2172264,08/02/2017,9:00 a.m.,miércoles,AUTOMOVIL,DIPLOMATICO,Conductor,Masculino,NO,N/A,SOLO DAÑOS,Choque,Adelantar invadiendo carril del mismo sentido en zigzag,Carrera 48 Calle 38  Sur,LAS VEGAS,Urbana,"(6.172747818, -75.592698171)"
2172277,08/02/2017,9:00 a.m.,miércoles,CAMPERO,PARTICULAR,Conductor,Masculino,NO,N/A,SOLO DAÑOS,Choque,No mantener distancia de seguridad,Calle 25 A Sur Carrera 43 A,LAS ORQUIDEAS,Urbana,"(6.181689385, -75.582417986)"
2172277,08/02/2017,9:00 a.m.,miércoles,AUTOMOVIL,PARTICULAR,Conductor,Femenino,NO,N/A,SOLO DAÑOS,Choque,No mantener distancia de seguridad,Calle 25 A Sur Carrera 43 A,LAS ORQUIDEAS,Urbana,"(6.181689385, -75.582417986)"
2172268,08/02/2017,11:00 a.m.,miércoles,MOTOCICLETA,PARTICULAR,Motociclista,Masculino,NO,N/A,SOLO DAÑOS,Choque,No mantener distancia de seguridad,Carrera 50 Calle 46 A Sur,LAS VEGAS,Urbana,"(6.16131219, -75.603198185)"
2172268,08/02/2017,11:00 a.m.,miércoles,AUTOMOVIL,PARTICULAR,Conductor,Masculino,NO,N/A,SOLO DAÑOS,Choque,No mantener distancia de seguridad,Carrera 50 Calle 46 A Sur,LAS VEGAS,Urbana,"(6.16131219, -75.603198185)"
2172271,08/02/2017,2:00 p.m.,miércoles,CAMIONETA,PARTICULAR,Conductor,Masculino,NO,N/A,SOLO DAÑOS,Choque,Poner en marcha un vehiculo sin precauci,Carrera 49 Calle 25 AA Sur,LAS VEGAS,Urbana,"(6.18641241, -75.585062957)"
2172271,08/02/2017,2:00 p.m.,miércoles,AUTOMOVIL,PARTICULAR,Conductor,Femenino,NO,N/A,SOLO DAÑOS,Choque,Poner en marcha un vehiculo sin precauci,Carrera 49 Calle 25 AA Sur,LAS VEGAS,Urbana,"(6.18641241, -75.585062957)"
2172281,08/02/2017,2:00 p.m.,miércoles,AUTOMOVIL,PARTICULAR,Conductor,Masculino,NO,N/A,SOLO DAÑOS,Choque,No mantener distancia de seguridad,Carrera 42 B Calle 26 A Sur,LAS ORQUIDEAS,Urbana,"(6.177282566, -75.579838163)"
2172281,08/02/2017,2:00 p.m.,miércoles,AUTOMOVIL,PUBLICO,Conductor,Masculino,NO,N/A,SOLO DAÑOS,Choque,No mantener distancia de seguridad,Carrera 42 B Calle 26 A Sur,LAS ORQUIDEAS,Urbana,"(6.177282566, -75.579838163)"
2172293,08/02/2017,7:30 p.m.,miércoles,MICROBUS,PUBLICO,Conductor,Masculino,NO,N/A,SOLO DAÑOS,Choque,No respetar prelacion,Carrera 43 A Calle 27 A Sur,ZU├æIGA,Urbana,"(6.178993539, -75.583605914)"
2172293,08/02/2017,7:30 p.m.,miércoles,CAMIONETA,PARTICULAR,Conductor,Femenino,NO,N/A,SOLO DAÑOS,Choque,No respetar prelacion,Carrera 43 A Calle 27 A Sur,ZU├æIGA,Urbana,"(6.178993539, -75.583605914)"
2172282,08/02/2017,4:10 p.m.,miércoles,CAMPERO,PARTICULAR,Conductor,Masculino,NO,N/A,SOLO DAÑOS,Choque,No respetar prelacion,Carrera 48 Calle 30  Sur,LAS VEGAS,Urbana,"(6.179366643, -75.588084104)"
2172282,08/02/2017,4:10 p.m.,miércoles,AUTOMOVIL,PARTICULAR,Conductor,Masculino,NO,N/A,SOLO DAÑOS,Choque,No respetar prelacion,Carrera 48 Calle 30  Sur,LAS VEGAS,Urbana,"(6.179366643, -75.588084104)"
2172273,08/02/2017,2:10 p.m.,miércoles,AUTOMOVIL,PARTICULAR,Conductor,Masculino,NO,N/A,SOLO DAÑOS,Choque,No mantener distancia de seguridad,Carrera 20 Calle 22  Sur,LA INMACULADA,Urbana,"(6.175205128, -75.56106191)"
2172273,08/02/2017,2:10 p.m.,miércoles,AUTOMOVIL,PARTICULAR,Conductor,Femenino,NO,N/A,SOLO DAÑOS,Choque,No mantener distancia de seguridad,Carrera 20 Calle 22  Sur,LA INMACULADA,Urbana,"(6.175205128, -75.56106191)"
2172288,08/02/2017,5:10 p.m.,miércoles,CAMIONETA,PARTICULAR,Conductor,Masculino,NO,N/A,SOLO DAÑOS,Choque,No mantener distancia de seguridad,Carrera 50 Calle 37  Sur,LAS VEGAS,Urbana,
2172288,08/02/2017,5:10 p.m.,miércoles,MOTOCICLETA,PARTICULAR,Motociclista,Masculino,NO,N/A,SOLO DAÑOS,Choque,No mantener distancia de seguridad,Carrera 50 Calle 37  Sur,LAS VEGAS,Urbana,
2172284,08/02/2017,8:50 p.m.,miércoles,MOTOCICLETA,PARTICULAR,Motociclista,Masculino,NO,N/A,HERIDO,Choque,Otra,Carrera 50 Calle 48 C Sur,LAS VEGAS,Urbana,
2172284,08/02/2017,8:50 p.m.,miércoles,MOTOCICLETA,PARTICULAR,Motociclista,Masculino,NO,N/A,HERIDO,Choque,Otra,Carrera 50 Calle 48 C Sur,LAS VEGAS,Urbana,
2172284,08/02/2017,8:50 p.m.,miércoles,CAMIONETA,PARTICULAR,Conductor,Masculino,NO,N/A,HERIDO,Choque,Otra,Carrera 50 Calle 48 C Sur,LAS VEGAS,Urbana,
2172272,08/02/2017,9:30 p.m.,miércoles,AUTOMOVIL,PARTICULAR,Conductor,Masculino,NO,N/A,SOLO DAÑOS,Choque,Desobedecer senales,Carrera 27 Calle 22  Sur,LA INMACULADA,Urbana,
2172272,08/02/2017,9:30 p.m.,miércoles,MOTOCICLETA,PARTICULAR,Motociclista,Masculino,NO,N/A,SOLO DAÑOS,Choque,Desobedecer senales,Carrera 27 Calle 22  Sur,LA INMACULADA,Urbana,
2172265,08/02/2017,11:40 a.m.,miércoles,MOTOCICLETA,PARTICULAR,Motociclista,Masculino,NO,N/A,SOLO DAÑOS,Choque,Girar bruscamente,Calle 39  Sur Carrera 42,ZONA CENTRO,Urbana,"(6.168300638, -75.588159271)"
2172265,08/02/2017,11:40 a.m.,miércoles,AUTOMOVIL,PARTICULAR,Conductor,Masculino,NO,N/A,SOLO DAÑOS,Choque,Girar bruscamente,Calle 39  Sur Carrera 42,ZONA CENTRO,Urbana,"(6.168300638, -75.588159271)"
2172280,08/02/2017,4:40 p.m.,miércoles,BUS,PUBLICO,Conductor,Masculino,NO,N/A,SOLO DAÑOS,Choque,Poner en marcha un vehiculo sin precauci,Carrera 49 Calle 37  Sur,LAS VEGAS,Urbana,
2172280,08/02/2017,4:40 p.m.,miércoles,BUS,PUBLICO,Conductor,Masculino,NO,N/A,SOLO DAÑOS,Choque,Poner en marcha un vehiculo sin precauci,Carrera 49 Calle 37  Sur,LAS VEGAS,Urbana,
2172266,08/02/2017,9:45 a.m.,miércoles,MOTOCICLETA,PARTICULAR,Motociclista,Femenino,NO,N/A,SOLO DAÑOS,Choque,Poner en marcha un vehiculo sin precauci,Calle 38  Sur Carrera 41,ZONA CENTRO,Urbana,"(6.169244976, -75.586588065)"
2172266,08/02/2017,9:45 a.m.,miércoles,BUS,PUBLICO,Conductor,Masculino,NO,N/A,SOLO DAÑOS,Choque,Poner en marcha un vehiculo sin precauci,Calle 38  Sur Carrera 41,ZONA CENTRO,Urbana,"(6.169244976, -75.586588065)"
2172261,08/02/2017,10:15 p.m.,miércoles,MOTOCICLETA,PARTICULAR,Motociclista,Masculino,NO,N/A,HERIDO,Choque,Adelantar invadiendo carril de sentido contrario,Calle 30  Sur Carrera 48,LAS VEGAS,Urbana,"(6.180376127, -75.590288049)"
2172261,08/02/2017,10:15 p.m.,miércoles,MOTOCICLETA,PARTICULAR,Motociclista,Masculino,NO,N/A,HERIDO,Choque,Adelantar invadiendo carril de sentido contrario,Calle 30  Sur Carrera 48,LAS VEGAS,Urbana,"(6.180376127, -75.590288049)"
2172274,08/03/2017,6:00 p.m.,jueves,BUS,PUBLICO,Conductor,Masculino,NO,N/A,HERIDO,Choque,Adelantar cerrando,Carrera 43 A Calle 38 A Sur,ZONA CENTRO,Urbana,"(6.169698887, -75.589058765)"
2172274,08/03/2017,6:00 p.m.,jueves,MOTOCICLETA,PARTICULAR,Motociclista,Masculino,NO,N/A,HERIDO,Choque,Adelantar cerrando,Carrera 43 A Calle 38 A Sur,ZONA CENTRO,Urbana,"(6.169698887, -75.589058765)"
2172276,08/03/2017,6:25 a.m.,jueves,AUTOMOVIL,PARTICULAR,Conductor,Femenino,NO,N/A,SOLO DAÑOS,Choque,No respetar prelacion,Calle 38 A Sur Carrera 46,ALCALA,Urbana,"(6.171457357, -75.591576633)"
2172276,08/03/2017,6:25 a.m.,jueves,MOTOCICLETA,PARTICULAR,Motociclista,Femenino,NO,N/A,SOLO DAÑOS,Choque,No respetar prelacion,Calle 38 A Sur Carrera 46,ALCALA,Urbana,"(6.171457357, -75.591576633)"
2172276,08/03/2017,6:25 a.m.,jueves,MOTOCICLETA,PARTICULAR,Motociclista,Masculino,NO,N/A,SOLO DAÑOS,Choque,No respetar prelacion,Calle 38 A Sur Carrera 46,ALCALA,Urbana,"(6.171457357, -75.591576633)"
2172292,08/03/2017,8:40 p.m.,jueves,AUTOMOVIL,PARTICULAR,Conductor,Femenino,NO,N/A,SOLO DAÑOS,Choque,No mantener distancia de seguridad,Carrera 32 Calle 37  Sur,MESA,Urbana,"(6.1665774, -75.581163406)"
2172292,08/03/2017,8:40 p.m.,jueves,AUTOMOVIL,PARTICULAR,Conductor,Masculino,NO,N/A,SOLO DAÑOS,Choque,No mantener distancia de seguridad,Carrera 32 Calle 37  Sur,MESA,Urbana,"(6.1665774, -75.581163406)"
2172302,08/03/2017,9:30 a.m.,jueves,AUTOMOVIL,PARTICULAR,Conductor,Masculino,NO,N/A,SOLO DAÑOS,Choque,Adelantar cerrando,Carrera 42 Calle 37  Sur,ZONA CENTRO,Urbana,"(6.170182555, -75.586915263)"
2172302,08/03/2017,9:30 a.m.,jueves,BUS,PUBLICO,Conductor,Masculino,NO,N/A,SOLO DAÑOS,Choque,Adelantar cerrando,Carrera 42 Calle 37  Sur,ZONA CENTRO,Urbana,"(6.170182555, -75.586915263)"
2172295,08/03/2017,1:45 p.m.,jueves,CAMIONETA,PARTICULAR,Conductor,Masculino,NO,N/A,SOLO DAÑOS,Choque,Transitar entre vehiculos,Carrera 50 Calle 37  Sur,LAS VEGAS,Urbana,
2172295,08/03/2017,1:45 p.m.,jueves,MOTOCICLETA,PARTICULAR,Motociclista,Masculino,NO,N/A,SOLO DAÑOS,Choque,Transitar entre vehiculos,Carrera 50 Calle 37  Sur,LAS VEGAS,Urbana,
2172295,08/03/2017,1:45 p.m.,jueves,MOTOCICLETA,PARTICULAR,Motociclista,Masculino,NO,N/A,SOLO DAÑOS,Choque,Transitar entre vehiculos,Carrera 50 Calle 37  Sur,LAS VEGAS,Urbana,