RADICADO,FECHA,HORA,DÍA DE LA SEMANA,CLASE DE VEHICULO,TIPO DE SERVICIO,TIPO DE VICTIMA,SEXO,ESTADO DE BEODEZ,RESULTADO DE BEODEZ,GRAVEDAD,CLASE DE ACCIDENTE,CAUSA,DIRECCIÓN,BARRIO,AREA,Coordenadas
2172558,08/30/2017,6:25 p.m.,miércoles,BUS,PUBLICO,Conductor,Masculino,NO,N/A,SOLO DAÑOS,Choque,Reverso imprudente,Carrera 42 D Calle 46 D Sur,LOMA DEL BARRO,Urbana,"(6.161230751, -75.595806071)"
2172538,08/30/2017,4:40 a.m.,miércoles,AUTOMOVIL,PARTICULAR,Conductor,Masculino,NO,N/A,MUERTO,Choque,Adelantar invadiendo carril del mismo sentido en zigzag,Tramo 373 Kilometro  8,VEREDA PALMAS,Rural,
2172538,08/30/2017,4:40 a.m.,miércoles,AUTOMOVIL,PARTICULAR,Conductor,Masculino,NO,N/A,MUERTO,Choque,Adelantar invadiendo carril del mismo sentido en zigzag,Tramo 373 Kilometro  8,VEREDA PALMAS,Rural,
2172542,08/30/2017,10:30 a.m.,miércoles,BICICLETA,N/A,Ciclista,Masculino,NO,N/A,HERIDO,Choque,No mantener distancia de seguridad,Carrera 29 A Calle 39  Sur,SAN JOSE,Urbana,"(6.163897984, -75.580877179)"
2172542,08/30/2017,10:30 a.m.,miércoles,AUTOMOVIL,PARTICULAR,Conductor,Masculino,NO,N/A,HERIDO,Choque,No mantener distancia de seguridad,Carrera 29 A Calle 39  Sur,SAN JOSE,Urbana,"(6.163897984, -75.580877179)"
2172538,08/30/2017,4:40 a.m.,miércoles,AUTOMOVIL,PARTICULAR,Conductor,Masculino,NO,N/A,MUERTO,Choque,Exceso de velocidad,Tramo 373 Kilometro  8,VEREDA PALMAS,Rural,
2172580,08/31/2017,7:00 p.m.,jueves,AUTOMOVIL,PUBLICO,Conductor,Masculino,NO,N/A,SOLO DAÑOS,Choque,No mantener distancia de seguridad,Carrera 48 Calle 46  Sur,LAS VEGAS,Urbana,"(6.166195386, -75.599285489)"
2172580,08/31/2017,7:00 p.m.,jueves,MOTOCICLETA,PARTICULAR,Motociclista,Femenino,NO,N/A,SOLO DAÑOS,Choque,No mantener distancia de seguridad,Carrera 48 Calle 46  Sur,LAS VEGAS,Urbana,"(6.166195386, -75.599285489)"
2172581,08/31/2017,7:00 p.m.,jueves,MOTOCICLETA,PARTICULAR,Motociclista,Masculino,NO,N/A,SOLO DAÑOS,Choque,No mantener distancia de seguridad,Calle 37  Sur Carrera 48,LAS VEGAS,Urbana,"(6.17412211, -75.593061115)"
2172581,08/31/2017,7:00 p.m.,jueves,MOTOCICLETA,PARTICULAR,Motociclista,Femenino,NO,N/A,SOLO DAÑOS,Choque,No mantener distancia de seguridad,Calle 37  Sur Carrera 48,LAS VEGAS,Urbana,"(6.17412211, -75.593061115)"
2172561,08/31/2017,6:00 p.m.,jueves,MOTOCICLETA,PARTICULAR,Motociclista,Masculino,NO,N/A,HERIDO,Atropello,No respetar prelacion,Calle 39  Sur Carrera 33,MESA,Urbana,"(6.164989355, -75.58296685)"
2172576,08/31/2017,3:00 p.m.,jueves,CAMIONETA,PARTICULAR,Conductor,Femenino,NO,N/A,SOLO DAÑOS,Choque,No mantener distancia de seguridad,Diagonal 31 Transversal 34  Sur,LA MAGNOLIA,Urbana,"(6.172689669, -75.578827286)"
2172576,08/31/2017,3:00 p.m.,jueves,MICROBUS,PUBLICO,Conductor,Masculino,NO,N/A,SOLO DAÑOS,Choque,No mantener distancia de seguridad,Diagonal 31 Transversal 34  Sur,LA MAGNOLIA,Urbana,"(6.172689669, -75.578827286)"
2172583,08/31/2017,1:20 p.m.,jueves,MOTOCICLETA,PARTICULAR,Motociclista,Masculino,NO,N/A,SOLO DAÑOS,Choque,Reverso imprudente,Diagonal 33 Transversal 35 C Sur,LOS NARANJOS,Urbana,"(6.168993586, -75.581795627)"
2172583,08/31/2017,1:20 p.m.,jueves,AUTOMOVIL,PARTICULAR,Conductor,Femenino,NO,N/A,SOLO DAÑOS,Choque,Reverso imprudente,Diagonal 33 Transversal 35 C Sur,LOS NARANJOS,Urbana,"(6.168993586, -75.581795627)"
2172584,08/31/2017,5:10 p.m.,jueves,CAMIONETA,PARTICULAR,Conductor,Femenino,NO,N/A,SOLO DAÑOS,Choque,Adelantar en zona prohibida,Carrera 27 B Calle 39  Sur,SAN JOSE,Urbana,"(6.159176964, -75.578911066)"
2172584,08/31/2017,5:10 p.m.,jueves,MOTOCICLETA,PARTICULAR,Motociclista,Masculino,NO,N/A,SOLO DAÑOS,Choque,Adelantar en zona prohibida,Carrera 27 B Calle 39  Sur,SAN JOSE,Urbana,"(6.159176964, -75.578911066)"
2172541,08/31/2017,9:30 a.m.,jueves,MOTOCICLETA,PARTICULAR,Motociclista,Masculino,NO,N/A,MUERTO,Atropello,Cruzar sin observar,Carrera 43 A Calle 25 B Sur,VILLA GRANDE,Urbana,"(6.180259996, -75.582940198)"
2172562,09/01/2017,8:00 a.m.,viernes,AUTOMOVIL,PARTICULAR,Conductor,Masculino,NO,N/A,SOLO DAÑOS,Choque,No mantener distancia de seguridad,Tramo 372 Kilometro  15,VEREDA PALMAS,Rural,
2172562,09/01/2017,8:00 a.m.,viernes,AUTOMOVIL,PARTICULAR,Conductor,Masculino,NO,N/A,SOLO DAÑOS,Choque,No mantener distancia de seguridad,Tramo 372 Kilometro  15,VEREDA PALMAS,Rural,
2172604,09/01/2017,8:00 a.m.,viernes,AUTOMOVIL,PUBLICO,Conductor,Masculino,NO,N/A,SOLO DAÑOS,Choque,No mantener distancia de seguridad,Calle 37  Sur Carrera 50,LAS VEGAS,Urbana,
2172604,09/01/2017,8:00 a.m.,viernes,CAMION,PUBLICO,Conductor,Masculino,NO,N/A,SOLO DAÑOS,Choque,No mantener distancia de seguridad,Calle 37  Sur Carrera 50,LAS VEGAS,Urbana,
2172564,09/01/2017,3:00 p.m.,viernes,AUTOMOVIL,PARTICULAR,Conductor,Masculino,NO,N/A,SOLO DAÑOS,Choque,No respetar pelacion de interseccion o giros,Calle 37  Sur Carrera 46,ALCALA,Urbana,"(6.172613713, -75.590909108)"
2172564,09/01/2017,3:00 p.m.,viernes,AUTOMOVIL,PARTICULAR,Conductor,Masculino,NO,N/A,SOLO DAÑOS,Choque,Adelantar cerrando,Calle 37  Sur Carrera 46,ALCALA,Urbana,"(6.172613713, -75.590909108)"
2172706,09/11/2017,5:00 p.m.,lunes,CAMIONETA,PARTICULAR,Conductor,Masculino,NO,N/A,SOLO DAÑOS,Choque,No mantener distancia de seguridad,Tramo 372 Kilometro  17,VEREDA PALMAS,Rural,
2172564,09/01/2017,3:00 p.m.,viernes,AUTOMOVIL,PARTICULAR,Conductor,Masculino,NO,N/A,SOLO DAÑOS,Choque,No respetar pelacion de interseccion o giros,Calle 37  Sur Carrera 46,ALCALA,Urbana,"(6.172613713, -75.590909108)"
2172564,09/01/2017,3:00 p.m.,viernes,AUTOMOVIL,PARTICULAR,Conductor,Masculino,NO,N/A,SOLO DAÑOS,Choque,Adelantar cerrando,Calle 37  Sur Carrera 46,ALCALA,Urbana,"(6.172613713, -75.590909108)"
2172602,09/01/2017,1:10 p.m.,viernes,MICROBUS,PUBLICO,Conductor,Masculino,NO,N/A,SOLO DAÑOS,Choque,No mantener distancia de seguridad,Carrera 42 Calle 41 A Sur,EL DORADO,Urbana,"(6.16564857, -75.591250012)"
2172602,09/01/2017,1:10 p.m.,viernes,AUTOMOVIL,PARTICULAR,Conductor,Masculino,NO,N/A,SOLO DAÑOS,Choque,No mantener distancia de seguridad,Carrera 42 Calle 41 A Sur,EL DORADO,Urbana,"(6.16564857, -75.591250012)"
2172588,09/01/2017,3:10 p.m.,viernes,AUTOMOVIL,PUBLICO,Conductor,Masculino,NO,N/A,SOLO DAÑOS,Choque,No respetar pelacion de interseccion o giros,Calle 38 A Sur Carrera 42,ZONA CENTRO,Urbana,"(6.169022232, -75.587722385)"
2172588,09/01/2017,3:10 p.m.,viernes,AUTOMOVIL,PARTICULAR,Conductor,Femenino,NO,N/A,SOLO DAÑOS,Choque,Desobedecer senales,Calle 38 A Sur Carrera 42,ZONA CENTRO,Urbana,"(6.169022232, -75.587722385)"
2172588,09/01/2017,3:10 p.m.,viernes,AUTOMOVIL,PARTICULAR,Conductor,Femenino,NO,N/A,SOLO DAÑOS,Choque,No respetar pelacion de interseccion o giros,Calle 38 A Sur Carrera 42,ZONA CENTRO,Urbana,"(6.169022232, -75.587722385)"
2172588,09/01/2017,3:10 p.m.,viernes,AUTOMOVIL,PUBLICO,Conductor,Masculino,NO,N/A,SOLO DAÑOS,Choque,Desobedecer senales,Calle 38 A Sur Carrera 42,ZONA CENTRO,Urbana,"(6.169022232, -75.587722385)"
2172601,09/01/2017,3:10 p.m.,viernes,CAMIONETA,PUBLICO,Conductor,Masculino,NO,N/A,SOLO DAÑOS,Choque,Reverso imprudente,Carrera 39 Calle 35  Sur,ZONA CENTRO,Urbana,"(6.170244983, -75.583941503)"
2172601,09/01/2017,3:10 p.m.,viernes,AUTOMOVIL,PARTICULAR,Conductor,Femenino,NO,N/A,SOLO DAÑOS,Choque,Reverso imprudente,Carrera 39 Calle 35  Sur,ZONA CENTRO,Urbana,"(6.170244983, -75.583941503)"
2172575,09/01/2017,3:15 p.m.,viernes,CAMION,PARTICULAR,Conductor,Masculino,NO,N/A,SOLO DAÑOS,Choque,Girar bruscamente,Carrera 46 A Calle 30  Sur,EL PORTAL,Urbana,"(6.174306692, -75.590260781)"
2172575,09/01/2017,3:15 p.m.,viernes,CAMIONETA,PARTICULAR,Conductor,Masculino,NO,N/A,SOLO DAÑOS,Choque,Girar bruscamente,Carrera 46 A Calle 30  Sur,EL PORTAL,Urbana,"(6.174306692, -75.590260781)"
2172569,09/01/2017,5:10 p.m.,viernes,MOTOCICLETA,PARTICULAR,Motociclista,Masculino,NO,N/A,HERIDO,Atropello,Cruzar sin observar,Tramo 372 Kilometro  16,VEREDA PALMAS,Rural,
2172579,09/01/2017,7:20 a.m.,viernes,AUTOMOVIL,PARTICULAR,Conductor,Femenino,NO,N/A,SOLO DAÑOS,Choque,Desobedecer senales,Carrera 32 Calle 37  Sur,MESA,Urbana,"(6.1665774, -75.581163406)"
2172579,09/01/2017,7:20 a.m.,viernes,AUTOMOVIL,PARTICULAR,Conductor,Masculino,NO,N/A,SOLO DAÑOS,Choque,Desobedecer senales,Carrera 32 Calle 37  Sur,MESA,Urbana,"(6.1665774, -75.581163406)"
2172553,09/01/2017,1:30 p.m.,viernes,BUS,PUBLICO,Conductor,Masculino,NO,N/A,SOLO DAÑOS,Choque,No mantener distancia de seguridad,Carrera 42 Calle 26 A Sur,LAS ORQUIDEAS,Urbana,
2172553,09/01/2017,1:30 p.m.,viernes,AUTOMOVIL,PARTICULAR,Conductor,Masculino,NO,N/A,SOLO DAÑOS,Choque,No mantener distancia de seguridad,Carrera 42 Calle 26 A Sur,LAS ORQUIDEAS,Urbana,
2172582,09/01/2017,1:30 p.m.,viernes,BUS,PUBLICO,Conductor,Masculino,NO,N/A,SOLO DAÑOS,Choque,No mantener distancia de seguridad,Calle 37  Sur Carrera 28,LA MAGNOLIA,Urbana,"(6.165679454, -75.578340422)"
2172582,09/01/2017,1:30 p.m.,viernes,AUTOMOVIL,PARTICULAR,Conductor,Femenino,NO,N/A,SOLO DAÑOS,Choque,No mantener distancia de seguridad,Calle 37  Sur Carrera 28,LA MAGNOLIA,Urbana,"(6.165679454, -75.578340422)"
2172566,09/01/2017,6:30 p.m.,viernes,AUTOMOVIL,PARTICULAR,Conductor,Femenino,NO,N/A,SOLO DAÑOS,Choque,Adelantar en zona prohibida,Calle 40 DD Sur Carrera 41,EL DORADO,Urbana,"(6.165700924, -75.589245512)"
2172566,09/01/2017,6:30 p.m.,viernes,MOTOCICLETA,PARTICULAR,Motociclista,Femenino,NO,N/A,SOLO DAÑOS,Choque,Adelantar en zona prohibida,Calle 40 DD Sur Carrera 41,EL DORADO,Urbana,"(6.165700924, -75.589245512)"
2172556,09/01/2017,9:27 p.m.,viernes,AUTOMOVIL,PARTICULAR,Conductor,Masculino,NO,N/A,SOLO DAÑOS,Choque,No mantener distancia de seguridad,Carrera 48 Calle 49 B Sur,LAS VEGAS,Urbana,"(6.162599027, -75.602787472)"
2172556,09/01/2017,9:27 p.m.,viernes,MOTOCICLETA,PARTICULAR,Motociclista,Masculino,NO,N/A,SOLO DAÑOS,Choque,No mantener distancia de seguridad,Carrera 48 Calle 49 B Sur,LAS VEGAS,Urbana,"(6.162599027, -75.602787472)"
2172573,09/01/2017,9:40 p.m.,viernes,AUTOMOVIL,PUBLICO,Conductor,Masculino,NO,N/A,SOLO DAÑOS,Choque,Reverso imprudente,Calle 46 E Sur Carrera 42 B,LA PAZ,Urbana,"(6.162405159, -75.594349519)"
2172573,09/01/2017,9:40 p.m.,viernes,AUTOMOVIL,PARTICULAR,Conductor,Masculino,NO,N/A,SOLO DAÑOS,Choque,Reverso imprudente,Calle 46 E Sur Carrera 42 B,LA PAZ,Urbana,"(6.162405159, -75.594349519)"
2172570,09/01/2017,3:50 p.m.,viernes,AUTOMOVIL,PARTICULAR,Conductor,Masculino,NO,N/A,SOLO DAÑOS,Choque,Impericia en el manejo,Calle 22 A Sur Carrera 46,ZU├æIGA,Urbana,"(6.18407883, -75.582078818)"
2172570,09/01/2017,3:50 p.m.,viernes,CAMIONETA,PARTICULAR,Conductor,Masculino,NO,N/A,SOLO DAÑOS,Choque,Impericia en el manejo,Calle 22 A Sur Carrera 46,ZU├æIGA,Urbana,"(6.18407883, -75.582078818)"
2172578,09/01/2017,3:50 p.m.,viernes,AUTOMOVIL,PARTICULAR,Conductor,Masculino,NO,N/A,SOLO DAÑOS,Choque,No mantener distancia de seguridad,Carrera 48 Calle 25 AA Sur,LAS VEGAS,Urbana,"(6.183765745, -75.584690349)"
2172578,09/01/2017,3:50 p.m.,viernes,MOTOCICLETA,PARTICULAR,Motociclista,Femenino,NO,N/A,SOLO DAÑOS,Choque,No mantener distancia de seguridad,Carrera 48 Calle 25 AA Sur,LAS VEGAS,Urbana,"(6.183765745, -75.584690349)"
2172572,09/02/2017,3:00 a.m.,sábado,AUTOMOVIL,PUBLICO,Conductor,Masculino,NO,N/A,HERIDO,Choque,No mantener distancia de seguridad,Carrera 48 Calle 46  Sur,LAS VEGAS,Urbana,"(6.166195386, -75.599285489)"
2172605,09/02/2017,2:00 p.m.,sábado,MOTOCICLETA,PARTICULAR,Motociclista,Masculino,NO,N/A,SOLO DAÑOS,Choque,Impericia en el manejo,Calle 30  Sur Carrera 43 A,SAN MARCOS,Urbana,"(6.177126039, -75.585250895)"
2172605,09/02/2017,2:00 p.m.,sábado,AUTOMOVIL,PARTICULAR,Conductor,Femenino,NO,N/A,SOLO DAÑOS,Choque,Impericia en el manejo,Calle 30  Sur Carrera 43 A,SAN MARCOS,Urbana,"(6.177126039, -75.585250895)"
2172610,09/02/2017,2:00 p.m.,sábado,BUS,PUBLICO,Conductor,Masculino,NO,N/A,SOLO DAÑOS,Choque,No mantener distancia de seguridad,Calle 38 A Sur Carrera 31,MESA,Urbana,"(6.164992599, -75.581527384)"
2172610,09/02/2017,2:00 p.m.,sábado,CAMIONETA,PARTICULAR,Conductor,Masculino,NO,N/A,SOLO DAÑOS,Choque,No mantener distancia de seguridad,Calle 38 A Sur Carrera 31,MESA,Urbana,"(6.164992599, -75.581527384)"
2172560,09/02/2017,5:00 p.m.,sábado,AUTOMOVIL,PARTICULAR,Conductor,Femenino,NO,N/A,SOLO DAÑOS,Choque,Reverso imprudente,Tramo 373 Kilometro  5,VEREDA PALMAS,Rural,
2172560,09/02/2017,5:00 p.m.,sábado,AUTOMOVIL,PARTICULAR,Conductor,Femenino,NO,N/A,SOLO DAÑOS,Choque,Reverso imprudente,Tramo 373 Kilometro  5,VEREDA PALMAS,Rural,
2172572,09/02/2017,3:00 a.m.,sábado,MOTOCICLETA,PARTICULAR,Motociclista,Masculino,NO,N/A,HERIDO,Choque,No mantener distancia de seguridad,Carrera 48 Calle 46  Sur,LAS VEGAS,Urbana,"(6.166195386, -75.599285489)"
2172599,09/02/2017,4:20 a.m.,sábado,AUTOMOVIL,PARTICULAR,Conductor,Masculino,NO,N/A,SOLO DAÑOS,Choque,Otra,Carrera 29 A Calle 38  Sur,MANUEL URIBE ANGEL,Urbana,"(6.16496822, -75.580828364)"
2172607,09/02/2017,10:10 a.m.,sábado,AUTOMOVIL,PARTICULAR,Conductor,Femenino,NO,N/A,SOLO DAÑOS,Choque,No mantener distancia de seguridad,Carrera 50 Calle 30  Sur,LAS VEGAS,Urbana,
2172607,09/02/2017,10:10 a.m.,sábado,MOTOCICLETA,PARTICULAR,Motociclista,Masculino,NO,N/A,SOLO DAÑOS,Choque,No mantener distancia de seguridad,Carrera 50 Calle 30  Sur,LAS VEGAS,Urbana,
2172567,09/02/2017,8:30 p.m.,sábado,CAMIONETA,PARTICULAR,Conductor,Femenino,NO,N/A,HERIDO,Atropello,Cruzar sin observar,Calle 21  Sur Carrera 43 A,AVENIDA EL POBLADO,Urbana,"(6.18399286, -75.579597643)"
2172563,09/02/2017,10:20 a.m.,sábado,AUTOMOVIL,PUBLICO,Conductor,Masculino,NO,N/A,SOLO DAÑOS,Choque,Desobedecer senales,Carrera 44 Calle 23  Sur,ZU├æIGA,Urbana,"(6.182930127, -75.5809396)"
2172563,09/02/2017,10:20 a.m.,sábado,AUTOMOVIL,PARTICULAR,Conductor,Masculino,NO,N/A,SOLO DAÑOS,Choque,Desobedecer senales,Carrera 44 Calle 23  Sur,ZU├æIGA,Urbana,"(6.182930127, -75.5809396)"
2172595,09/02/2017,5:25 p.m.,sábado,BUS,PUBLICO,Conductor,Masculino,NO,N/A,HERIDO,Choque,No mantener distancia de seguridad,Tramo 373 Kilometro  9,VEREDA PALMAS,Rural,
2172595,09/02/2017,5:25 p.m.,sábado,MOTOCICLETA,PARTICULAR,Motociclista,Masculino,NO,N/A,HERIDO,Choque,No mantener distancia de seguridad,Tramo 373 Kilometro  9,VEREDA PALMAS,Rural,
2172554,09/02/2017,2:30 p.m.,sábado,CAMION,PARTICULAR,Conductor,Masculino,NO,N/A,SOLO DAÑOS,Choque,Impericia en el manejo,Carrera 39 Calle 36  Sur,ZONA CENTRO,Urbana,"(6.169632254, -75.584337732)"
2172554,09/02/2017,2:30 p.m.,sábado,CAMPERO,PARTICULAR,Conductor,Masculino,NO,N/A,SOLO DAÑOS,Choque,Impericia en el manejo,Carrera 39 Calle 36  Sur,ZONA CENTRO,Urbana,"(6.169632254, -75.584337732)"
2172590,09/02/2017,12:30 p.m.,sábado,MOTOCICLETA,PARTICULAR,Motociclista,Masculino,NO,N/A,SOLO DAÑOS,Choque,Transitar entre vehiculos,Calle 21  Sur Carrera 41,ZU├æIGA,Urbana,"(6.182165945, -75.576776678)"
2172590,09/02/2017,12:30 p.m.,sábado,AUTOMOVIL,PARTICULAR,Conductor,Femenino,NO,N/A,SOLO DAÑOS,Choque,Transitar entre vehiculos,Calle 21  Sur Carrera 41,ZU├æIGA,Urbana,"(6.182165945, -75.576776678)"
2172568,09/02/2017,4:40 p.m.,sábado,BUSETA,PUBLICO,Conductor,Masculino,NO,N/A,SOLO DAÑOS,Choque,No mantener distancia de seguridad,Calle 37  Sur Carrera 32,MANUEL URIBE ANGEL,Urbana,"(6.166691719, -75.581185995)"
2172568,09/02/2017,4:40 p.m.,sábado,AUTOMOVIL,PARTICULAR,Conductor,Femenino,NO,N/A,SOLO DAÑOS,Choque,No mantener distancia de seguridad,Calle 37  Sur Carrera 32,MANUEL URIBE ANGEL,Urbana,"(6.166691719, -75.581185995)"
2172571,09/02/2017,5:40 p.m.,sábado,CAMIONETA,PARTICULAR,Conductor,Masculino,NO,N/A,SOLO DAÑOS,Choque,No respetar prelacion,Transversal 35  Sur Diagonal 30,LA SEBASTIANA,Urbana,"(6.170161165, -75.578370522)"
2172571,09/02/2017,5:40 p.m.,sábado,CAMIONETA,PARTICULAR,Conductor,Masculino,NO,N/A,SOLO DAÑOS,Choque,No respetar prelacion,Transversal 35  Sur Diagonal 30,LA SEBASTIANA,Urbana,"(6.170161165, -75.578370522)"
2172565,09/02/2017,5:50 p.m.,sábado,MOTOCICLETA,PARTICULAR,Motociclista,Masculino,NO,N/A,HERIDO,Choque,No mantener distancia de seguridad,Calle 38  Sur Carrera 46,ALCALA,Urbana,"(6.171966643, -75.591369743)"
2172565,09/02/2017,5:50 p.m.,sábado,BUS,PUBLICO,Conductor,Masculino,NO,N/A,HERIDO,Choque,Embriaguez o droga,Calle 38  Sur Carrera 46,ALCALA,Urbana,"(6.171966643, -75.591369743)"
2172565,09/02/2017,5:50 p.m.,sábado,BUS,PUBLICO,Conductor,Masculino,NO,N/A,HERIDO,Choque,No mantener distancia de seguridad,Calle 38  Sur Carrera 46,ALCALA,Urbana,"(6.171966643, -75.591369743)"
2172565,09/02/2017,5:50 p.m.,sábado,MOTOCICLETA,PARTICULAR,Motociclista,Masculino,NO,N/A,HERIDO,Choque,Embriaguez o droga,Calle 38  Sur Carrera 46,ALCALA,Urbana,"(6.171966643, -75.591369743)"
2172574,09/03/2017,5:10 a.m.,domingo,AUTOMOVIL,PARTICULAR,Conductor,Masculino,NO,N/A,HERIDO,Choque,Impericia en el manejo,Carrera 48 Calle 50  Sur,LAS VEGAS,Urbana,
2172574,09/03/2017,5:10 a.m.,domingo,MOTOCICLETA,PARTICULAR,Motociclista,Masculino,NO,N/A,HERIDO,Choque,Embriaguez o droga,Carrera 48 Calle 50  Sur,LAS VEGAS,Urbana,
2172574,09/03/2017,5:10 a.m.,domingo,MOTOCICLETA,PARTICULAR,Motociclista,Masculino,NO,N/A,HERIDO,Choque,Impericia en el manejo,Carrera 48 Calle 50  Sur,LAS VEGAS,Urbana,
2172574,09/03/2017,5:10 a.m.,domingo,AUTOMOVIL,PARTICULAR,Conductor,Masculino,NO,N/A,HERIDO,Choque,Embriaguez o droga,Carrera 48 Calle 50  Sur,LAS VEGAS,Urbana,
2172555,09/03/2017,4:50 a.m.,domingo,AUTOMOVIL,PARTICULAR,Conductor,Femenino,NO,N/A,SOLO DAÑOS,Choque,Impericia en el manejo,Tramo 372 Kilometro  13,VEREDA PALMAS,Rural,
2172586,09/03/2017,11:45 a.m.,domingo,CAMIONETA,PARTICULAR,Conductor,Masculino,NO,N/A,SOLO DAÑOS,Choque,No mantener distancia de seguridad,Calle 37  Sur Carrera 50,LAS VEGAS,Urbana,
2172586,09/03/2017,11:45 a.m.,domingo,AUTOMOVIL,PUBLICO,Conductor,Masculino,NO,N/A,SOLO DAÑOS,Choque,No mantener distancia de seguridad,Calle 37  Sur Carrera 50,LAS VEGAS,Urbana,
2172577,09/03/2017,9:55 a.m.,domingo,AUTOMOVIL,PARTICULAR,Conductor,Femenino,NO,N/A,SOLO DAÑOS,Choque,Reverso imprudente,Carrera 46 Calle 46  Sur,PRIMAVERA,Urbana,"(6.163262216, -75.598425796)"
2172577,09/03/2017,9:55 a.m.,domingo,CAMIONETA,PARTICULAR,Conductor,Masculino,NO,N/A,SOLO DAÑOS,Choque,Reverso imprudente,Carrera 46 Calle 46  Sur,PRIMAVERA,Urbana,"(6.163262216, -75.598425796)"
2172597,09/04/2017,1:00 p.m.,lunes,MOTOCICLETA,PARTICULAR,Motociclista,Masculino,NO,N/A,HERIDO,Choque,No respetar pelacion de interseccion o giros,Carrera 29 Calle 40 C Sur,SAN RAFAEL,Urbana,"(6.160442724, -75.582655768)"
2172597,09/04/2017,1:00 p.m.,lunes,AUTOMOVIL,PUBLICO,Conductor,Masculino,NO,N/A,HERIDO,Choque,No respetar pelacion de interseccion o giros,Carrera 29 Calle 40 C Sur,SAN RAFAEL,Urbana,"(6.160442724, -75.582655768)"
2172589,09/04/2017,10:00 a.m.,lunes,CAMION,PUBLICO,Conductor,Masculino,NO,N/A,SOLO DAÑOS,Choque,Poner en marcha un vehiculo sin precauci,Calle 36 D Sur Carrera 27 D,VEREDA EL ESCOBERO,Urbana,"(6.164970853, -75.574637268)"
2172589,09/04/2017,10:00 a.m.,lunes,CAMION,PUBLICO,Conductor,Masculino,NO,N/A,SOLO DAÑOS,Choque,Reverso imprudente,Calle 36 D Sur Carrera 27 D,VEREDA EL ESCOBERO,Urbana,"(6.164970853, -75.574637268)"
2172589,09/04/2017,10:00 a.m.,lunes,CAMION,PUBLICO,Conductor,Masculino,NO,N/A,SOLO DAÑOS,Choque,Poner en marcha un vehiculo sin precauci,Calle 36 D Sur Carrera 27 D,VEREDA EL ESCOBERO,Urbana,"(6.164970853, -75.574637268)"
2172589,09/04/2017,10:00 a.m.,lunes,CAMION,PUBLICO,Conductor,Masculino,NO,N/A,SOLO DAÑOS,Choque,Reverso imprudente,Calle 36 D Sur Carrera 27 D,VEREDA EL ESCOBERO,Urbana,"(6.164970853, -75.574637268)"
2172606,09/04/2017,2:00 p.m.,lunes,MOTOCICLETA,PARTICULAR,Motociclista,Masculino,NO,N/A,SOLO DAÑOS,Choque,Desobedecer senales,Calle 39  Sur Carrera 39,MESA,Urbana,"(6.166978259, -75.586044922)"
2172606,09/04/2017,2:00 p.m.,lunes,AUTOMOVIL,PUBLICO,Conductor,Masculino,NO,N/A,SOLO DAÑOS,Choque,Desobedecer senales,Calle 39  Sur Carrera 39,MESA,Urbana,"(6.166978259, -75.586044922)"
2172591,09/04/2017,7:40 p.m.,lunes,CAMIONETA,PARTICULAR,Conductor,Masculino,NO,N/A,SOLO DAÑOS,Choque,Reverso imprudente,Calle 37  Sur Carrera 27 B,LOMA DE LAS BRUJAS,Urbana,
2172591,09/04/2017,7:40 p.m.,lunes,CAMIONETA,PARTICULAR,Conductor,Masculino,NO,N/A,SOLO DAÑOS,Choque,Reverso imprudente,Calle 37  Sur Carrera 27 B,LOMA DE LAS BRUJAS,Urbana,
2172617,09/04/2017,7:50 p.m.,lunes,MOTOCICLETA,PARTICULAR,Motociclista,Masculino,NO,N/A,HERIDO,Choque,No respetar pelacion de interseccion o giros,Diagonal 31 Calle 37  Sur,VEREDA EL ESCOBERO,Urbana,"(6.165165175, -75.580268963)"
2172617,09/04/2017,7:50 p.m.,lunes,CAMPERO,PARTICULAR,Conductor,Femenino,NO,N/A,HERIDO,Choque,Adelantar cerrando,Diagonal 31 Calle 37  Sur,VEREDA EL ESCOBERO,Urbana,"(6.165165175, -75.580268963)"
2172617,09/04/2017,7:50 p.m.,lunes,CAMPERO,PARTICULAR,Conductor,Femenino,NO,N/A,HERIDO,Choque,No respetar pelacion de interseccion o giros,Diagonal 31 Calle 37  Sur,VEREDA EL ESCOBERO,Urbana,"(6.165165175, -75.580268963)"
2172617,09/04/2017,7:50 p.m.,lunes,MOTOCICLETA,PARTICULAR,Motociclista,Masculino,NO,N/A,HERIDO,Choque,Adelantar cerrando,Diagonal 31 Calle 37  Sur,VEREDA EL ESCOBERO,Urbana,"(6.165165175, -75.580268963)"
2172623,09/04/2017,12:15 p.m.,lunes,AUTOMOVIL,PARTICULAR,Conductor,Masculino,NO,N/A,SOLO DAÑOS,Choque,No mantener distancia de seguridad,Calle 37  Sur Carrera 49,LAS VEGAS,Urbana,"(6.174789471, -75.594204243)"
2172623,09/04/2017,12:15 p.m.,lunes,MOTOCICLETA,PARTICULAR,Motociclista,Masculino,NO,N/A,SOLO DAÑOS,Choque,No mantener distancia de seguridad,Calle 37  Sur Carrera 49,LAS VEGAS,Urbana,"(6.174789471, -75.594204243)"
2172623,09/04/2017,12:15 p.m.,lunes,MOTOCICLETA,PARTICULAR,Motociclista,Masculino,NO,N/A,SOLO DAÑOS,Choque,No mantener distancia de seguridad,Calle 37  Sur Carrera 49,LAS VEGAS,Urbana,"(6.174789471, -75.594204243)"