RADICADO,FECHA,HORA,DÍA DE LA SEMANA,CLASE DE VEHICULO,TIPO DE SERVICIO,TIPO DE VICTIMA,SEXO,ESTADO DE BEODEZ,RESULTADO DE BEODEZ,GRAVEDAD,CLASE DE ACCIDENTE,CAUSA,DIRECCIÓN,BARRIO,AREA,Coordenadas
2172592,09/04/2017,2:10 p.m.,lunes,CAMION,PUBLICO,Conductor,Masculino,NO,N/A,SOLO DAÑOS,Choque,No respetar prelacion,Carrera 50 Calle 37  Sur,LAS VEGAS,Urbana,
2172592,09/04/2017,2:10 p.m.,lunes,AUTOMOVIL,PARTICULAR,Conductor,Femenino,NO,N/A,SOLO DAÑOS,Choque,No respetar pelacion de interseccion o giros,Carrera 50 Calle 37  Sur,LAS VEGAS,Urbana,
2172592,09/04/2017,2:10 p.m.,lunes,AUTOMOVIL,PARTICULAR,Conductor,Femenino,NO,N/A,SOLO DAÑOS,Choque,No respetar prelacion,Carrera 50 Calle 37  Sur,LAS VEGAS,Urbana,
2172592,09/04/2017,2:10 p.m.,lunes,CAMION,PUBLICO,Conductor,Masculino,NO,N/A,SOLO DAÑOS,Choque,No respetar pelacion de interseccion o giros,Carrera 50 Calle 37  Sur,LAS VEGAS,Urbana,
2172612,09/04/2017,9:20 a.m.,lunes,CAMIONETA,PARTICULAR,Conductor,Masculino,NO,N/A,SOLO DAÑOS,Choque,No respetar prelacion,Calle 30  Sur Carrera 48,LAS VEGAS,Urbana,"(6.180376127, -75.590288049)"
2172612,09/04/2017,9:20 a.m.,lunes,AUTOMOVIL,PARTICULAR,Conductor,Masculino,NO,N/A,SOLO DAÑOS,Choque,No respetar prelacion,Calle 30  Sur Carrera 48,LAS VEGAS,Urbana,"(6.180376127, -75.590288049)"
2172585,09/04/2017,2:30 a.m.,lunes,AUTOMOVIL,PARTICULAR,Conductor,Masculino,NO,N/A,SOLO DAÑOS,Choque,Reverso imprudente,Carrera 29 A Calle 36 D Sur,LA MAGNOLIA,Urbana,"(6.167163055, -75.578343401)"
2172585,09/04/2017,2:30 a.m.,lunes,AUTOMOVIL,PARTICULAR,Conductor,Masculino,NO,N/A,SOLO DAÑOS,Choque,Reverso imprudente,Carrera 29 A Calle 36 D Sur,LA MAGNOLIA,Urbana,"(6.167163055, -75.578343401)"
2172594,09/04/2017,1:30 p.m.,lunes,AUTOMOVIL,PARTICULAR,Conductor,Masculino,NO,N/A,SOLO DAÑOS,Choque,Adelantar cerrando,Diagonal 31 Transversal 33 A Sur,LAS FLORES,Urbana,"(6.173761816, -75.578919701)"
2172594,09/04/2017,1:30 p.m.,lunes,CAMION,PUBLICO,Conductor,Masculino,NO,N/A,SOLO DAÑOS,Choque,Adelantar cerrando,Diagonal 31 Transversal 33 A Sur,LAS FLORES,Urbana,"(6.173761816, -75.578919701)"
2172587,09/04/2017,5:45 a.m.,lunes,BUS,PUBLICO,Conductor,Masculino,NO,N/A,SOLO DAÑOS,Choque,Adelantar cerrando,Carrera 50 Calle 39  Sur,LAS VEGAS,Urbana,
2172587,09/04/2017,5:45 a.m.,lunes,BUS,PUBLICO,Conductor,Masculino,NO,N/A,SOLO DAÑOS,Choque,Adelantar cerrando,Carrera 50 Calle 39  Sur,LAS VEGAS,Urbana,
2172603,09/04/2017,4:30 p.m.,lunes,AUTOMOVIL,PUBLICO,Conductor,Masculino,NO,N/A,SOLO DAÑOS,Choque,No mantener distancia de seguridad,Carrera 48 Calle 28  Sur,LAS VEGAS,Urbana,
2172603,09/04/2017,4:30 p.m.,lunes,AUTOMOVIL,PARTICULAR,Conductor,Femenino,NO,N/A,SOLO DAÑOS,Choque,No mantener distancia de seguridad,Carrera 48 Calle 28  Sur,LAS VEGAS,Urbana,
2172596,09/04/2017,6:30 p.m.,lunes,AUTOMOVIL,PARTICULAR,Conductor,Masculino,NO,N/A,HERIDO,Choque,No mantener distancia de seguridad,Carrera 43 A Calle 25  Sur,LAS ORQUIDEAS,Urbana,"(6.181616833, -75.581857267)"
2172596,09/04/2017,6:30 p.m.,lunes,MOTOCICLETA,PARTICULAR,Motociclista,Femenino,NO,N/A,HERIDO,Choque,No mantener distancia de seguridad,Carrera 43 A Calle 25  Sur,LAS ORQUIDEAS,Urbana,"(6.181616833, -75.581857267)"
2172600,09/04/2017,9:15 p.m.,lunes,CAMION,PUBLICO,Conductor,Masculino,NO,N/A,SOLO DAÑOS,Choque,Remolque sin precaucion,Calle 36 D Sur Carrera 27 A,VEREDA EL ESCOBERO,Urbana,"(6.164831751, -75.574234965)"
2172600,09/04/2017,9:15 p.m.,lunes,CAMIONETA,DIPLOMATICO,Conductor,Masculino,NO,N/A,SOLO DAÑOS,Choque,Remolque sin precaucion,Calle 36 D Sur Carrera 27 A,VEREDA EL ESCOBERO,Urbana,"(6.164831751, -75.574234965)"
2172600,09/04/2017,9:15 p.m.,lunes,AUTOMOVIL,PARTICULAR,Conductor,Femenino,NO,N/A,SOLO DAÑOS,Choque,Remolque sin precaucion,Calle 36 D Sur Carrera 27 A,VEREDA EL ESCOBERO,Urbana,"(6.164831751, -75.574234965)"
2172624,09/04/2017,9:20 p.m.,lunes,AUTOMOVIL,PARTICULAR,Conductor,Femenino,NO,N/A,SOLO DAÑOS,Choque,Semaforo en rojo,Carrera 48 Calle 30  Sur,LAS VEGAS,Urbana,"(6.179366643, -75.588084104)"
2172624,09/04/2017,9:20 p.m.,lunes,CAMIONETA,PARTICULAR,Conductor,Masculino,NO,N/A,SOLO DAÑOS,Choque,Semaforo en rojo,Carrera 48 Calle 30  Sur,LAS VEGAS,Urbana,"(6.179366643, -75.588084104)"
2172593,09/04/2017,5:30 p.m.,lunes,BUS,PUBLICO,Conductor,Masculino,NO,N/A,SOLO DAÑOS,Choque,No mantener distancia de seguridad,Carrera 48 Calle 25  Sur,LAS VEGAS,Urbana,"(6.185059174, -75.58329333)"
2172593,09/04/2017,5:30 p.m.,lunes,AUTOMOVIL,PARTICULAR,Conductor,Femenino,NO,N/A,SOLO DAÑOS,Choque,No mantener distancia de seguridad,Carrera 48 Calle 25  Sur,LAS VEGAS,Urbana,"(6.185059174, -75.58329333)"
2172611,09/04/2017,6:50 a.m.,lunes,CAMION,PUBLICO,Conductor,Masculino,NO,N/A,SOLO DAÑOS,Choque,Adelantar cerrando,Calle 37  Sur Carrera 50,LAS VEGAS,Urbana,
2172611,09/04/2017,6:50 a.m.,lunes,AUTOMOVIL,PARTICULAR,Conductor,Masculino,NO,N/A,SOLO DAÑOS,Choque,No respetar pelacion de interseccion o giros,Calle 37  Sur Carrera 50,LAS VEGAS,Urbana,
2172611,09/04/2017,6:50 a.m.,lunes,AUTOMOVIL,PARTICULAR,Conductor,Masculino,NO,N/A,SOLO DAÑOS,Choque,Adelantar cerrando,Calle 37  Sur Carrera 50,LAS VEGAS,Urbana,
2172611,09/04/2017,6:50 a.m.,lunes,CAMION,PUBLICO,Conductor,Masculino,NO,N/A,SOLO DAÑOS,Choque,No respetar pelacion de interseccion o giros,Calle 37  Sur Carrera 50,LAS VEGAS,Urbana,
2172598,09/04/2017,12:45 p.m.,lunes,CAMIONETA,PUBLICO,Conductor,Masculino,NO,N/A,SOLO DAÑOS,Choque,No respetar prelacion,Tramo 376 Kilometro  8,VEREDA PALMAS,Rural,
2172598,09/04/2017,12:45 p.m.,lunes,AUTOMOVIL,PARTICULAR,Conductor,Masculino,NO,N/A,SOLO DAÑOS,Choque,No respetar prelacion,Tramo 376 Kilometro  8,VEREDA PALMAS,Rural,
2172608,09/04/2017,10:40 a.m.,lunes,AUTOMOVIL,PARTICULAR,Conductor,Femenino,NO,N/A,SOLO DAÑOS,Choque,Exceso de velocidad,Calle 36 D Sur Carrera 43,LAS ANTILLAS,Urbana,"(6.156550022, -75.588357813)"
2172608,09/04/2017,10:40 a.m.,lunes,MOTOCICLETA,DIPLOMATICO,Motociclista,Masculino,NO,N/A,SOLO DAÑOS,Choque,No respetar prelacion,Calle 36 D Sur Carrera 43,LAS ANTILLAS,Urbana,"(6.156550022, -75.588357813)"
2172608,09/04/2017,10:40 a.m.,lunes,MOTOCICLETA,DIPLOMATICO,Motociclista,Masculino,NO,N/A,SOLO DAÑOS,Choque,Exceso de velocidad,Calle 36 D Sur Carrera 43,LAS ANTILLAS,Urbana,"(6.156550022, -75.588357813)"
2172608,09/04/2017,10:40 a.m.,lunes,AUTOMOVIL,PARTICULAR,Conductor,Femenino,NO,N/A,SOLO DAÑOS,Choque,No respetar prelacion,Calle 36 D Sur Carrera 43,LAS ANTILLAS,Urbana,"(6.156550022, -75.588357813)"
2172615,09/05/2017,3:00 p.m.,martes,AUTOMOVIL,PARTICULAR,Conductor,Masculino,NO,N/A,SOLO DAÑOS,Choque,No mantener distancia de seguridad,Calle 39  Sur Carrera 43,ZONA CENTRO,Urbana,"(6.168678771, -75.58876156)"
2172615,09/05/2017,3:00 p.m.,martes,AUTOMOVIL,PARTICULAR,Conductor,Femenino,NO,N/A,SOLO DAÑOS,Choque,No mantener distancia de seguridad,Calle 39  Sur Carrera 43,ZONA CENTRO,Urbana,"(6.168678771, -75.58876156)"
2172616,09/05/2017,4:00 p.m.,martes,CAMION,PARTICULAR,Conductor,Masculino,NO,N/A,SOLO DAÑOS,Choque,Reverso imprudente,Calle 46 A Sur Carrera 49,LAS VEGAS,Urbana,"(6.167038176, -75.600817262)"
2172616,09/05/2017,4:00 p.m.,martes,AUTOMOVIL,PARTICULAR,Conductor,Masculino,NO,N/A,SOLO DAÑOS,Choque,Estacionar sin seguridad,Calle 46 A Sur Carrera 49,LAS VEGAS,Urbana,"(6.167038176, -75.600817262)"
2172616,09/05/2017,4:00 p.m.,martes,AUTOMOVIL,PARTICULAR,Conductor,Masculino,NO,N/A,SOLO DAÑOS,Choque,Reverso imprudente,Calle 46 A Sur Carrera 49,LAS VEGAS,Urbana,"(6.167038176, -75.600817262)"
2172616,09/05/2017,4:00 p.m.,martes,CAMION,PARTICULAR,Conductor,Masculino,NO,N/A,SOLO DAÑOS,Choque,Estacionar sin seguridad,Calle 46 A Sur Carrera 49,LAS VEGAS,Urbana,"(6.167038176, -75.600817262)"
2172633,09/05/2017,1:15 p.m.,martes,MOTOCICLETA,PARTICULAR,Motociclista,Masculino,NO,N/A,SOLO DAÑOS,Choque,Adelantar en zona prohibida,Calle 36 D Sur Carrera 27,VEREDA EL ESCOBERO,Urbana,"(6.162479576, -75.570222573)"
2172633,09/05/2017,1:15 p.m.,martes,AUTOMOVIL,PARTICULAR,Conductor,Femenino,NO,N/A,SOLO DAÑOS,Choque,Adelantar en zona prohibida,Calle 36 D Sur Carrera 27,VEREDA EL ESCOBERO,Urbana,"(6.162479576, -75.570222573)"
2172622,09/05/2017,7:10 a.m.,martes,CAMPERO,PARTICULAR,Conductor,Femenino,NO,N/A,SOLO DAÑOS,Choque,Exceso de velocidad,Tramo 372 Kilometro  17,VEREDA PALMAS,Rural,
2172622,09/05/2017,7:10 a.m.,martes,MOTOCICLETA,PARTICULAR,Motociclista,Masculino,NO,N/A,SOLO DAÑOS,Choque,Impericia en el manejo,Tramo 372 Kilometro  17,VEREDA PALMAS,Rural,
2172622,09/05/2017,7:10 a.m.,martes,MOTOCICLETA,PARTICULAR,Motociclista,Masculino,NO,N/A,SOLO DAÑOS,Choque,Exceso de velocidad,Tramo 372 Kilometro  17,VEREDA PALMAS,Rural,
2172622,09/05/2017,7:10 a.m.,martes,MOTOCICLETA,PARTICULAR,Motociclista,Masculino,NO,N/A,SOLO DAÑOS,Choque,Impericia en el manejo,Tramo 372 Kilometro  17,VEREDA PALMAS,Rural,
2172626,09/05/2017,12:10 p.m.,martes,AUTOMOVIL,PARTICULAR,Conductor,Masculino,NO,N/A,SOLO DAÑOS,Choque,No mantener distancia de seguridad,Carrera 27 Calle 36  Sur,LA INMACULADA,Urbana,"(6.167009975, -75.569278076)"
2172626,09/05/2017,12:10 p.m.,martes,AUTOMOVIL,PARTICULAR,Conductor,Femenino,NO,N/A,SOLO DAÑOS,Choque,No mantener distancia de seguridad,Carrera 27 Calle 36  Sur,LA INMACULADA,Urbana,"(6.167009975, -75.569278076)"
2172622,09/05/2017,7:10 a.m.,martes,MOTOCICLETA,PARTICULAR,Motociclista,Masculino,NO,N/A,SOLO DAÑOS,Choque,Exceso de velocidad,Tramo 372 Kilometro  17,VEREDA PALMAS,Rural,
2172622,09/05/2017,7:10 a.m.,martes,CAMPERO,PARTICULAR,Conductor,Femenino,NO,N/A,SOLO DAÑOS,Choque,Impericia en el manejo,Tramo 372 Kilometro  17,VEREDA PALMAS,Rural,
2173728,09/05/2017,9:20 a.m.,martes,AUTOMOVIL,PARTICULAR,Conductor,Femenino,NO,N/A,SOLO DAÑOS,Choque,No mantener distancia de seguridad,Carrera 49 A Calle 43  Sur,LAS VEGAS,Urbana,"(6.170862686, -75.600599479)"
2173728,09/05/2017,9:20 a.m.,martes,CAMION,PUBLICO,Conductor,Masculino,NO,N/A,SOLO DAÑOS,Choque,No mantener distancia de seguridad,Carrera 49 A Calle 43  Sur,LAS VEGAS,Urbana,"(6.170862686, -75.600599479)"
2172613,09/05/2017,7:30 a.m.,martes,CAMION,PUBLICO,Conductor,Masculino,NO,N/A,SOLO DAÑOS,Choque,Impericia en el manejo,Carrera 46 Calle 46  Sur,PRIMAVERA,Urbana,"(6.163262216, -75.598425796)"
2172613,09/05/2017,7:30 a.m.,martes,CAMPERO,PARTICULAR,Conductor,Femenino,NO,N/A,SOLO DAÑOS,Choque,Impericia en el manejo,Carrera 46 Calle 46  Sur,PRIMAVERA,Urbana,"(6.163262216, -75.598425796)"
2172621,09/05/2017,3:35 p.m.,martes,AUTOMOVIL,PARTICULAR,Conductor,Masculino,NO,N/A,SOLO DAÑOS,Choque,No mantener distancia de seguridad,Carrera 48 Calle 19  Sur,LAS VEGAS,Urbana,"(6.187349001, -75.581535682)"
2172621,09/05/2017,3:35 p.m.,martes,CAMIONETA,OFICIAL,Conductor,Masculino,NO,N/A,SOLO DAÑOS,Choque,No mantener distancia de seguridad,Carrera 48 Calle 19  Sur,LAS VEGAS,Urbana,"(6.187349001, -75.581535682)"
2172621,09/05/2017,3:35 p.m.,martes,CAMIONETA,PARTICULAR,Conductor,Masculino,NO,N/A,SOLO DAÑOS,Choque,No mantener distancia de seguridad,Carrera 48 Calle 19  Sur,LAS VEGAS,Urbana,"(6.187349001, -75.581535682)"
2172621,09/05/2017,3:35 p.m.,martes,AUTOMOVIL,PUBLICO,Conductor,Masculino,NO,N/A,SOLO DAÑOS,Choque,No mantener distancia de seguridad,Carrera 48 Calle 19  Sur,LAS VEGAS,Urbana,"(6.187349001, -75.581535682)"
2172614,09/05/2017,10:30 a.m.,martes,CAMIONETA,PUBLICO,Conductor,Masculino,NO,N/A,SOLO DAÑOS,Choque,No respetar prelacion,Carrera 50 Calle 37  Sur,LAS VEGAS,Urbana,
2172614,09/05/2017,10:30 a.m.,martes,AUTOMOVIL,PARTICULAR,Conductor,Masculino,NO,N/A,SOLO DAÑOS,Choque,No respetar prelacion,Carrera 50 Calle 37  Sur,LAS VEGAS,Urbana,
2172642,09/06/2017,7:00 p.m.,miércoles,CAMIONETA,PARTICULAR,Conductor,Masculino,NO,N/A,SOLO DAÑOS,Choque,Adelantar por la derecha,Carrera 38 Calle 38  Sur,MESA,Urbana,"(6.167921341, -75.584671679)"
2172642,09/06/2017,7:00 p.m.,miércoles,MOTOCICLETA,PARTICULAR,Motociclista,Masculino,NO,N/A,SOLO DAÑOS,Choque,Adelantar por la derecha,Carrera 38 Calle 38  Sur,MESA,Urbana,"(6.167921341, -75.584671679)"
2172631,09/06/2017,6:00 p.m.,miércoles,MOTOCICLETA,PARTICULAR,Motociclista,Masculino,NO,N/A,HERIDO,Choque,No respetar prelacion,Calle 40  Sur Carrera 24 EE,EL SALADO,Urbana,"(6.14985354, -75.577060443)"
2172631,09/06/2017,6:00 p.m.,miércoles,BUS,PUBLICO,Conductor,Masculino,NO,N/A,HERIDO,Choque,Exceso de velocidad,Calle 40  Sur Carrera 24 EE,EL SALADO,Urbana,"(6.14985354, -75.577060443)"
2172631,09/06/2017,6:00 p.m.,miércoles,BUS,PUBLICO,Conductor,Masculino,NO,N/A,HERIDO,Choque,No respetar prelacion,Calle 40  Sur Carrera 24 EE,EL SALADO,Urbana,"(6.14985354, -75.577060443)"
2172627,09/06/2017,7:10 p.m.,miércoles,CAMIONETA,PARTICULAR,Conductor,Femenino,NO,N/A,SOLO DAÑOS,Choque,Impericia en el manejo,Transversal 34 E Sur Diagonal 32,LOS NARANJOS,Urbana,"(6.173524185, -75.581799423)"
2172627,09/06/2017,7:10 p.m.,miércoles,CAMION,PUBLICO,Conductor,Masculino,NO,N/A,SOLO DAÑOS,Choque,Impericia en el manejo,Transversal 34 E Sur Diagonal 32,LOS NARANJOS,Urbana,"(6.173524185, -75.581799423)"
2172631,09/06/2017,6:00 p.m.,miércoles,MOTOCICLETA,PARTICULAR,Motociclista,Masculino,NO,N/A,HERIDO,Choque,Exceso de velocidad,Calle 40  Sur Carrera 24 EE,EL SALADO,Urbana,"(6.14985354, -75.577060443)"
2172620,09/06/2017,9:00 a.m.,miércoles,MOTOCICLETA,PARTICULAR,Motociclista,Masculino,NO,N/A,HERIDO,Atropello,Cruzar sin observar,Carrera 48 Calle 25 A Sur,LAS VEGAS,Urbana,"(6.184740152, -75.583657425)"
2172620,09/06/2017,9:00 a.m.,miércoles,MOTOCICLETA,PARTICULAR,Motociclista,Masculino,NO,N/A,HERIDO,Atropello,No respetar prelacion,Carrera 48 Calle 25 A Sur,LAS VEGAS,Urbana,"(6.184740152, -75.583657425)"
2172667,09/06/2017,6:15 a.m.,miércoles,MOTOCICLETA,PARTICULAR,Motociclista,Masculino,NO,N/A,HERIDO,Otro,Impericia en el manejo,Carrera 50 Calle 39  Sur,LAS VEGAS,Urbana,
2172630,09/06/2017,7:05 a.m.,miércoles,BUS,PUBLICO,Conductor,Masculino,NO,N/A,SOLO DAÑOS,Choque,No mantener distancia de seguridad,Carrera 50 Calle 27  Sur,LAS VEGAS,Urbana,
2172630,09/06/2017,7:05 a.m.,miércoles,BUS,PUBLICO,Conductor,Masculino,NO,N/A,SOLO DAÑOS,Choque,No mantener distancia de seguridad,Carrera 50 Calle 27  Sur,LAS VEGAS,Urbana,
2172644,09/06/2017,3:10 p.m.,miércoles,AUTOMOVIL,PARTICULAR,Conductor,Masculino,NO,N/A,SOLO DAÑOS,Choque,Estacionar sin seguridad,Diagonal 30 Transversal 35  Sur,LA SEBASTIANA,Urbana,"(6.16965492, -75.578529294)"
2172644,09/06/2017,3:10 p.m.,miércoles,CAMIONETA,PARTICULAR,Conductor,Masculino,NO,N/A,SOLO DAÑOS,Choque,Estacionar sin seguridad,Diagonal 30 Transversal 35  Sur,LA SEBASTIANA,Urbana,"(6.16965492, -75.578529294)"
2172647,09/06/2017,5:20 a.m.,miércoles,AUTOMOVIL,PARTICULAR,Conductor,Masculino,NO,N/A,SOLO DAÑOS,Choque,Arrancar sin precaucion,Carrera 43 A Calle 41 B Sur,AVENIDA EL POBLADO,Urbana,"(6.16628795, -75.592952231)"
2172647,09/06/2017,5:20 a.m.,miércoles,CAMIONETA,PARTICULAR,Conductor,Masculino,NO,N/A,SOLO DAÑOS,Choque,Arrancar sin precaucion,Carrera 43 A Calle 41 B Sur,AVENIDA EL POBLADO,Urbana,"(6.16628795, -75.592952231)"
2172629,09/06/2017,3:20 p.m.,miércoles,CAMIONETA,PARTICULAR,Conductor,Femenino,NO,N/A,SOLO DAÑOS,Choque,Adelantar cerrando,Carrera 48 Calle 46  Sur,LAS VEGAS,Urbana,"(6.166195386, -75.599285489)"
2172629,09/06/2017,3:20 p.m.,miércoles,CAMIONETA,PUBLICO,Conductor,Masculino,NO,N/A,SOLO DAÑOS,Choque,Adelantar cerrando,Carrera 48 Calle 46  Sur,LAS VEGAS,Urbana,"(6.166195386, -75.599285489)"
2172619,09/06/2017,9:20 a.m.,miércoles,AUTOMOVIL,PARTICULAR,Conductor,Masculino,NO,N/A,HERIDO,Choque,Desobedecer senales,Calle 38 A Sur Carrera 47 A,ALCALA,Urbana,"(6.172120886, -75.592654832)"
2172619,09/06/2017,9:20 a.m.,miércoles,MOTOCICLETA,PARTICULAR,Motociclista,Femenino,NO,N/A,HERIDO,Choque,Desobedecer senales,Calle 38 A Sur Carrera 47 A,ALCALA,Urbana,"(6.172120886, -75.592654832)"
2172636,09/06/2017,3:45 p.m.,miércoles,MOTOCICLETA,DIPLOMATICO,Motociclista,Masculino,NO,N/A,HERIDO,Choque,No mantener distancia de seguridad,Carrera 43 A Calle 25 A Sur,AVENIDA EL POBLADO,Urbana,"(6.181504184, -75.581741498)"
2172636,09/06/2017,3:45 p.m.,miércoles,AUTOMOVIL,PARTICULAR,Conductor,Masculino,NO,N/A,HERIDO,Choque,No mantener distancia de seguridad,Carrera 43 A Calle 25 A Sur,AVENIDA EL POBLADO,Urbana,"(6.181504184, -75.581741498)"
2172649,09/06/2017,11:50 a.m.,miércoles,CAMPERO,PARTICULAR,Conductor,Masculino,NO,N/A,SOLO DAÑOS,Choque,No mantener distancia de seguridad,Calle 37  Sur Carrera 50,LAS VEGAS,Urbana,
2172649,09/06/2017,11:50 a.m.,miércoles,CAMIONETA,PUBLICO,Conductor,Masculino,NO,N/A,SOLO DAÑOS,Choque,No mantener distancia de seguridad,Calle 37  Sur Carrera 50,LAS VEGAS,Urbana,
2172618,09/06/2017,9:55 a.m.,miércoles,CAMIONETA,OFICIAL,Conductor,Masculino,NO,N/A,HERIDO,Choque,Semaforo en rojo,Carrera 29 A Calle 38  Sur,SAN JOSE,Urbana,"(6.16496822, -75.580828364)"
2172618,09/06/2017,9:55 a.m.,miércoles,MOTOCICLETA,PARTICULAR,Motociclista,Femenino,NO,N/A,HERIDO,Choque,Semaforo en rojo,Carrera 29 A Calle 38  Sur,SAN JOSE,Urbana,"(6.16496822, -75.580828364)"
2172618,09/06/2017,9:55 a.m.,miércoles,MOTOCICLETA,PARTICULAR,Motociclista,Masculino,NO,N/A,HERIDO,Choque,Semaforo en rojo,Carrera 29 A Calle 38  Sur,SAN JOSE,Urbana,"(6.16496822, -75.580828364)"
2172628,09/06/2017,3:50 p.m.,miércoles,AUTOMOVIL,PARTICULAR,Conductor,Masculino,NO,N/A,SOLO DAÑOS,Choque,No respetar prelacion,Carrera 48 Calle 25  Sur,LAS VEGAS,Urbana,"(6.185059174, -75.58329333)"
2172628,09/06/2017,3:50 p.m.,miércoles,AUTOMOVIL,PARTICULAR,Conductor,Masculino,NO,N/A,SOLO DAÑOS,Choque,No respetar prelacion,Carrera 48 Calle 25  Sur,LAS VEGAS,Urbana,"(6.185059174, -75.58329333)"
2172632,09/06/2017,11:00 p.m.,miércoles,AUTOMOVIL,PARTICULAR,Conductor,Femenino,NO,N/A,HERIDO,Choque,Adelantar en zona prohibida,Calle 37  Sur Carrera 46 A,ALCALA,Urbana,"(6.173105489, -75.591260929)"
2172632,09/06/2017,11:00 p.m.,miércoles,MOTOCICLETA,PARTICULAR,Motociclista,Masculino,NO,N/A,HERIDO,Choque,Adelantar en zona prohibida,Calle 37  Sur Carrera 46 A,ALCALA,Urbana,"(6.173105489, -75.591260929)"
2172652,09/07/2017,6:00 a.m.,jueves,BUS,PUBLICO,Conductor,Masculino,NO,N/A,SOLO DAÑOS,Choque,No mantener distancia de seguridad,Carrera 48 Calle 25  Sur,LAS VEGAS,Urbana,"(6.185059174, -75.58329333)"
2172652,09/07/2017,6:00 a.m.,jueves,AUTOMOVIL,PARTICULAR,Conductor,Femenino,NO,N/A,SOLO DAÑOS,Choque,No mantener distancia de seguridad,Carrera 48 Calle 25  Sur,LAS VEGAS,Urbana,"(6.185059174, -75.58329333)"
2172650,09/07/2017,6:10 a.m.,jueves,AUTOMOVIL,PARTICULAR,Conductor,Femenino,NO,N/A,SOLO DAÑOS,Choque,No mantener distancia de seguridad,Calle 39  Sur Carrera 28,EL CHINGU├ì,Urbana,"(6.160790572, -75.579428456)"
2172650,09/07/2017,6:10 a.m.,jueves,MOTOCICLETA,PARTICULAR,Motociclista,Masculino,NO,N/A,SOLO DAÑOS,Choque,No mantener distancia de seguridad,Calle 39  Sur Carrera 28,EL CHINGU├ì,Urbana,"(6.160790572, -75.579428456)"
2172673,09/07/2017,7:50 p.m.,jueves,AUTOMOVIL,PARTICULAR,Conductor,Masculino,NO,N/A,HERIDO,Choque,Adelantar cerrando,Carrera 48 Calle 41  Sur,LAS VEGAS,Urbana,
2172673,09/07/2017,7:50 p.m.,jueves,MOTOCICLETA,PARTICULAR,Motociclista,Masculino,NO,N/A,HERIDO,Choque,Girar bruscamente,Carrera 48 Calle 41  Sur,LAS VEGAS,Urbana,
2172673,09/07/2017,7:50 p.m.,jueves,MOTOCICLETA,PARTICULAR,Motociclista,Masculino,NO,N/A,HERIDO,Choque,Adelantar cerrando,Carrera 48 Calle 41  Sur,LAS VEGAS,Urbana,
2172673,09/07/2017,7:50 p.m.,jueves,AUTOMOVIL,PARTICULAR,Conductor,Masculino,NO,N/A,HERIDO,Choque,Girar bruscamente,Carrera 48 Calle 41  Sur,LAS VEGAS,Urbana,
2172637,09/07/2017,3:10 p.m.,jueves,AUTOMOVIL,PUBLICO,Conductor,Masculino,NO,N/A,SOLO DAÑOS,Choque,No mantener distancia de seguridad,Carrera 43 A Calle 21  Sur,AVENIDA EL POBLADO,Urbana,"(6.183599544, -75.579409862)"
2172637,09/07/2017,3:10 p.m.,jueves,AUTOMOVIL,PARTICULAR,Conductor,Femenino,NO,N/A,SOLO DAÑOS,Choque,No mantener distancia de seguridad,Carrera 43 A Calle 21  Sur,AVENIDA EL POBLADO,Urbana,"(6.183599544, -75.579409862)"
2172659,09/07/2017,2:10 p.m.,jueves,CAMIONETA,PARTICULAR,Conductor,Masculino,NO,N/A,SOLO DAÑOS,Choque,No mantener distancia de seguridad,Carrera 50 Calle 26  Sur,LAS VEGAS,Urbana,"(6.184812544, -75.586911093)"
2172638,09/07/2017,6:30 a.m.,jueves,AUTOMOVIL,PARTICULAR,Conductor,Masculino,NO,N/A,HERIDO,Choque,Exceso de velocidad,Carrera 48 Calle 20  Sur,ZU├æIGA,Urbana,
2172638,09/07/2017,6:30 a.m.,jueves,MOTOCICLETA,PARTICULAR,Motociclista,Masculino,NO,N/A,HERIDO,Choque,Adelantar cerrando,Carrera 48 Calle 20  Sur,ZU├æIGA,Urbana,
2172639,09/07/2017,6:30 a.m.,jueves,MOTOCICLETA,PARTICULAR,Motociclista,Masculino,NO,N/A,HERIDO,Choque,No respetar prelacion,Calle 38  Sur Carrera 29 A,LOS NARANJOS,Urbana,"(6.165022576, -75.580713107)"
2172639,09/07/2017,6:30 a.m.,jueves,MOTOCICLETA,PARTICULAR,Motociclista,Masculino,NO,N/A,HERIDO,Choque,No respetar prelacion,Calle 38  Sur Carrera 29 A,LOS NARANJOS,Urbana,"(6.165022576, -75.580713107)"
2172659,09/07/2017,2:10 p.m.,jueves,CAMION,PUBLICO,Conductor,Masculino,NO,N/A,SOLO DAÑOS,Choque,No mantener distancia de seguridad,Carrera 50 Calle 26  Sur,LAS VEGAS,Urbana,"(6.184812544, -75.586911093)"
2172634,09/07/2017,7:15 a.m.,jueves,BICICLETA,N/A,Ciclista,Masculino,NO,N/A,HERIDO,Atropello,Cruzar sin observar,Carrera 43 A Calle 38 A Sur,ZONA CENTRO,Urbana,"(6.169698887, -75.589058765)"
2172651,09/07/2017,10:20 a.m.,jueves,MOTOCICLETA,PARTICULAR,Motociclista,Femenino,NO,N/A,SOLO DAÑOS,Choque,Girar bruscamente,Calle 38  Sur Carrera 46,ALCALA,Urbana,"(6.171966643, -75.591369743)"
2172651,09/07/2017,10:20 a.m.,jueves,AUTOMOVIL,PUBLICO,Conductor,Masculino,NO,N/A,SOLO DAÑOS,Choque,Adelantar cerrando,Calle 38  Sur Carrera 46,ALCALA,Urbana,"(6.171966643, -75.591369743)"