RADICADO,FECHA,HORA,DÍA DE LA SEMANA,CLASE DE VEHICULO,TIPO DE SERVICIO,TIPO DE VICTIMA,SEXO,ESTADO DE BEODEZ,RESULTADO DE BEODEZ,GRAVEDAD,CLASE DE ACCIDENTE,CAUSA,DIRECCIÓN,BARRIO,AREA,Coordenadas
2172666,09/07/2017,6:40 a.m.,jueves,MOTOCICLETA,PARTICULAR,Motociclista,Masculino,NO,N/A,SOLO DAÑOS,Choque,Exceso de velocidad,Tramo 373 Kilometro  11,VEREDA PALMAS,Rural,
2172666,09/07/2017,6:40 a.m.,jueves,BICICLETA,N/A,Ciclista,Masculino,NO,N/A,SOLO DAÑOS,Choque,Exceso de velocidad,Tramo 373 Kilometro  11,VEREDA PALMAS,Rural,
2172651,09/07/2017,10:20 a.m.,jueves,AUTOMOVIL,PUBLICO,Conductor,Masculino,NO,N/A,SOLO DAÑOS,Choque,Girar bruscamente,Calle 38  Sur Carrera 46,ALCALA,Urbana,"(6.171966643, -75.591369743)"
2172651,09/07/2017,10:20 a.m.,jueves,MOTOCICLETA,PARTICULAR,Motociclista,Femenino,NO,N/A,SOLO DAÑOS,Choque,Adelantar cerrando,Calle 38  Sur Carrera 46,ALCALA,Urbana,"(6.171966643, -75.591369743)"
2172646,09/07/2017,2:30 p.m.,jueves,AUTOMOVIL,PUBLICO,Conductor,Masculino,NO,N/A,SOLO DAÑOS,Choque,No mantener distancia de seguridad,Carrera 50 Calle 30  Sur,LAS VEGAS,Urbana,
2172646,09/07/2017,2:30 p.m.,jueves,CAMION,PUBLICO,Conductor,Masculino,NO,N/A,SOLO DAÑOS,Choque,No mantener distancia de seguridad,Carrera 50 Calle 30  Sur,LAS VEGAS,Urbana,
2172640,09/07/2017,5:50 a.m.,jueves,AUTOMOVIL,PARTICULAR,Conductor,Femenino,NO,N/A,HERIDO,Choque,Desobedecer senales,Calle 27 A Sur Carrera 45,JARDINES,Urbana,"(6.179449536, -75.585041503)"
2172640,09/07/2017,5:50 a.m.,jueves,MOTOCICLETA,PARTICULAR,Motociclista,Femenino,NO,N/A,HERIDO,Choque,Desobedecer senales,Calle 27 A Sur Carrera 45,JARDINES,Urbana,"(6.179449536, -75.585041503)"
2172635,09/07/2017,9:30 p.m.,jueves,AUTOMOVIL,PARTICULAR,Conductor,Femenino,NO,N/A,SOLO DAÑOS,Choque,No mantener distancia de seguridad,Calle 40 AA Sur Carrera 32,MESA,Urbana,"(6.164232301, -75.585278263)"
2172635,09/07/2017,9:30 p.m.,jueves,AUTOMOVIL,PARTICULAR,Conductor,Masculino,NO,N/A,SOLO DAÑOS,Choque,No mantener distancia de seguridad,Calle 40 AA Sur Carrera 32,MESA,Urbana,"(6.164232301, -75.585278263)"
2172645,09/07/2017,11:40 a.m.,jueves,CAMIONETA,PARTICULAR,Conductor,Masculino,NO,N/A,SOLO DAÑOS,Choque,Reverso imprudente,Carrera 49 Calle 17  Sur,LAS VEGAS,Urbana,
2172645,09/07/2017,11:40 a.m.,jueves,AUTOMOVIL,PARTICULAR,Conductor,Masculino,NO,N/A,SOLO DAÑOS,Choque,Reverso imprudente,Carrera 49 Calle 17  Sur,LAS VEGAS,Urbana,
2172643,09/07/2017,3:45 p.m.,jueves,BUS,PUBLICO,Conductor,Masculino,NO,N/A,SOLO DAÑOS,Choque,Reverso imprudente,Calle 49 D Sur Carrera 40 A,LAS FLORES,Urbana,"(6.155814881, -75.600754668)"
2172643,09/07/2017,3:45 p.m.,jueves,AUTOMOVIL,PARTICULAR,Conductor,Masculino,NO,N/A,SOLO DAÑOS,Choque,Reverso imprudente,Calle 49 D Sur Carrera 40 A,LAS FLORES,Urbana,"(6.155814881, -75.600754668)"
2172669,09/09/2017,8:25 p.m.,sábado,MOTOCICLETA,PARTICULAR,Motociclista,Masculino,NO,N/A,HERIDO,Choque,Semaforo en rojo,Carrera 48 Calle 37  Sur,LAS VEGAS,Urbana,"(6.172859211, -75.592769925)"
2172648,09/07/2017,9:45 a.m.,jueves,AUTOMOVIL,PARTICULAR,Conductor,Masculino,NO,N/A,SOLO DAÑOS,Choque,Transitar entre vehiculos,Carrera 43 A Calle 45 B Sur,PRIMAVERA,Urbana,"(6.164786739, -75.594935267)"
2172648,09/07/2017,9:45 a.m.,jueves,MOTOCICLETA,PARTICULAR,Motociclista,Femenino,NO,N/A,SOLO DAÑOS,Choque,No mantener distancia de seguridad,Carrera 43 A Calle 45 B Sur,PRIMAVERA,Urbana,"(6.164786739, -75.594935267)"
2172648,09/07/2017,9:45 a.m.,jueves,MOTOCICLETA,PARTICULAR,Motociclista,Femenino,NO,N/A,SOLO DAÑOS,Choque,Transitar entre vehiculos,Carrera 43 A Calle 45 B Sur,PRIMAVERA,Urbana,"(6.164786739, -75.594935267)"
2172648,09/07/2017,9:45 a.m.,jueves,AUTOMOVIL,PARTICULAR,Conductor,Masculino,NO,N/A,SOLO DAÑOS,Choque,No mantener distancia de seguridad,Carrera 43 A Calle 45 B Sur,PRIMAVERA,Urbana,"(6.164786739, -75.594935267)"
2172641,09/07/2017,4:50 p.m.,jueves,AUTOMOVIL,PUBLICO,Conductor,Masculino,NO,N/A,SOLO DAÑOS,Choque,No mantener distancia de seguridad,Carrera 41 Calle 25  Sur,EL ESMERALDAL,Urbana,"(6.153055964, -75.584468082)"
2172641,09/07/2017,4:50 p.m.,jueves,AUTOMOVIL,PARTICULAR,Conductor,Masculino,NO,N/A,SOLO DAÑOS,Choque,No mantener distancia de seguridad,Carrera 41 Calle 25  Sur,EL ESMERALDAL,Urbana,"(6.153055964, -75.584468082)"
2172655,09/08/2017,8:00 a.m.,viernes,BUS,PUBLICO,Conductor,Masculino,NO,N/A,SOLO DAÑOS,Choque,Adelantar cerrando,Calle 39  Sur Carrera 40,MESA,Urbana,"(6.167409609, -75.586720978)"
2172655,09/08/2017,8:00 a.m.,viernes,CAMIONETA,PARTICULAR,Conductor,Masculino,NO,N/A,SOLO DAÑOS,Choque,Adelantar cerrando,Calle 39  Sur Carrera 40,MESA,Urbana,"(6.167409609, -75.586720978)"
2172664,09/08/2017,11:00 a.m.,viernes,CAMION,PUBLICO,Conductor,Masculino,NO,N/A,SOLO DAÑOS,Choque,Adelantar invadiendo carril del mismo sentido en zigzag,Carrera 40 Calle 36  Sur,ZONA CENTRO,Urbana,"(6.17006539, -75.585029162)"
2172664,09/08/2017,11:00 a.m.,viernes,AUTOMOVIL,PARTICULAR,Conductor,Femenino,NO,N/A,SOLO DAÑOS,Choque,Adelantar invadiendo carril del mismo sentido en zigzag,Carrera 40 Calle 36  Sur,ZONA CENTRO,Urbana,"(6.17006539, -75.585029162)"
2172671,09/08/2017,4:00 p.m.,viernes,MOTOCICLETA,PARTICULAR,Motociclista,Masculino,NO,N/A,HERIDO,Choque,Impericia en el manejo,Calle 40  Sur Carrera 24 DD,EL SALADO,Urbana,"(6.148659703, -75.577240589)"
2172671,09/08/2017,4:00 p.m.,viernes,AUTOMOVIL,PARTICULAR,Conductor,Masculino,NO,N/A,HERIDO,Choque,Impericia en el manejo,Calle 40  Sur Carrera 24 DD,EL SALADO,Urbana,"(6.148659703, -75.577240589)"
2172658,09/08/2017,7:25 p.m.,viernes,BUS,PUBLICO,Conductor,Masculino,NO,N/A,SOLO DAÑOS,Choque,Adelantar cerrando,Carrera 43 Calle 37  Sur,ZONA CENTRO,Urbana,"(6.170611802, -75.587525918)"
2172658,09/08/2017,7:25 p.m.,viernes,BUS,PUBLICO,Conductor,Masculino,NO,N/A,SOLO DAÑOS,Choque,Adelantar cerrando,Carrera 43 Calle 37  Sur,ZONA CENTRO,Urbana,"(6.170611802, -75.587525918)"
2172657,09/08/2017,3:15 p.m.,viernes,AUTOMOVIL,PARTICULAR,Conductor,Masculino,NO,N/A,SOLO DAÑOS,Choque,Transitar entre vehiculos,Carrera 48 Calle 32 B Sur,LAS VEGAS,Urbana,"(6.176994311, -75.589841192)"
2172657,09/08/2017,3:15 p.m.,viernes,AUTOMOVIL,PARTICULAR,Conductor,Femenino,NO,N/A,SOLO DAÑOS,Choque,Transitar entre vehiculos,Carrera 48 Calle 32 B Sur,LAS VEGAS,Urbana,"(6.176994311, -75.589841192)"
2172657,09/08/2017,3:15 p.m.,viernes,MOTOCICLETA,PARTICULAR,Motociclista,Femenino,NO,N/A,SOLO DAÑOS,Choque,Transitar entre vehiculos,Carrera 48 Calle 32 B Sur,LAS VEGAS,Urbana,"(6.176994311, -75.589841192)"
2172660,09/08/2017,12:15 p.m.,viernes,AUTOMOVIL,PARTICULAR,Conductor,Masculino,NO,N/A,SOLO DAÑOS,Choque,Exceso de velocidad,Transversal 35  Sur Diagonal 27 F Sur,LA SEBASTIANA,Urbana,"(6.169124713, -75.577319237)"
2172660,09/08/2017,12:15 p.m.,viernes,MOTOCICLETA,PARTICULAR,Motociclista,Masculino,NO,N/A,SOLO DAÑOS,Choque,Exceso de velocidad,Transversal 35  Sur Diagonal 27 F Sur,LA SEBASTIANA,Urbana,"(6.169124713, -75.577319237)"
2172660,09/08/2017,12:15 p.m.,viernes,AUTOMOVIL,PARTICULAR,Conductor,Masculino,NO,N/A,SOLO DAÑOS,Choque,Exceso de velocidad,Transversal 35  Sur Diagonal 27 F Sur,LA SEBASTIANA,Urbana,"(6.169124713, -75.577319237)"
2172686,09/08/2017,11:20 a.m.,viernes,CAMPERO,PARTICULAR,Conductor,Masculino,NO,N/A,SOLO DAÑOS,Choque,No mantener distancia de seguridad,Carrera 50 Calle 27  Sur,LAS VEGAS,Urbana,
2172686,09/08/2017,11:20 a.m.,viernes,AUTOMOVIL,PUBLICO,Conductor,Masculino,NO,N/A,SOLO DAÑOS,Choque,No mantener distancia de seguridad,Carrera 50 Calle 27  Sur,LAS VEGAS,Urbana,
2172700,09/08/2017,1:30 p.m.,viernes,AUTOMOVIL,PARTICULAR,Conductor,Femenino,NO,N/A,SOLO DAÑOS,Choque,Impericia en el manejo,Transversal 34  Sur Diagonal 31 E,LA MAGNOLIA,Urbana,"(6.173807152, -75.581083293)"
2172700,09/08/2017,1:30 p.m.,viernes,BUS,PUBLICO,Conductor,Masculino,NO,N/A,SOLO DAÑOS,Choque,Impericia en el manejo,Transversal 34  Sur Diagonal 31 E,LA MAGNOLIA,Urbana,"(6.173807152, -75.581083293)"
2172661,09/08/2017,6:45 a.m.,viernes,MOTOCICLETA,PARTICULAR,Motociclista,Femenino,NO,N/A,SOLO DAÑOS,Choque,Transitar entre vehiculos,Carrera 50 Calle 30  Sur,LAS VEGAS,Urbana,
2172661,09/08/2017,6:45 a.m.,viernes,AUTOMOVIL,PUBLICO,Conductor,Masculino,NO,N/A,SOLO DAÑOS,Choque,Transitar entre vehiculos,Carrera 50 Calle 30  Sur,LAS VEGAS,Urbana,
2172661,09/08/2017,6:45 a.m.,viernes,CAMION,PUBLICO,Conductor,Masculino,NO,N/A,SOLO DAÑOS,Choque,Transitar entre vehiculos,Carrera 50 Calle 30  Sur,LAS VEGAS,Urbana,
2172662,09/08/2017,11:35 a.m.,viernes,AUTOMOVIL,PARTICULAR,Conductor,Femenino,NO,N/A,SOLO DAÑOS,Choque,No mantener distancia de seguridad,Carrera 50 Calle 30  Sur,LAS VEGAS,Urbana,
2172662,09/08/2017,11:35 a.m.,viernes,MOTOCICLETA,PARTICULAR,Motociclista,Femenino,NO,N/A,SOLO DAÑOS,Choque,No mantener distancia de seguridad,Carrera 50 Calle 30  Sur,LAS VEGAS,Urbana,
2172665,09/08/2017,4:35 p.m.,viernes,AUTOMOVIL,PARTICULAR,Conductor,Masculino,NO,N/A,SOLO DAÑOS,Choque,Impericia en el manejo,Calle 37  Sur Carrera 39,ZONA CENTRO,Urbana,"(6.169035546, -75.584847552)"
2172665,09/08/2017,4:35 p.m.,viernes,AUTOMOVIL,PARTICULAR,Conductor,Femenino,NO,N/A,SOLO DAÑOS,Choque,Impericia en el manejo,Calle 37  Sur Carrera 39,ZONA CENTRO,Urbana,"(6.169035546, -75.584847552)"
2172654,09/08/2017,8:45 a.m.,viernes,CAMION,PUBLICO,Conductor,Masculino,NO,N/A,SOLO DAÑOS,Choque,Adelantar cerrando,Carrera 33 Calle 38  Sur,MESA,Urbana,"(6.166263582, -75.582062983)"
2172654,09/08/2017,8:45 a.m.,viernes,CAMIONETA,PARTICULAR,Conductor,Femenino,NO,N/A,SOLO DAÑOS,Choque,No respetar pelacion de interseccion o giros,Carrera 33 Calle 38  Sur,MESA,Urbana,"(6.166263582, -75.582062983)"
2172654,09/08/2017,8:45 a.m.,viernes,CAMIONETA,PARTICULAR,Conductor,Femenino,NO,N/A,SOLO DAÑOS,Choque,Adelantar cerrando,Carrera 33 Calle 38  Sur,MESA,Urbana,"(6.166263582, -75.582062983)"
2172654,09/08/2017,8:45 a.m.,viernes,CAMION,PUBLICO,Conductor,Masculino,NO,N/A,SOLO DAÑOS,Choque,No respetar pelacion de interseccion o giros,Carrera 33 Calle 38  Sur,MESA,Urbana,"(6.166263582, -75.582062983)"
2172670,09/08/2017,1:50 p.m.,viernes,MOTOCICLETA,PARTICULAR,Motociclista,Masculino,NO,N/A,HERIDO,Choque,No respetar prelacion,Carrera 42 Calle 41 B Sur,EL DORADO,Urbana,"(6.165452222, -75.591569907)"
2172670,09/08/2017,1:50 p.m.,viernes,AUTOMOVIL,PUBLICO,Conductor,Masculino,NO,N/A,HERIDO,Choque,No respetar prelacion,Carrera 42 Calle 41 B Sur,EL DORADO,Urbana,"(6.165452222, -75.591569907)"
2172668,09/08/2017,9:50 a.m.,viernes,CAMIONETA,PUBLICO,Conductor,Masculino,NO,N/A,HERIDO,Choque,Desobedecer senales,Diagonal 32 B Transversal 32  Sur,LA MAGNOLIA,Urbana,"(6.175921286, -75.583420855)"
2172668,09/08/2017,9:50 a.m.,viernes,MOTOCICLETA,PARTICULAR,Motociclista,Masculino,NO,N/A,HERIDO,Choque,Desobedecer senales,Diagonal 32 B Transversal 32  Sur,LA MAGNOLIA,Urbana,"(6.175921286, -75.583420855)"
2172668,09/08/2017,9:50 a.m.,viernes,AUTOMOVIL,PARTICULAR,Conductor,Masculino,NO,N/A,HERIDO,Choque,Desobedecer senales,Diagonal 32 B Transversal 32  Sur,LA MAGNOLIA,Urbana,"(6.175921286, -75.583420855)"
2172663,09/08/2017,5:45 p.m.,viernes,AUTOMOVIL,PUBLICO,Conductor,Masculino,NO,N/A,SOLO DAÑOS,Choque,Desobedecer senales,Calle 38  Sur Carrera 36,MESA,Urbana,"(6.167371692, -75.58367367)"
2172663,09/08/2017,5:45 p.m.,viernes,AUTOMOVIL,PUBLICO,Conductor,Masculino,NO,N/A,SOLO DAÑOS,Choque,Desobedecer senales,Calle 38  Sur Carrera 36,MESA,Urbana,"(6.167371692, -75.58367367)"
2172683,09/08/2017,11:55 p.m.,viernes,CAMIONETA,PARTICULAR,Conductor,Masculino,NO,N/A,SOLO DAÑOS,Choque,Exceso de velocidad,Tramo 373 Kilometro  12,VEREDA PALMAS,Rural,
2172683,09/08/2017,11:55 p.m.,viernes,CAMIONETA,PARTICULAR,Conductor,Masculino,NO,N/A,SOLO DAÑOS,Choque,Impericia en el manejo,Tramo 373 Kilometro  12,VEREDA PALMAS,Rural,
2172669,09/09/2017,8:25 p.m.,sábado,AUTOMOVIL,PARTICULAR,Conductor,Masculino,NO,N/A,HERIDO,Choque,Semaforo en rojo,Carrera 48 Calle 37  Sur,LAS VEGAS,Urbana,"(6.172859211, -75.592769925)"
2172690,09/09/2017,9:20 a.m.,sábado,AUTOMOVIL,PARTICULAR,Conductor,Masculino,NO,N/A,SOLO DAÑOS,Choque,Reverso imprudente,Calle 37  Sur Carrera 28,LA MAGNOLIA,Urbana,"(6.165679454, -75.578340422)"
2172690,09/09/2017,9:20 a.m.,sábado,CAMIONETA,PARTICULAR,Conductor,Masculino,NO,N/A,SOLO DAÑOS,Choque,Reverso imprudente,Calle 37  Sur Carrera 28,LA MAGNOLIA,Urbana,"(6.165679454, -75.578340422)"
2172682,09/09/2017,2:30 a.m.,sábado,AUTOMOVIL,PARTICULAR,Conductor,Masculino,NO,N/A,SOLO DAÑOS,Choque,Semaforo en rojo,Carrera 48 Calle 25  Sur,VILLA GRANDE,Urbana,"(6.185059174, -75.58329333)"
2172682,09/09/2017,2:30 a.m.,sábado,AUTOMOVIL,PARTICULAR,Conductor,Masculino,NO,N/A,SOLO DAÑOS,Choque,Semaforo en rojo,Carrera 48 Calle 25  Sur,VILLA GRANDE,Urbana,"(6.185059174, -75.58329333)"
2172672,09/09/2017,8:40 a.m.,sábado,AUTOMOVIL,PUBLICO,Conductor,Masculino,NO,N/A,HERIDO,Choque,Semaforo en rojo,Calle 38  Sur Carrera 41,ZONA CENTRO,Urbana,"(6.169244976, -75.586588065)"
2172672,09/09/2017,8:40 a.m.,sábado,MOTOCICLETA,PARTICULAR,Motociclista,Masculino,NO,N/A,HERIDO,Choque,Semaforo en rojo,Calle 38  Sur Carrera 41,ZONA CENTRO,Urbana,"(6.169244976, -75.586588065)"
2172656,09/09/2017,3:40 p.m.,sábado,CAMPERO,PARTICULAR,Conductor,Masculino,NO,N/A,SOLO DAÑOS,Choque,No mantener distancia de seguridad,Tramo 372 Kilometro  15,VEREDA PALMAS,Rural,
2172656,09/09/2017,3:40 p.m.,sábado,AUTOMOVIL,PARTICULAR,Conductor,Masculino,NO,N/A,SOLO DAÑOS,Choque,No mantener distancia de seguridad,Tramo 372 Kilometro  15,VEREDA PALMAS,Rural,
2172679,09/10/2017,12:20 p.m.,domingo,AUTOMOVIL,PUBLICO,Conductor,Masculino,NO,N/A,SOLO DAÑOS,Choque,Desobedecer senales,Calle 40  Sur Carrera 30,SAN JOSE,Urbana,"(6.162574498, -75.582346729)"
2172679,09/10/2017,12:20 p.m.,domingo,MOTOCICLETA,PARTICULAR,Motociclista,Masculino,NO,N/A,SOLO DAÑOS,Choque,Desobedecer senales,Calle 40  Sur Carrera 30,SAN JOSE,Urbana,"(6.162574498, -75.582346729)"
2172705,09/10/2017,8:30 p.m.,domingo,AUTOMOVIL,PARTICULAR,Conductor,Masculino,NO,N/A,SOLO DAÑOS,Choque,Impericia en el manejo,Carrera 50 Calle 39  Sur,LAS VEGAS,Urbana,
2172705,09/10/2017,8:30 p.m.,domingo,BUS,PUBLICO,Conductor,Masculino,NO,N/A,SOLO DAÑOS,Choque,Impericia en el manejo,Carrera 50 Calle 39  Sur,LAS VEGAS,Urbana,
2172677,09/10/2017,4:20 p.m.,domingo,AUTOMOVIL,PUBLICO,Conductor,Masculino,NO,N/A,SOLO DAÑOS,Choque,Otra,Calle 41 B Sur Carrera 24 D,SAN RAFAEL,Urbana,"(6.153176934, -75.58760244)"
2172677,09/10/2017,4:20 p.m.,domingo,MOTOCICLETA,PARTICULAR,Motociclista,Masculino,NO,N/A,SOLO DAÑOS,Choque,Otra,Calle 41 B Sur Carrera 24 D,SAN RAFAEL,Urbana,"(6.153176934, -75.58760244)"
2172685,09/10/2017,1:30 p.m.,domingo,AUTOMOVIL,PUBLICO,Conductor,Masculino,NO,N/A,SOLO DAÑOS,Choque,No mantener distancia de seguridad,Carrera 41 Calle 39  Sur,ZONA CENTRO,Urbana,"(6.167744498, -75.587422395)"
2172685,09/10/2017,1:30 p.m.,domingo,AUTOMOVIL,PARTICULAR,Conductor,Femenino,NO,N/A,SOLO DAÑOS,Choque,No mantener distancia de seguridad,Carrera 41 Calle 39  Sur,ZONA CENTRO,Urbana,"(6.167744498, -75.587422395)"
2172687,09/10/2017,8:30 a.m.,domingo,AUTOMOVIL,PARTICULAR,Conductor,Masculino,NO,N/A,SOLO DAÑOS,Choque,Exceso de velocidad,Tramo 376 Kilometro  0,VEREDA PERICO,Rural,
2172687,09/10/2017,8:30 a.m.,domingo,CAMPERO,PARTICULAR,Conductor,Masculino,NO,N/A,SOLO DAÑOS,Choque,No respetar prelacion,Tramo 376 Kilometro  0,VEREDA PERICO,Rural,
2172687,09/10/2017,8:30 a.m.,domingo,CAMPERO,PARTICULAR,Conductor,Masculino,NO,N/A,SOLO DAÑOS,Choque,Exceso de velocidad,Tramo 376 Kilometro  0,VEREDA PERICO,Rural,
2172687,09/10/2017,8:30 a.m.,domingo,AUTOMOVIL,PARTICULAR,Conductor,Masculino,NO,N/A,SOLO DAÑOS,Choque,No respetar prelacion,Tramo 376 Kilometro  0,VEREDA PERICO,Rural,
2172681,09/10/2017,2:50 p.m.,domingo,AUTOMOVIL,PARTICULAR,Conductor,Femenino,NO,N/A,SOLO DAÑOS,Choque,Adelantar cerrando,Carrera 48 Calle 27 A Sur,LAS VEGAS,Urbana,"(6.181312425, -75.58688511)"
2172681,09/10/2017,2:50 p.m.,domingo,CAMIONETA,PARTICULAR,Conductor,Masculino,NO,N/A,SOLO DAÑOS,Choque,Adelantar cerrando,Carrera 48 Calle 27 A Sur,LAS VEGAS,Urbana,"(6.181312425, -75.58688511)"
2172674,09/10/2017,11:20 p.m.,domingo,AUTOMOVIL,PARTICULAR,Conductor,Masculino,NO,N/A,SOLO DAÑOS,Choque,No respetar prelacion,Transversal 27 A Sur Carrera 42 B,VILLA GRANDE,Urbana,"(6.158218327, -75.58174111)"
2172706,09/11/2017,5:00 p.m.,lunes,AUTOMOVIL,PARTICULAR,Conductor,Masculino,NO,N/A,SOLO DAÑOS,Choque,No mantener distancia de seguridad,Tramo 372 Kilometro  17,VEREDA PALMAS,Rural,
2172674,09/10/2017,11:20 p.m.,domingo,AUTOMOVIL,PARTICULAR,Conductor,Masculino,NO,N/A,SOLO DAÑOS,Choque,No respetar pelacion de interseccion o giros,Transversal 27 A Sur Carrera 42 B,VILLA GRANDE,Urbana,"(6.158218327, -75.58174111)"
2172674,09/10/2017,11:20 p.m.,domingo,AUTOMOVIL,PARTICULAR,Conductor,Masculino,NO,N/A,SOLO DAÑOS,Choque,No respetar prelacion,Transversal 27 A Sur Carrera 42 B,VILLA GRANDE,Urbana,"(6.158218327, -75.58174111)"
2172674,09/10/2017,11:20 p.m.,domingo,AUTOMOVIL,PARTICULAR,Conductor,Masculino,NO,N/A,SOLO DAÑOS,Choque,No respetar pelacion de interseccion o giros,Transversal 27 A Sur Carrera 42 B,VILLA GRANDE,Urbana,"(6.158218327, -75.58174111)"
2172653,09/10/2017,3:58 a.m.,domingo,CAMIONETA,PARTICULAR,Conductor,Masculino,NO,N/A,SOLO DAÑOS,Choque,No mantener distancia de seguridad,Calle 45 B Sur Carrera 42 B,LA PAZ,Urbana,"(6.163155121, -75.593708386)"
2172653,09/10/2017,3:58 a.m.,domingo,AUTOMOVIL,PARTICULAR,Conductor,Femenino,NO,N/A,SOLO DAÑOS,Choque,Embriaguez o droga,Calle 45 B Sur Carrera 42 B,LA PAZ,Urbana,"(6.163155121, -75.593708386)"
2172653,09/10/2017,3:58 a.m.,domingo,AUTOMOVIL,PARTICULAR,Conductor,Femenino,NO,N/A,SOLO DAÑOS,Choque,No mantener distancia de seguridad,Calle 45 B Sur Carrera 42 B,LA PAZ,Urbana,"(6.163155121, -75.593708386)"
2172653,09/10/2017,3:58 a.m.,domingo,CAMIONETA,PARTICULAR,Conductor,Masculino,NO,N/A,SOLO DAÑOS,Choque,Embriaguez o droga,Calle 45 B Sur Carrera 42 B,LA PAZ,Urbana,"(6.163155121, -75.593708386)"
2172680,09/11/2017,12:00 p.m.,lunes,CAMIONETA,PARTICULAR,Conductor,Femenino,NO,N/A,SOLO DAÑOS,Choque,Adelantar cerrando,Carrera 50 Calle 43  Sur,LAS VEGAS,Urbana,
2172680,09/11/2017,12:00 p.m.,lunes,CAMIONETA,PARTICULAR,Conductor,Masculino,NO,N/A,SOLO DAÑOS,Choque,Girar bruscamente,Carrera 50 Calle 43  Sur,LAS VEGAS,Urbana,
2172680,09/11/2017,12:00 p.m.,lunes,CAMIONETA,PARTICULAR,Conductor,Masculino,NO,N/A,SOLO DAÑOS,Choque,Adelantar cerrando,Carrera 50 Calle 43  Sur,LAS VEGAS,Urbana,
2172680,09/11/2017,12:00 p.m.,lunes,CAMIONETA,PARTICULAR,Conductor,Femenino,NO,N/A,SOLO DAÑOS,Choque,Girar bruscamente,Carrera 50 Calle 43  Sur,LAS VEGAS,Urbana,
2172675,09/11/2017,1:00 p.m.,lunes,AUTOMOVIL,PUBLICO,Conductor,Masculino,NO,N/A,HERIDO,Choque,No respetar prelacion,Carrera 36 Calle 40 AA Sur,EL DORADO,Urbana,"(6.16416808, -75.585418999)"
2172675,09/11/2017,1:00 p.m.,lunes,MOTOCICLETA,PARTICULAR,Motociclista,Masculino,NO,N/A,HERIDO,Choque,No respetar pelacion de interseccion o giros,Carrera 36 Calle 40 AA Sur,EL DORADO,Urbana,"(6.16416808, -75.585418999)"
2172675,09/11/2017,1:00 p.m.,lunes,MOTOCICLETA,PARTICULAR,Motociclista,Masculino,NO,N/A,HERIDO,Choque,No respetar prelacion,Carrera 36 Calle 40 AA Sur,EL DORADO,Urbana,"(6.16416808, -75.585418999)"
2172675,09/11/2017,1:00 p.m.,lunes,AUTOMOVIL,PUBLICO,Conductor,Masculino,NO,N/A,HERIDO,Choque,No respetar pelacion de interseccion o giros,Carrera 36 Calle 40 AA Sur,EL DORADO,Urbana,"(6.16416808, -75.585418999)"
2172699,09/11/2017,8:00 a.m.,lunes,CAMIONETA,PARTICULAR,Conductor,Masculino,NO,N/A,SOLO DAÑOS,Choque,No mantener distancia de seguridad,Tramo 373 Kilometro  13,VEREDA PALMAS,Rural,
2172699,09/11/2017,8:00 a.m.,lunes,BUS,PUBLICO,Conductor,Masculino,NO,N/A,SOLO DAÑOS,Choque,No mantener distancia de seguridad,Tramo 373 Kilometro  13,VEREDA PALMAS,Rural,
2172716,09/11/2017,4:00 p.m.,lunes,BUS,PUBLICO,Conductor,Masculino,NO,N/A,SOLO DAÑOS,Choque,Girar bruscamente,Carrera 43 A Calle 46 A Sur,PRIMAVERA,Urbana,"(6.163261247, -75.596452832)"
2172716,09/11/2017,4:00 p.m.,lunes,CAMIONETA,PARTICULAR,Conductor,Masculino,NO,N/A,SOLO DAÑOS,Choque,Adelantar cerrando,Carrera 43 A Calle 46 A Sur,PRIMAVERA,Urbana,"(6.163261247, -75.596452832)"
2172716,09/11/2017,4:00 p.m.,lunes,CAMIONETA,PARTICULAR,Conductor,Masculino,NO,N/A,SOLO DAÑOS,Choque,Girar bruscamente,Carrera 43 A Calle 46 A Sur,PRIMAVERA,Urbana,"(6.163261247, -75.596452832)"
2172716,09/11/2017,4:00 p.m.,lunes,BUS,PUBLICO,Conductor,Masculino,NO,N/A,SOLO DAÑOS,Choque,Adelantar cerrando,Carrera 43 A Calle 46 A Sur,PRIMAVERA,Urbana,"(6.163261247, -75.596452832)"
2172678,09/11/2017,5:00 p.m.,lunes,BUS,PUBLICO,Conductor,Masculino,NO,N/A,SOLO DAÑOS,Choque,No respetar prelacion,Calle 37  Sur Carrera 50,LAS VEGAS,Urbana,
2172678,09/11/2017,5:00 p.m.,lunes,CAMPERO,PARTICULAR,Conductor,Femenino,NO,N/A,SOLO DAÑOS,Choque,No respetar prelacion,Calle 37  Sur Carrera 50,LAS VEGAS,Urbana,
2172676,09/11/2017,2:00 p.m.,lunes,AUTOMOVIL,PARTICULAR,Conductor,Femenino,NO,N/A,SOLO DAÑOS,Choque,No mantener distancia de seguridad,Carrera 50 Calle 46 A Sur,LAS VEGAS,Urbana,"(6.16131219, -75.603198185)"
2172676,09/11/2017,2:00 p.m.,lunes,MOTOCICLETA,PARTICULAR,Motociclista,Masculino,NO,N/A,SOLO DAÑOS,Choque,No mantener distancia de seguridad,Carrera 50 Calle 46 A Sur,LAS VEGAS,Urbana,"(6.16131219, -75.603198185)"
2172689,09/11/2017,5:10 a.m.,lunes,CAMION,PUBLICO,Conductor,Masculino,NO,N/A,SOLO DAÑOS,Choque,Adelantar cerrando,Calle 36 D Sur Carrera 27 D,VEREDA EL ESCOBERO,Urbana,"(6.164970853, -75.574637268)"