RADICADO,FECHA,HORA,DÍA DE LA SEMANA,CLASE DE VEHICULO,TIPO DE SERVICIO,TIPO DE VICTIMA,SEXO,ESTADO DE BEODEZ,RESULTADO DE BEODEZ,GRAVEDAD,CLASE DE ACCIDENTE,CAUSA,DIRECCIÓN,BARRIO,AREA,Coordenadas
2172689,09/11/2017,5:10 a.m.,lunes,BUS,PUBLICO,Conductor,Masculino,NO,N/A,SOLO DAÑOS,Choque,Adelantar cerrando,Calle 36 D Sur Carrera 27 D,VEREDA EL ESCOBERO,Urbana,"(6.164970853, -75.574637268)"
2172691,09/11/2017,12:20 p.m.,lunes,AUTOMOVIL,PARTICULAR,Conductor,Masculino,NO,N/A,SOLO DAÑOS,Choque,No mantener distancia de seguridad,Carrera 50 Calle 40  Sur,LAS VEGAS,Urbana,
2172691,09/11/2017,12:20 p.m.,lunes,CAMIONETA,PUBLICO,Conductor,Masculino,NO,N/A,SOLO DAÑOS,Choque,No mantener distancia de seguridad,Carrera 50 Calle 40  Sur,LAS VEGAS,Urbana,
2172684,09/11/2017,7:20 a.m.,lunes,CAMIONETA,OFICIAL,Conductor,Masculino,NO,N/A,SOLO DAÑOS,Choque,No mantener distancia de seguridad,Carrera 43 A Calle 38  Sur,ZONA CENTRO,Urbana,"(6.170421178, -75.588598773)"
2172684,09/11/2017,7:20 a.m.,lunes,AUTOMOVIL,PUBLICO,Conductor,Masculino,NO,N/A,SOLO DAÑOS,Choque,No mantener distancia de seguridad,Carrera 43 A Calle 38  Sur,ZONA CENTRO,Urbana,"(6.170421178, -75.588598773)"
2172688,09/11/2017,3:30 p.m.,lunes,CAMIONETA,PARTICULAR,Conductor,Masculino,NO,N/A,SOLO DAÑOS,Choque,Adelantar cerrando,Calle 37  Sur Carrera 39,ZONA CENTRO,Urbana,"(6.169035546, -75.584847552)"
2172688,09/11/2017,3:30 p.m.,lunes,AUTOMOVIL,PARTICULAR,Conductor,Masculino,NO,N/A,SOLO DAÑOS,Choque,Adelantar cerrando,Calle 37  Sur Carrera 39,ZONA CENTRO,Urbana,"(6.169035546, -75.584847552)"
2172704,09/11/2017,9:30 a.m.,lunes,AUTOMOVIL,PARTICULAR,Conductor,Femenino,NO,N/A,SOLO DAÑOS,Choque,Desobedecer senales,Carrera 27 Calle 39  Sur,EL CHINGU├ì,Urbana,
2172704,09/11/2017,9:30 a.m.,lunes,BICICLETA,N/A,Ciclista,Masculino,NO,N/A,SOLO DAÑOS,Choque,Desobedecer senales,Carrera 27 Calle 39  Sur,EL CHINGU├ì,Urbana,
2172701,09/11/2017,7:30 a.m.,lunes,AUTOMOVIL,PARTICULAR,Conductor,Femenino,NO,N/A,SOLO DAÑOS,Choque,No mantener distancia de seguridad,Tramo 373 Kilometro  13,VEREDA PALMAS,Rural,
2172701,09/11/2017,7:30 a.m.,lunes,AUTOMOVIL,PARTICULAR,Conductor,Masculino,NO,N/A,SOLO DAÑOS,Choque,No mantener distancia de seguridad,Tramo 373 Kilometro  13,VEREDA PALMAS,Rural,
2172701,09/11/2017,7:30 a.m.,lunes,AUTOMOVIL,PARTICULAR,Conductor,Femenino,NO,N/A,SOLO DAÑOS,Choque,No mantener distancia de seguridad,Tramo 373 Kilometro  13,VEREDA PALMAS,Rural,
2172701,09/11/2017,7:30 a.m.,lunes,AUTOMOVIL,PARTICULAR,Conductor,Masculino,NO,N/A,SOLO DAÑOS,Choque,No mantener distancia de seguridad,Tramo 373 Kilometro  13,VEREDA PALMAS,Rural,
2172693,09/11/2017,8:40 a.m.,lunes,MOTOCICLETA,PARTICULAR,Motociclista,Femenino,NO,N/A,HERIDO,Choque,Transitar entre vehiculos,Tramo 373 Kilometro  13,VEREDA PALMAS,Rural,
2172693,09/11/2017,8:40 a.m.,lunes,MOTOCICLETA,PARTICULAR,Motociclista,Masculino,NO,N/A,HERIDO,Choque,Transitar entre vehiculos,Tramo 373 Kilometro  13,VEREDA PALMAS,Rural,
2172697,09/11/2017,2:40 p.m.,lunes,AUTOMOVIL,PARTICULAR,Conductor,Masculino,NO,N/A,SOLO DAÑOS,Choque,Transitar entre vehiculos,Calle 37  Sur Carrera 42,ZONA CENTRO,Urbana,"(6.17029993, -75.586935484)"
2172697,09/11/2017,2:40 p.m.,lunes,CAMIONETA,PUBLICO,Conductor,Masculino,NO,N/A,SOLO DAÑOS,Choque,Transitar entre vehiculos,Calle 37  Sur Carrera 42,ZONA CENTRO,Urbana,"(6.17029993, -75.586935484)"
2172702,09/11/2017,12:45 p.m.,lunes,AUTOMOVIL,PARTICULAR,Conductor,Masculino,NO,N/A,SOLO DAÑOS,Choque,No respetar pelacion de interseccion o giros,Carrera 48 Calle 35 A Sur,LAS VEGAS,Urbana,"(6.174372875, -75.591531842)"
2172702,09/11/2017,12:45 p.m.,lunes,CAMPERO,PARTICULAR,Conductor,Femenino,NO,N/A,SOLO DAÑOS,Choque,Adelantar cerrando,Carrera 48 Calle 35 A Sur,LAS VEGAS,Urbana,"(6.174372875, -75.591531842)"
2172702,09/11/2017,12:45 p.m.,lunes,CAMPERO,PARTICULAR,Conductor,Femenino,NO,N/A,SOLO DAÑOS,Choque,No respetar pelacion de interseccion o giros,Carrera 48 Calle 35 A Sur,LAS VEGAS,Urbana,"(6.174372875, -75.591531842)"
2172722,09/14/2017,1:40 p.m.,jueves,MOTOCICLETA,PARTICULAR,Motociclista,Masculino,NO,N/A,HERIDO,Otro,Transitar entre vehiculos,Carrera 50 Calle 37  Sur,LAS VEGAS,Urbana,
2172702,09/11/2017,12:45 p.m.,lunes,AUTOMOVIL,PARTICULAR,Conductor,Masculino,NO,N/A,SOLO DAÑOS,Choque,Adelantar cerrando,Carrera 48 Calle 35 A Sur,LAS VEGAS,Urbana,"(6.174372875, -75.591531842)"
2172694,09/12/2017,7:00 a.m.,martes,AUTOMOVIL,PARTICULAR,Conductor,Femenino,NO,N/A,HERIDO,Atropello,Cruzar sin observar,Calle 45 B Sur Carrera 40,LAS ANTILLAS,Urbana,"(6.164485785, -75.594678415)"
2172695,09/12/2017,3:00 p.m.,martes,AUTOMOVIL,PUBLICO,Conductor,Masculino,NO,N/A,SOLO DAÑOS,Choque,Adelantar cerrando,Carrera 40 Calle 38  Sur,ZONA CENTRO,Urbana,"(6.168682985, -75.585870246)"
2172695,09/12/2017,3:00 p.m.,martes,AUTOMOVIL,PARTICULAR,Conductor,Femenino,NO,N/A,SOLO DAÑOS,Choque,Adelantar cerrando,Carrera 40 Calle 38  Sur,ZONA CENTRO,Urbana,"(6.168682985, -75.585870246)"
2172715,09/12/2017,7:30 p.m.,martes,CAMPERO,PARTICULAR,Conductor,Masculino,NO,N/A,HERIDO,Otro,No respetar prelacion,Carrera 26 D Calle 28  Sur,LA INMACULADA,Urbana,
2172715,09/12/2017,7:30 p.m.,martes,MOTOCICLETA,PARTICULAR,Motociclista,Masculino,NO,N/A,HERIDO,Otro,No respetar prelacion,Carrera 26 D Calle 28  Sur,LA INMACULADA,Urbana,
2172698,09/12/2017,7:15 a.m.,martes,MOTOCICLETA,PARTICULAR,Motociclista,Masculino,NO,N/A,SOLO DAÑOS,Choque,No mantener distancia de seguridad,Carrera 48 Calle 46  Sur,LAS VEGAS,Urbana,"(6.166195386, -75.599285489)"
2172698,09/12/2017,7:15 a.m.,martes,MOTOCICLETA,PARTICULAR,Motociclista,Masculino,NO,N/A,SOLO DAÑOS,Choque,No mantener distancia de seguridad,Carrera 48 Calle 46  Sur,LAS VEGAS,Urbana,"(6.166195386, -75.599285489)"
2172698,09/12/2017,7:15 a.m.,martes,CAMIONETA,PARTICULAR,Conductor,Masculino,NO,N/A,SOLO DAÑOS,Choque,No mantener distancia de seguridad,Carrera 48 Calle 46  Sur,LAS VEGAS,Urbana,"(6.166195386, -75.599285489)"
2172692,09/12/2017,1:25 p.m.,martes,AUTOMOVIL,PUBLICO,Conductor,Masculino,NO,N/A,SOLO DAÑOS,Choque,No mantener distancia de seguridad,Carrera 48 Calle 34  Sur,EL PORTAL,Urbana,"(6.175414344, -75.590782176)"
2172692,09/12/2017,1:25 p.m.,martes,AUTOMOVIL,PUBLICO,Conductor,Masculino,NO,N/A,SOLO DAÑOS,Choque,No mantener distancia de seguridad,Carrera 48 Calle 34  Sur,EL PORTAL,Urbana,"(6.175414344, -75.590782176)"
2172696,09/12/2017,5:25 p.m.,martes,AUTOMOVIL,PARTICULAR,Conductor,Masculino,NO,N/A,SOLO DAÑOS,Choque,Girar bruscamente,Carrera 43 A Calle 39  Sur,ALCALA,Urbana,"(6.169011071, -75.589484903)"
2172696,09/12/2017,5:25 p.m.,martes,CAMIONETA,PARTICULAR,Conductor,Masculino,NO,N/A,SOLO DAÑOS,Choque,Girar bruscamente,Carrera 43 A Calle 39  Sur,ALCALA,Urbana,"(6.169011071, -75.589484903)"
2172707,09/12/2017,6:50 a.m.,martes,AUTOMOVIL,PARTICULAR,Conductor,Masculino,NO,N/A,SOLO DAÑOS,Choque,Adelantar en zona prohibida,Carrera 42 Calle 41 C Sur,EL DORADO,Urbana,"(6.16564857, -75.591250012)"
2172707,09/12/2017,6:50 a.m.,martes,AUTOMOVIL,PARTICULAR,Conductor,Femenino,NO,N/A,SOLO DAÑOS,Choque,Adelantar en zona prohibida,Carrera 42 Calle 41 C Sur,EL DORADO,Urbana,"(6.16564857, -75.591250012)"
2172703,09/12/2017,2:40 p.m.,martes,MOTOCICLETA,PARTICULAR,Motociclista,Masculino,NO,N/A,SOLO DAÑOS,Choque,Impericia en el manejo,Calle 25 A Sur Carrera 42 B,LAS ORQUIDEAS,Urbana,"(6.181402463, -75.58167941)"
2172703,09/12/2017,2:40 p.m.,martes,AUTOMOVIL,PARTICULAR,Conductor,Masculino,NO,N/A,SOLO DAÑOS,Choque,No mantener distancia de seguridad,Calle 25 A Sur Carrera 42 B,LAS ORQUIDEAS,Urbana,"(6.181402463, -75.58167941)"
2172703,09/12/2017,2:40 p.m.,martes,AUTOMOVIL,PARTICULAR,Conductor,Masculino,NO,N/A,SOLO DAÑOS,Choque,Impericia en el manejo,Calle 25 A Sur Carrera 42 B,LAS ORQUIDEAS,Urbana,"(6.181402463, -75.58167941)"
2172703,09/12/2017,2:40 p.m.,martes,MOTOCICLETA,PARTICULAR,Motociclista,Masculino,NO,N/A,SOLO DAÑOS,Choque,No mantener distancia de seguridad,Calle 25 A Sur Carrera 42 B,LAS ORQUIDEAS,Urbana,"(6.181402463, -75.58167941)"
2172703,09/12/2017,2:40 p.m.,martes,MOTOCICLETA,PARTICULAR,Motociclista,Masculino,NO,N/A,SOLO DAÑOS,Choque,Impericia en el manejo,Calle 25 A Sur Carrera 42 B,LAS ORQUIDEAS,Urbana,"(6.181402463, -75.58167941)"
2172703,09/12/2017,2:40 p.m.,martes,MOTOCICLETA,PARTICULAR,Motociclista,Masculino,NO,N/A,SOLO DAÑOS,Choque,No mantener distancia de seguridad,Calle 25 A Sur Carrera 42 B,LAS ORQUIDEAS,Urbana,"(6.181402463, -75.58167941)"
2172708,09/13/2017,7:30 p.m.,miércoles,CAMPERO,PARTICULAR,Conductor,Femenino,NO,N/A,SOLO DAÑOS,Choque,Reverso imprudente,Calle 45  Sur Carrera 41,LA PAZ,Urbana,"(6.162879731, -75.592166183)"
2172708,09/13/2017,7:30 p.m.,miércoles,AUTOMOVIL,PARTICULAR,Conductor,Femenino,NO,N/A,SOLO DAÑOS,Choque,Reverso imprudente,Calle 45  Sur Carrera 41,LA PAZ,Urbana,"(6.162879731, -75.592166183)"
2172709,09/13/2017,6:30 a.m.,miércoles,AUTOMOVIL,PARTICULAR,Conductor,Masculino,NO,N/A,SOLO DAÑOS,Choque,Girar bruscamente,Carrera 48 Calle 37  Sur,LAS VEGAS,Urbana,"(6.172859211, -75.592769925)"
2172709,09/13/2017,6:30 a.m.,miércoles,AUTOMOVIL,PARTICULAR,Conductor,Masculino,NO,N/A,SOLO DAÑOS,Choque,Girar bruscamente,Carrera 48 Calle 37  Sur,LAS VEGAS,Urbana,"(6.172859211, -75.592769925)"
2172728,09/14/2017,6:00 p.m.,jueves,AUTOMOVIL,PUBLICO,Conductor,Masculino,NO,N/A,SOLO DAÑOS,Choque,No mantener distancia de seguridad,Carrera 48 Calle 25 A Sur,LAS VEGAS,Urbana,"(6.184740152, -75.583657425)"
2172728,09/14/2017,6:00 p.m.,jueves,CAMPERO,PARTICULAR,Conductor,Femenino,NO,N/A,SOLO DAÑOS,Choque,No mantener distancia de seguridad,Carrera 48 Calle 25 A Sur,LAS VEGAS,Urbana,"(6.184740152, -75.583657425)"
2172711,09/14/2017,11:00 a.m.,jueves,MOTOCICLETA,PARTICULAR,Motociclista,Masculino,NO,N/A,SOLO DAÑOS,Choque,Adelantar cerrando,Tramo 373 Kilometro  13,VEREDA PALMAS,Rural,
2172711,09/14/2017,11:00 a.m.,jueves,CAMIONETA,PARTICULAR,Conductor,Masculino,NO,N/A,SOLO DAÑOS,Choque,Adelantar cerrando,Tramo 373 Kilometro  13,VEREDA PALMAS,Rural,
2172735,09/14/2017,9:00 a.m.,jueves,CAMIONETA,DIPLOMATICO,Conductor,Masculino,NO,N/A,SOLO DAÑOS,Choque,Estacionar sin seguridad,Calle 39 B Sur Carrera 39,MESA,Urbana,"(6.166296351, -75.586498963)"
2172735,09/14/2017,9:00 a.m.,jueves,CAMPERO,PARTICULAR,Conductor,Masculino,NO,N/A,SOLO DAÑOS,Choque,Estacionar sin seguridad,Calle 39 B Sur Carrera 39,MESA,Urbana,"(6.166296351, -75.586498963)"
2172713,09/14/2017,7:20 p.m.,jueves,CAMION,PUBLICO,Conductor,Masculino,NO,N/A,SOLO DAÑOS,Choque,Reverso imprudente,Calle 36  Sur Carrera 50,LAS VEGAS,Urbana,
2172713,09/14/2017,7:20 p.m.,jueves,AUTOMOVIL,PARTICULAR,Conductor,Masculino,NO,N/A,SOLO DAÑOS,Choque,Reverso imprudente,Calle 36  Sur Carrera 50,LAS VEGAS,Urbana,
2172731,09/14/2017,2:00 p.m.,jueves,MOTOCICLETA,PARTICULAR,Motociclista,Masculino,NO,N/A,SOLO DAÑOS,Otro,No respetar prelacion,Calle 40  Sur Carrera 24 F,EL SALADO,Urbana,"(6.151179811, -75.577599332)"
2172731,09/14/2017,2:00 p.m.,jueves,CAMION,PUBLICO,Conductor,Masculino,NO,N/A,SOLO DAÑOS,Otro,No respetar prelacion,Calle 40  Sur Carrera 24 F,EL SALADO,Urbana,"(6.151179811, -75.577599332)"
2172730,09/14/2017,6:10 p.m.,jueves,AUTOMOVIL,DIPLOMATICO,Conductor,Femenino,NO,N/A,SOLO DAÑOS,Choque,Reverso imprudente,Calle 37 B Sur Carrera 27 D,LOMA DE LAS BRUJAS,Urbana,"(6.159428343, -75.573788689)"
2172730,09/14/2017,6:10 p.m.,jueves,AUTOMOVIL,PARTICULAR,Conductor,Masculino,NO,N/A,SOLO DAÑOS,Choque,Reverso imprudente,Calle 37 B Sur Carrera 27 D,LOMA DE LAS BRUJAS,Urbana,"(6.159428343, -75.573788689)"
2172718,09/14/2017,2:10 p.m.,jueves,AUTOMOVIL,PARTICULAR,Conductor,Femenino,NO,N/A,HERIDO,Choque,No mantener distancia de seguridad,Carrera 48 Calle 44  Sur,LAS VEGAS,Urbana,"(6.167284881, -75.598245434)"
2172718,09/14/2017,2:10 p.m.,jueves,MOTOCICLETA,PARTICULAR,Motociclista,Masculino,NO,N/A,HERIDO,Choque,No mantener distancia de seguridad,Carrera 48 Calle 44  Sur,LAS VEGAS,Urbana,"(6.167284881, -75.598245434)"
2173549,09/14/2017,3:26 p.m.,jueves,AUTOMOVIL,PUBLICO,Conductor,Masculino,NO,N/A,SOLO DAÑOS,Choque,Impericia en el manejo,Calle 45 B Sur Carrera 38,LAS ANTILLAS,Urbana,"(6.156508956, -75.589876613)"
2172714,09/14/2017,2:20 p.m.,jueves,MOTOCICLETA,PARTICULAR,Motociclista,Femenino,NO,N/A,HERIDO,Caida Ocupante,Impericia en el manejo,Carrera 48 Calle 40  Sur,LAS VEGAS,Urbana,"(6.168855316, -75.596887667)"
2172732,09/14/2017,8:40 p.m.,jueves,AUTOMOVIL,PUBLICO,Conductor,Masculino,NO,N/A,SOLO DAÑOS,Choque,No mantener distancia de seguridad,Carrera 50 Calle 50  Sur,LAS VEGAS,Urbana,
2172732,09/14/2017,8:40 p.m.,jueves,AUTOMOVIL,PARTICULAR,Conductor,Masculino,NO,N/A,SOLO DAÑOS,Choque,No mantener distancia de seguridad,Carrera 50 Calle 50  Sur,LAS VEGAS,Urbana,
2172729,09/14/2017,7:30 a.m.,jueves,MOTOCICLETA,PARTICULAR,Motociclista,Masculino,NO,N/A,SOLO DAÑOS,Choque,No mantener distancia de seguridad,Diagonal 31 Transversal 33  Sur,LAS FLORES,Urbana,"(6.174094397, -75.578818529)"
2172729,09/14/2017,7:30 a.m.,jueves,AUTOMOVIL,PARTICULAR,Conductor,Masculino,NO,N/A,SOLO DAÑOS,Choque,No mantener distancia de seguridad,Diagonal 31 Transversal 33  Sur,LAS FLORES,Urbana,"(6.174094397, -75.578818529)"
2172722,09/14/2017,1:40 p.m.,jueves,MOTOCICLETA,PARTICULAR,Motociclista,Masculino,NO,N/A,HERIDO,Otro,Transitar entre vehiculos,Carrera 50 Calle 37  Sur,LAS VEGAS,Urbana,
2172771,09/14/2017,4:45 p.m.,jueves,MOTOCICLETA,PARTICULAR,Motociclista,Masculino,NO,N/A,SOLO DAÑOS,Choque,No mantener distancia de seguridad,Carrera 49 Calle 40  Sur,LAS VEGAS,Urbana,
2172771,09/14/2017,4:45 p.m.,jueves,AUTOMOVIL,PARTICULAR,Conductor,Masculino,NO,N/A,SOLO DAÑOS,Choque,No mantener distancia de seguridad,Carrera 49 Calle 40  Sur,LAS VEGAS,Urbana,
2172721,09/14/2017,4:50 p.m.,jueves,CAMIONETA,PUBLICO,Conductor,Femenino,NO,N/A,SOLO DAÑOS,Choque,No mantener distancia de seguridad,Diagonal 31 Transversal 36  Sur,LA SEBASTIANA,Urbana,"(6.168204377, -75.580205142)"
2172721,09/14/2017,4:50 p.m.,jueves,BUS,PUBLICO,Conductor,Masculino,NO,N/A,SOLO DAÑOS,Choque,Exceso de velocidad,Diagonal 31 Transversal 36  Sur,LA SEBASTIANA,Urbana,"(6.168204377, -75.580205142)"
2172721,09/14/2017,4:50 p.m.,jueves,BUS,PUBLICO,Conductor,Masculino,NO,N/A,SOLO DAÑOS,Choque,No mantener distancia de seguridad,Diagonal 31 Transversal 36  Sur,LA SEBASTIANA,Urbana,"(6.168204377, -75.580205142)"
2172721,09/14/2017,4:50 p.m.,jueves,AUTOMOVIL,PARTICULAR,Conductor,Masculino,NO,N/A,SOLO DAÑOS,Choque,Exceso de velocidad,Diagonal 31 Transversal 36  Sur,LA SEBASTIANA,Urbana,"(6.168204377, -75.580205142)"
2172721,09/14/2017,4:50 p.m.,jueves,AUTOMOVIL,PARTICULAR,Conductor,Masculino,NO,N/A,SOLO DAÑOS,Choque,No mantener distancia de seguridad,Diagonal 31 Transversal 36  Sur,LA SEBASTIANA,Urbana,"(6.168204377, -75.580205142)"
2172721,09/14/2017,4:50 p.m.,jueves,AUTOMOVIL,PARTICULAR,Conductor,Femenino,NO,N/A,SOLO DAÑOS,Choque,Exceso de velocidad,Diagonal 31 Transversal 36  Sur,LA SEBASTIANA,Urbana,"(6.168204377, -75.580205142)"
2172721,09/14/2017,4:50 p.m.,jueves,AUTOMOVIL,PARTICULAR,Conductor,Femenino,NO,N/A,SOLO DAÑOS,Choque,No mantener distancia de seguridad,Diagonal 31 Transversal 36  Sur,LA SEBASTIANA,Urbana,"(6.168204377, -75.580205142)"
2172721,09/14/2017,4:50 p.m.,jueves,CAMIONETA,PUBLICO,Conductor,Femenino,NO,N/A,SOLO DAÑOS,Choque,Exceso de velocidad,Diagonal 31 Transversal 36  Sur,LA SEBASTIANA,Urbana,"(6.168204377, -75.580205142)"
2172712,09/14/2017,10:20 p.m.,jueves,MOTOCICLETA,PARTICULAR,Motociclista,Masculino,NO,N/A,SOLO DAÑOS,Choque,No respetar prelacion,Calle 40  Sur Carrera 28,SAN JOSE,Urbana,"(6.160296111, -75.581293799)"
2172712,09/14/2017,10:20 p.m.,jueves,CAMIONETA,PARTICULAR,Conductor,Masculino,NO,N/A,SOLO DAÑOS,Choque,No respetar prelacion,Calle 40  Sur Carrera 28,SAN JOSE,Urbana,"(6.160296111, -75.581293799)"
2172710,09/14/2017,10:50 a.m.,jueves,AUTOMOVIL,PARTICULAR,Conductor,Femenino,NO,N/A,SOLO DAÑOS,Choque,Adelantar cerrando,Carrera 43 A Calle 25  Sur,AVENIDA EL POBLADO,Urbana,"(6.181616833, -75.581857267)"
2172710,09/14/2017,10:50 a.m.,jueves,BUS,PUBLICO,Conductor,Masculino,NO,N/A,SOLO DAÑOS,Choque,Adelantar cerrando,Carrera 43 A Calle 25  Sur,AVENIDA EL POBLADO,Urbana,"(6.181616833, -75.581857267)"
2172751,09/15/2017,7:00 a.m.,viernes,AUTOMOVIL,PARTICULAR,Conductor,Femenino,NO,N/A,SOLO DAÑOS,Choque,No mantener distancia de seguridad,Calle 43  Sur Carrera 49,GLORIETA DE PELDAR,Urbana,
2172751,09/15/2017,7:00 a.m.,viernes,AUTOMOVIL,PARTICULAR,Conductor,Masculino,NO,N/A,SOLO DAÑOS,Choque,No mantener distancia de seguridad,Calle 43  Sur Carrera 49,GLORIETA DE PELDAR,Urbana,
2172733,09/15/2017,4:00 p.m.,viernes,AUTOMOVIL,PARTICULAR,Conductor,Femenino,NO,N/A,SOLO DAÑOS,Choque,Adelantar cerrando,Carrera 50 Calle 39  Sur,LAS VEGAS,Urbana,
2172733,09/15/2017,4:00 p.m.,viernes,CAMION,PUBLICO,Conductor,Masculino,NO,N/A,SOLO DAÑOS,Choque,Adelantar cerrando,Carrera 50 Calle 39  Sur,LAS VEGAS,Urbana,
2172737,09/15/2017,3:30 p.m.,viernes,CAMIONETA,PARTICULAR,Conductor,Masculino,NO,N/A,SOLO DAÑOS,Choque,Girar bruscamente,Tramo 373 Kilometro  7,VEREDA PALMAS,Rural,
2172737,09/15/2017,3:30 p.m.,viernes,MOTOCICLETA,PARTICULAR,Motociclista,Femenino,NO,N/A,SOLO DAÑOS,Choque,Girar bruscamente,Tramo 373 Kilometro  7,VEREDA PALMAS,Rural,
2172734,09/15/2017,4:30 p.m.,viernes,MOTOCICLETA,PARTICULAR,Motociclista,Masculino,NO,N/A,SOLO DAÑOS,Choque,No mantener distancia de seguridad,Tramo 373 Kilometro  12,VEREDA PALMAS,Rural,
2172734,09/15/2017,4:30 p.m.,viernes,AUTOMOVIL,PARTICULAR,Conductor,Masculino,NO,N/A,SOLO DAÑOS,Choque,No mantener distancia de seguridad,Tramo 373 Kilometro  12,VEREDA PALMAS,Rural,
2172720,09/17/2017,9:00 p.m.,domingo,AUTOMOVIL,PARTICULAR,Conductor,Masculino,NO,N/A,SOLO DAÑOS,Choque,Estacionar sin seguridad,Tramo 379 Kilometro  1,VEREDA EL VALLANO,Rural,
2172738,09/15/2017,4:30 p.m.,viernes,AUTOMOVIL,PARTICULAR,Conductor,Femenino,NO,N/A,SOLO DAÑOS,Choque,No mantener distancia de seguridad,Carrera 43 A Calle 25  Sur,ZU├æIGA,Urbana,"(6.181616833, -75.581857267)"
2172738,09/15/2017,4:30 p.m.,viernes,MOTOCICLETA,PARTICULAR,Motociclista,Masculino,NO,N/A,SOLO DAÑOS,Choque,No mantener distancia de seguridad,Carrera 43 A Calle 25  Sur,ZU├æIGA,Urbana,"(6.181616833, -75.581857267)"
2172748,09/15/2017,6:30 p.m.,viernes,TRACTOCAMION,PUBLICO,Conductor,Masculino,NO,N/A,SOLO DAÑOS,Choque,Adelantar cerrando,Carrera 50 Calle 32 B Sur,LAS VEGAS,Urbana,"(6.178248378, -75.591688281)"
2172748,09/15/2017,6:30 p.m.,viernes,AUTOMOVIL,PARTICULAR,Conductor,Masculino,NO,N/A,SOLO DAÑOS,Choque,Girar bruscamente,Carrera 50 Calle 32 B Sur,LAS VEGAS,Urbana,"(6.178248378, -75.591688281)"
2172723,09/15/2017,2:30 p.m.,viernes,MOTOCICLETA,DIPLOMATICO,Motociclista,Femenino,NO,N/A,HERIDO,Choque,Otra,Calle 39 D Sur Carrera 25,EL CHINGU├ì,Urbana,"(6.154343948, -75.578021489)"
2172723,09/15/2017,2:30 p.m.,viernes,AUTOMOVIL,PARTICULAR,Conductor,Femenino,NO,N/A,HERIDO,Choque,Otra,Calle 39 D Sur Carrera 25,EL CHINGU├ì,Urbana,"(6.154343948, -75.578021489)"
2172748,09/15/2017,6:30 p.m.,viernes,AUTOMOVIL,PARTICULAR,Conductor,Masculino,NO,N/A,SOLO DAÑOS,Choque,Adelantar cerrando,Carrera 50 Calle 32 B Sur,LAS VEGAS,Urbana,"(6.178248378, -75.591688281)"
2172748,09/15/2017,6:30 p.m.,viernes,TRACTOCAMION,PUBLICO,Conductor,Masculino,NO,N/A,SOLO DAÑOS,Choque,Girar bruscamente,Carrera 50 Calle 32 B Sur,LAS VEGAS,Urbana,"(6.178248378, -75.591688281)"
2172744,09/15/2017,7:35 a.m.,viernes,AUTOMOVIL,PARTICULAR,Conductor,Femenino,NO,N/A,SOLO DAÑOS,Choque,Reverso imprudente,Calle 34  Sur Carrera 47,EL PORTAL,Urbana,"(6.175152875, -75.590256231)"
2172744,09/15/2017,7:35 a.m.,viernes,AUTOMOVIL,PARTICULAR,Conductor,Femenino,NO,N/A,SOLO DAÑOS,Choque,Reverso imprudente,Calle 34  Sur Carrera 47,EL PORTAL,Urbana,"(6.175152875, -75.590256231)"
2172717,09/15/2017,1:45 p.m.,viernes,AUTOMOVIL,PARTICULAR,Conductor,Masculino,NO,N/A,HERIDO,Atropello,Cruzar sin observar,Calle 40  Sur Carrera 27,SAN JOSE,Urbana,"(6.158366235, -75.580807934)"
2172747,09/15/2017,2:40 p.m.,viernes,CAMION,PUBLICO,Conductor,Masculino,NO,N/A,SOLO DAÑOS,Choque,Adelantar cerrando,Calle 37  Sur Carrera 41,ZONA CENTRO,Urbana,"(6.169855492, -75.586196006)"
2172747,09/15/2017,2:40 p.m.,viernes,AUTOMOVIL,PARTICULAR,Conductor,Masculino,NO,N/A,SOLO DAÑOS,Choque,Impericia en el manejo,Calle 37  Sur Carrera 41,ZONA CENTRO,Urbana,"(6.169855492, -75.586196006)"
2172747,09/15/2017,2:40 p.m.,viernes,AUTOMOVIL,PARTICULAR,Conductor,Masculino,NO,N/A,SOLO DAÑOS,Choque,Adelantar cerrando,Calle 37  Sur Carrera 41,ZONA CENTRO,Urbana,"(6.169855492, -75.586196006)"
2172747,09/15/2017,2:40 p.m.,viernes,CAMION,PUBLICO,Conductor,Masculino,NO,N/A,SOLO DAÑOS,Choque,Impericia en el manejo,Calle 37  Sur Carrera 41,ZONA CENTRO,Urbana,"(6.169855492, -75.586196006)"
2172743,09/15/2017,6:40 p.m.,viernes,MOTOCICLETA,PARTICULAR,Motociclista,Masculino,NO,N/A,SOLO DAÑOS,Choque,Otra,Carrera 50 Calle 28  Sur,LAS VEGAS,Urbana,
2172740,09/15/2017,4:45 p.m.,viernes,CAMION,PUBLICO,Conductor,Masculino,NO,N/A,SOLO DAÑOS,Choque,No mantener distancia de seguridad,Carrera 48 Calle 48  Sur,LAS VEGAS,Urbana,"(6.164595282, -75.601380414)"
2172746,09/15/2017,4:45 p.m.,viernes,AUTOMOVIL,PARTICULAR,Conductor,Masculino,NO,N/A,SOLO DAÑOS,Choque,No mantener distancia de seguridad,Calle 39  Sur Carrera 27,EL CHINGU├ì,Urbana,"(6.159217585, -75.578834618)"
2172746,09/15/2017,4:45 p.m.,viernes,MOTOCICLETA,PARTICULAR,Motociclista,Masculino,NO,N/A,SOLO DAÑOS,Choque,No mantener distancia de seguridad,Calle 39  Sur Carrera 27,EL CHINGU├ì,Urbana,"(6.159217585, -75.578834618)"
2172745,09/15/2017,2:50 p.m.,viernes,CAMION,PARTICULAR,Conductor,Masculino,NO,N/A,SOLO DAÑOS,Choque,Reverso imprudente,Carrera 44 Calle 46  Sur,PRIMAVERA,Urbana,"(6.164263272, -75.596300121)"