RADICADO,FECHA,HORA,DÍA DE LA SEMANA,CLASE DE VEHICULO,TIPO DE SERVICIO,TIPO DE VICTIMA,SEXO,ESTADO DE BEODEZ,RESULTADO DE BEODEZ,GRAVEDAD,CLASE DE ACCIDENTE,CAUSA,DIRECCIÓN,BARRIO,AREA,Coordenadas
2172782,09/20/2017,3:10 p.m.,miércoles,AUTOMOVIL,PUBLICO,Conductor,Masculino,NO,N/A,HERIDO,Choque,No mantener distancia de seguridad,Carrera 43 Calle 31  Sur,LA MAGNOLIA,Urbana,"(6.176503305, -75.585207791)"
2172782,09/20/2017,3:10 p.m.,miércoles,MOTOCICLETA,PARTICULAR,Motociclista,Femenino,NO,N/A,HERIDO,Choque,Impericia en el manejo,Carrera 43 Calle 31  Sur,LA MAGNOLIA,Urbana,"(6.176503305, -75.585207791)"
2172780,09/20/2017,6:40 a.m.,miércoles,BUS,PUBLICO,Conductor,Masculino,NO,N/A,SOLO DAÑOS,Choque,No mantener distancia de seguridad,Calle 38  Sur Carrera 38,ZONA CENTRO,Urbana,"(6.16803936, -75.584694353)"
2172780,09/20/2017,6:40 a.m.,miércoles,BUS,PUBLICO,Conductor,Masculino,NO,N/A,SOLO DAÑOS,Choque,No mantener distancia de seguridad,Calle 38  Sur Carrera 38,ZONA CENTRO,Urbana,"(6.16803936, -75.584694353)"
2172784,09/20/2017,9:20 p.m.,miércoles,AUTOMOVIL,PARTICULAR,Conductor,Masculino,NO,N/A,SOLO DAÑOS,Choque,No respetar pelacion de interseccion o giros,Calle 45 B Sur Carrera 43,LA PAZ,Urbana,"(6.164485785, -75.594678415)"
2172839,09/25/2017,7:35 a.m.,lunes,CAMION,PUBLICO,Conductor,Masculino,NO,N/A,SOLO DAÑOS,Choque,Reverso imprudente,Carrera 50 Calle 37  Sur,LAS VEGAS,Urbana,
2172784,09/20/2017,9:20 p.m.,miércoles,AUTOMOVIL,PARTICULAR,Conductor,Masculino,NO,N/A,SOLO DAÑOS,Choque,Exceso de velocidad,Calle 45 B Sur Carrera 43,LA PAZ,Urbana,"(6.164485785, -75.594678415)"
2172784,09/20/2017,9:20 p.m.,miércoles,AUTOMOVIL,PARTICULAR,Conductor,Masculino,NO,N/A,SOLO DAÑOS,Choque,No respetar pelacion de interseccion o giros,Calle 45 B Sur Carrera 43,LA PAZ,Urbana,"(6.164485785, -75.594678415)"
2172784,09/20/2017,9:20 p.m.,miércoles,AUTOMOVIL,PARTICULAR,Conductor,Masculino,NO,N/A,SOLO DAÑOS,Choque,Exceso de velocidad,Calle 45 B Sur Carrera 43,LA PAZ,Urbana,"(6.164485785, -75.594678415)"
2172779,09/20/2017,8:50 a.m.,miércoles,AUTOMOVIL,PARTICULAR,Conductor,Femenino,NO,N/A,SOLO DAÑOS,Choque,No respetar pelacion de interseccion o giros,Carrera 50 Calle 25 A Sur,LAS VEGAS,Urbana,"(6.186515998, -75.585125414)"
2172779,09/20/2017,8:50 a.m.,miércoles,CAMIONETA,PUBLICO,Conductor,Masculino,NO,N/A,SOLO DAÑOS,Choque,No respetar pelacion de interseccion o giros,Carrera 50 Calle 25 A Sur,LAS VEGAS,Urbana,"(6.186515998, -75.585125414)"
2172797,09/21/2017,8:00 a.m.,jueves,AUTOMOVIL,PARTICULAR,Conductor,Masculino,NO,N/A,SOLO DAÑOS,Choque,No mantener distancia de seguridad,Tramo 373 Kilometro  7,VEREDA PALMAS,Rural,
2172797,09/21/2017,8:00 a.m.,jueves,CAMPERO,PARTICULAR,Conductor,Masculino,NO,N/A,SOLO DAÑOS,Choque,No mantener distancia de seguridad,Tramo 373 Kilometro  7,VEREDA PALMAS,Rural,
2172797,09/21/2017,8:00 a.m.,jueves,AUTOMOVIL,PARTICULAR,Conductor,Femenino,NO,N/A,SOLO DAÑOS,Choque,No mantener distancia de seguridad,Tramo 373 Kilometro  7,VEREDA PALMAS,Rural,
2172789,09/21/2017,7:00 a.m.,jueves,CAMIONETA,PARTICULAR,Conductor,Femenino,NO,N/A,SOLO DAÑOS,Choque,Girar bruscamente,Calle 37  Sur Carrera 43,ZONA CENTRO,Urbana,"(6.170662973, -75.587448517)"
2172789,09/21/2017,7:00 a.m.,jueves,AUTOMOVIL,PARTICULAR,Conductor,Masculino,NO,N/A,SOLO DAÑOS,Choque,Girar bruscamente,Calle 37  Sur Carrera 43,ZONA CENTRO,Urbana,"(6.170662973, -75.587448517)"
2172802,09/21/2017,2:00 p.m.,jueves,CAMIONETA,PARTICULAR,Conductor,Masculino,NO,N/A,SOLO DAÑOS,Choque,Exceso de velocidad,Tramo 373 Kilometro  13,VEREDA PALMAS,Rural,
2172802,09/21/2017,2:00 p.m.,jueves,CAMIONETA,PARTICULAR,Conductor,Masculino,NO,N/A,SOLO DAÑOS,Choque,Impericia en el manejo,Tramo 373 Kilometro  13,VEREDA PALMAS,Rural,
2172796,09/21/2017,6:25 a.m.,jueves,AUTOMOVIL,PARTICULAR,Conductor,Masculino,NO,N/A,SOLO DAÑOS,Choque,No mantener distancia de seguridad,Carrera 50 Calle 37  Sur,LAS VEGAS,Urbana,
2172796,09/21/2017,6:25 a.m.,jueves,AUTOMOVIL,PARTICULAR,Conductor,Femenino,NO,N/A,SOLO DAÑOS,Choque,No mantener distancia de seguridad,Carrera 50 Calle 37  Sur,LAS VEGAS,Urbana,
2172800,09/21/2017,8:30 p.m.,jueves,AUTOMOVIL,PARTICULAR,Conductor,Masculino,NO,N/A,SOLO DAÑOS,Choque,No respetar prelacion,Carrera 43 A Calle 31  Sur,AVENIDA EL POBLADO,Urbana,"(6.176754685, -75.585468966)"
2172800,09/21/2017,8:30 p.m.,jueves,AUTOMOVIL,PARTICULAR,Conductor,Masculino,NO,N/A,SOLO DAÑOS,Choque,No respetar prelacion,Carrera 43 A Calle 31  Sur,AVENIDA EL POBLADO,Urbana,"(6.176754685, -75.585468966)"
2172804,09/21/2017,12:30 p.m.,jueves,CAMION,PUBLICO,Conductor,Masculino,NO,N/A,SOLO DAÑOS,Choque,No mantener distancia de seguridad,Carrera 50 Calle 30  Sur,LAS VEGAS,Urbana,
2172804,09/21/2017,12:30 p.m.,jueves,CAMION,PARTICULAR,Conductor,Masculino,NO,N/A,SOLO DAÑOS,Choque,No mantener distancia de seguridad,Carrera 50 Calle 30  Sur,LAS VEGAS,Urbana,
2172816,09/21/2017,2:30 p.m.,jueves,AUTOMOVIL,PARTICULAR,Conductor,Masculino,NO,N/A,SOLO DAÑOS,Choque,Arrancar sin precaucion,Transversal 35 D Sur Diagonal 33,LOS NARANJOS,Urbana,"(6.168481044, -75.581672767)"
2172816,09/21/2017,2:30 p.m.,jueves,AUTOMOVIL,PARTICULAR,Conductor,Masculino,NO,N/A,SOLO DAÑOS,Choque,Arrancar sin precaucion,Transversal 35 D Sur Diagonal 33,LOS NARANJOS,Urbana,"(6.168481044, -75.581672767)"
2172791,09/21/2017,10:30 a.m.,jueves,AUTOMOVIL,PARTICULAR,Conductor,Masculino,NO,N/A,SOLO DAÑOS,Choque,Reverso imprudente,Carrera 28 Calle 37  Sur,LA MAGNOLIA,Urbana,"(6.164229297, -75.578821455)"
2172791,09/21/2017,10:30 a.m.,jueves,AUTOMOVIL,PARTICULAR,Conductor,Femenino,NO,N/A,SOLO DAÑOS,Choque,Reverso imprudente,Carrera 28 Calle 37  Sur,LA MAGNOLIA,Urbana,"(6.164229297, -75.578821455)"
2172793,09/21/2017,2:40 p.m.,jueves,AUTOMOVIL,PARTICULAR,Conductor,Femenino,NO,N/A,SOLO DAÑOS,Choque,No mantener distancia de seguridad,Diagonal 31 Transversal 32  Sur,LA MAGNOLIA,Urbana,"(6.174681134, -75.578471041)"
2172793,09/21/2017,2:40 p.m.,jueves,MOTOCICLETA,PARTICULAR,Motociclista,Masculino,NO,N/A,SOLO DAÑOS,Choque,No mantener distancia de seguridad,Diagonal 31 Transversal 32  Sur,LA MAGNOLIA,Urbana,"(6.174681134, -75.578471041)"
2172841,09/21/2017,1:52 p.m.,jueves,AUTOMOVIL,PARTICULAR,Conductor,Masculino,NO,N/A,SOLO DAÑOS,Choque,No respetar pelacion de interseccion o giros,Carrera 43 A Calle 36  Sur,ZONA CENTRO,Urbana,"(6.171753325, -75.587727675)"
2172841,09/21/2017,1:52 p.m.,jueves,AUTOMOVIL,PARTICULAR,Conductor,Masculino,NO,N/A,SOLO DAÑOS,Choque,Adelantar cerrando,Carrera 43 A Calle 36  Sur,ZONA CENTRO,Urbana,"(6.171753325, -75.587727675)"
2172841,09/21/2017,1:52 p.m.,jueves,AUTOMOVIL,PARTICULAR,Conductor,Masculino,NO,N/A,SOLO DAÑOS,Choque,No respetar pelacion de interseccion o giros,Carrera 43 A Calle 36  Sur,ZONA CENTRO,Urbana,"(6.171753325, -75.587727675)"
2172841,09/21/2017,1:52 p.m.,jueves,AUTOMOVIL,PARTICULAR,Conductor,Masculino,NO,N/A,SOLO DAÑOS,Choque,Adelantar cerrando,Carrera 43 A Calle 36  Sur,ZONA CENTRO,Urbana,"(6.171753325, -75.587727675)"
2172787,09/21/2017,5:40 p.m.,jueves,MOTOCICLETA,PARTICULAR,Motociclista,Masculino,NO,N/A,HERIDO,Choque,No respetar pelacion de interseccion o giros,Carrera 48 Calle 39  Sur,LAS VEGAS,Urbana,"(6.17163722, -75.593649993)"
2172787,09/21/2017,5:40 p.m.,jueves,MOTOCICLETA,PARTICULAR,Motociclista,Masculino,NO,N/A,HERIDO,Choque,Desobedecer senales,Carrera 48 Calle 39  Sur,LAS VEGAS,Urbana,"(6.17163722, -75.593649993)"
2172787,09/21/2017,5:40 p.m.,jueves,MOTOCICLETA,PARTICULAR,Motociclista,Masculino,NO,N/A,HERIDO,Choque,No respetar pelacion de interseccion o giros,Carrera 48 Calle 39  Sur,LAS VEGAS,Urbana,"(6.17163722, -75.593649993)"
2172787,09/21/2017,5:40 p.m.,jueves,MOTOCICLETA,PARTICULAR,Motociclista,Masculino,NO,N/A,HERIDO,Choque,Desobedecer senales,Carrera 48 Calle 39  Sur,LAS VEGAS,Urbana,"(6.17163722, -75.593649993)"
2172795,09/21/2017,10:25 p.m.,jueves,CAMPERO,PARTICULAR,Conductor,Femenino,NO,N/A,SOLO DAÑOS,Choque,No respetar prelacion,Calle 25  Sur Carrera 44,ZU├æIGA,Urbana,"(6.182241808, -75.581473173)"
2172795,09/21/2017,10:25 p.m.,jueves,CAMPERO,PARTICULAR,Conductor,Masculino,NO,N/A,SOLO DAÑOS,Choque,No respetar prelacion,Calle 25  Sur Carrera 44,ZU├æIGA,Urbana,"(6.182241808, -75.581473173)"
2172820,09/22/2017,7:15 p.m.,viernes,BUSETA,PUBLICO,Conductor,Masculino,NO,N/A,SOLO DAÑOS,Choque,Impericia en el manejo,Carrera 40 Calle 35  Sur,ZONA CENTRO,Urbana,"(6.170776136, -75.584583255)"
2172820,09/22/2017,7:15 p.m.,viernes,CAMPERO,PARTICULAR,Conductor,Masculino,NO,N/A,SOLO DAÑOS,Choque,Impericia en el manejo,Carrera 40 Calle 35  Sur,ZONA CENTRO,Urbana,"(6.170776136, -75.584583255)"
2172810,09/22/2017,4:00 p.m.,viernes,CAMIONETA,PARTICULAR,Conductor,Femenino,NO,N/A,SOLO DAÑOS,Choque,Impericia en el manejo,Tramo 373 Kilometro  11,VEREDA PALMAS,Rural,
2172810,09/22/2017,4:00 p.m.,viernes,MOTOCICLETA,PARTICULAR,Motociclista,Masculino,NO,N/A,SOLO DAÑOS,Choque,Impericia en el manejo,Tramo 373 Kilometro  11,VEREDA PALMAS,Rural,
2172828,09/22/2017,7:40 p.m.,viernes,AUTOMOVIL,PARTICULAR,Conductor,Masculino,NO,N/A,SOLO DAÑOS,Choque,Adelantar cerrando,Carrera 50 Calle 37  Sur,LAS VEGAS,Urbana,
2172828,09/22/2017,7:40 p.m.,viernes,CAMION,PUBLICO,Conductor,Masculino,NO,N/A,SOLO DAÑOS,Choque,Adelantar cerrando,Carrera 50 Calle 37  Sur,LAS VEGAS,Urbana,
2172814,09/22/2017,11:15 a.m.,viernes,AUTOMOVIL,PUBLICO,Conductor,Masculino,NO,N/A,SOLO DAÑOS,Choque,No mantener distancia de seguridad,Carrera 29 Calle 36  Sur,LA MAGNOLIA,Urbana,
2172814,09/22/2017,11:15 a.m.,viernes,AUTOMOVIL,DIPLOMATICO,Conductor,Femenino,NO,N/A,SOLO DAÑOS,Choque,No mantener distancia de seguridad,Carrera 29 Calle 36  Sur,LA MAGNOLIA,Urbana,
2172814,09/22/2017,11:15 a.m.,viernes,AUTOMOVIL,PARTICULAR,Conductor,Femenino,NO,N/A,SOLO DAÑOS,Choque,No mantener distancia de seguridad,Carrera 29 Calle 36  Sur,LA MAGNOLIA,Urbana,
2172807,09/22/2017,5:10 p.m.,viernes,AUTOMOVIL,PARTICULAR,Conductor,Femenino,NO,N/A,SOLO DAÑOS,Choque,No respetar pelacion de interseccion o giros,Diagonal 33 Transversal 34 E Sur,LOS NARANJOS,Urbana,"(6.172651904, -75.583822418)"
2172807,09/22/2017,5:10 p.m.,viernes,MOTOCICLETA,PARTICULAR,Motociclista,Masculino,NO,N/A,SOLO DAÑOS,Choque,Adelantar cerrando,Diagonal 33 Transversal 34 E Sur,LOS NARANJOS,Urbana,"(6.172651904, -75.583822418)"
2172807,09/22/2017,5:10 p.m.,viernes,MOTOCICLETA,PARTICULAR,Motociclista,Masculino,NO,N/A,SOLO DAÑOS,Choque,No respetar pelacion de interseccion o giros,Diagonal 33 Transversal 34 E Sur,LOS NARANJOS,Urbana,"(6.172651904, -75.583822418)"
2172807,09/22/2017,5:10 p.m.,viernes,AUTOMOVIL,PARTICULAR,Conductor,Femenino,NO,N/A,SOLO DAÑOS,Choque,Adelantar cerrando,Diagonal 33 Transversal 34 E Sur,LOS NARANJOS,Urbana,"(6.172651904, -75.583822418)"
2172854,09/22/2017,2:20 p.m.,viernes,AUTOMOVIL,PUBLICO,Conductor,Masculino,NO,N/A,SOLO DAÑOS,Choque,No respetar prelacion,Calle 30  Sur Carrera 45 A,JARDINES,Urbana,"(6.178033442, -75.586523966)"
2172854,09/22/2017,2:20 p.m.,viernes,MOTOCICLETA,PARTICULAR,Motociclista,Masculino,NO,N/A,SOLO DAÑOS,Choque,No respetar prelacion,Calle 30  Sur Carrera 45 A,JARDINES,Urbana,"(6.178033442, -75.586523966)"
2172833,09/22/2017,5:29 p.m.,viernes,AUTOMOVIL,PUBLICO,Conductor,Masculino,NO,N/A,HERIDO,Atropello,Desobedecer senales,Transversal 34  Sur Diagonal 32 D,LA MAGNOLIA,Urbana,"(6.172948966, -75.583251171)"
2172833,09/22/2017,5:29 p.m.,viernes,CAMIONETA,PARTICULAR,Conductor,Masculino,NO,N/A,HERIDO,Atropello,Desobedecer senales,Transversal 34  Sur Diagonal 32 D,LA MAGNOLIA,Urbana,"(6.172948966, -75.583251171)"
2172803,09/22/2017,4:30 p.m.,viernes,AUTOMOVIL,PARTICULAR,Conductor,Masculino,NO,N/A,SOLO DAÑOS,Choque,Desobedecer senales,Carrera 26 Calle 39 A Sur,ALCALA,Urbana,"(6.157623345, -75.579302836)"
2172803,09/22/2017,4:30 p.m.,viernes,MOTOCICLETA,PARTICULAR,Motociclista,Masculino,NO,N/A,SOLO DAÑOS,Choque,Desobedecer senales,Carrera 26 Calle 39 A Sur,ALCALA,Urbana,"(6.157623345, -75.579302836)"
2172811,09/22/2017,2:30 p.m.,viernes,AUTOMOVIL,PARTICULAR,Conductor,Masculino,NO,N/A,HERIDO,Choque,No respetar pelacion de interseccion o giros,Carrera 40 A Calle 40 B Sur,EL DORADO,Urbana,"(6.165850422, -75.587816881)"
2172811,09/22/2017,2:30 p.m.,viernes,MOTOCICLETA,PARTICULAR,Motociclista,Masculino,NO,N/A,HERIDO,Choque,No respetar pelacion de interseccion o giros,Carrera 40 A Calle 40 B Sur,EL DORADO,Urbana,"(6.165850422, -75.587816881)"
2172799,09/22/2017,9:30 p.m.,viernes,AUTOMOVIL,PUBLICO,Conductor,Masculino,NO,N/A,SOLO DAÑOS,Choque,No mantener distancia de seguridad,Calle 40  Sur Carrera 40,EL DORADO,Urbana,"(6.166958927, -75.587854034)"
2172799,09/22/2017,9:30 p.m.,viernes,AUTOMOVIL,PARTICULAR,Conductor,Masculino,NO,N/A,SOLO DAÑOS,Choque,No mantener distancia de seguridad,Calle 40  Sur Carrera 40,EL DORADO,Urbana,"(6.166958927, -75.587854034)"
2172809,09/22/2017,1:50 p.m.,viernes,AUTOMOVIL,PARTICULAR,Conductor,Masculino,NO,N/A,SOLO DAÑOS,Choque,No respetar pelacion de interseccion o giros,Carrera 43 A Calle 45 A Sur,LA PAZ,Urbana,"(6.165116925, -75.594483161)"
2172809,09/22/2017,1:50 p.m.,viernes,MOTOCICLETA,PARTICULAR,Motociclista,Femenino,NO,N/A,SOLO DAÑOS,Choque,No respetar pelacion de interseccion o giros,Carrera 43 A Calle 45 A Sur,LA PAZ,Urbana,"(6.165116925, -75.594483161)"
2172798,09/22/2017,10:00 p.m.,viernes,CAMPERO,PARTICULAR,Conductor,Masculino,NO,N/A,SOLO DAÑOS,Choque,Adelantar cerrando,Carrera 48 Calle 38  Sur,LAS VEGAS,Urbana,"(6.172747818, -75.592698171)"
2172798,09/22/2017,10:00 p.m.,viernes,AUTOMOVIL,PUBLICO,Conductor,Masculino,NO,N/A,SOLO DAÑOS,Choque,Adelantar cerrando,Carrera 48 Calle 38  Sur,LAS VEGAS,Urbana,"(6.172747818, -75.592698171)"
2172813,09/22/2017,4:50 p.m.,viernes,CAMION,PUBLICO,Conductor,Masculino,NO,N/A,HERIDO,Choque,Transitar entre vehiculos,Carrera 50 Calle 39  Sur,LAS VEGAS,Urbana,
2172813,09/22/2017,4:50 p.m.,viernes,MOTOCICLETA,PARTICULAR,Motociclista,Masculino,NO,N/A,HERIDO,Choque,Transitar entre vehiculos,Carrera 50 Calle 39  Sur,LAS VEGAS,Urbana,
2172815,09/23/2017,3:00 a.m.,sábado,AUTOMOVIL,PARTICULAR,Conductor,Masculino,NO,N/A,SOLO DAÑOS,Choque,Semaforo en rojo,Carrera 43 A Calle 45  Sur,LA PAZ,Urbana,"(6.165116925, -75.594483161)"
2172815,09/23/2017,3:00 a.m.,sábado,AUTOMOVIL,PUBLICO,Conductor,Masculino,NO,N/A,SOLO DAÑOS,Choque,Semaforo en rojo,Carrera 43 A Calle 45  Sur,LA PAZ,Urbana,"(6.165116925, -75.594483161)"
2172836,09/23/2017,2:00 p.m.,sábado,AUTOMOVIL,PARTICULAR,Conductor,Femenino,NO,N/A,SOLO DAÑOS,Choque,No respetar prelacion,Calle 48 C Sur Carrera 46,LAS CASITAS,Urbana,"(6.162854875, -75.599744367)"
2172836,09/23/2017,2:00 p.m.,sábado,CAMPERO,PARTICULAR,Conductor,Masculino,NO,N/A,SOLO DAÑOS,Choque,No respetar prelacion,Calle 48 C Sur Carrera 46,LAS CASITAS,Urbana,"(6.162854875, -75.599744367)"
2172821,09/23/2017,12:15 p.m.,sábado,CAMIONETA,PARTICULAR,Conductor,Masculino,NO,N/A,SOLO DAÑOS,Choque,No mantener distancia de seguridad,Carrera 27 Calle 23  Sur,LA INMACULADA,Urbana,"(6.176588834, -75.567445991)"
2172821,09/23/2017,12:15 p.m.,sábado,AUTOMOVIL,PARTICULAR,Conductor,Masculino,NO,N/A,SOLO DAÑOS,Choque,No mantener distancia de seguridad,Carrera 27 Calle 23  Sur,LA INMACULADA,Urbana,"(6.176588834, -75.567445991)"
2172812,09/23/2017,12:20 p.m.,sábado,AUTOMOVIL,PARTICULAR,Conductor,Masculino,NO,N/A,SOLO DAÑOS,Choque,Adelantar cerrando,Carrera 41 Calle 38  Sur,ZONA CENTRO,Urbana,"(6.169124429, -75.586560125)"
2172812,09/23/2017,12:20 p.m.,sábado,BUS,PUBLICO,Conductor,Masculino,NO,N/A,SOLO DAÑOS,Choque,Adelantar cerrando,Carrera 41 Calle 38  Sur,ZONA CENTRO,Urbana,"(6.169124429, -75.586560125)"
2172806,09/23/2017,10:20 a.m.,sábado,CAMPERO,PARTICULAR,Conductor,Masculino,NO,N/A,SOLO DAÑOS,Choque,Reverso imprudente,Carrera 41 Calle 35  Sur,ZONA CENTRO,Urbana,"(6.171178893, -75.585314019)"
2172806,09/23/2017,10:20 a.m.,sábado,AUTOMOVIL,PARTICULAR,Conductor,Masculino,NO,N/A,SOLO DAÑOS,Choque,Reverso imprudente,Carrera 41 Calle 35  Sur,ZONA CENTRO,Urbana,"(6.171178893, -75.585314019)"
2172805,09/23/2017,9:30 p.m.,sábado,MICROBUS,PUBLICO,Conductor,Masculino,NO,N/A,SOLO DAÑOS,Choque,Transitar entre vehiculos,Calle 38 A Sur Carrera 39,ZONA CENTRO,Urbana,"(6.167679571, -75.585676277)"
2172805,09/23/2017,9:30 p.m.,sábado,MOTOCICLETA,PARTICULAR,Motociclista,Masculino,NO,N/A,SOLO DAÑOS,Choque,Transitar entre vehiculos,Calle 38 A Sur Carrera 39,ZONA CENTRO,Urbana,"(6.167679571, -75.585676277)"
2172808,09/23/2017,1:50 p.m.,sábado,CAMIONETA,PARTICULAR,Conductor,Masculino,NO,N/A,SOLO DAÑOS,Choque,Impericia en el manejo,Carrera 44 Calle 23  Sur,ZU├æIGA,Urbana,"(6.182930127, -75.5809396)"
2172818,09/23/2017,7:50 a.m.,sábado,AUTOMOVIL,PARTICULAR,Conductor,Femenino,NO,N/A,SOLO DAÑOS,Choque,Adelantar cerrando,Diagonal 31 Transversal 32  Sur,LA MAGNOLIA,Urbana,"(6.174681134, -75.578471041)"
2172818,09/23/2017,7:50 a.m.,sábado,AUTOMOVIL,PUBLICO,Conductor,Masculino,NO,N/A,SOLO DAÑOS,Choque,Adelantar cerrando,Diagonal 31 Transversal 32  Sur,LA MAGNOLIA,Urbana,"(6.174681134, -75.578471041)"
2172835,09/23/2017,12:50 p.m.,sábado,MOTOCICLETA,PARTICULAR,Motociclista,Masculino,NO,N/A,SOLO DAÑOS,Choque,No respetar prelacion,Carrera 39 Calle 35  Sur,LOS NARANJOS,Urbana,"(6.170244983, -75.583941503)"
2172835,09/23/2017,12:50 p.m.,sábado,MOTOCICLETA,PARTICULAR,Motociclista,Masculino,NO,N/A,SOLO DAÑOS,Choque,No respetar pelacion de interseccion o giros,Carrera 39 Calle 35  Sur,LOS NARANJOS,Urbana,"(6.170244983, -75.583941503)"
2172835,09/23/2017,12:50 p.m.,sábado,MOTOCICLETA,PARTICULAR,Motociclista,Masculino,NO,N/A,SOLO DAÑOS,Choque,No respetar prelacion,Carrera 39 Calle 35  Sur,LOS NARANJOS,Urbana,"(6.170244983, -75.583941503)"
2172835,09/23/2017,12:50 p.m.,sábado,MOTOCICLETA,PARTICULAR,Motociclista,Masculino,NO,N/A,SOLO DAÑOS,Choque,No respetar pelacion de interseccion o giros,Carrera 39 Calle 35  Sur,LOS NARANJOS,Urbana,"(6.170244983, -75.583941503)"
2172824,09/24/2017,6:00 p.m.,domingo,MOTOCICLETA,PARTICULAR,Motociclista,Masculino,NO,N/A,HERIDO,Choque,Adelantar en zona prohibida,Calle 27  Sur Carrera 27,EL ESMERALDAL,Urbana,"(6.17243521, -75.567871917)"
2172824,09/24/2017,6:00 p.m.,domingo,CAMIONETA,PARTICULAR,Conductor,Masculino,NO,N/A,HERIDO,Choque,Adelantar en zona prohibida,Calle 27  Sur Carrera 27,EL ESMERALDAL,Urbana,"(6.17243521, -75.567871917)"
2172822,09/24/2017,9:10 a.m.,domingo,BUS,PUBLICO,Conductor,Masculino,NO,N/A,HERIDO,Choque,Desobedecer senales,Carrera 27 A Calle 27  Sur,EL ESMERALDAL,Urbana,"(6.168684513, -75.569950443)"
2172822,09/24/2017,9:10 a.m.,domingo,MOTOCICLETA,PARTICULAR,Motociclista,Masculino,NO,N/A,HERIDO,Choque,Desobedecer senales,Carrera 27 A Calle 27  Sur,EL ESMERALDAL,Urbana,"(6.168684513, -75.569950443)"
2172834,09/24/2017,7:40 p.m.,domingo,MOTOCICLETA,PARTICULAR,Motociclista,Masculino,NO,N/A,HERIDO,Atropello,Semaforo en rojo,Carrera 48 Calle 19  Sur,LAS VEGAS,Urbana,"(6.187349001, -75.581535682)"
2172817,09/24/2017,12:10 p.m.,domingo,MOTOCICLETA,PARTICULAR,Motociclista,Masculino,NO,N/A,SOLO DAÑOS,Choque,Adelantar en zona prohibida,Calle 36 D Sur Carrera 27,VEREDA EL ESCOBERO,Urbana,"(6.162479576, -75.570222573)"
2172817,09/24/2017,12:10 p.m.,domingo,AUTOMOVIL,PARTICULAR,Conductor,Masculino,NO,N/A,SOLO DAÑOS,Choque,Adelantar en zona prohibida,Calle 36 D Sur Carrera 27,VEREDA EL ESCOBERO,Urbana,"(6.162479576, -75.570222573)"
2172826,09/24/2017,2:20 p.m.,domingo,BUS,PUBLICO,Conductor,Masculino,NO,N/A,SOLO DAÑOS,Choque,Reverso imprudente,Carrera 49 Calle 37  Sur,LAS VEGAS,Urbana,
2172825,09/24/2017,8:30 p.m.,domingo,BUS,PUBLICO,Conductor,Masculino,NO,N/A,HERIDO,Caida Ocupante,Desobedecer senales,Calle 41 A Sur Carrera 26,SAN RAFAEL,Urbana,"(6.157546483, -75.583386351)"
2172831,09/24/2017,5:30 p.m.,domingo,AUTOMOVIL,PARTICULAR,Conductor,Masculino,NO,N/A,SOLO DAÑOS,Choque,Adelantar en zona prohibida,Tramo 373 Kilometro  10,VEREDA PALMAS,Rural,
2172831,09/24/2017,5:30 p.m.,domingo,CAMPERO,PARTICULAR,Conductor,Femenino,NO,N/A,SOLO DAÑOS,Choque,Adelantar en zona prohibida,Tramo 373 Kilometro  10,VEREDA PALMAS,Rural,
2172838,09/24/2017,5:30 p.m.,domingo,AUTOMOVIL,PARTICULAR,Conductor,Masculino,NO,N/A,HERIDO,Choque,Exceso de velocidad,Tramo 372 Kilometro  17,VEREDA PALMAS,Rural,
2172838,09/24/2017,5:30 p.m.,domingo,AUTOMOVIL,PARTICULAR,Conductor,Femenino,NO,N/A,HERIDO,Choque,Exceso de velocidad,Tramo 372 Kilometro  17,VEREDA PALMAS,Rural,
2172801,09/24/2017,10:00 p.m.,domingo,MOTOCICLETA,PARTICULAR,Motociclista,Masculino,NO,N/A,HERIDO,Choque,Embriaguez o droga,Carrera 48 Calle 26  Sur,LAS VEGAS,Urbana,"(6.183318111, -75.585537184)"
2172801,09/24/2017,10:00 p.m.,domingo,MOTOCICLETA,PARTICULAR,Motociclista,Masculino,NO,N/A,HERIDO,Choque,Impericia en el manejo,Carrera 48 Calle 26  Sur,LAS VEGAS,Urbana,"(6.183318111, -75.585537184)"
2172801,09/24/2017,10:00 p.m.,domingo,MOTOCICLETA,PARTICULAR,Motociclista,Masculino,NO,N/A,HERIDO,Choque,Embriaguez o droga,Carrera 48 Calle 26  Sur,LAS VEGAS,Urbana,"(6.183318111, -75.585537184)"
2172801,09/24/2017,10:00 p.m.,domingo,MOTOCICLETA,PARTICULAR,Motociclista,Masculino,NO,N/A,HERIDO,Choque,Impericia en el manejo,Carrera 48 Calle 26  Sur,LAS VEGAS,Urbana,"(6.183318111, -75.585537184)"
2172844,09/25/2017,7:00 p.m.,lunes,MOTOCICLETA,PARTICULAR,Motociclista,Masculino,NO,N/A,HERIDO,Atropello,Semaforo en rojo,Transversal 36  Sur Diagonal 31,LA SEBASTIANA,Urbana,"(6.16838256, -75.580579153)"
2172827,09/25/2017,1:00 p.m.,lunes,CAMIONETA,PARTICULAR,Conductor,Masculino,NO,N/A,SOLO DAÑOS,Choque,No respetar prelacion,Carrera 27 D Calle 36 C Sur,VEREDA EL ESCOBERO,Urbana,"(6.165786744, -75.573801385)"