RADICADO,FECHA,HORA,DÍA DE LA SEMANA,CLASE DE VEHICULO,TIPO DE SERVICIO,TIPO DE VICTIMA,SEXO,ESTADO DE BEODEZ,RESULTADO DE BEODEZ,GRAVEDAD,CLASE DE ACCIDENTE,CAUSA,DIRECCIÓN,BARRIO,AREA,Coordenadas
2173149,10/23/2017,7:05 p.m.,lunes,AUTOMOVIL,PARTICULAR,Conductor,Masculino,NO,N/A,SOLO DAÑOS,Choque,Adelantar invadiendo carril del mismo sentido en zigzag,Calle 50  Sur Carrera 48,LAS VEGAS,Urbana,
2173149,10/23/2017,7:05 p.m.,lunes,AUTOMOVIL,PARTICULAR,Conductor,Masculino,NO,N/A,SOLO DAÑOS,Choque,Adelantar invadiendo carril del mismo sentido en zigzag,Calle 50  Sur Carrera 48,LAS VEGAS,Urbana,
2173152,10/23/2017,10:05 a.m.,lunes,CAMIONETA,PARTICULAR,Conductor,Masculino,NO,N/A,SOLO DAÑOS,Choque,Impericia en el manejo,Carrera 50 Calle 29  Sur,LAS VEGAS,Urbana,"(6.182760672, -75.58882785)"
2173152,10/23/2017,10:05 a.m.,lunes,AUTOMOVIL,PARTICULAR,Conductor,Masculino,NO,N/A,SOLO DAÑOS,Choque,Impericia en el manejo,Carrera 50 Calle 29  Sur,LAS VEGAS,Urbana,"(6.182760672, -75.58882785)"
2173152,10/23/2017,10:05 a.m.,lunes,AUTOMOVIL,PARTICULAR,Conductor,Masculino,NO,N/A,SOLO DAÑOS,Choque,Impericia en el manejo,Carrera 50 Calle 29  Sur,LAS VEGAS,Urbana,"(6.182760672, -75.58882785)"
2173142,10/23/2017,5:05 p.m.,lunes,BUS,PUBLICO,Conductor,Masculino,NO,N/A,HERIDO,Choque,No respetar prelacion,Carrera 48 Calle 38  Sur,LAS VEGAS,Urbana,"(6.172747818, -75.592698171)"
2173142,10/23/2017,5:05 p.m.,lunes,MOTOCICLETA,PARTICULAR,Motociclista,Masculino,NO,N/A,HERIDO,Choque,No respetar prelacion,Carrera 48 Calle 38  Sur,LAS VEGAS,Urbana,"(6.172747818, -75.592698171)"
2173137,10/23/2017,7:10 a.m.,lunes,CAMION,PUBLICO,Conductor,Masculino,NO,N/A,SOLO DAÑOS,Choque,Desobedecer senales,Diagonal 30 Transversal 36  Sur,LA PRADERA,Urbana,
2173137,10/23/2017,7:10 a.m.,lunes,AUTOMOVIL,PARTICULAR,Conductor,Femenino,NO,N/A,SOLO DAÑOS,Choque,Desobedecer senales,Diagonal 30 Transversal 36  Sur,LA PRADERA,Urbana,
2173148,10/23/2017,7:50 p.m.,lunes,AUTOMOVIL,PUBLICO,Conductor,Masculino,NO,N/A,HERIDO,Atropello,Poner en marcha un vehiculo sin precauci,Carrera 48 Calle 50  Sur,LAS CASITAS,Urbana,
2173139,10/23/2017,8:15 a.m.,lunes,MOTOCICLETA,PARTICULAR,Motociclista,Masculino,NO,N/A,HERIDO,Choque,Exceso de velocidad,Calle 39  Sur Carrera 25 B,EL CHINGU├ì,Urbana,"(6.157563812, -75.579224131)"
2173139,10/23/2017,8:15 a.m.,lunes,MOTOCICLETA,PARTICULAR,Motociclista,Masculino,NO,N/A,HERIDO,Choque,Exceso de velocidad,Calle 39  Sur Carrera 25 B,EL CHINGU├ì,Urbana,"(6.157563812, -75.579224131)"
2173143,10/23/2017,3:20 p.m.,lunes,MOTOCICLETA,PARTICULAR,Motociclista,Masculino,NO,N/A,HERIDO,Atropello,Transitar por la calzada,Carrera 48 Calle 49 B Sur,LAS VEGAS,Urbana,"(6.162599027, -75.602787472)"
2173146,10/23/2017,7:20 a.m.,lunes,MOTOCICLETA,PARTICULAR,Motociclista,Masculino,NO,N/A,HERIDO,Atropello,Semaforo en rojo,Calle 37  Sur Carrera 39,ZONA CENTRO,Urbana,"(6.169035546, -75.584847552)"
2173144,10/23/2017,12:27 p.m.,lunes,AUTOMOVIL,PUBLICO,Conductor,Masculino,NO,N/A,SOLO DAÑOS,Choque,No mantener distancia de seguridad,Calle 40 C Sur Carrera 28,LA MINA,Urbana,"(6.15995956, -75.581966189)"
2173144,10/23/2017,12:27 p.m.,lunes,MOTOCICLETA,PARTICULAR,Motociclista,Femenino,NO,N/A,SOLO DAÑOS,Choque,No mantener distancia de seguridad,Calle 40 C Sur Carrera 28,LA MINA,Urbana,"(6.15995956, -75.581966189)"
2173128,10/23/2017,8:40 p.m.,lunes,MOTOCICLETA,PARTICULAR,Motociclista,Masculino,NO,N/A,MUERTO,Choque,Exceso de velocidad,Carrera 50 Calle 29  Sur,LAS VEGAS,Urbana,"(6.182760672, -75.58882785)"
2173162,10/23/2017,6:25 p.m.,lunes,BUS,PUBLICO,Conductor,Masculino,NO,N/A,HERIDO,Choque,Exceso de velocidad,Carrera 43 Transversal 32 C Sur,LA MAGNOLIA,Urbana,"(6.174013578, -75.585389888)"
2173162,10/23/2017,6:25 p.m.,lunes,MOTOCICLETA,PARTICULAR,Motociclista,Masculino,NO,N/A,HERIDO,Choque,Exceso de velocidad,Carrera 43 Transversal 32 C Sur,LA MAGNOLIA,Urbana,"(6.174013578, -75.585389888)"
2173131,10/23/2017,7:30 a.m.,lunes,AUTOMOVIL,PARTICULAR,Conductor,Femenino,NO,N/A,SOLO DAÑOS,Choque,No mantener distancia de seguridad,Tramo 373 Kilometro  12,VEREDA PALMAS,Rural,
2173131,10/23/2017,7:30 a.m.,lunes,MOTOCICLETA,PARTICULAR,Motociclista,Femenino,NO,N/A,SOLO DAÑOS,Choque,No mantener distancia de seguridad,Tramo 373 Kilometro  12,VEREDA PALMAS,Rural,
2173138,10/23/2017,9:53 p.m.,lunes,AUTOMOVIL,PARTICULAR,Conductor,Masculino,NO,N/A,SOLO DAÑOS,Choque,No mantener distancia de seguridad,Carrera 45 Calle 33 B Sur,SAN MARCOS,Urbana,"(6.174064011, -75.587960723)"
2173138,10/23/2017,9:53 p.m.,lunes,AUTOMOVIL,PARTICULAR,Conductor,Masculino,NO,N/A,SOLO DAÑOS,Choque,No mantener distancia de seguridad,Carrera 45 Calle 33 B Sur,SAN MARCOS,Urbana,"(6.174064011, -75.587960723)"
2173136,10/23/2017,7:50 a.m.,lunes,AUTOMOVIL,PUBLICO,Conductor,Masculino,NO,N/A,SOLO DAÑOS,Choque,Adelantar cerrando,Carrera 48 Calle 25 B Sur,LAS VEGAS,Urbana,"(6.182713275, -75.585780886)"
2173136,10/23/2017,7:50 a.m.,lunes,AUTOMOVIL,PARTICULAR,Conductor,Masculino,NO,N/A,SOLO DAÑOS,Choque,Adelantar cerrando,Carrera 48 Calle 25 B Sur,LAS VEGAS,Urbana,"(6.182713275, -75.585780886)"
2173161,10/23/2017,6:50 p.m.,lunes,MOTOCICLETA,DIPLOMATICO,Motociclista,Masculino,NO,N/A,HERIDO,Choque,No respetar pelacion de interseccion o giros,Calle 40 D Sur Carrera 40 A,LA INMACULADA,Urbana,"(6.165612827, -75.588340498)"
2173161,10/23/2017,6:50 p.m.,lunes,MOTOCICLETA,PARTICULAR,Motociclista,Masculino,NO,N/A,HERIDO,Choque,No respetar pelacion de interseccion o giros,Calle 40 D Sur Carrera 40 A,LA INMACULADA,Urbana,"(6.165612827, -75.588340498)"
2173160,10/24/2017,7:30 p.m.,martes,CAMIONETA,PARTICULAR,Conductor,Masculino,NO,N/A,HERIDO,Choque,Arrancar sin precaucion,Carrera 50 Calle 39  Sur,LAS VEGAS,Urbana,
2173160,10/24/2017,7:30 p.m.,martes,MOTOCICLETA,PARTICULAR,Motociclista,Masculino,NO,N/A,HERIDO,Choque,Arrancar sin precaucion,Carrera 50 Calle 39  Sur,LAS VEGAS,Urbana,
2173153,10/24/2017,2:00 p.m.,martes,CAMION,PUBLICO,Conductor,Masculino,NO,N/A,SOLO DAÑOS,Choque,Arrancar sin precaucion,Calle 24  Sur Carrera 38,N/R,Urbana,"(6.177798131, -75.5727217)"
2173153,10/24/2017,2:00 p.m.,martes,AUTOMOVIL,PARTICULAR,Conductor,Femenino,NO,N/A,SOLO DAÑOS,Choque,Arrancar sin precaucion,Calle 24  Sur Carrera 38,N/R,Urbana,"(6.177798131, -75.5727217)"
2173150,10/24/2017,4:10 p.m.,martes,CAMION,PUBLICO,Conductor,Masculino,NO,N/A,HERIDO,Choque,Reverso imprudente,Carrera 49 Calle 29  Sur,LAS VEGAS,Urbana,
2173150,10/24/2017,4:10 p.m.,martes,CAMION,PUBLICO,Conductor,Masculino,NO,N/A,HERIDO,Choque,Reverso imprudente,Carrera 49 Calle 29  Sur,LAS VEGAS,Urbana,
2173154,10/24/2017,6:10 p.m.,martes,BUS,PUBLICO,Conductor,Masculino,NO,N/A,SOLO DAÑOS,Choque,No mantener distancia de seguridad,Calle 37  Sur Carrera 29 A,MESA,Urbana,"(6.166159821, -75.580618636)"
2173154,10/24/2017,6:10 p.m.,martes,CAMIONETA,PARTICULAR,Conductor,Masculino,NO,N/A,SOLO DAÑOS,Choque,No mantener distancia de seguridad,Calle 37  Sur Carrera 29 A,MESA,Urbana,"(6.166159821, -75.580618636)"
2173151,10/24/2017,6:30 a.m.,martes,MICROBUS,PUBLICO,Conductor,Masculino,NO,N/A,SOLO DAÑOS,Choque,No mantener distancia de seguridad,Calle 38  Sur Carrera 43 A,ZONA CENTRO,Urbana,"(6.170537577, -75.588625139)"
2173151,10/24/2017,6:30 a.m.,martes,AUTOMOVIL,PUBLICO,Conductor,Masculino,NO,N/A,SOLO DAÑOS,Choque,No mantener distancia de seguridad,Calle 38  Sur Carrera 43 A,ZONA CENTRO,Urbana,"(6.170537577, -75.588625139)"
2173159,10/24/2017,6:15 p.m.,martes,AUTOMOVIL,PARTICULAR,Conductor,Femenino,NO,N/A,SOLO DAÑOS,Choque,No mantener distancia de seguridad,Carrera 48 Calle 37  Sur,GLORIETA EXITO,Urbana,"(6.172859211, -75.592769925)"
2173159,10/24/2017,6:15 p.m.,martes,CAMION,PUBLICO,Conductor,Masculino,NO,N/A,SOLO DAÑOS,Choque,No mantener distancia de seguridad,Carrera 48 Calle 37  Sur,GLORIETA EXITO,Urbana,"(6.172859211, -75.592769925)"
2173156,10/24/2017,5:20 p.m.,martes,AUTOMOVIL,PARTICULAR,Conductor,Femenino,NO,N/A,HERIDO,Choque,Adelantar invadiendo carril del mismo sentido en zigzag,Carrera 42 Calle 41 B,EL DORADO,Urbana,"(6.165452222, -75.591569907)"
2173156,10/24/2017,5:20 p.m.,martes,MOTOCICLETA,PARTICULAR,Motociclista,Masculino,NO,N/A,HERIDO,Choque,Adelantar invadiendo carril del mismo sentido en zigzag,Carrera 42 Calle 41 B,EL DORADO,Urbana,"(6.165452222, -75.591569907)"
2173147,10/24/2017,6:50 a.m.,martes,CAMPERO,PARTICULAR,Conductor,Femenino,NO,N/A,HERIDO,Choque,Transitar uno al lado del otro,Tramo 373 Kilometro  12,VEREDA PALMAS,Rural,
2173147,10/24/2017,6:50 a.m.,martes,BICICLETA,N/A,Ciclista,Masculino,NO,N/A,HERIDO,Choque,Impericia en el manejo,Tramo 373 Kilometro  12,VEREDA PALMAS,Rural,
2173147,10/24/2017,6:50 a.m.,martes,BICICLETA,N/A,Ciclista,Masculino,NO,N/A,HERIDO,Choque,Transitar uno al lado del otro,Tramo 373 Kilometro  12,VEREDA PALMAS,Rural,
2173147,10/24/2017,6:50 a.m.,martes,CAMPERO,PARTICULAR,Conductor,Femenino,NO,N/A,HERIDO,Choque,Impericia en el manejo,Tramo 373 Kilometro  12,VEREDA PALMAS,Rural,
2173141,10/24/2017,7:40 a.m.,martes,AUTOMOVIL,PARTICULAR,Conductor,Masculino,NO,N/A,HERIDO,Choque,Adelantar invadiendo carril del mismo sentido en zigzag,Carrera 48 Calle 27 A,LAS VEGAS,Urbana,"(6.181312425, -75.58688511)"
2173141,10/24/2017,7:40 a.m.,martes,AUTOMOVIL,PARTICULAR,Conductor,Masculino,NO,N/A,HERIDO,Choque,Adelantar invadiendo carril del mismo sentido en zigzag,Carrera 48 Calle 27 A,LAS VEGAS,Urbana,"(6.181312425, -75.58688511)"
2173141,10/24/2017,7:40 a.m.,martes,MOTOCICLETA,PARTICULAR,Motociclista,Masculino,NO,N/A,HERIDO,Choque,Adelantar invadiendo carril del mismo sentido en zigzag,Carrera 48 Calle 27 A,LAS VEGAS,Urbana,"(6.181312425, -75.58688511)"
2173155,10/24/2017,4:45 p.m.,martes,CAMIONETA,PARTICULAR,Conductor,Masculino,NO,N/A,SOLO DAÑOS,Choque,No mantener distancia de seguridad,Carrera 50 Calle 37  Sur,LAS VEGAS,Urbana,
2173155,10/24/2017,4:45 p.m.,martes,MOTOCICLETA,PARTICULAR,Motociclista,Masculino,NO,N/A,SOLO DAÑOS,Choque,No mantener distancia de seguridad,Carrera 50 Calle 37  Sur,LAS VEGAS,Urbana,
2173177,10/27/2017,5:40 p.m.,viernes,CAMPERO,PARTICULAR,Conductor,Masculino,NO,N/A,SOLO DAÑOS,Choque,Impericia en el manejo,Carrera 24 B Calle 40 A Sur,LA MINA,Urbana,
2173168,10/24/2017,8:50 a.m.,martes,AUTOMOVIL,PARTICULAR,Conductor,Masculino,NO,N/A,SOLO DAÑOS,Choque,Desobedecer senales,Diagonal 31 Transversal 35,LA SEBASTIANA,Urbana,"(6.170095297, -75.579612082)"
2173168,10/24/2017,8:50 a.m.,martes,AUTOMOVIL,PARTICULAR,Conductor,Masculino,NO,N/A,SOLO DAÑOS,Choque,Desobedecer senales,Diagonal 31 Transversal 35,LA SEBASTIANA,Urbana,"(6.170095297, -75.579612082)"
2173145,10/24/2017,7:50 a.m.,martes,BUS,PUBLICO,Conductor,Masculino,NO,N/A,HERIDO,Choque,No mantener distancia de seguridad,Carrera 48 Calle 39  Sur,LAS VEGAS,Urbana,"(6.17163722, -75.593649993)"
2173145,10/24/2017,7:50 a.m.,martes,MOTOCICLETA,PARTICULAR,Motociclista,Masculino,NO,N/A,HERIDO,Choque,No mantener distancia de seguridad,Carrera 48 Calle 39  Sur,LAS VEGAS,Urbana,"(6.17163722, -75.593649993)"
2173157,10/24/2017,11:50 a.m.,martes,CAMIONETA,PARTICULAR,Conductor,Masculino,NO,N/A,SOLO DAÑOS,Choque,Reverso imprudente,Calle 25 B Sur Carrera 45,VILLA GRANDE,Urbana,"(6.182085855, -75.585029253)"
2173157,10/24/2017,11:50 a.m.,martes,AUTOMOVIL,PARTICULAR,Conductor,Femenino,NO,N/A,SOLO DAÑOS,Choque,Reverso imprudente,Calle 25 B Sur Carrera 45,VILLA GRANDE,Urbana,"(6.182085855, -75.585029253)"
2173200,10/25/2017,6:17 a.m.,miércoles,BUS,PUBLICO,Conductor,Masculino,NO,N/A,SOLO DAÑOS,Choque,Desobedecer senales,Carrera 49 Calle 39  Sur,LAS VEGAS,Urbana,"(6.173609359, -75.597070569)"
2173200,10/25/2017,6:17 a.m.,miércoles,MOTOCICLETA,PARTICULAR,Conductor,Masculino,NO,N/A,SOLO DAÑOS,Choque,Desobedecer senales,Carrera 49 Calle 39  Sur,LAS VEGAS,Urbana,"(6.173609359, -75.597070569)"
2173200,10/25/2017,6:17 a.m.,miércoles,CAMION,PUBLICO,Conductor,Masculino,NO,N/A,SOLO DAÑOS,Choque,Desobedecer senales,Carrera 49 Calle 39  Sur,LAS VEGAS,Urbana,"(6.173609359, -75.597070569)"
2173163,10/25/2017,2:15 p.m.,miércoles,AUTOMOVIL,PARTICULAR,Conductor,Masculino,NO,N/A,SOLO DAÑOS,Choque,Adelantar en zona prohibida,Carrera 38 Calle 38  Sur,MESA,Urbana,"(6.167921341, -75.584671679)"
2173163,10/25/2017,2:15 p.m.,miércoles,MOTOCICLETA,PARTICULAR,Motociclista,Masculino,NO,N/A,SOLO DAÑOS,Choque,Girar bruscamente,Carrera 38 Calle 38  Sur,MESA,Urbana,"(6.167921341, -75.584671679)"
2173163,10/25/2017,2:15 p.m.,miércoles,MOTOCICLETA,PARTICULAR,Motociclista,Masculino,NO,N/A,SOLO DAÑOS,Choque,Adelantar en zona prohibida,Carrera 38 Calle 38  Sur,MESA,Urbana,"(6.167921341, -75.584671679)"
2173163,10/25/2017,2:15 p.m.,miércoles,MOTOCICLETA,PARTICULAR,Motociclista,Masculino,NO,N/A,SOLO DAÑOS,Choque,Girar bruscamente,Carrera 38 Calle 38  Sur,MESA,Urbana,"(6.167921341, -75.584671679)"
2173163,10/25/2017,2:15 p.m.,miércoles,MOTOCICLETA,PARTICULAR,Motociclista,Masculino,NO,N/A,SOLO DAÑOS,Choque,Adelantar en zona prohibida,Carrera 38 Calle 38  Sur,MESA,Urbana,"(6.167921341, -75.584671679)"
2173163,10/25/2017,2:15 p.m.,miércoles,AUTOMOVIL,PUBLICO,Conductor,Masculino,NO,N/A,SOLO DAÑOS,Choque,Girar bruscamente,Carrera 38 Calle 38  Sur,MESA,Urbana,"(6.167921341, -75.584671679)"
2173163,10/25/2017,2:15 p.m.,miércoles,AUTOMOVIL,PUBLICO,Conductor,Masculino,NO,N/A,SOLO DAÑOS,Choque,Adelantar en zona prohibida,Carrera 38 Calle 38  Sur,MESA,Urbana,"(6.167921341, -75.584671679)"
2173163,10/25/2017,2:15 p.m.,miércoles,AUTOMOVIL,PARTICULAR,Conductor,Masculino,NO,N/A,SOLO DAÑOS,Choque,Girar bruscamente,Carrera 38 Calle 38  Sur,MESA,Urbana,"(6.167921341, -75.584671679)"
2173163,10/25/2017,2:15 p.m.,miércoles,AUTOMOVIL,PARTICULAR,Conductor,Masculino,NO,N/A,SOLO DAÑOS,Choque,Adelantar en zona prohibida,Carrera 38 Calle 38  Sur,MESA,Urbana,"(6.167921341, -75.584671679)"
2173163,10/25/2017,2:15 p.m.,miércoles,AUTOMOVIL,PARTICULAR,Conductor,Masculino,NO,N/A,SOLO DAÑOS,Choque,Girar bruscamente,Carrera 38 Calle 38  Sur,MESA,Urbana,"(6.167921341, -75.584671679)"
2173167,10/25/2017,12:20 p.m.,miércoles,MOTOCICLETA,PARTICULAR,Motociclista,Masculino,NO,N/A,SOLO DAÑOS,Choque,Adelantar por la derecha,Calle 39  Sur Carrera 46,ALCALA,Urbana,"(6.170549172, -75.592418207)"
2173167,10/25/2017,12:20 p.m.,miércoles,AUTOMOVIL,PARTICULAR,Conductor,Femenino,NO,N/A,SOLO DAÑOS,Choque,Adelantar por la derecha,Calle 39  Sur Carrera 46,ALCALA,Urbana,"(6.170549172, -75.592418207)"
2173172,10/25/2017,5:15 p.m.,miércoles,AUTOMOVIL,PARTICULAR,Conductor,Masculino,NO,N/A,SOLO DAÑOS,Choque,Transitar en contravia,Calle 39 A Sur Carrera 29 A,MESA,Urbana,"(6.163394225, -75.581281799)"
2173171,10/25/2017,7:20 a.m.,miércoles,BUS,PUBLICO,Conductor,Masculino,NO,N/A,SOLO DAÑOS,Choque,Adelantar cerrando,Carrera 48 Calle 37  Sur,GLORIETA EXITO,Urbana,"(6.172859211, -75.592769925)"
2173171,10/25/2017,7:20 a.m.,miércoles,AUTOMOVIL,PARTICULAR,Conductor,Femenino,NO,N/A,SOLO DAÑOS,Choque,Adelantar cerrando,Carrera 48 Calle 37  Sur,GLORIETA EXITO,Urbana,"(6.172859211, -75.592769925)"
2173172,10/25/2017,5:15 p.m.,miércoles,MOTOCICLETA,PARTICULAR,Motociclista,Femenino,NO,N/A,SOLO DAÑOS,Choque,Transitar en contravia,Calle 39 A Sur Carrera 29 A,MESA,Urbana,"(6.163394225, -75.581281799)"
2173164,10/25/2017,6:55 p.m.,miércoles,BUS,PUBLICO,Conductor,Masculino,NO,N/A,HERIDO,Choque,No mantener distancia de seguridad,Calle 39  Sur Carrera 43,ZONA CENTRO,Urbana,"(6.168678771, -75.58876156)"
2173164,10/25/2017,6:55 p.m.,miércoles,MOTOCICLETA,PARTICULAR,Motociclista,Femenino,NO,N/A,HERIDO,Choque,No mantener distancia de seguridad,Calle 39  Sur Carrera 43,ZONA CENTRO,Urbana,"(6.168678771, -75.58876156)"
2173178,10/26/2017,8:00 a.m.,jueves,AUTOMOVIL,PUBLICO,Conductor,Masculino,NO,N/A,SOLO DAÑOS,Choque,Impericia en el manejo,Carrera 49 Calle 25 AA Sur,LAS VEGAS,Urbana,"(6.18641241, -75.585062957)"
2173178,10/26/2017,8:00 a.m.,jueves,CAMIONETA,PARTICULAR,Conductor,Masculino,NO,N/A,SOLO DAÑOS,Choque,Impericia en el manejo,Carrera 49 Calle 25 AA Sur,LAS VEGAS,Urbana,"(6.18641241, -75.585062957)"
2173199,10/26/2017,3:00 p.m.,jueves,CAMIONETA,PARTICULAR,Conductor,Masculino,NO,N/A,SOLO DAÑOS,Choque,Impericia en el manejo,Tramo 371 Kilometro  6,VEREDA EL ESCOBERO,Rural,
2173170,10/26/2017,6:00 p.m.,jueves,MOTOCICLETA,PARTICULAR,Motociclista,Masculino,NO,N/A,HERIDO,Choque,Desobedecer senales,Carrera 27 Calle 40  Sur,SAN JOSE,Urbana,"(6.15828074, -75.580836573)"
2173170,10/26/2017,6:00 p.m.,jueves,AUTOMOVIL,PARTICULAR,Conductor,Masculino,NO,N/A,HERIDO,Choque,Desobedecer senales,Carrera 27 Calle 40  Sur,SAN JOSE,Urbana,"(6.15828074, -75.580836573)"
2173173,10/26/2017,12:10 p.m.,jueves,AUTOMOVIL,PARTICULAR,Conductor,Masculino,NO,N/A,SOLO DAÑOS,Volcamiento,Impericia en el manejo,Tramo 371 Kilometro  4,VEREDA EL ESCOBERO,Rural,
2173169,10/26/2017,7:50 p.m.,jueves,MOTOCICLETA,PARTICULAR,Motociclista,Masculino,NO,N/A,SOLO DAÑOS,Choque,Desobedecer senales,Calle 37  Sur Carrera 40,ZONA CENTRO,Urbana,"(6.169435767, -75.585507247)"
2173169,10/26/2017,7:50 p.m.,jueves,CAMIONETA,PARTICULAR,Conductor,Masculino,NO,N/A,SOLO DAÑOS,Choque,Desobedecer senales,Calle 37  Sur Carrera 40,ZONA CENTRO,Urbana,"(6.169435767, -75.585507247)"
2173195,10/26/2017,7:15 a.m.,jueves,AUTOMOVIL,PARTICULAR,Conductor,Femenino,NO,N/A,SOLO DAÑOS,Choque,Adelantar cerrando,Carrera 48 Calle 37  Sur,LAS VEGAS,Urbana,"(6.172859211, -75.592769925)"
2173195,10/26/2017,7:15 a.m.,jueves,AUTOMOVIL,PARTICULAR,Conductor,Femenino,NO,N/A,SOLO DAÑOS,Choque,Adelantar cerrando,Carrera 48 Calle 37  Sur,LAS VEGAS,Urbana,"(6.172859211, -75.592769925)"
2173176,10/26/2017,6:15 p.m.,jueves,MOTOCICLETA,PARTICULAR,Motociclista,Masculino,NO,N/A,HERIDO,Choque,No mantener distancia de seguridad,Carrera 48 Calle 37  Sur,LAS VEGAS,Urbana,"(6.172859211, -75.592769925)"
2173176,10/26/2017,6:15 p.m.,jueves,MOTOCICLETA,DIPLOMATICO,Motociclista,Masculino,NO,N/A,HERIDO,Choque,No mantener distancia de seguridad,Carrera 48 Calle 37  Sur,LAS VEGAS,Urbana,"(6.172859211, -75.592769925)"
2173196,10/26/2017,5:20 p.m.,jueves,CAMIONETA,PARTICULAR,Conductor,Masculino,NO,N/A,SOLO DAÑOS,Choque,No mantener distancia de seguridad,Carrera 43 A Calle 21  Sur,AVENIDA EL POBLADO,Urbana,"(6.183599544, -75.579409862)"
2173196,10/26/2017,5:20 p.m.,jueves,AUTOMOVIL,PARTICULAR,Conductor,Femenino,NO,N/A,SOLO DAÑOS,Choque,No mantener distancia de seguridad,Carrera 43 A Calle 21  Sur,AVENIDA EL POBLADO,Urbana,"(6.183599544, -75.579409862)"
2173186,10/26/2017,6:45 a.m.,jueves,AUTOMOVIL,PARTICULAR,Conductor,Masculino,NO,N/A,SOLO DAÑOS,Choque,No mantener distancia de seguridad,Transversal 34 C Sur Diagonal 33,OBRERO,Urbana,"(6.171367224, -75.583420782)"
2173186,10/26/2017,6:45 a.m.,jueves,MOTOCICLETA,PARTICULAR,Motociclista,Femenino,NO,N/A,SOLO DAÑOS,Choque,No mantener distancia de seguridad,Transversal 34 C Sur Diagonal 33,OBRERO,Urbana,"(6.171367224, -75.583420782)"
2173166,10/26/2017,9:15 p.m.,jueves,AUTOMOVIL,PARTICULAR,Conductor,Masculino,NO,N/A,SOLO DAÑOS,Choque,No mantener distancia de seguridad,Carrera 50 Calle 25  Sur,LAS VEGAS,Urbana,"(6.186515998, -75.585125414)"
2173166,10/26/2017,9:15 p.m.,jueves,CAMION,PUBLICO,Conductor,Masculino,NO,N/A,SOLO DAÑOS,Choque,No mantener distancia de seguridad,Carrera 50 Calle 25  Sur,LAS VEGAS,Urbana,"(6.186515998, -75.585125414)"
2173187,10/26/2017,6:50 a.m.,jueves,CAMIONETA,PARTICULAR,Conductor,Masculino,NO,N/A,HERIDO,Choque,Adelantar por la derecha,Tramo 372 Kilometro  12,VEREDA PALMAS,Rural,
2173187,10/26/2017,6:50 a.m.,jueves,MOTOCICLETA,PARTICULAR,Motociclista,Femenino,NO,N/A,HERIDO,Choque,Adelantar por la derecha,Tramo 372 Kilometro  12,VEREDA PALMAS,Rural,
2173165,10/26/2017,10:30 p.m.,jueves,BUS,PUBLICO,Conductor,Masculino,NO,N/A,SOLO DAÑOS,Choque,No mantener distancia de seguridad,Calle 37  Sur Carrera 50,LAS VEGAS,Urbana,
2173165,10/26/2017,10:30 p.m.,jueves,AUTOMOVIL,PARTICULAR,Conductor,Masculino,NO,N/A,SOLO DAÑOS,Choque,No mantener distancia de seguridad,Calle 37  Sur Carrera 50,LAS VEGAS,Urbana,
2173223,10/27/2017,7:25 p.m.,viernes,BUS,PUBLICO,Conductor,Masculino,NO,N/A,SOLO DAÑOS,Choque,Desobedecer senales,Calle 38  Sur Carrera 39,ZONA CENTRO,Urbana,"(6.16839174, -75.585247797)"
2173223,10/27/2017,7:25 p.m.,viernes,AUTOMOVIL,PARTICULAR,Conductor,Masculino,NO,N/A,SOLO DAÑOS,Choque,Desobedecer senales,Calle 38  Sur Carrera 39,ZONA CENTRO,Urbana,"(6.16839174, -75.585247797)"
2173220,10/27/2017,4:00 p.m.,viernes,CAMIONETA,PARTICULAR,Conductor,Femenino,NO,N/A,SOLO DAÑOS,Choque,No mantener distancia de seguridad,Carrera 48 Calle 48 C Sur,LAS VEGAS,Urbana,"(6.163662083, -75.60174973)"
2173220,10/27/2017,4:00 p.m.,viernes,AUTOMOVIL,PARTICULAR,Conductor,Masculino,NO,N/A,SOLO DAÑOS,Choque,No mantener distancia de seguridad,Carrera 48 Calle 48 C Sur,LAS VEGAS,Urbana,"(6.163662083, -75.60174973)"
2173238,10/27/2017,4:00 p.m.,viernes,CAMIONETA,PARTICULAR,Conductor,Femenino,NO,N/A,SOLO DAÑOS,Choque,Desobedecer senales,Tramo 373 Kilometro  12,VEREDA PALMAS,Rural,
2173238,10/27/2017,4:00 p.m.,viernes,AUTOMOVIL,PARTICULAR,Conductor,Masculino,NO,N/A,SOLO DAÑOS,Choque,Desobedecer senales,Tramo 373 Kilometro  12,VEREDA PALMAS,Rural,
2173238,10/27/2017,4:00 p.m.,viernes,MOTOCICLETA,PARTICULAR,Motociclista,Masculino,NO,N/A,SOLO DAÑOS,Choque,Desobedecer senales,Tramo 373 Kilometro  12,VEREDA PALMAS,Rural,
2173238,10/27/2017,4:00 p.m.,viernes,CAMIONETA,PARTICULAR,Conductor,Femenino,NO,N/A,SOLO DAÑOS,Choque,Desobedecer senales,Tramo 373 Kilometro  12,VEREDA PALMAS,Rural,
2173254,10/27/2017,10:00 a.m.,viernes,AUTOMOVIL,PARTICULAR,Conductor,Masculino,NO,N/A,SOLO DAÑOS,Choque,Adelantar por la derecha,Carrera 43 A Calle 33 B Sur,SAN MARCOS,Urbana,"(6.173325428, -75.586677202)"