RADICADO,FECHA,HORA,DÍA DE LA SEMANA,CLASE DE VEHICULO,TIPO DE SERVICIO,TIPO DE VICTIMA,SEXO,ESTADO DE BEODEZ,RESULTADO DE BEODEZ,GRAVEDAD,CLASE DE ACCIDENTE,CAUSA,DIRECCIÓN,BARRIO,AREA,Coordenadas
2173509,11/23/2017,4:10 p.m.,jueves,AUTOMOVIL,PARTICULAR,Conductor,Masculino,NO,N/A,SOLO DAÑOS,Choque,No mantener distancia de seguridad,Calle 36 D Sur Carrera 27,VEREDA EL ESCOBERO,Urbana,"(6.162479576, -75.570222573)"
2173509,11/23/2017,4:10 p.m.,jueves,AUTOMOVIL,PUBLICO,Conductor,Masculino,NO,N/A,SOLO DAÑOS,Choque,No mantener distancia de seguridad,Calle 36 D Sur Carrera 27,VEREDA EL ESCOBERO,Urbana,"(6.162479576, -75.570222573)"
2173489,11/23/2017,2:15 p.m.,jueves,AUTOMOVIL,PARTICULAR,Conductor,Masculino,NO,N/A,HERIDO,Atropello,Cruzar sin observar,Calle 47  Sur Carrera 40,EL TRIANON,Urbana,"(6.15929595, -75.593774797)"
2173489,11/23/2017,2:15 p.m.,jueves,AUTOMOVIL,PARTICULAR,Conductor,Masculino,NO,N/A,HERIDO,Atropello,Exceso de velocidad,Calle 47  Sur Carrera 40,EL TRIANON,Urbana,"(6.15929595, -75.593774797)"
2173502,11/23/2017,6:40 a.m.,jueves,AUTOMOVIL,PARTICULAR,Conductor,Femenino,NO,N/A,SOLO DAÑOS,Choque,No respetar pelacion de interseccion o giros,Tramo 372 Kilometro  14,VEREDA PALMAS,Rural,
2173502,11/23/2017,6:40 a.m.,jueves,CAMPERO,PARTICULAR,Conductor,Masculino,NO,N/A,SOLO DAÑOS,Choque,Adelantar cerrando,Tramo 372 Kilometro  14,VEREDA PALMAS,Rural,
2173502,11/23/2017,6:40 a.m.,jueves,CAMPERO,PARTICULAR,Conductor,Masculino,NO,N/A,SOLO DAÑOS,Choque,No respetar pelacion de interseccion o giros,Tramo 372 Kilometro  14,VEREDA PALMAS,Rural,
2173502,11/23/2017,6:40 a.m.,jueves,AUTOMOVIL,PARTICULAR,Conductor,Femenino,NO,N/A,SOLO DAÑOS,Choque,Adelantar cerrando,Tramo 372 Kilometro  14,VEREDA PALMAS,Rural,
2173530,11/23/2017,6:20 p.m.,jueves,CAMPERO,PARTICULAR,Conductor,Masculino,NO,N/A,HERIDO,Choque,Adelantar por la derecha,Tramo 372 Kilometro  13,VEREDA PALMAS,Rural,
2173530,11/23/2017,6:20 p.m.,jueves,MOTOCICLETA,PARTICULAR,Motociclista,Masculino,NO,N/A,HERIDO,Choque,Adelantar por la derecha,Tramo 372 Kilometro  13,VEREDA PALMAS,Rural,
2173516,11/23/2017,8:45 a.m.,jueves,CAMIONETA,PARTICULAR,Conductor,Masculino,NO,N/A,SOLO DAÑOS,Choque,Poner en marcha un vehiculo sin precauci,Carrera 49 Calle 48  Sur,LAS VEGAS,Urbana,"(6.163238618, -75.602507178)"
2173516,11/23/2017,8:45 a.m.,jueves,CAMION,PUBLICO,Conductor,Masculino,NO,N/A,SOLO DAÑOS,Choque,Poner en marcha un vehiculo sin precauci,Carrera 49 Calle 48  Sur,LAS VEGAS,Urbana,"(6.163238618, -75.602507178)"
2173491,11/23/2017,1:55 p.m.,jueves,CAMIONETA,PARTICULAR,Conductor,Masculino,NO,N/A,HERIDO,Choque,Semaforo en rojo,Calle 38  Sur Carrera 41,ZONA CENTRO,Urbana,"(6.169244976, -75.586588065)"
2173491,11/23/2017,1:55 p.m.,jueves,MOTOCICLETA,PARTICULAR,Motociclista,Masculino,NO,N/A,HERIDO,Choque,Semaforo en rojo,Calle 38  Sur Carrera 41,ZONA CENTRO,Urbana,"(6.169244976, -75.586588065)"
2173490,11/23/2017,4:50 p.m.,jueves,AUTOMOVIL,PARTICULAR,Conductor,Masculino,NO,N/A,HERIDO,Choque,No mantener distancia de seguridad,Carrera 50 Calle 25 A Sur,LAS VEGAS,Urbana,"(6.186515998, -75.585125414)"
2173490,11/23/2017,4:50 p.m.,jueves,MOTOCICLETA,PARTICULAR,Motociclista,Masculino,NO,N/A,HERIDO,Choque,No mantener distancia de seguridad,Carrera 50 Calle 25 A Sur,LAS VEGAS,Urbana,"(6.186515998, -75.585125414)"
2173505,11/23/2017,5:45 p.m.,jueves,AUTOMOVIL,PUBLICO,Conductor,Masculino,NO,N/A,SOLO DAÑOS,Choque,Arrancar sin precaucion,Carrera 38 Calle 38  Sur,ZONA CENTRO,Urbana,"(6.167921341, -75.584671679)"
2173505,11/23/2017,5:45 p.m.,jueves,CAMIONETA,PARTICULAR,Conductor,Masculino,NO,N/A,SOLO DAÑOS,Choque,Arrancar sin precaucion,Carrera 38 Calle 38  Sur,ZONA CENTRO,Urbana,"(6.167921341, -75.584671679)"
2173511,11/24/2017,7:10 p.m.,viernes,CAMIONETA,PARTICULAR,Conductor,Masculino,NO,N/A,SOLO DAÑOS,Choque,Adelantar cerrando,Calle 37  Sur Diagonal 31,MANUEL URIBE ANGEL,Urbana,"(6.166120684, -75.580740605)"
2173511,11/24/2017,7:10 p.m.,viernes,AUTOMOVIL,PARTICULAR,Conductor,Femenino,NO,N/A,SOLO DAÑOS,Choque,No respetar pelacion de interseccion o giros,Calle 37  Sur Diagonal 31,MANUEL URIBE ANGEL,Urbana,"(6.166120684, -75.580740605)"
2173511,11/24/2017,7:10 p.m.,viernes,AUTOMOVIL,PARTICULAR,Conductor,Femenino,NO,N/A,SOLO DAÑOS,Choque,Adelantar cerrando,Calle 37  Sur Diagonal 31,MANUEL URIBE ANGEL,Urbana,"(6.166120684, -75.580740605)"
2173511,11/24/2017,7:10 p.m.,viernes,CAMIONETA,PARTICULAR,Conductor,Masculino,NO,N/A,SOLO DAÑOS,Choque,No respetar pelacion de interseccion o giros,Calle 37  Sur Diagonal 31,MANUEL URIBE ANGEL,Urbana,"(6.166120684, -75.580740605)"
2173579,11/24/2017,8:05 a.m.,viernes,MOTOCICLETA,PARTICULAR,Motociclista,Femenino,NO,N/A,HERIDO,Caida Ocupante,Huecos,Calle 38 A Sur Carrera 43 A,ZONA CENTRO,Urbana,"(6.169807343, -75.589125359)"
2173520,11/24/2017,12:00 p.m.,viernes,AUTOMOVIL,PUBLICO,Conductor,Masculino,NO,N/A,SOLO DAÑOS,Choque,Girar bruscamente,Carrera 48 Calle 44  Sur,LAS VEGAS,Urbana,"(6.167284881, -75.598245434)"
2173520,11/24/2017,12:00 p.m.,viernes,MOTOCICLETA,PARTICULAR,Motociclista,Masculino,NO,N/A,SOLO DAÑOS,Choque,Girar bruscamente,Carrera 48 Calle 44  Sur,LAS VEGAS,Urbana,"(6.167284881, -75.598245434)"
2173526,11/24/2017,8:00 p.m.,viernes,AUTOMOVIL,PARTICULAR,Conductor,Femenino,NO,N/A,SOLO DAÑOS,Choque,No mantener distancia de seguridad,Diagonal 32 B Transversal 32  Sur,LA MAGNOLIA,Urbana,"(6.175921286, -75.583420855)"
2173526,11/24/2017,8:00 p.m.,viernes,AUTOMOVIL,PARTICULAR,Conductor,Masculino,NO,N/A,SOLO DAÑOS,Choque,No mantener distancia de seguridad,Diagonal 32 B Transversal 32  Sur,LA MAGNOLIA,Urbana,"(6.175921286, -75.583420855)"
2173529,11/24/2017,6:38 a.m.,viernes,AUTOMOVIL,PARTICULAR,Conductor,Femenino,NO,N/A,HERIDO,Atropello,Transitar entre vehiculos,Carrera 48 Calle 25  Sur,LAS VEGAS,Urbana,"(6.185059174, -75.58329333)"
2173529,11/24/2017,6:38 a.m.,viernes,MOTOCICLETA,PARTICULAR,Motociclista,Masculino,NO,N/A,HERIDO,Atropello,Transitar entre vehiculos,Carrera 48 Calle 25  Sur,LAS VEGAS,Urbana,"(6.185059174, -75.58329333)"
2173537,11/24/2017,8:45 p.m.,viernes,MOTOCICLETA,PARTICULAR,Motociclista,Masculino,NO,N/A,HERIDO,Choque,No respetar prelacion,Carrera 42 Calle 48 C Sur,LOMA DEL BARRO,Urbana,
2173537,11/24/2017,8:45 p.m.,viernes,MOTOCICLETA,PARTICULAR,Motociclista,Masculino,NO,N/A,HERIDO,Choque,No respetar prelacion,Carrera 42 Calle 48 C Sur,LOMA DEL BARRO,Urbana,
2173517,11/24/2017,8:50 p.m.,viernes,AUTOMOVIL,PARTICULAR,Conductor,Masculino,NO,N/A,SOLO DAÑOS,Choque,Girar bruscamente,Carrera 48 Calle 32 B Sur,LAS VEGAS,Urbana,"(6.176994311, -75.589841192)"
2173517,11/24/2017,8:50 p.m.,viernes,MOTOCICLETA,PARTICULAR,Motociclista,Masculino,NO,N/A,SOLO DAÑOS,Choque,Adelantar por la derecha,Carrera 48 Calle 32 B Sur,LAS VEGAS,Urbana,"(6.176994311, -75.589841192)"
2173517,11/24/2017,8:50 p.m.,viernes,MOTOCICLETA,PARTICULAR,Motociclista,Masculino,NO,N/A,SOLO DAÑOS,Choque,Girar bruscamente,Carrera 48 Calle 32 B Sur,LAS VEGAS,Urbana,"(6.176994311, -75.589841192)"
2173517,11/24/2017,8:50 p.m.,viernes,AUTOMOVIL,PARTICULAR,Conductor,Masculino,NO,N/A,SOLO DAÑOS,Choque,Adelantar por la derecha,Carrera 48 Calle 32 B Sur,LAS VEGAS,Urbana,"(6.176994311, -75.589841192)"
2173519,11/24/2017,5:20 p.m.,viernes,AUTOMOVIL,PARTICULAR,Conductor,Femenino,NO,N/A,SOLO DAÑOS,Choque,Adelantar en zona prohibida,Carrera 27 Calle 27  Sur,EL ESMERALDAL,Urbana,"(6.172298689, -75.56780953)"
2173519,11/24/2017,5:20 p.m.,viernes,MOTOCICLETA,PARTICULAR,Motociclista,Masculino,NO,N/A,SOLO DAÑOS,Choque,Desobedecer senales,Carrera 27 Calle 27  Sur,EL ESMERALDAL,Urbana,"(6.172298689, -75.56780953)"
2173519,11/24/2017,5:20 p.m.,viernes,MOTOCICLETA,PARTICULAR,Motociclista,Masculino,NO,N/A,SOLO DAÑOS,Choque,Adelantar en zona prohibida,Carrera 27 Calle 27  Sur,EL ESMERALDAL,Urbana,"(6.172298689, -75.56780953)"
2173519,11/24/2017,5:20 p.m.,viernes,AUTOMOVIL,PARTICULAR,Conductor,Femenino,NO,N/A,SOLO DAÑOS,Choque,Desobedecer senales,Carrera 27 Calle 27  Sur,EL ESMERALDAL,Urbana,"(6.172298689, -75.56780953)"
2173533,11/24/2017,11:35 a.m.,viernes,CAMIONETA,PARTICULAR,Conductor,Femenino,NO,N/A,SOLO DAÑOS,Choque,Girar bruscamente,Carrera 43 A Calle 37  Sur,ZONA CENTRO,Urbana,"(6.171024704, -75.588164697)"
2173533,11/24/2017,11:35 a.m.,viernes,CAMIONETA,PUBLICO,Conductor,Masculino,NO,N/A,SOLO DAÑOS,Choque,Adelantar cerrando,Carrera 43 A Calle 37  Sur,ZONA CENTRO,Urbana,"(6.171024704, -75.588164697)"
2173527,11/24/2017,4:30 p.m.,viernes,AUTOMOVIL,PARTICULAR,Conductor,Masculino,NO,N/A,SOLO DAÑOS,Choque,No mantener distancia de seguridad,Tramo 372 Kilometro  12,VEREDA PALMAS,Rural,
2173527,11/24/2017,4:30 p.m.,viernes,AUTOMOVIL,PARTICULAR,Conductor,Masculino,NO,N/A,SOLO DAÑOS,Choque,No mantener distancia de seguridad,Tramo 372 Kilometro  12,VEREDA PALMAS,Rural,
2173533,11/24/2017,11:35 a.m.,viernes,CAMIONETA,PUBLICO,Conductor,Masculino,NO,N/A,SOLO DAÑOS,Choque,Girar bruscamente,Carrera 43 A Calle 37  Sur,ZONA CENTRO,Urbana,"(6.171024704, -75.588164697)"
2173564,11/28/2017,4:20 p.m.,martes,AUTOMOVIL,PARTICULAR,Conductor,Masculino,NO,N/A,SOLO DAÑOS,Choque,Adelantar cerrando,Carrera 50 Calle 48 C Sur,LAS VEGAS,Urbana,
2173533,11/24/2017,11:35 a.m.,viernes,CAMIONETA,PARTICULAR,Conductor,Femenino,NO,N/A,SOLO DAÑOS,Choque,Adelantar cerrando,Carrera 43 A Calle 37  Sur,ZONA CENTRO,Urbana,"(6.171024704, -75.588164697)"
2173503,11/24/2017,7:40 a.m.,viernes,AUTOMOVIL,PARTICULAR,Conductor,Femenino,NO,N/A,HERIDO,Atropello,Salirse de la calzada,Tramo 372 Kilometro  14,VEREDA PALMAS,Rural,
2173503,11/24/2017,7:40 a.m.,viernes,AUTOMOVIL,PARTICULAR,Conductor,Femenino,NO,N/A,HERIDO,Atropello,Impericia en el manejo,Tramo 372 Kilometro  14,VEREDA PALMAS,Rural,
2173512,11/24/2017,10:00 p.m.,viernes,AUTOMOVIL,PUBLICO,Conductor,Masculino,NO,N/A,SOLO DAÑOS,Choque,No mantener distancia de seguridad,Calle 37  Sur Carrera 50,LAS VEGAS,Urbana,
2173512,11/24/2017,10:00 p.m.,viernes,AUTOMOVIL,PARTICULAR,Conductor,Masculino,NO,N/A,SOLO DAÑOS,Choque,No mantener distancia de seguridad,Calle 37  Sur Carrera 50,LAS VEGAS,Urbana,
2173538,11/24/2017,9:50 a.m.,viernes,MOTOCICLETA,PARTICULAR,Motociclista,Masculino,NO,N/A,HERIDO,Choque,Transitar entre vehiculos,Calle 46  Sur Carrera 46 A,PRIMAVERA,Urbana,"(6.164633401, -75.596689606)"
2173538,11/24/2017,9:50 a.m.,viernes,MOTOCICLETA,PARTICULAR,Motociclista,Masculino,NO,N/A,HERIDO,Choque,Transitar entre vehiculos,Calle 46  Sur Carrera 46 A,PRIMAVERA,Urbana,"(6.164633401, -75.596689606)"
2173531,11/24/2017,6:50 p.m.,viernes,AUTOMOVIL,PARTICULAR,Conductor,Femenino,NO,N/A,SOLO DAÑOS,Choque,No mantener distancia de seguridad,Carrera 43 A Calle 48 C Sur,LOMA DEL BARRO,Urbana,"(6.162218777, -75.597644457)"
2173531,11/24/2017,6:50 p.m.,viernes,AUTOMOVIL,PARTICULAR,Conductor,Masculino,NO,N/A,SOLO DAÑOS,Choque,No mantener distancia de seguridad,Carrera 43 A Calle 48 C Sur,LOMA DEL BARRO,Urbana,"(6.162218777, -75.597644457)"
2173534,11/25/2017,11:00 a.m.,sábado,CAMIONETA,PARTICULAR,Conductor,Masculino,NO,N/A,SOLO DAÑOS,Choque,Girar bruscamente,Carrera 29 Calle 37 A Sur,LOMA DE LAS BRUJAS,Urbana,"(6.165745516, -75.579536378)"
2173534,11/25/2017,11:00 a.m.,sábado,CAMPERO,PARTICULAR,Conductor,Masculino,NO,N/A,SOLO DAÑOS,Choque,Adelantar cerrando,Carrera 29 Calle 37 A Sur,LOMA DE LAS BRUJAS,Urbana,"(6.165745516, -75.579536378)"
2173535,11/25/2017,3:00 p.m.,sábado,CAMIONETA,PARTICULAR,Conductor,Masculino,NO,N/A,SOLO DAÑOS,Choque,No mantener distancia de seguridad,Tramo 372 Kilometro  6,VEREDA PALMAS,Rural,
2173534,11/25/2017,11:00 a.m.,sábado,CAMPERO,PARTICULAR,Conductor,Masculino,NO,N/A,SOLO DAÑOS,Choque,Girar bruscamente,Carrera 29 Calle 37 A Sur,LOMA DE LAS BRUJAS,Urbana,"(6.165745516, -75.579536378)"
2173534,11/25/2017,11:00 a.m.,sábado,CAMIONETA,PARTICULAR,Conductor,Masculino,NO,N/A,SOLO DAÑOS,Choque,Adelantar cerrando,Carrera 29 Calle 37 A Sur,LOMA DE LAS BRUJAS,Urbana,"(6.165745516, -75.579536378)"
2173535,11/25/2017,3:00 p.m.,sábado,AUTOMOVIL,PARTICULAR,Conductor,Masculino,NO,N/A,SOLO DAÑOS,Choque,No mantener distancia de seguridad,Tramo 372 Kilometro  6,VEREDA PALMAS,Rural,
2173522,11/25/2017,4:00 p.m.,sábado,BUSETA,PUBLICO,Conductor,Masculino,NO,N/A,SOLO DAÑOS,Choque,Girar bruscamente,Calle 39  Sur Carrera 47 A,ALCALA,Urbana,"(6.171457478, -75.593352997)"
2173522,11/25/2017,4:00 p.m.,sábado,BUSETA,PUBLICO,Conductor,Masculino,NO,N/A,SOLO DAÑOS,Choque,Adelantar cerrando,Calle 39  Sur Carrera 47 A,ALCALA,Urbana,"(6.171457478, -75.593352997)"
2173522,11/25/2017,4:00 p.m.,sábado,BUSETA,PUBLICO,Conductor,Masculino,NO,N/A,SOLO DAÑOS,Choque,Girar bruscamente,Calle 39  Sur Carrera 47 A,ALCALA,Urbana,"(6.171457478, -75.593352997)"
2173563,11/25/2017,12:05 p.m.,sábado,AUTOMOVIL,PARTICULAR,Conductor,Masculino,NO,N/A,SOLO DAÑOS,Choque,Adelantar por la derecha,Carrera 48 Calle 34  Sur,EL PORTAL,Urbana,"(6.175414344, -75.590782176)"
2173563,11/25/2017,12:05 p.m.,sábado,MOTOCICLETA,PARTICULAR,Motociclista,Masculino,NO,N/A,SOLO DAÑOS,Choque,Adelantar por la derecha,Carrera 48 Calle 34  Sur,EL PORTAL,Urbana,"(6.175414344, -75.590782176)"
2173498,11/25/2017,3:05 p.m.,sábado,AUTOMOVIL,PARTICULAR,Conductor,Femenino,NO,N/A,SOLO DAÑOS,Choque,No mantener distancia de seguridad,Carrera 48 Calle 25 AA Sur,LAS VEGAS,Urbana,"(6.183765745, -75.584690349)"
2173498,11/25/2017,3:05 p.m.,sábado,CAMIONETA,PARTICULAR,Conductor,Femenino,NO,N/A,SOLO DAÑOS,Choque,No mantener distancia de seguridad,Carrera 48 Calle 25 AA Sur,LAS VEGAS,Urbana,"(6.183765745, -75.584690349)"
2173514,11/25/2017,10:10 a.m.,sábado,AUTOMOVIL,PARTICULAR,Conductor,Masculino,NO,N/A,SOLO DAÑOS,Choque,No mantener distancia de seguridad,Diagonal 40 Transversal 33  Sur,LA MAGNOLIA,Urbana,"(6.173507784, -75.585457506)"
2173514,11/25/2017,10:10 a.m.,sábado,CAMIONETA,PUBLICO,Conductor,Masculino,NO,N/A,SOLO DAÑOS,Choque,No mantener distancia de seguridad,Diagonal 40 Transversal 33  Sur,LA MAGNOLIA,Urbana,"(6.173507784, -75.585457506)"
2173543,11/25/2017,9:26 a.m.,sábado,AUTOMOVIL,PARTICULAR,Conductor,Femenino,NO,N/A,SOLO DAÑOS,Choque,Impericia en el manejo,Carrera 48 Calle 30  Sur,LAS VEGAS,Urbana,"(6.179366643, -75.588084104)"
2173543,11/25/2017,9:26 a.m.,sábado,AUTOMOVIL,PARTICULAR,Conductor,Femenino,NO,N/A,SOLO DAÑOS,Choque,Exceso de velocidad,Carrera 48 Calle 30  Sur,LAS VEGAS,Urbana,"(6.179366643, -75.588084104)"
2173545,11/25/2017,3:30 p.m.,sábado,AUTOMOVIL,PARTICULAR,Conductor,Masculino,NO,N/A,HERIDO,Choque,Adelantar en zona prohibida,Calle 40 F Sur Carrera 34,SAN JOSE,Urbana,"(6.162749546, -75.585824073)"
2173545,11/25/2017,3:30 p.m.,sábado,MOTOCICLETA,PARTICULAR,Motociclista,Femenino,NO,N/A,HERIDO,Choque,Adelantar en zona prohibida,Calle 40 F Sur Carrera 34,SAN JOSE,Urbana,"(6.162749546, -75.585824073)"
2173499,11/25/2017,2:30 a.m.,sábado,CAMIONETA,PARTICULAR,Conductor,Masculino,NO,N/A,HERIDO,Choque,Impericia en el manejo,Tramo 372 Kilometro  12,VEREDA PALMAS,Rural,
2173499,11/25/2017,2:30 a.m.,sábado,CAMIONETA,PARTICULAR,Conductor,Masculino,NO,N/A,HERIDO,Choque,Exceso de velocidad,Tramo 372 Kilometro  12,VEREDA PALMAS,Rural,
2173523,11/25/2017,12:40 p.m.,sábado,CAMIONETA,PARTICULAR,Conductor,Femenino,NO,N/A,SOLO DAÑOS,Choque,Girar bruscamente,Carrera 46 A Calle 30  Sur,SAN MARCOS,Urbana,"(6.174306692, -75.590260781)"
2173523,11/25/2017,12:40 p.m.,sábado,AUTOMOVIL,PUBLICO,Conductor,Masculino,NO,N/A,SOLO DAÑOS,Choque,Girar bruscamente,Carrera 46 A Calle 30  Sur,SAN MARCOS,Urbana,"(6.174306692, -75.590260781)"
2173518,11/25/2017,5:40 p.m.,sábado,AUTOMOVIL,PARTICULAR,Conductor,Masculino,NO,N/A,SOLO DAÑOS,Choque,Exceso de velocidad,Calle 25  Sur Carrera 48,LAS VEGAS,Urbana,
2173518,11/25/2017,5:40 p.m.,sábado,CAMPERO,PARTICULAR,Conductor,Masculino,NO,N/A,SOLO DAÑOS,Choque,No respetar pelacion de interseccion o giros,Calle 25  Sur Carrera 48,LAS VEGAS,Urbana,
2173518,11/25/2017,5:40 p.m.,sábado,CAMPERO,PARTICULAR,Conductor,Masculino,NO,N/A,SOLO DAÑOS,Choque,Exceso de velocidad,Calle 25  Sur Carrera 48,LAS VEGAS,Urbana,
2173518,11/25/2017,5:40 p.m.,sábado,AUTOMOVIL,PARTICULAR,Conductor,Masculino,NO,N/A,SOLO DAÑOS,Choque,No respetar pelacion de interseccion o giros,Calle 25  Sur Carrera 48,LAS VEGAS,Urbana,
2173524,11/25/2017,11:00 p.m.,sábado,MOTOCICLETA,PARTICULAR,Motociclista,Masculino,NO,N/A,SOLO DAÑOS,Choque,No respetar pelacion de interseccion o giros,Calle 37  Sur Carrera 41,ZONA CENTRO,Urbana,"(6.169855492, -75.586196006)"
2173524,11/25/2017,11:00 p.m.,sábado,MOTOCICLETA,PARTICULAR,Motociclista,Masculino,NO,N/A,SOLO DAÑOS,Choque,Desobedecer senales,Calle 37  Sur Carrera 41,ZONA CENTRO,Urbana,"(6.169855492, -75.586196006)"
2173524,11/25/2017,11:00 p.m.,sábado,MOTOCICLETA,PARTICULAR,Motociclista,Masculino,NO,N/A,SOLO DAÑOS,Choque,No respetar pelacion de interseccion o giros,Calle 37  Sur Carrera 41,ZONA CENTRO,Urbana,"(6.169855492, -75.586196006)"
2173524,11/25/2017,11:00 p.m.,sábado,MOTOCICLETA,PARTICULAR,Motociclista,Masculino,NO,N/A,SOLO DAÑOS,Choque,Desobedecer senales,Calle 37  Sur Carrera 41,ZONA CENTRO,Urbana,"(6.169855492, -75.586196006)"
2173500,11/26/2017,9:00 a.m.,domingo,AUTOMOVIL,PARTICULAR,Conductor,Masculino,NO,N/A,HERIDO,Choque,Adelantar por la derecha,Calle 38  Sur Carrera 36,MESA,Urbana,"(6.167371692, -75.58367367)"
2173500,11/26/2017,9:00 a.m.,domingo,MOTOCICLETA,PARTICULAR,Motociclista,Masculino,NO,N/A,HERIDO,Choque,Adelantar por la derecha,Calle 38  Sur Carrera 36,MESA,Urbana,"(6.167371692, -75.58367367)"
2173510,11/26/2017,9:00 a.m.,domingo,AUTOMOVIL,PARTICULAR,Conductor,Masculino,NO,N/A,HERIDO,Atropello,Cruzar sin observar,Calle 38  Sur Carrera 31,MESA,Urbana,"(6.165577674, -75.581121822)"
2173546,11/26/2017,1:00 a.m.,domingo,BUS,PUBLICO,Conductor,Masculino,NO,N/A,SOLO DAÑOS,Choque,Impericia en el manejo,Carrera 24 D Calle 40  Sur,EL SALADO,Urbana,
2173540,11/26/2017,1:10 p.m.,domingo,CAMION,PUBLICO,Conductor,Masculino,NO,N/A,SOLO DAÑOS,Choque,No mantener distancia de seguridad,Carrera 48 Calle 25 AA Sur,LAS VEGAS,Urbana,"(6.183765745, -75.584690349)"
2173513,11/26/2017,6:00 p.m.,domingo,AUTOMOVIL,PUBLICO,Conductor,Femenino,NO,N/A,SOLO DAÑOS,Choque,No mantener distancia de seguridad,Carrera 48 Calle 50  Sur,LAS CASITAS,Urbana,
2173513,11/26/2017,6:00 p.m.,domingo,AUTOMOVIL,PARTICULAR,Conductor,Masculino,NO,N/A,SOLO DAÑOS,Choque,No mantener distancia de seguridad,Carrera 48 Calle 50  Sur,LAS CASITAS,Urbana,
2173540,11/26/2017,1:10 p.m.,domingo,CAMPERO,PARTICULAR,Conductor,Masculino,NO,N/A,SOLO DAÑOS,Choque,No mantener distancia de seguridad,Carrera 48 Calle 25 AA Sur,LAS VEGAS,Urbana,"(6.183765745, -75.584690349)"
2173540,11/26/2017,1:10 p.m.,domingo,CAMIONETA,PARTICULAR,Conductor,Masculino,NO,N/A,SOLO DAÑOS,Choque,No mantener distancia de seguridad,Carrera 48 Calle 25 AA Sur,LAS VEGAS,Urbana,"(6.183765745, -75.584690349)"
2173550,11/26/2017,6:20 p.m.,domingo,AUTOMOVIL,PARTICULAR,Conductor,Masculino,NO,N/A,SOLO DAÑOS,Choque,Adelantar invadiendo carril del mismo sentido en zigzag,Carrera 50 Calle 25  Sur,LAS VEGAS,Urbana,"(6.186515998, -75.585125414)"
2173550,11/26/2017,6:20 p.m.,domingo,CAMIONETA,PUBLICO,Conductor,Masculino,NO,N/A,SOLO DAÑOS,Choque,Adelantar invadiendo carril del mismo sentido en zigzag,Carrera 50 Calle 25  Sur,LAS VEGAS,Urbana,"(6.186515998, -75.585125414)"
2173552,11/26/2017,11:50 a.m.,domingo,MOTOCICLETA,PARTICULAR,Motociclista,Masculino,NO,N/A,SOLO DAÑOS,Choque,Desobedecer senales,Calle 25  Sur Carrera 48,LAS VEGAS,Urbana,
2173552,11/26/2017,11:50 a.m.,domingo,CAMIONETA,PARTICULAR,Conductor,Femenino,NO,N/A,SOLO DAÑOS,Choque,Adelantar en zona prohibida,Calle 25  Sur Carrera 48,LAS VEGAS,Urbana,
2173552,11/26/2017,11:50 a.m.,domingo,CAMIONETA,PARTICULAR,Conductor,Femenino,NO,N/A,SOLO DAÑOS,Choque,Desobedecer senales,Calle 25  Sur Carrera 48,LAS VEGAS,Urbana,
2173552,11/26/2017,11:50 a.m.,domingo,MOTOCICLETA,PARTICULAR,Motociclista,Masculino,NO,N/A,SOLO DAÑOS,Choque,Adelantar en zona prohibida,Calle 25  Sur Carrera 48,LAS VEGAS,Urbana,
2173501,11/26/2017,4:55 p.m.,domingo,AUTOMOVIL,PARTICULAR,Conductor,Femenino,NO,N/A,HERIDO,Volcamiento,Impericia en el manejo,Tramo 373 Kilometro  14,VEREDA PALMAS,Rural,
2173528,11/27/2017,6:00 a.m.,lunes,AUTOMOVIL,PUBLICO,Conductor,Masculino,NO,N/A,HERIDO,Atropello,Exceso de velocidad,Calle 39  Sur Carrera 27 B,EL CHINGU├ì,Urbana,"(6.159217585, -75.578834618)"
2173528,11/27/2017,6:00 a.m.,lunes,AUTOMOVIL,PARTICULAR,Conductor,Masculino,NO,N/A,HERIDO,Atropello,No mantener distancia de seguridad,Calle 39  Sur Carrera 27 B,EL CHINGU├ì,Urbana,"(6.159217585, -75.578834618)"
2173528,11/27/2017,6:00 a.m.,lunes,AUTOMOVIL,PARTICULAR,Conductor,Masculino,NO,N/A,HERIDO,Atropello,Exceso de velocidad,Calle 39  Sur Carrera 27 B,EL CHINGU├ì,Urbana,"(6.159217585, -75.578834618)"
2173528,11/27/2017,6:00 a.m.,lunes,AUTOMOVIL,PUBLICO,Conductor,Masculino,NO,N/A,HERIDO,Atropello,No mantener distancia de seguridad,Calle 39  Sur Carrera 27 B,EL CHINGU├ì,Urbana,"(6.159217585, -75.578834618)"
2173536,11/27/2017,8:00 a.m.,lunes,AUTOMOVIL,PUBLICO,Conductor,Masculino,NO,N/A,SOLO DAÑOS,Choque,No mantener distancia de seguridad,Carrera 48 Calle 19  Sur,LAS VEGAS,Urbana,"(6.187349001, -75.581535682)"
2173536,11/27/2017,8:00 a.m.,lunes,CAMIONETA,PARTICULAR,Conductor,Masculino,NO,N/A,SOLO DAÑOS,Choque,No mantener distancia de seguridad,Carrera 48 Calle 19  Sur,LAS VEGAS,Urbana,"(6.187349001, -75.581535682)"
2173574,11/27/2017,4:00 p.m.,lunes,AUTOMOVIL,PARTICULAR,Conductor,Femenino,NO,N/A,SOLO DAÑOS,Choque,No mantener distancia de seguridad,Carrera 50 Calle 43  Sur,LAS VEGAS,Urbana,