RADICADO,FECHA,HORA,DÍA DE LA SEMANA,CLASE DE VEHICULO,TIPO DE SERVICIO,TIPO DE VICTIMA,SEXO,ESTADO DE BEODEZ,RESULTADO DE BEODEZ,GRAVEDAD,CLASE DE ACCIDENTE,CAUSA,DIRECCIÓN,BARRIO,AREA,Coordenadas
2173699,12/08/2017,10:15 a.m.,viernes,AUTOMOVIL,Sin registro,Conductor,Masculino,NO,N/A,HERIDO,Choque,Exceso de velocidad,Carrera 48 Calle 25 A Sur,LAS VEGAS,Urbana,"(6.184740152, -75.583657425)"
2173699,12/08/2017,10:15 a.m.,viernes,MOTOCICLETA,PARTICULAR,Motociclista,Masculino,NO,N/A,HERIDO,Choque,No mantener distancia de seguridad,Carrera 48 Calle 25 A Sur,LAS VEGAS,Urbana,"(6.184740152, -75.583657425)"
2173676,12/08/2017,8:30 p.m.,viernes,AUTOMOVIL,PUBLICO,Conductor,Masculino,NO,N/A,HERIDO,Caida Ocupante,Arrancar sin precaucion,Carrera 47 A Calle 39 A Sur,ALCALA,Urbana,"(6.170729695, -75.59394704)"
2173658,12/08/2017,11:30 a.m.,viernes,AUTOMOVIL,PUBLICO,Conductor,Masculino,NO,N/A,SOLO DAÑOS,Choque,Impericia en el manejo,Transversal 34 DD Sur Diagonal 32,LOS NARANJOS,Urbana,"(6.170838578, -75.581878959)"
2173658,12/08/2017,11:30 a.m.,viernes,AUTOMOVIL,PARTICULAR,Conductor,Masculino,NO,N/A,SOLO DAÑOS,Choque,Impericia en el manejo,Transversal 34 DD Sur Diagonal 32,LOS NARANJOS,Urbana,"(6.170838578, -75.581878959)"
2173693,12/09/2017,6:15 a.m.,sábado,AUTOMOVIL,PARTICULAR,Conductor,Masculino,NO,N/A,SOLO DAÑOS,Choque,Exceso de velocidad,Tramo 372 Kilometro  14,VEREDA PALMAS,Rural,
2173693,12/09/2017,6:15 a.m.,sábado,AUTOMOVIL,PARTICULAR,Conductor,Masculino,NO,N/A,SOLO DAÑOS,Choque,Impericia en el manejo,Tramo 372 Kilometro  14,VEREDA PALMAS,Rural,
2173693,12/09/2017,6:15 a.m.,sábado,AUTOMOVIL,PARTICULAR,Conductor,Masculino,NO,N/A,SOLO DAÑOS,Choque,Exceso de velocidad,Tramo 372 Kilometro  14,VEREDA PALMAS,Rural,
2173693,12/09/2017,6:15 a.m.,sábado,AUTOMOVIL,PARTICULAR,Conductor,Masculino,NO,N/A,SOLO DAÑOS,Choque,Impericia en el manejo,Tramo 372 Kilometro  14,VEREDA PALMAS,Rural,
2173706,12/09/2017,7:35 p.m.,sábado,MOTOCICLETA,PARTICULAR,Motociclista,Masculino,NO,N/A,SOLO DAÑOS,Choque,Desobedecer senales,Calle 39 B Sur Carrera 32,MESA,Urbana,"(6.163909636, -75.5829262)"
2173706,12/09/2017,7:35 p.m.,sábado,MOTOCICLETA,PARTICULAR,Motociclista,Masculino,NO,N/A,SOLO DAÑOS,Choque,Desobedecer senales,Calle 39 B Sur Carrera 32,MESA,Urbana,"(6.163909636, -75.5829262)"
2173705,12/09/2017,8:40 p.m.,sábado,AUTOMOVIL,PARTICULAR,Conductor,Femenino,NO,N/A,SOLO DAÑOS,Choque,Exceso de velocidad,Carrera 25 A Calle 38 D Sur,EL CHINGU├ì,Urbana,"(6.158679025, -75.566644254)"
2173705,12/09/2017,8:40 p.m.,sábado,CAMPERO,PARTICULAR,Conductor,Masculino,NO,N/A,SOLO DAÑOS,Choque,No respetar pelacion de interseccion o giros,Carrera 25 A Calle 38 D Sur,EL CHINGU├ì,Urbana,"(6.158679025, -75.566644254)"
2173705,12/09/2017,8:40 p.m.,sábado,CAMPERO,PARTICULAR,Conductor,Masculino,NO,N/A,SOLO DAÑOS,Choque,Exceso de velocidad,Carrera 25 A Calle 38 D Sur,EL CHINGU├ì,Urbana,"(6.158679025, -75.566644254)"
2173705,12/09/2017,8:40 p.m.,sábado,AUTOMOVIL,PARTICULAR,Conductor,Femenino,NO,N/A,SOLO DAÑOS,Choque,No respetar pelacion de interseccion o giros,Carrera 25 A Calle 38 D Sur,EL CHINGU├ì,Urbana,"(6.158679025, -75.566644254)"
2173687,12/09/2017,4:30 a.m.,sábado,AUTOMOVIL,PARTICULAR,Conductor,Masculino,NO,N/A,HERIDO,Choque,Exceso de velocidad,Tramo 371 Kilometro  6,VEREDA EL ESCOBERO,Rural,
2173687,12/09/2017,4:30 a.m.,sábado,AUTOMOVIL,PARTICULAR,Conductor,Masculino,NO,N/A,HERIDO,Choque,Impericia en el manejo,Tramo 371 Kilometro  6,VEREDA EL ESCOBERO,Rural,
2173701,12/09/2017,1:50 p.m.,sábado,CAMPERO,PARTICULAR,Conductor,Masculino,NO,N/A,SOLO DAÑOS,Choque,No mantener distancia de seguridad,Carrera 50 Calle 37  Sur,LAS VEGAS,Urbana,
2173701,12/09/2017,1:50 p.m.,sábado,AUTOMOVIL,PARTICULAR,Conductor,Masculino,NO,N/A,SOLO DAÑOS,Choque,No mantener distancia de seguridad,Carrera 50 Calle 37  Sur,LAS VEGAS,Urbana,
2173678,12/09/2017,7:50 a.m.,sábado,BUSETA,PUBLICO,Conductor,Masculino,NO,N/A,HERIDO,Caida Ocupante,Frenar bruscamente,Calle 39  Sur Carrera 33,MESA,Urbana,"(6.164989355, -75.58296685)"
2173712,12/09/2017,10:50 p.m.,sábado,AUTOMOVIL,PARTICULAR,Conductor,Masculino,NO,N/A,SOLO DAÑOS,Choque,Adelantar cerrando,Calle 37  Sur Carrera 50,LAS VEGAS,Urbana,
2173712,12/09/2017,10:50 p.m.,sábado,MOTOCICLETA,PARTICULAR,Motociclista,Masculino,NO,N/A,SOLO DAÑOS,Choque,No respetar pelacion de interseccion o giros,Calle 37  Sur Carrera 50,LAS VEGAS,Urbana,
2173712,12/09/2017,10:50 p.m.,sábado,MOTOCICLETA,PARTICULAR,Motociclista,Masculino,NO,N/A,SOLO DAÑOS,Choque,Adelantar cerrando,Calle 37  Sur Carrera 50,LAS VEGAS,Urbana,
2173712,12/09/2017,10:50 p.m.,sábado,AUTOMOVIL,PARTICULAR,Conductor,Masculino,NO,N/A,SOLO DAÑOS,Choque,No respetar pelacion de interseccion o giros,Calle 37  Sur Carrera 50,LAS VEGAS,Urbana,
2173715,12/09/2017,11:56 p.m.,sábado,AUTOMOVIL,PUBLICO,Conductor,Masculino,NO,N/A,SOLO DAÑOS,Choque,Impericia en el manejo,Calle 36 D Sur Carrera 27,VEREDA EL ESCOBERO,Urbana,"(6.162479576, -75.570222573)"
2173673,12/10/2017,11:00 a.m.,domingo,AUTOMOVIL,PARTICULAR,Conductor,Femenino,NO,N/A,SOLO DAÑOS,Choque,Reverso imprudente,Carrera 40 Calle 38  Sur,ZONA CENTRO,Urbana,"(6.168682985, -75.585870246)"
2173673,12/10/2017,11:00 a.m.,domingo,CAMIONETA,PARTICULAR,Conductor,Masculino,NO,N/A,SOLO DAÑOS,Choque,Reverso imprudente,Carrera 40 Calle 38  Sur,ZONA CENTRO,Urbana,"(6.168682985, -75.585870246)"
2173656,12/10/2017,5:00 p.m.,domingo,CAMIONETA,PARTICULAR,Conductor,Masculino,NO,N/A,SOLO DAÑOS,Choque,Reverso imprudente,Carrera 38 Calle 40 B Sur,EL DORADO,Urbana,"(6.16879573, -75.585889779)"
2173656,12/10/2017,5:00 p.m.,domingo,AUTOMOVIL,PARTICULAR,Conductor,Masculino,NO,N/A,SOLO DAÑOS,Choque,Reverso imprudente,Carrera 38 Calle 40 B Sur,EL DORADO,Urbana,"(6.16879573, -75.585889779)"
2173708,12/10/2017,5:00 p.m.,domingo,AUTOMOVIL,PARTICULAR,Conductor,Femenino,NO,N/A,HERIDO,Choque,Desobedecer senales,Transversal 34 A Sur Diagonal 39,OBRERO,Urbana,"(6.171998055, -75.5844044)"
2173708,12/10/2017,5:00 p.m.,domingo,MOTOCICLETA,PARTICULAR,Motociclista,Masculino,NO,N/A,HERIDO,Choque,Desobedecer senales,Transversal 34 A Sur Diagonal 39,OBRERO,Urbana,"(6.171998055, -75.5844044)"
2173654,12/10/2017,7:50 p.m.,domingo,CAMIONETA,PARTICULAR,Conductor,Masculino,NO,N/A,SOLO DAÑOS,Choque,No respetar pelacion de interseccion o giros,Carrera 48 Calle 50  Sur,LAS VEGAS,Urbana,
2173654,12/10/2017,7:50 p.m.,domingo,BUS,PUBLICO,Conductor,Masculino,NO,N/A,SOLO DAÑOS,Choque,Adelantar cerrando,Carrera 48 Calle 50  Sur,LAS VEGAS,Urbana,
2173654,12/10/2017,7:50 p.m.,domingo,BUS,PUBLICO,Conductor,Masculino,NO,N/A,SOLO DAÑOS,Choque,No respetar pelacion de interseccion o giros,Carrera 48 Calle 50  Sur,LAS VEGAS,Urbana,
2173654,12/10/2017,7:50 p.m.,domingo,CAMIONETA,PARTICULAR,Conductor,Masculino,NO,N/A,SOLO DAÑOS,Choque,Adelantar cerrando,Carrera 48 Calle 50  Sur,LAS VEGAS,Urbana,
2173655,12/10/2017,1:38 p.m.,domingo,AUTOMOVIL,DIPLOMATICO,Conductor,Masculino,NO,N/A,SOLO DAÑOS,Choque,Desobedecer senales,Calle 38  Sur Carrera 36,MESA,Urbana,"(6.167371692, -75.58367367)"
2173655,12/10/2017,1:38 p.m.,domingo,AUTOMOVIL,PARTICULAR,Conductor,Masculino,NO,N/A,SOLO DAÑOS,Choque,Desobedecer senales,Calle 38  Sur Carrera 36,MESA,Urbana,"(6.167371692, -75.58367367)"
2173704,12/10/2017,12:30 a.m.,domingo,AUTOMOVIL,PARTICULAR,Conductor,Masculino,NO,N/A,SOLO DAÑOS,Choque,Adelantar cerrando,Calle 25  Sur Carrera 46,ZU├æIGA,Urbana,"(6.183044029, -75.582618497)"
2173704,12/10/2017,12:30 a.m.,domingo,CAMIONETA,PARTICULAR,Conductor,Masculino,NO,N/A,SOLO DAÑOS,Choque,Adelantar cerrando,Calle 25  Sur Carrera 46,ZU├æIGA,Urbana,"(6.183044029, -75.582618497)"
2173677,12/10/2017,12:35 a.m.,domingo,MOTOCICLETA,PARTICULAR,Motociclista,Masculino,NO,N/A,SOLO DAÑOS,Choque,Desobedecer senales,Calle 38  Sur Carrera 43 A,ZONA CENTRO,Urbana,"(6.170537577, -75.588625139)"
2173677,12/10/2017,12:35 a.m.,domingo,AUTOMOVIL,PARTICULAR,Conductor,Masculino,NO,N/A,SOLO DAÑOS,Choque,Desobedecer senales,Calle 38  Sur Carrera 43 A,ZONA CENTRO,Urbana,"(6.170537577, -75.588625139)"
2173711,12/11/2017,1:00 p.m.,lunes,CAMION,PUBLICO,Conductor,Masculino,NO,N/A,SOLO DAÑOS,Choque,Impericia en el manejo,Diagonal 32 B Transversal 34 A Sur,OBRERO,Urbana,"(6.172777915, -75.582237861)"
2173711,12/11/2017,1:00 p.m.,lunes,BUS,PUBLICO,Conductor,Masculino,NO,N/A,SOLO DAÑOS,Choque,Impericia en el manejo,Diagonal 32 B Transversal 34 A Sur,OBRERO,Urbana,"(6.172777915, -75.582237861)"
2173697,12/11/2017,3:00 p.m.,lunes,BUS,PUBLICO,Conductor,Masculino,NO,N/A,HERIDO,Atropello,Exceso de velocidad,Carrera 39 Calle 39  Sur,MESA,Urbana,"(6.166878046, -75.586053221)"
2173697,12/11/2017,3:00 p.m.,lunes,BUS,PUBLICO,Conductor,Masculino,NO,N/A,HERIDO,Atropello,Cruzar sin observar,Carrera 39 Calle 39  Sur,MESA,Urbana,"(6.166878046, -75.586053221)"
2173709,12/11/2017,7:05 a.m.,lunes,MOTOCICLETA,PARTICULAR,Motociclista,Masculino,NO,N/A,HERIDO,Choque,Adelantar en zona prohibida,Carrera 50 Calle 46 A Sur,LAS VEGAS,Urbana,"(6.16131219, -75.603198185)"
2173709,12/11/2017,7:05 a.m.,lunes,MOTOCICLETA,PARTICULAR,Motociclista,Masculino,NO,N/A,HERIDO,Choque,Adelantar cerrando,Carrera 50 Calle 46 A Sur,LAS VEGAS,Urbana,"(6.16131219, -75.603198185)"
2173709,12/11/2017,7:05 a.m.,lunes,MOTOCICLETA,PARTICULAR,Motociclista,Masculino,NO,N/A,HERIDO,Choque,Adelantar en zona prohibida,Carrera 50 Calle 46 A Sur,LAS VEGAS,Urbana,"(6.16131219, -75.603198185)"
2173709,12/11/2017,7:05 a.m.,lunes,MOTOCICLETA,PARTICULAR,Motociclista,Masculino,NO,N/A,HERIDO,Choque,Adelantar cerrando,Carrera 50 Calle 46 A Sur,LAS VEGAS,Urbana,"(6.16131219, -75.603198185)"
2173696,12/11/2017,9:20 a.m.,lunes,BUS,PUBLICO,Conductor,Masculino,NO,N/A,SOLO DAÑOS,Choque,Desobedecer senales,Carrera 42 Calle 35  Sur,ZONA CENTRO,Urbana,"(6.171623749, -75.586043385)"
2173696,12/11/2017,9:20 a.m.,lunes,CAMPERO,PARTICULAR,Conductor,Femenino,NO,N/A,SOLO DAÑOS,Choque,Desobedecer senales,Carrera 42 Calle 35  Sur,ZONA CENTRO,Urbana,"(6.171623749, -75.586043385)"
2173698,12/11/2017,7:25 a.m.,lunes,AUTOMOVIL,PARTICULAR,Conductor,Femenino,NO,N/A,SOLO DAÑOS,Choque,No mantener distancia de seguridad,Carrera 48 Calle 25 AA Sur,LAS VEGAS,Urbana,"(6.183765745, -75.584690349)"
2173698,12/11/2017,7:25 a.m.,lunes,MOTOCICLETA,PARTICULAR,Motociclista,Masculino,NO,N/A,SOLO DAÑOS,Choque,No mantener distancia de seguridad,Carrera 48 Calle 25 AA Sur,LAS VEGAS,Urbana,"(6.183765745, -75.584690349)"
2173694,12/11/2017,4:30 p.m.,lunes,CAMIONETA,PARTICULAR,Conductor,Masculino,NO,N/A,SOLO DAÑOS,Choque,No mantener distancia de seguridad,Calle 40  Sur Carrera 43 A,ALCALA,Urbana,"(6.167965983, -75.590242146)"
2173694,12/11/2017,4:30 p.m.,lunes,AUTOMOVIL,PARTICULAR,Conductor,Masculino,NO,N/A,SOLO DAÑOS,Choque,No mantener distancia de seguridad,Calle 40  Sur Carrera 43 A,ALCALA,Urbana,"(6.167965983, -75.590242146)"
2173700,12/11/2017,11:10 p.m.,lunes,AUTOMOVIL,PARTICULAR,Conductor,Masculino,NO,N/A,SOLO DAÑOS,Choque,Exceso de velocidad,Tramo 371 Kilometro  5,VEREDA EL ESCOBERO,Rural,
2173700,12/11/2017,11:10 p.m.,lunes,AUTOMOVIL,PARTICULAR,Conductor,Masculino,NO,N/A,SOLO DAÑOS,Choque,Impericia en el manejo,Tramo 371 Kilometro  5,VEREDA EL ESCOBERO,Rural,
2173721,12/12/2017,6:10 a.m.,martes,AUTOMOVIL,PARTICULAR,Conductor,Masculino,NO,N/A,SOLO DAÑOS,Choque,Transitar entre vehiculos,Carrera 50 Calle 30  Sur,LAS VEGAS,Urbana,
2173721,12/12/2017,6:10 a.m.,martes,MOTOCICLETA,PARTICULAR,Motociclista,Masculino,NO,N/A,SOLO DAÑOS,Choque,Transitar entre vehiculos,Carrera 50 Calle 30  Sur,LAS VEGAS,Urbana,
2173713,12/12/2017,8:10 a.m.,martes,BUS,PUBLICO,Conductor,Masculino,NO,N/A,SOLO DAÑOS,Choque,Desobedecer senales,Calle 26 B Sur Carrera 42 B,LAS ORQUIDEAS,Urbana,"(6.176911315, -75.58005899)"
2173713,12/12/2017,8:10 a.m.,martes,AUTOMOVIL,PARTICULAR,Conductor,Masculino,NO,N/A,SOLO DAÑOS,Choque,Desobedecer senales,Calle 26 B Sur Carrera 42 B,LAS ORQUIDEAS,Urbana,"(6.176911315, -75.58005899)"
2173724,12/12/2017,7:50 p.m.,martes,AUTOMOVIL,PARTICULAR,Conductor,Masculino,NO,N/A,SOLO DAÑOS,Choque,No mantener distancia de seguridad,Carrera 43 A Calle 32 D,SAN MARCOS,Urbana,"(6.175494708, -75.585757367)"
2173724,12/12/2017,7:50 p.m.,martes,AUTOMOVIL,PARTICULAR,Conductor,Femenino,NO,N/A,SOLO DAÑOS,Choque,No mantener distancia de seguridad,Carrera 43 A Calle 32 D,SAN MARCOS,Urbana,"(6.175494708, -75.585757367)"
2173710,12/12/2017,2:20 p.m.,martes,BUS,PUBLICO,Conductor,Masculino,NO,N/A,SOLO DAÑOS,Choque,No respetar prelacion,Calle 40  Sur Carrera 42,ZONA CENTRO,Urbana,
2173710,12/12/2017,2:20 p.m.,martes,CAMPERO,PARTICULAR,Conductor,Masculino,NO,N/A,SOLO DAÑOS,Choque,No respetar pelacion de interseccion o giros,Calle 40  Sur Carrera 42,ZONA CENTRO,Urbana,
2173710,12/12/2017,2:20 p.m.,martes,CAMPERO,PARTICULAR,Conductor,Masculino,NO,N/A,SOLO DAÑOS,Choque,No respetar prelacion,Calle 40  Sur Carrera 42,ZONA CENTRO,Urbana,
2173710,12/12/2017,2:20 p.m.,martes,BUS,PUBLICO,Conductor,Masculino,NO,N/A,SOLO DAÑOS,Choque,No respetar pelacion de interseccion o giros,Calle 40  Sur Carrera 42,ZONA CENTRO,Urbana,
2173717,12/12/2017,5:15 p.m.,martes,MOTOCICLETA,PARTICULAR,Motociclista,Masculino,NO,N/A,HERIDO,Choque,No mantener distancia de seguridad,Carrera 50 Calle 48  Sur,LAS VEGAS,Urbana,
2173717,12/12/2017,5:15 p.m.,martes,MOTOCICLETA,PARTICULAR,Motociclista,Masculino,NO,N/A,HERIDO,Choque,No mantener distancia de seguridad,Carrera 50 Calle 48  Sur,LAS VEGAS,Urbana,
2173707,12/12/2017,4:30 a.m.,martes,MOTOCICLETA,PARTICULAR,Motociclista,Masculino,NO,N/A,HERIDO,Choque,Exceso de velocidad,Carrera 43 A Calle 25  Sur,ZU├æIGA,Urbana,"(6.181616833, -75.581857267)"
2173707,12/12/2017,4:30 a.m.,martes,MOTOCICLETA,PARTICULAR,Motociclista,Masculino,NO,N/A,HERIDO,Choque,Impericia en el manejo,Carrera 43 A Calle 25  Sur,ZU├æIGA,Urbana,"(6.181616833, -75.581857267)"
2173727,12/12/2017,12:40 p.m.,martes,AUTOMOVIL,PARTICULAR,Conductor,Masculino,NO,N/A,SOLO DAÑOS,Choque,Poner en marcha un vehiculo sin precauci,Carrera 47 Calle 32  Sur,EL PORTAL,Urbana,"(6.177043355, -75.588806195)"
2173781,12/14/2017,2:40 p.m.,jueves,BUS,PUBLICO,Conductor,Masculino,NO,N/A,HERIDO,Choque,No respetar pelacion de interseccion o giros,Tramo 372 Kilometro  16,VEREDA PALMAS,Rural,
2173727,12/12/2017,12:40 p.m.,martes,AUTOMOVIL,PARTICULAR,Conductor,Masculino,NO,N/A,SOLO DAÑOS,Choque,Poner en marcha un vehiculo sin precauci,Carrera 47 Calle 32  Sur,EL PORTAL,Urbana,"(6.177043355, -75.588806195)"
2173726,12/12/2017,3:45 p.m.,martes,AUTOMOVIL,PARTICULAR,Conductor,Masculino,NO,N/A,SOLO DAÑOS,Choque,No mantener distancia de seguridad,Tramo 373 Kilometro  7,VEREDA PALMAS,Rural,
2173726,12/12/2017,3:45 p.m.,martes,AUTOMOVIL,PUBLICO,Conductor,Masculino,NO,N/A,SOLO DAÑOS,Choque,No mantener distancia de seguridad,Tramo 373 Kilometro  7,VEREDA PALMAS,Rural,
2173714,12/12/2017,6:55 a.m.,martes,MOTOCICLETA,PARTICULAR,Motociclista,Masculino,NO,N/A,SOLO DAÑOS,Choque,Adelantar por la derecha,Carrera 50 Calle 30  Sur,LAS VEGAS,Urbana,
2173714,12/12/2017,6:55 a.m.,martes,AUTOMOVIL,PARTICULAR,Conductor,Femenino,NO,N/A,SOLO DAÑOS,Choque,Adelantar por la derecha,Carrera 50 Calle 30  Sur,LAS VEGAS,Urbana,
2173725,12/13/2017,3:00 p.m.,miércoles,AUTOMOVIL,PARTICULAR,Conductor,Masculino,NO,N/A,SOLO DAÑOS,Choque,Desobedecer senales,Carrera 50 Calle 37  Sur,LAS VEGAS,Urbana,
2173725,12/13/2017,3:00 p.m.,miércoles,CAMION,PUBLICO,Conductor,Masculino,NO,N/A,SOLO DAÑOS,Choque,Desobedecer senales,Carrera 50 Calle 37  Sur,LAS VEGAS,Urbana,
2173752,12/13/2017,6:00 p.m.,miércoles,AUTOMOVIL,PARTICULAR,Conductor,Femenino,NO,N/A,HERIDO,Choque,No respetar pelacion de interseccion o giros,Tramo 372 Kilometro  13,VEREDA PALMAS,Rural,
2173752,12/13/2017,6:00 p.m.,miércoles,MOTOCICLETA,PARTICULAR,Motociclista,Masculino,NO,N/A,HERIDO,Choque,No respetar pelacion de interseccion o giros,Tramo 372 Kilometro  13,VEREDA PALMAS,Rural,
2173719,12/13/2017,9:10 a.m.,miércoles,AUTOMOVIL,PUBLICO,Conductor,Masculino,NO,N/A,HERIDO,Choque,Exceso de velocidad,Calle 25  Sur Carrera 42 A,LAS ORQUIDEAS,Urbana,"(6.179682683, -75.579857565)"
2173719,12/13/2017,9:10 a.m.,miércoles,CAMPERO,PARTICULAR,Conductor,Femenino,NO,N/A,HERIDO,Choque,No mantener distancia de seguridad,Calle 25  Sur Carrera 42 A,LAS ORQUIDEAS,Urbana,"(6.179682683, -75.579857565)"
2173719,12/13/2017,9:10 a.m.,miércoles,CAMPERO,PARTICULAR,Conductor,Femenino,NO,N/A,HERIDO,Choque,Exceso de velocidad,Calle 25  Sur Carrera 42 A,LAS ORQUIDEAS,Urbana,"(6.179682683, -75.579857565)"
2173719,12/13/2017,9:10 a.m.,miércoles,CAMION,PUBLICO,Conductor,Masculino,NO,N/A,HERIDO,Choque,No mantener distancia de seguridad,Calle 25  Sur Carrera 42 A,LAS ORQUIDEAS,Urbana,"(6.179682683, -75.579857565)"
2173719,12/13/2017,9:10 a.m.,miércoles,CAMION,PUBLICO,Conductor,Masculino,NO,N/A,HERIDO,Choque,Exceso de velocidad,Calle 25  Sur Carrera 42 A,LAS ORQUIDEAS,Urbana,"(6.179682683, -75.579857565)"
2173719,12/13/2017,9:10 a.m.,miércoles,AUTOMOVIL,PUBLICO,Conductor,Masculino,NO,N/A,HERIDO,Choque,No mantener distancia de seguridad,Calle 25  Sur Carrera 42 A,LAS ORQUIDEAS,Urbana,"(6.179682683, -75.579857565)"
2173722,12/13/2017,9:15 a.m.,miércoles,AUTOMOVIL,PARTICULAR,Conductor,Femenino,NO,N/A,SOLO DAÑOS,Choque,Transitar entre vehiculos,Calle 37  Sur Carrera 45 B,EL PORTAL,Urbana,"(6.172791889, -75.590711549)"
2173722,12/13/2017,9:15 a.m.,miércoles,MOTOCICLETA,PARTICULAR,Motociclista,Femenino,NO,N/A,SOLO DAÑOS,Choque,Transitar entre vehiculos,Calle 37  Sur Carrera 45 B,EL PORTAL,Urbana,"(6.172791889, -75.590711549)"
2173731,12/13/2017,3:15 p.m.,miércoles,MOTOCICLETA,PARTICULAR,Motociclista,Masculino,NO,N/A,HERIDO,Atropello,Exceso de velocidad,Calle 37  Sur Carrera 45 B,ALCALA,Urbana,"(6.172791889, -75.590711549)"
2173731,12/13/2017,3:15 p.m.,miércoles,MOTOCICLETA,PARTICULAR,Motociclista,Masculino,NO,N/A,HERIDO,Atropello,Cruzar sin observar,Calle 37  Sur Carrera 45 B,ALCALA,Urbana,"(6.172791889, -75.590711549)"
2173720,12/13/2017,3:30 p.m.,miércoles,AUTOMOVIL,PUBLICO,Conductor,Masculino,NO,N/A,SOLO DAÑOS,Choque,Transitar entre vehiculos,Carrera 48 Calle 47  Sur,LAS VEGAS,Urbana,
2173720,12/13/2017,3:30 p.m.,miércoles,BICICLETA,N/A,Ciclista,Masculino,NO,N/A,SOLO DAÑOS,Choque,No mantener distancia de seguridad,Carrera 48 Calle 47  Sur,LAS VEGAS,Urbana,
2173720,12/13/2017,3:30 p.m.,miércoles,BICICLETA,N/A,Ciclista,Masculino,NO,N/A,SOLO DAÑOS,Choque,Transitar entre vehiculos,Carrera 48 Calle 47  Sur,LAS VEGAS,Urbana,
2173720,12/13/2017,3:30 p.m.,miércoles,AUTOMOVIL,PUBLICO,Conductor,Masculino,NO,N/A,SOLO DAÑOS,Choque,No mantener distancia de seguridad,Carrera 48 Calle 47  Sur,LAS VEGAS,Urbana,
2173730,12/13/2017,10:30 a.m.,miércoles,BUS,PUBLICO,Conductor,Masculino,NO,N/A,HERIDO,Caida Ocupante,Poner en marcha un vehiculo sin precauci,Carrera 43 A Calle 40  Sur,ALCALA,Urbana,"(6.168044687, -75.59026877)"
2173723,12/13/2017,5:30 p.m.,miércoles,AUTOMOVIL,PARTICULAR,Conductor,Masculino,NO,N/A,SOLO DAÑOS,Choque,Estacionar sin seguridad,Calle 38  Sur Carrera 39,ZONA CENTRO,Urbana,"(6.16839174, -75.585247797)"
2173723,12/13/2017,5:30 p.m.,miércoles,CAMIONETA,PARTICULAR,Conductor,Femenino,NO,N/A,SOLO DAÑOS,Choque,Estacionar sin seguridad,Calle 38  Sur Carrera 39,ZONA CENTRO,Urbana,"(6.16839174, -75.585247797)"
2173723,12/13/2017,5:30 p.m.,miércoles,AUTOMOVIL,PARTICULAR,Conductor,Masculino,NO,N/A,SOLO DAÑOS,Choque,Estacionar sin seguridad,Calle 38  Sur Carrera 39,ZONA CENTRO,Urbana,"(6.16839174, -75.585247797)"
2173723,12/13/2017,5:30 p.m.,miércoles,AUTOMOVIL,PARTICULAR,Conductor,Femenino,NO,N/A,SOLO DAÑOS,Choque,Estacionar sin seguridad,Calle 38  Sur Carrera 39,ZONA CENTRO,Urbana,"(6.16839174, -75.585247797)"
2173723,12/13/2017,5:30 p.m.,miércoles,CAMPERO,PARTICULAR,Conductor,Masculino,NO,N/A,SOLO DAÑOS,Choque,Estacionar sin seguridad,Calle 38  Sur Carrera 39,ZONA CENTRO,Urbana,"(6.16839174, -75.585247797)"
2173749,12/14/2017,12:00 p.m.,jueves,AUTOMOVIL,PUBLICO,Conductor,Masculino,NO,N/A,SOLO DAÑOS,Choque,No mantener distancia de seguridad,Carrera 50 Calle 30  Sur,LAS VEGAS,Urbana,
2173749,12/14/2017,12:00 p.m.,jueves,AUTOMOVIL,PARTICULAR,Conductor,Femenino,NO,N/A,SOLO DAÑOS,Choque,No mantener distancia de seguridad,Carrera 50 Calle 30  Sur,LAS VEGAS,Urbana,
2173749,12/14/2017,12:00 p.m.,jueves,CAMIONETA,PARTICULAR,Conductor,Masculino,NO,N/A,SOLO DAÑOS,Choque,No mantener distancia de seguridad,Carrera 50 Calle 30  Sur,LAS VEGAS,Urbana,
2173768,12/14/2017,5:10 p.m.,jueves,AUTOMOVIL,PARTICULAR,Conductor,Femenino,NO,N/A,SOLO DAÑOS,Choque,Desobedecer senales,Transversal 33  Sur Diagonal 31 E,LA MAGNOLIA,Urbana,"(6.174189158, -75.578884189)"
2173768,12/14/2017,5:10 p.m.,jueves,AUTOMOVIL,PARTICULAR,Conductor,Masculino,NO,N/A,SOLO DAÑOS,Choque,Desobedecer senales,Transversal 33  Sur Diagonal 31 E,LA MAGNOLIA,Urbana,"(6.174189158, -75.578884189)"
2173732,12/14/2017,8:17 p.m.,jueves,AUTOMOVIL,PARTICULAR,Conductor,Femenino,NO,N/A,SOLO DAÑOS,Choque,Transitar entre vehiculos,Carrera 43 Calle 33 B Sur,ZONA CENTRO,Urbana,"(6.172873357, -75.5860846)"
2173732,12/14/2017,8:17 p.m.,jueves,MOTOCICLETA,PARTICULAR,Motociclista,Masculino,NO,N/A,SOLO DAÑOS,Choque,Poner en marcha un vehiculo sin precauci,Carrera 43 Calle 33 B Sur,ZONA CENTRO,Urbana,"(6.172873357, -75.5860846)"
2173732,12/14/2017,8:17 p.m.,jueves,MOTOCICLETA,PARTICULAR,Motociclista,Masculino,NO,N/A,SOLO DAÑOS,Choque,Transitar entre vehiculos,Carrera 43 Calle 33 B Sur,ZONA CENTRO,Urbana,"(6.172873357, -75.5860846)"