RADICADO,FECHA,HORA,DÍA DE LA SEMANA,CLASE DE VEHICULO,TIPO DE SERVICIO,TIPO DE VICTIMA,SEXO,ESTADO DE BEODEZ,RESULTADO DE BEODEZ,GRAVEDAD,CLASE DE ACCIDENTE,CAUSA,DIRECCIÓN,BARRIO,AREA,Coordenadas
2173887,12/28/2017,8:40 p.m.,jueves,CAMPERO,PARTICULAR,Conductor,Masculino,NO,N/A,SOLO DAÑOS,Choque,Desobedecer senales,Transversal 32 A Sur Diagonal 32 D,LA MAGNOLIA,Urbana,"(6.175175529, -75.58409116)"
2173904,12/28/2017,4:40 p.m.,jueves,BUS,PUBLICO,Conductor,Masculino,NO,N/A,SOLO DAÑOS,Choque,Desobedecer senales,Carrera 43 Calle 33  Sur,LA MAGNOLIA,Urbana,"(6.173540656, -75.585683369)"
2173904,12/28/2017,4:40 p.m.,jueves,AUTOMOVIL,PARTICULAR,Conductor,Femenino,NO,N/A,SOLO DAÑOS,Choque,Desobedecer senales,Carrera 43 Calle 33  Sur,LA MAGNOLIA,Urbana,"(6.173540656, -75.585683369)"
2173905,12/28/2017,9:45 a.m.,jueves,BUS,PUBLICO,Conductor,Masculino,NO,N/A,SOLO DAÑOS,Choque,Reverso imprudente,Diagonal 31 Transversal 36 A Sur,LA PRADERA,Urbana,"(6.167967817, -75.580281768)"
2173905,12/28/2017,9:45 a.m.,jueves,AUTOMOVIL,PARTICULAR,Conductor,Femenino,NO,N/A,SOLO DAÑOS,Choque,Reverso imprudente,Diagonal 31 Transversal 36 A Sur,LA PRADERA,Urbana,"(6.167967817, -75.580281768)"
2173885,12/28/2017,10:50 a.m.,jueves,AUTOMOVIL,PARTICULAR,Conductor,Masculino,NO,N/A,SOLO DAÑOS,Choque,Impericia en el manejo,Calle 40  Sur Carrera 27,SAN JOSE,Urbana,"(6.158366235, -75.580807934)"
2173885,12/28/2017,10:50 a.m.,jueves,AUTOMOVIL,PARTICULAR,Conductor,Femenino,NO,N/A,SOLO DAÑOS,Choque,Impericia en el manejo,Calle 40  Sur Carrera 27,SAN JOSE,Urbana,"(6.158366235, -75.580807934)"
2173885,12/28/2017,10:50 a.m.,jueves,MOTOCICLETA,PARTICULAR,Motociclista,Masculino,NO,N/A,SOLO DAÑOS,Choque,Impericia en el manejo,Calle 40  Sur Carrera 27,SAN JOSE,Urbana,"(6.158366235, -75.580807934)"
2173890,12/29/2017,7:25 p.m.,viernes,BUS,PUBLICO,Conductor,Masculino,NO,N/A,SOLO DAÑOS,Choque,Impericia en el manejo,Calle 40  Sur Carrera 24 EE,EL SALADO,Urbana,"(6.14985354, -75.577060443)"
2173890,12/29/2017,7:25 p.m.,viernes,MOTOCICLETA,PARTICULAR,Motociclista,Masculino,NO,N/A,SOLO DAÑOS,Choque,Impericia en el manejo,Calle 40  Sur Carrera 24 EE,EL SALADO,Urbana,"(6.14985354, -75.577060443)"
2173900,12/29/2017,3:00 p.m.,viernes,AUTOMOVIL,PARTICULAR,Conductor,Masculino,NO,N/A,HERIDO,Choque,Adelantar cerrando,Carrera 48 Calle 43  Sur,LAS VEGAS,Urbana,"(6.168335134, -75.597233576)"
2173900,12/29/2017,3:00 p.m.,viernes,MOTOCICLETA,PARTICULAR,Motociclista,Masculino,NO,N/A,HERIDO,Choque,Adelantar cerrando,Carrera 48 Calle 43  Sur,LAS VEGAS,Urbana,"(6.168335134, -75.597233576)"
2173900,12/29/2017,3:00 p.m.,viernes,AUTOMOVIL,PARTICULAR,Conductor,Masculino,NO,N/A,HERIDO,Choque,Adelantar cerrando,Carrera 48 Calle 43  Sur,LAS VEGAS,Urbana,"(6.168335134, -75.597233576)"
2173907,12/29/2017,10:00 a.m.,viernes,AUTOMOVIL,PARTICULAR,Conductor,Masculino,NO,N/A,SOLO DAÑOS,Choque,Impericia en el manejo,Carrera 43 A Calle 21  Sur,ZU├æIGA,Urbana,"(6.183599544, -75.579409862)"
2173907,12/29/2017,10:00 a.m.,viernes,MOTOCICLETA,PARTICULAR,Motociclista,Masculino,NO,N/A,SOLO DAÑOS,Choque,Impericia en el manejo,Carrera 43 A Calle 21  Sur,ZU├æIGA,Urbana,"(6.183599544, -75.579409862)"
2173888,12/29/2017,7:40 p.m.,viernes,BUS,PUBLICO,Conductor,Masculino,NO,N/A,SOLO DAÑOS,Choque,Subirse al anden o vias peatonales,Carrera 46 Calle 49 D Sur,LAS CASITAS,Urbana,"(6.161790214, -75.602501558)"
2173888,12/29/2017,7:40 p.m.,viernes,AUTOMOVIL,PARTICULAR,Conductor,Masculino,NO,N/A,SOLO DAÑOS,Choque,Subirse al anden o vias peatonales,Carrera 46 Calle 49 D Sur,LAS CASITAS,Urbana,"(6.161790214, -75.602501558)"
2173880,12/29/2017,7:10 a.m.,viernes,MOTOCICLETA,PARTICULAR,Motociclista,Masculino,NO,N/A,HERIDO,Choque,Poner en marcha un vehiculo sin precauci,Calle 38  Sur Carrera 41,ZONA CENTRO,Urbana,"(6.169244976, -75.586588065)"
2173880,12/29/2017,7:10 a.m.,viernes,MOTOCICLETA,PARTICULAR,Motociclista,Masculino,NO,N/A,HERIDO,Choque,Poner en marcha un vehiculo sin precauci,Calle 38  Sur Carrera 41,ZONA CENTRO,Urbana,"(6.169244976, -75.586588065)"
2180004,12/29/2017,8:30 p.m.,viernes,AUTOMOVIL,PUBLICO,Conductor,Masculino,NO,N/A,HERIDO,Choque,Adelantar en zona prohibida,Carrera 48 Calle 39  Sur,LAS VEGAS,Urbana,"(6.17163722, -75.593649993)"
2180004,12/29/2017,8:30 p.m.,viernes,MOTOCICLETA,PARTICULAR,Motociclista,Masculino,NO,N/A,HERIDO,Choque,Adelantar en zona prohibida,Carrera 48 Calle 39  Sur,LAS VEGAS,Urbana,"(6.17163722, -75.593649993)"
2173906,12/29/2017,3:35 p.m.,viernes,CAMPERO,PARTICULAR,Conductor,Masculino,NO,N/A,SOLO DAÑOS,Choque,Adelantar invadiendo carril del mismo sentido en zigzag,Calle 38  Sur Carrera 43,ZONA CENTRO,Urbana,"(6.170061667, -75.587839128)"
2173891,12/29/2017,9:30 a.m.,viernes,AUTOMOVIL,PARTICULAR,Conductor,Masculino,NO,N/A,SOLO DAÑOS,Choque,Adelantar cerrando,Carrera 43 A Calle 41 B Sur,EL DORADO,Urbana,"(6.16628795, -75.592952231)"
2173906,12/29/2017,3:35 p.m.,viernes,CAMIONETA,PARTICULAR,Conductor,Masculino,NO,N/A,SOLO DAÑOS,Choque,Adelantar invadiendo carril del mismo sentido en zigzag,Calle 38  Sur Carrera 43,ZONA CENTRO,Urbana,"(6.170061667, -75.587839128)"
2173891,12/29/2017,9:30 a.m.,viernes,CAMIONETA,PARTICULAR,Conductor,Masculino,NO,N/A,SOLO DAÑOS,Choque,Adelantar cerrando,Carrera 43 A Calle 41 B Sur,EL DORADO,Urbana,"(6.16628795, -75.592952231)"
2173892,12/29/2017,11:45 a.m.,viernes,AUTOMOVIL,PUBLICO,Conductor,Masculino,NO,N/A,SOLO DAÑOS,Choque,No mantener distancia de seguridad,Calle 38  Sur Carrera 39,ZONA CENTRO,Urbana,"(6.16839174, -75.585247797)"
2173892,12/29/2017,11:45 a.m.,viernes,CAMIONETA,PARTICULAR,Conductor,Masculino,NO,N/A,SOLO DAÑOS,Choque,No mantener distancia de seguridad,Calle 38  Sur Carrera 39,ZONA CENTRO,Urbana,"(6.16839174, -75.585247797)"
2173916,12/29/2017,10:40 a.m.,viernes,CAMIONETA,PARTICULAR,Conductor,Femenino,NO,N/A,SOLO DAÑOS,Choque,Impericia en el manejo,Tramo 12 Kilometro  0,VEREDA PALMAS,Rural,
2173916,12/29/2017,10:40 a.m.,viernes,CAMIONETA,PARTICULAR,Conductor,Masculino,NO,N/A,SOLO DAÑOS,Choque,Impericia en el manejo,Tramo 12 Kilometro  0,VEREDA PALMAS,Rural,
2173916,12/29/2017,10:40 a.m.,viernes,AUTOMOVIL,PARTICULAR,Conductor,Masculino,NO,N/A,SOLO DAÑOS,Choque,Impericia en el manejo,Tramo 12 Kilometro  0,VEREDA PALMAS,Rural,
2173894,12/29/2017,4:50 p.m.,viernes,BUS,PUBLICO,Conductor,Masculino,NO,N/A,SOLO DAÑOS,Choque,No mantener distancia de seguridad,Calle 40  Sur Carrera 44,ALCALA,Urbana,"(6.168120304, -75.590956207)"
2173894,12/29/2017,4:50 p.m.,viernes,CAMPERO,PARTICULAR,Conductor,Masculino,NO,N/A,SOLO DAÑOS,Choque,No mantener distancia de seguridad,Calle 40  Sur Carrera 44,ALCALA,Urbana,"(6.168120304, -75.590956207)"
2173915,12/30/2017,12:00 p.m.,sábado,AUTOMOVIL,PARTICULAR,Conductor,Masculino,NO,N/A,SOLO DAÑOS,Choque,Estacionar sin seguridad,Carrera 42 D Calle 46  Sur,EL TRIANON,Urbana,"(6.162815564, -75.595438787)"
2173915,12/30/2017,12:00 p.m.,sábado,CAMION,PARTICULAR,Conductor,Masculino,NO,N/A,SOLO DAÑOS,Choque,Estacionar sin seguridad,Carrera 42 D Calle 46  Sur,EL TRIANON,Urbana,"(6.162815564, -75.595438787)"
2173908,12/30/2017,2:00 p.m.,sábado,CAMION,PARTICULAR,Conductor,Masculino,NO,N/A,SOLO DAÑOS,Choque,Adelantar cerrando,Tramo 12 Kilometro  0,VEREDA PALMAS,Rural,
2173908,12/30/2017,2:00 p.m.,sábado,AUTOMOVIL,PARTICULAR,Conductor,Masculino,NO,N/A,SOLO DAÑOS,Choque,Adelantar cerrando,Tramo 12 Kilometro  0,VEREDA PALMAS,Rural,
2173884,12/30/2017,2:00 a.m.,sábado,AUTOMOVIL,PUBLICO,Conductor,Masculino,NO,N/A,HERIDO,Atropello,Cruzar en estado de embriaguez,Calle 38  Sur Carrera 45 A,ALCALA,Urbana,"(6.17126287, -75.59030689)"
2173889,12/30/2017,1:15 p.m.,sábado,MOTOCICLETA,PARTICULAR,Motociclista,Masculino,NO,N/A,HERIDO,Choque,Impericia en el manejo,Calle 25  Sur Carrera 48,LAS VEGAS,Urbana,
2173889,12/30/2017,1:15 p.m.,sábado,MOTOCICLETA,PARTICULAR,Motociclista,Masculino,NO,N/A,HERIDO,Choque,Impericia en el manejo,Calle 25  Sur Carrera 48,LAS VEGAS,Urbana,
2173895,12/30/2017,6:10 p.m.,sábado,CAMIONETA,PARTICULAR,Conductor,Masculino,NO,N/A,SOLO DAÑOS,Choque,Impericia en el manejo,Tramo 372 Kilometro  14,VEREDA PALMAS,Rural,
2173911,12/30/2017,3:15 a.m.,sábado,CAMIONETA,PARTICULAR,Conductor,Masculino,NO,N/A,SOLO DAÑOS,Choque,No mantener distancia de seguridad,Carrera 43 A Calle 30  Sur,JARDINES,Urbana,"(6.177072638, -75.585336148)"
2173911,12/30/2017,3:15 a.m.,sábado,AUTOMOVIL,PUBLICO,Conductor,Masculino,NO,N/A,SOLO DAÑOS,Choque,No mantener distancia de seguridad,Carrera 43 A Calle 30  Sur,JARDINES,Urbana,"(6.177072638, -75.585336148)"
2173896,12/30/2017,9:00 p.m.,sábado,AUTOMOVIL,PUBLICO,Conductor,Masculino,NO,N/A,SOLO DAÑOS,Choque,No mantener distancia de seguridad,Carrera 43 A Calle 38  Sur,ZONA CENTRO,Urbana,"(6.170421178, -75.588598773)"
2173896,12/30/2017,9:00 p.m.,sábado,AUTOMOVIL,PARTICULAR,Conductor,Masculino,NO,N/A,SOLO DAÑOS,Choque,No mantener distancia de seguridad,Carrera 43 A Calle 38  Sur,ZONA CENTRO,Urbana,"(6.170421178, -75.588598773)"
2173909,12/30/2017,9:00 p.m.,sábado,CAMIONETA,PARTICULAR,Conductor,Masculino,NO,N/A,SOLO DAÑOS,Choque,Desobedecer senales,Calle 40 F Sur Carrera 36,EL DORADO,Urbana,"(6.16111564, -75.584770078)"
2173909,12/30/2017,9:00 p.m.,sábado,AUTOMOVIL,PARTICULAR,Conductor,Masculino,NO,N/A,SOLO DAÑOS,Choque,Desobedecer senales,Calle 40 F Sur Carrera 36,EL DORADO,Urbana,"(6.16111564, -75.584770078)"
2173910,12/30/2017,12:30 p.m.,sábado,CAMIONETA,PARTICULAR,Conductor,Masculino,NO,N/A,SOLO DAÑOS,Choque,Fallas en las llantas,Carrera 50 Calle 46 A Sur,LAS VEGAS,Urbana,"(6.16131219, -75.603198185)"
2173910,12/30/2017,12:30 p.m.,sábado,MOTOCARRO,PARTICULAR,Motociclista,Masculino,NO,N/A,SOLO DAÑOS,Choque,Fallas en las llantas,Carrera 50 Calle 46 A Sur,LAS VEGAS,Urbana,"(6.16131219, -75.603198185)"
2173912,12/30/2017,10:30 a.m.,sábado,MOTOCICLETA,PARTICULAR,Motociclista,Masculino,NO,N/A,SOLO DAÑOS,Choque,No mantener distancia de seguridad,Carrera 43 A Calle 21  Sur,AVENIDA EL POBLADO,Urbana,"(6.183599544, -75.579409862)"
2173912,12/30/2017,10:30 a.m.,sábado,AUTOMOVIL,PARTICULAR,Conductor,Masculino,NO,N/A,SOLO DAÑOS,Choque,No mantener distancia de seguridad,Carrera 43 A Calle 21  Sur,AVENIDA EL POBLADO,Urbana,"(6.183599544, -75.579409862)"
2173914,12/31/2017,3:00 p.m.,domingo,AUTOMOVIL,PARTICULAR,Conductor,Masculino,NO,N/A,SOLO DAÑOS,Choque,No mantener distancia de seguridad,Carrera 48 Calle 50  Sur,LAS CASITAS,Urbana,
2173914,12/31/2017,3:00 p.m.,domingo,AUTOMOVIL,PARTICULAR,Conductor,Femenino,NO,N/A,SOLO DAÑOS,Choque,No mantener distancia de seguridad,Carrera 48 Calle 50  Sur,LAS CASITAS,Urbana,
2173898,12/31/2017,4:05 p.m.,domingo,AUTOMOVIL,PARTICULAR,Conductor,Femenino,NO,N/A,SOLO DAÑOS,Choque,Desobedecer senales,Transversal 34 D Sur Diagonal 31 E,LOS NARANJOS,Urbana,"(6.172106631, -75.579275117)"
2173898,12/31/2017,4:05 p.m.,domingo,AUTOMOVIL,PUBLICO,Conductor,Masculino,NO,N/A,SOLO DAÑOS,Choque,Desobedecer senales,Transversal 34 D Sur Diagonal 31 E,LOS NARANJOS,Urbana,"(6.172106631, -75.579275117)"
2173899,12/31/2017,3:30 a.m.,domingo,BUS,PUBLICO,Conductor,Masculino,NO,N/A,SOLO DAÑOS,Choque,Desobedecer senales,Calle 37  Sur Carrera 48,LAS VEGAS,Urbana,"(6.17412211, -75.593061115)"
2173899,12/31/2017,3:30 a.m.,domingo,CAMIONETA,PARTICULAR,Conductor,Masculino,NO,N/A,SOLO DAÑOS,Choque,Desobedecer senales,Calle 37  Sur Carrera 48,LAS VEGAS,Urbana,"(6.17412211, -75.593061115)"
2173897,12/31/2017,12:40 p.m.,domingo,AUTOMOVIL,PARTICULAR,Conductor,Femenino,NO,N/A,HERIDO,Atropello,Cruzar sin observar,Calle 38  Sur Carrera 41,ZONA CENTRO,Urbana,"(6.169244976, -75.586588065)"
2173893,12/31/2017,11:00 p.m.,domingo,MOTOCICLETA,PARTICULAR,Motociclista,Masculino,NO,N/A,HERIDO,Choque,Transitar en contravia,Tramo 371 Kilometro  0,VEREDA EL ESCOBERO,Rural,
2173893,12/31/2017,11:00 p.m.,domingo,AUTOMOVIL,PARTICULAR,Conductor,Masculino,NO,N/A,HERIDO,Choque,Transitar en contravia,Tramo 371 Kilometro  0,VEREDA EL ESCOBERO,Rural,
2153594,01/01/2016,1:40 p.m.,viernes,CAMIONETA,PARTICULAR,Conductor,Masculino,No,N/A,HERIDO,Choque,Desobedecer senales,Diagonal 32 D Transversal 33,LA MAGNOLIA,Urbana,"(6.174101275, -75.583606066)"
2153594,01/01/2016,1:40 p.m.,viernes,AUTOMOVIL,PARTICULAR,Conductor,Masculino,No,N/A,HERIDO,Choque,Desobedecer senales,Diagonal 32 D Transversal 33,LA MAGNOLIA,Urbana,"(6.174101275, -75.583606066)"
2153614,01/01/2016,3:30 p.m.,viernes,CAMIONETA,PARTICULAR,Conductor,Masculino,No,N/A,SOLO DAÑOS,Choque,Otra,Calle 49  Sur Carrera 48,N/R,Urbana,"(6.163238618, -75.602507178)"
2153614,01/01/2016,3:30 p.m.,viernes,CAMION,PUBLICO,Conductor,Masculino,No,N/A,SOLO DAÑOS,Choque,Otra,Calle 49  Sur Carrera 48,N/R,Urbana,"(6.163238618, -75.602507178)"
2153614,01/01/2016,3:30 p.m.,viernes,CAMPERO,PARTICULAR,Conductor,Sin registro,No,N/A,SOLO DAÑOS,Choque,Otra,Calle 49  Sur Carrera 48,N/R,Urbana,"(6.163238618, -75.602507178)"
2153606,01/02/2016,1:00 p.m.,sábado,MOTOCICLETA,PARTICULAR,Motociclista,Femenino,No,N/A,HERIDO,Caida Ocupante,Otra,Tramo 372 Kilometro  8,VEREDA PALMAS,Rural,
2153628,01/02/2016,1:30 p.m.,sábado,CAMIONETA,PARTICULAR,Conductor,Masculino,No,N/A,SOLO DAÑOS,Choque,No mantener distancia de seguridad,Calle 36 D Sur Carrera 27 D,VEREDA EL ESCOBERO,Urbana,"(6.164970853, -75.574637268)"
2153628,01/02/2016,1:30 p.m.,sábado,AUTOMOVIL,PARTICULAR,Conductor,Masculino,No,N/A,SOLO DAÑOS,Choque,No mantener distancia de seguridad,Calle 36 D Sur Carrera 27 D,VEREDA EL ESCOBERO,Urbana,"(6.164970853, -75.574637268)"
2153631,01/02/2016,1:50 p.m.,sábado,AUTOMOVIL,PARTICULAR,Conductor,Masculino,No,N/A,SOLO DAÑOS,Choque,Exceso de velocidad,Tramo 181 Kilometro  2,N/R,Rural,
2153629,01/02/2016,3:25 p.m.,sábado,AUTOMOVIL,PARTICULAR,Conductor,Femenino,No,N/A,SOLO DAÑOS,Choque,Otra,Carrera 42 D Calle 46 D Sur,EL TRIANON,Urbana,"(6.161230751, -75.595806071)"
2153629,01/02/2016,3:25 p.m.,sábado,MOTOCICLETA,PARTICULAR,Motociclista,Masculino,No,N/A,SOLO DAÑOS,Choque,Otra,Carrera 42 D Calle 46 D Sur,EL TRIANON,Urbana,"(6.161230751, -75.595806071)"
2153610,01/02/2016,7:20 p.m.,sábado,MOTOCICLETA,PARTICULAR,Motociclista,Masculino,No,N/A,HERIDO,Caida Ocupante,Otra,Tramo 371 Kilometro  11,VEREDA EL ESCOBERO,Rural,
2153630,01/03/2016,2:30 p.m.,domingo,AUTOMOVIL,PARTICULAR,Conductor,Masculino,No,N/A,SOLO DAÑOS,Choque,No mantener distancia de seguridad,Calle 39  Sur Carrera 42,ZONA CENTRO,Urbana,"(6.168300638, -75.588159271)"
2153630,01/03/2016,2:30 p.m.,domingo,BUS,PUBLICO,Conductor,Masculino,No,N/A,SOLO DAÑOS,Choque,No mantener distancia de seguridad,Calle 39  Sur Carrera 42,ZONA CENTRO,Urbana,"(6.168300638, -75.588159271)"
2153605,01/03/2016,4:40 p.m.,domingo,MOTOCICLETA,PARTICULAR,Motociclista,Masculino,No,N/A,HERIDO,Atropello,Exceso de velocidad,Diagonal 31 Transversal 34 DD,LA SEBASTIANA,Urbana,"(6.171548906, -75.57932035)"
2153605,01/03/2016,4:40 p.m.,domingo,MOTOCICLETA,PARTICULAR,Motociclista,Masculino,No,N/A,HERIDO,Atropello,Cruzar sin observar,Diagonal 31 Transversal 34 DD,LA SEBASTIANA,Urbana,"(6.171548906, -75.57932035)"
2153650,01/03/2016,7:20 p.m.,domingo,AUTOMOVIL,PARTICULAR,Conductor,Masculino,No,N/A,SOLO DAÑOS,Choque,No mantener distancia de seguridad,Carrera 43 A Calle 22  Sur,N/R,Urbana,"(6.183599544, -75.579409862)"
2153650,01/03/2016,7:20 p.m.,domingo,AUTOMOVIL,PUBLICO,Conductor,Masculino,No,N/A,SOLO DAÑOS,Choque,No mantener distancia de seguridad,Carrera 43 A Calle 22  Sur,N/R,Urbana,"(6.183599544, -75.579409862)"
2153627,01/03/2016,10:40 p.m.,domingo,AUTOMOVIL,PARTICULAR,Conductor,Masculino,No,N/A,SOLO DAÑOS,Choque,No mantener distancia de seguridad,Carrera 43 A Calle 29  Sur,ALCALA,Urbana,"(6.177803112, -75.584555495)"
2153627,01/03/2016,10:40 p.m.,domingo,CAMIONETA,PARTICULAR,Conductor,Masculino,No,N/A,SOLO DAÑOS,Choque,No mantener distancia de seguridad,Carrera 43 A Calle 29  Sur,ALCALA,Urbana,"(6.177803112, -75.584555495)"
2153595,01/03/2016,11:30 p.m.,domingo,AUTOMOVIL,PARTICULAR,Conductor,Masculino,No,N/A,SOLO DAÑOS,Choque,Exceso de velocidad,Tramo 372 Kilometro  13,VEREDA PALMAS,Rural,
2153651,01/04/2016,12:50 a.m.,lunes,CAMPERO,PARTICULAR,Conductor,Masculino,No,N/A,SOLO DAÑOS,Choque,Otra,Tramo 372 Kilometro  14,VEREDA PALMAS,Rural,
2153625,01/04/2016,7:20 a.m.,lunes,AUTOMOVIL,PARTICULAR,Conductor,Femenino,No,N/A,SOLO DAÑOS,Choque,No mantener distancia de seguridad,Calle 37  Sur Carrera 29 A,LA PRADERA,Urbana,"(6.166159821, -75.580618636)"
2153625,01/04/2016,7:20 a.m.,lunes,MOTOCICLETA,PARTICULAR,Motociclista,Masculino,No,N/A,SOLO DAÑOS,Choque,No mantener distancia de seguridad,Calle 37  Sur Carrera 29 A,LA PRADERA,Urbana,"(6.166159821, -75.580618636)"
2153641,01/04/2016,12:00 p.m.,lunes,BUSETA,PUBLICO,Conductor,Masculino,No,N/A,SOLO DAÑOS,Choque,Adelantar cerrando,Carrera 46 Calle 39  Sur,ALCALA,Urbana,"(6.170504216, -75.592518737)"
2153641,01/04/2016,12:00 p.m.,lunes,AUTOMOVIL,PARTICULAR,Conductor,Masculino,No,N/A,SOLO DAÑOS,Choque,Adelantar cerrando,Carrera 46 Calle 39  Sur,ALCALA,Urbana,"(6.170504216, -75.592518737)"
2153642,01/04/2016,12:50 p.m.,lunes,CAMION,PUBLICO,Conductor,Masculino,No,N/A,SOLO DAÑOS,Choque,Subirse al anden o vias peatonales,Carrera 50 Calle 27  Sur,N/R,Urbana,
2153642,01/04/2016,12:50 p.m.,lunes,CAMION,PUBLICO,Conductor,Masculino,No,N/A,SOLO DAÑOS,Choque,Subirse al anden o vias peatonales,Carrera 50 Calle 27  Sur,N/R,Urbana,
2153626,01/04/2016,1:13 p.m.,lunes,Sin registro,PUBLICO,Conductor,Masculino,No,N/A,SOLO DAÑOS,Choque,Otra,Tramo 372 Kilometro  15,VEREDA PALMAS,Rural,
2153626,01/04/2016,1:13 p.m.,lunes,CAMIONETA,PARTICULAR,Conductor,Masculino,No,N/A,SOLO DAÑOS,Choque,Otra,Tramo 372 Kilometro  15,VEREDA PALMAS,Rural,
2153620,01/04/2016,1:30 p.m.,lunes,MOTOCICLETA,PARTICULAR,Motociclista,Masculino,No,N/A,HERIDO,Choque,No mantener distancia de seguridad,Carrera 43 A Calle 46  Sur,PRIMAVERA,Urbana,"(6.164030981, -75.595992633)"
2153620,01/04/2016,1:30 p.m.,lunes,AUTOMOVIL,PARTICULAR,Conductor,Masculino,No,N/A,HERIDO,Choque,No mantener distancia de seguridad,Carrera 43 A Calle 46  Sur,PRIMAVERA,Urbana,"(6.164030981, -75.595992633)"
2153623,01/04/2016,4:40 p.m.,lunes,AUTOMOVIL,PARTICULAR,Conductor,Masculino,No,N/A,SOLO DAÑOS,Choque,No mantener distancia de seguridad,Carrera 48 Calle 50  Sur,LAS VEGAS,Urbana,
2153623,01/04/2016,4:40 p.m.,lunes,AUTOMOVIL,PARTICULAR,Conductor,Masculino,No,N/A,SOLO DAÑOS,Choque,No mantener distancia de seguridad,Carrera 48 Calle 50  Sur,LAS VEGAS,Urbana,
2153617,01/04/2016,5:00 p.m.,lunes,BUS,PUBLICO,Conductor,Masculino,No,N/A,HERIDO,Atropello,Cruzar sin observar,Carrera 31 Calle 38  Sur,N/R,Urbana,"(6.165466746, -75.581111233)"
2153632,01/04/2016,6:10 p.m.,lunes,BUS,PUBLICO,Conductor,Masculino,No,N/A,SOLO DAÑOS,Choque,Desobedecer senales,Carrera 49 Calle 39  Sur,N/R,Urbana,"(6.173609359, -75.597070569)"
2153632,01/04/2016,6:10 p.m.,lunes,AUTOMOVIL,PARTICULAR,Conductor,Masculino,No,N/A,SOLO DAÑOS,Choque,Desobedecer senales,Carrera 49 Calle 39  Sur,N/R,Urbana,"(6.173609359, -75.597070569)"
2153638,01/04/2016,6:10 p.m.,lunes,AUTOMOVIL,PARTICULAR,Conductor,Masculino,No,N/A,SOLO DAÑOS,Choque,Otra,Carrera 43 A Calle 43 A Sur,AVENIDA EL POBLADO,Urbana,"(6.166401394, -75.592384108)"
2153638,01/04/2016,6:10 p.m.,lunes,MOTOCICLETA,PARTICULAR,Motociclista,Masculino,No,N/A,SOLO DAÑOS,Choque,Otra,Carrera 43 A Calle 43 A Sur,AVENIDA EL POBLADO,Urbana,"(6.166401394, -75.592384108)"
2160099,01/04/2016,8:40 p.m.,lunes,AUTOMOVIL,PARTICULAR,Conductor,Femenino,No,N/A,SOLO DAÑOS,Choque,Otra,Calle 33  Sur Carrera 78,N/R,Urbana,
2160099,01/04/2016,8:40 p.m.,lunes,AUTOMOVIL,PARTICULAR,Conductor,Femenino,No,N/A,SOLO DAÑOS,Choque,Otra,Calle 33  Sur Carrera 78,N/R,Urbana,
2153624,01/04/2016,9:05 p.m.,lunes,AUTOMOVIL,PARTICULAR,Conductor,Masculino,No,N/A,SOLO DAÑOS,Choque,Desobedecer senales,Calle 36  Sur Carrera 39,ZONA CENTRO,Urbana,"(6.169751787, -75.584351131)"
2153624,01/04/2016,9:05 p.m.,lunes,MOTOCICLETA,PARTICULAR,Motociclista,Masculino,No,N/A,SOLO DAÑOS,Choque,Desobedecer senales,Calle 36  Sur Carrera 39,ZONA CENTRO,Urbana,"(6.169751787, -75.584351131)"
2153616,01/05/2016,8:30 a.m.,martes,MOTOCICLETA,PARTICULAR,Motociclista,Masculino,No,N/A,HERIDO,Caida Ocupante,Otra,Carrera 50 Calle 48  Sur,LAS VEGAS,Urbana,
2153644,01/05/2016,8:30 a.m.,martes,MICROBUS,PUBLICO,Conductor,Masculino,No,N/A,SOLO DAÑOS,Choque,Adelantar cerrando,Calle 36 D Sur Carrera 27,N/R,Urbana,"(6.162479576, -75.570222573)"
2153644,01/05/2016,8:30 a.m.,martes,CAMPERO,PARTICULAR,Conductor,Masculino,No,N/A,SOLO DAÑOS,Choque,Adelantar cerrando,Calle 36 D Sur Carrera 27,N/R,Urbana,"(6.162479576, -75.570222573)"
2153634,01/05/2016,10:20 a.m.,martes,CAMPERO,PARTICULAR,Conductor,Masculino,No,N/A,SOLO DAÑOS,Choque,No mantener distancia de seguridad,Carrera 50 Calle 43  Sur,LAS VEGAS,Urbana,
2153634,01/05/2016,10:20 a.m.,martes,MOTOCICLETA,PARTICULAR,Motociclista,Masculino,No,N/A,SOLO DAÑOS,Choque,No mantener distancia de seguridad,Carrera 50 Calle 43  Sur,LAS VEGAS,Urbana,
2153621,01/05/2016,11:15 a.m.,martes,MOTOCICLETA,PARTICULAR,Motociclista,Femenino,No,N/A,HERIDO,Choque,Otra,Calle 39  Sur Carrera 44,ALCALA,Urbana,"(6.169314183, -75.5901252)"
2153621,01/05/2016,11:15 a.m.,martes,AUTOMOVIL,PARTICULAR,Conductor,Masculino,No,N/A,HERIDO,Choque,Otra,Calle 39  Sur Carrera 44,ALCALA,Urbana,"(6.169314183, -75.5901252)"
2153640,01/05/2016,11:15 a.m.,martes,AUTOMOVIL,PUBLICO,Conductor,Masculino,No,N/A,SOLO DAÑOS,Choque,Desobedecer senales,Carrera 42 Calle 33 B Sur,ZONA CENTRO,Urbana,"(6.172431982, -75.585528606)"
2153640,01/05/2016,11:15 a.m.,martes,AUTOMOVIL,PARTICULAR,Conductor,Femenino,No,N/A,SOLO DAÑOS,Choque,Desobedecer senales,Carrera 42 Calle 33 B Sur,ZONA CENTRO,Urbana,"(6.172431982, -75.585528606)"