RADICADO,FECHA,HORA,DÍA DE LA SEMANA,CLASE DE VEHICULO,TIPO DE SERVICIO,TIPO DE VICTIMA,SEXO,ESTADO DE BEODEZ,RESULTADO DE BEODEZ,GRAVEDAD,CLASE DE ACCIDENTE,CAUSA,DIRECCIÓN,BARRIO,AREA,Coordenadas
2153819,01/25/2016,10:10 a.m.,lunes,Sin registro,PUBLICO,Conductor,Masculino,No,N/A,SOLO DAÑOS,Choque,Adelantar cerrando,Calle 37  Sur Carrera 39,ZONA CENTRO,Urbana,"(6.169035546, -75.584847552)"
2153819,01/25/2016,10:10 a.m.,lunes,CAMIONETA,PARTICULAR,Conductor,Masculino,No,N/A,SOLO DAÑOS,Choque,Adelantar cerrando,Calle 37  Sur Carrera 39,ZONA CENTRO,Urbana,"(6.169035546, -75.584847552)"
2153819,01/25/2016,10:10 a.m.,lunes,CAMION,PUBLICO,Conductor,Masculino,No,N/A,SOLO DAÑOS,Choque,Adelantar cerrando,Calle 37  Sur Carrera 39,ZONA CENTRO,Urbana,"(6.169035546, -75.584847552)"
2153822,01/25/2016,11:50 a.m.,lunes,CAMION,PUBLICO,Conductor,Masculino,No,N/A,SOLO DAÑOS,Choque,Adelantar cerrando,Carrera 48 Calle 37  Sur,LAS VEGAS,Urbana,"(6.172859211, -75.592769925)"
2153822,01/25/2016,11:50 a.m.,lunes,AUTOMOVIL,PARTICULAR,Conductor,Masculino,No,N/A,SOLO DAÑOS,Choque,Adelantar cerrando,Carrera 48 Calle 37  Sur,LAS VEGAS,Urbana,"(6.172859211, -75.592769925)"
2153800,01/25/2016,12:50 p.m.,lunes,BUSETA,PUBLICO,Conductor,Masculino,No,N/A,SOLO DAÑOS,Choque,Otra,Calle 48 E Sur Carrera 42 BB,EL TRIANON,Urbana,"(6.159800047, -75.595095327)"
2153800,01/25/2016,12:50 p.m.,lunes,CAMIONETA,PARTICULAR,Conductor,Masculino,No,N/A,SOLO DAÑOS,Choque,Otra,Calle 48 E Sur Carrera 42 BB,EL TRIANON,Urbana,"(6.159800047, -75.595095327)"
2153796,01/25/2016,1:35 p.m.,lunes,MOTOCICLETA,PARTICULAR,Motociclista,Masculino,No,N/A,HERIDO,Choque,Adelantar cerrando,Calle 38  Sur Carrera 42,ZONA CENTRO,Urbana,"(6.16961293, -75.587384695)"
2153796,01/25/2016,1:35 p.m.,lunes,MOTOCICLETA,PARTICULAR,Motociclista,Masculino,No,N/A,HERIDO,Choque,Adelantar cerrando,Calle 38  Sur Carrera 42,ZONA CENTRO,Urbana,"(6.16961293, -75.587384695)"
2153820,01/25/2016,1:40 p.m.,lunes,AUTOMOVIL,PARTICULAR,Conductor,Femenino,No,N/A,SOLO DAÑOS,Choque,No mantener distancia de seguridad,Carrera 48 Calle 30  Sur,LAS VEGAS,Urbana,"(6.179366643, -75.588084104)"
2153820,01/25/2016,1:40 p.m.,lunes,AUTOMOVIL,PARTICULAR,Conductor,Masculino,No,N/A,SOLO DAÑOS,Choque,No mantener distancia de seguridad,Carrera 48 Calle 30  Sur,LAS VEGAS,Urbana,"(6.179366643, -75.588084104)"
2153809,01/25/2016,2:50 p.m.,lunes,AUTOMOVIL,PUBLICO,Conductor,Masculino,No,N/A,SOLO DAÑOS,Choque,Adelantar cerrando,Carrera 43 A Calle 25  Sur,LAS ORQUIDEAS,Urbana,"(6.181616833, -75.581857267)"
2153809,01/25/2016,2:50 p.m.,lunes,BUS,PUBLICO,Conductor,Masculino,No,N/A,SOLO DAÑOS,Choque,Adelantar cerrando,Carrera 43 A Calle 25  Sur,LAS ORQUIDEAS,Urbana,"(6.181616833, -75.581857267)"
2153824,01/25/2016,3:20 p.m.,lunes,Sin registro,PUBLICO,Conductor,Masculino,No,N/A,SOLO DAÑOS,Choque,Adelantar cerrando,Carrera 43 A Calle 21  Sur,ZU├æIGA,Urbana,"(6.183599544, -75.579409862)"
2153824,01/25/2016,3:20 p.m.,lunes,BUS,PUBLICO,Conductor,Masculino,No,N/A,SOLO DAÑOS,Choque,Adelantar cerrando,Carrera 43 A Calle 21  Sur,ZU├æIGA,Urbana,"(6.183599544, -75.579409862)"
2153804,01/25/2016,4:40 p.m.,lunes,AUTOMOVIL,PARTICULAR,Conductor,Masculino,No,N/A,SOLO DAÑOS,Choque,Adelantar cerrando,Calle 37  Sur Carrera 50,LAS VEGAS,Urbana,
2153804,01/25/2016,4:40 p.m.,lunes,AUTOMOVIL,PARTICULAR,Conductor,Femenino,No,N/A,SOLO DAÑOS,Choque,Adelantar cerrando,Calle 37  Sur Carrera 50,LAS VEGAS,Urbana,
2153801,01/25/2016,4:45 p.m.,lunes,AUTOMOVIL,PARTICULAR,Conductor,Femenino,No,N/A,SOLO DAÑOS,Choque,Adelantar en zona prohibida,Calle 37  Sur Carrera 50,LAS VEGAS,Urbana,
2153801,01/25/2016,4:45 p.m.,lunes,MOTOCICLETA,PARTICULAR,Motociclista,Femenino,No,N/A,SOLO DAÑOS,Choque,Adelantar en zona prohibida,Calle 37  Sur Carrera 50,LAS VEGAS,Urbana,
2153823,01/25/2016,5:35 p.m.,lunes,AUTOMOVIL,PUBLICO,Conductor,Masculino,No,N/A,SOLO DAÑOS,Choque,Otra,Carrera 29 A Calle 38  Sur,N/R,Urbana,"(6.16496822, -75.580828364)"
2153802,01/25/2016,6:50 p.m.,lunes,CAMION,PARTICULAR,Conductor,Masculino,No,N/A,SOLO DAÑOS,Choque,Adelantar en zona prohibida,Calle 37  Sur Carrera 49,LAS VEGAS,Urbana,"(6.174789471, -75.594204243)"
2153802,01/25/2016,6:50 p.m.,lunes,AUTOMOVIL,PARTICULAR,Conductor,Femenino,No,N/A,SOLO DAÑOS,Choque,Adelantar en zona prohibida,Calle 37  Sur Carrera 49,LAS VEGAS,Urbana,"(6.174789471, -75.594204243)"
2153793,01/25/2016,7:40 p.m.,lunes,AUTOMOVIL,PARTICULAR,Conductor,Masculino,No,N/A,SOLO DAÑOS,Choque,No mantener distancia de seguridad,Carrera 42 Calle 44  Sur,LA PAZ,Urbana,
2153793,01/25/2016,7:40 p.m.,lunes,AUTOMOVIL,PARTICULAR,Conductor,Masculino,No,N/A,SOLO DAÑOS,Choque,No mantener distancia de seguridad,Carrera 42 Calle 44  Sur,LA PAZ,Urbana,
2153860,01/28/2016,8:40 a.m.,jueves,AUTOMOVIL,PARTICULAR,Conductor,Masculino,No,N/A,SOLO DAÑOS,Choque,Otra,Calle 37  Sur Carrera 50,LAS VEGAS,Urbana,
2153798,01/25/2016,8:00 p.m.,lunes,CAMIONETA,PARTICULAR,Conductor,Masculino,No,N/A,SOLO DAÑOS,Choque,Otra,Diagonal 29 Calle 32 A Sur,MANUEL URIBE ANGEL,Urbana,"(6.175050214, -75.577890939)"
2153798,01/25/2016,8:00 p.m.,lunes,MICROBUS,PUBLICO,Conductor,Masculino,No,N/A,SOLO DAÑOS,Choque,Otra,Diagonal 29 Calle 32 A Sur,MANUEL URIBE ANGEL,Urbana,"(6.175050214, -75.577890939)"
2153829,01/26/2016,5:30 a.m.,martes,AUTOMOVIL,PARTICULAR,Conductor,Masculino,No,N/A,SOLO DAÑOS,Choque,Exceso de velocidad,Carrera 30 Calle 40  Sur,SAN JOSE,Urbana,"(6.162460007, -75.582360188)"
2153815,01/26/2016,7:10 a.m.,martes,AUTOMOVIL,PUBLICO,Conductor,Masculino,No,N/A,SOLO DAÑOS,Choque,No mantener distancia de seguridad,Carrera 27 Calle 23  Sur,N/R,Urbana,"(6.176588834, -75.567445991)"
2153815,01/26/2016,7:10 a.m.,martes,AUTOMOVIL,PARTICULAR,Conductor,Masculino,No,N/A,SOLO DAÑOS,Choque,No mantener distancia de seguridad,Carrera 27 Calle 23  Sur,N/R,Urbana,"(6.176588834, -75.567445991)"
2153815,01/26/2016,7:10 a.m.,martes,AUTOMOVIL,PARTICULAR,Conductor,Masculino,No,N/A,SOLO DAÑOS,Choque,No mantener distancia de seguridad,Carrera 27 Calle 23  Sur,N/R,Urbana,"(6.176588834, -75.567445991)"
2153825,01/26/2016,11:15 a.m.,martes,CAMIONETA,PARTICULAR,Conductor,Femenino,No,N/A,SOLO DAÑOS,Choque,Otra,Carrera 35 Calle 38  Sur,MESA,Urbana,"(6.166929031, -75.583146763)"
2153825,01/26/2016,11:15 a.m.,martes,AUTOMOVIL,PARTICULAR,Conductor,Masculino,No,N/A,SOLO DAÑOS,Choque,Otra,Carrera 35 Calle 38  Sur,MESA,Urbana,"(6.166929031, -75.583146763)"
2153833,01/26/2016,1:45 p.m.,martes,CAMPERO,PARTICULAR,Conductor,Masculino,No,N/A,SOLO DAÑOS,Choque,Otra,Carrera 41 Calle 21  Sur,N/R,Urbana,"(6.182090327, -75.576703464)"
2153833,01/26/2016,1:45 p.m.,martes,AUTOMOVIL,PARTICULAR,Conductor,Femenino,No,N/A,SOLO DAÑOS,Choque,Otra,Carrera 41 Calle 21  Sur,N/R,Urbana,"(6.182090327, -75.576703464)"
2153833,01/26/2016,1:45 p.m.,martes,AUTOMOVIL,PARTICULAR,Conductor,Femenino,No,N/A,SOLO DAÑOS,Choque,Otra,Carrera 41 Calle 21  Sur,N/R,Urbana,"(6.182090327, -75.576703464)"
2153839,01/26/2016,1:45 p.m.,martes,CAMPERO,PARTICULAR,Conductor,Femenino,No,N/A,SOLO DAÑOS,Choque,No respetar prelacion,Calle 22  Sur Carrera 40,N/R,Urbana,"(6.18123897, -75.576751492)"
2153839,01/26/2016,1:45 p.m.,martes,CAMIONETA,PUBLICO,Conductor,Masculino,No,N/A,SOLO DAÑOS,Choque,No respetar prelacion,Calle 22  Sur Carrera 40,N/R,Urbana,"(6.18123897, -75.576751492)"
2153839,01/26/2016,1:45 p.m.,martes,MOTOCICLETA,PARTICULAR,Motociclista,Masculino,No,N/A,SOLO DAÑOS,Choque,No respetar prelacion,Calle 22  Sur Carrera 40,N/R,Urbana,"(6.18123897, -75.576751492)"
2153817,01/26/2016,2:20 p.m.,martes,BUS,PUBLICO,Conductor,Masculino,No,N/A,SOLO DAÑOS,Choque,No mantener distancia de seguridad,Calle 22  Sur Carrera 40,N/R,Urbana,"(6.18123897, -75.576751492)"
2153817,01/26/2016,2:20 p.m.,martes,AUTOMOVIL,PARTICULAR,Conductor,Femenino,No,N/A,SOLO DAÑOS,Choque,No mantener distancia de seguridad,Calle 22  Sur Carrera 40,N/R,Urbana,"(6.18123897, -75.576751492)"
2153828,01/26/2016,2:45 p.m.,martes,AUTOMOVIL,PARTICULAR,Conductor,Masculino,No,N/A,SOLO DAÑOS,Choque,Adelantar por la derecha,Calle 37  Sur Carrera 49,GLORIETA DE PELDAR,Urbana,"(6.174789471, -75.594204243)"
2153828,01/26/2016,2:45 p.m.,martes,MOTOCICLETA,PARTICULAR,Motociclista,Masculino,No,N/A,SOLO DAÑOS,Choque,Adelantar por la derecha,Calle 37  Sur Carrera 49,GLORIETA DE PELDAR,Urbana,"(6.174789471, -75.594204243)"
2153832,01/26/2016,3:30 p.m.,martes,CAMION,PUBLICO,Conductor,Masculino,No,N/A,SOLO DAÑOS,Choque,No respetar prelacion,Calle 37  Sur Carrera 48,GLORIETA PELDAR,Urbana,"(6.17412211, -75.593061115)"
2153832,01/26/2016,3:30 p.m.,martes,AUTOMOVIL,PARTICULAR,Conductor,Masculino,No,N/A,SOLO DAÑOS,Choque,No respetar prelacion,Calle 37  Sur Carrera 48,GLORIETA PELDAR,Urbana,"(6.17412211, -75.593061115)"
2153818,01/26/2016,3:40 p.m.,martes,CAMIONETA,PARTICULAR,Conductor,Masculino,No,N/A,HERIDO,Choque,No mantener distancia de seguridad,Carrera 48 Calle 49 B Sur,LAS VEGAS,Urbana,"(6.162599027, -75.602787472)"
2153818,01/26/2016,3:40 p.m.,martes,CAMIONETA,PARTICULAR,Conductor,Masculino,No,N/A,HERIDO,Choque,No mantener distancia de seguridad,Carrera 48 Calle 49 B Sur,LAS VEGAS,Urbana,"(6.162599027, -75.602787472)"
2153860,01/28/2016,8:40 a.m.,jueves,CAMION,PUBLICO,Conductor,Masculino,No,N/A,SOLO DAÑOS,Choque,Otra,Calle 37  Sur Carrera 50,LAS VEGAS,Urbana,
2153834,01/26/2016,5:00 p.m.,martes,CAMPERO,PARTICULAR,Conductor,Femenino,No,N/A,HERIDO,Choque,Desobedecer senales,Carrera 43 A Calle 35  Sur,ZONA CENTRO,Urbana,"(6.172381022, -75.58730875)"
2153834,01/26/2016,5:00 p.m.,martes,MOTOCICLETA,PARTICULAR,Motociclista,Masculino,No,N/A,HERIDO,Choque,Desobedecer senales,Carrera 43 A Calle 35  Sur,ZONA CENTRO,Urbana,"(6.172381022, -75.58730875)"
2153821,01/26/2016,5:30 p.m.,martes,AUTOMOVIL,PARTICULAR,Conductor,Femenino,No,N/A,SOLO DAÑOS,Choque,No mantener distancia de seguridad,Tramo 372 Kilometro  11,VEREDA PALMAS,Rural,
2153821,01/26/2016,5:30 p.m.,martes,MOTOCICLETA,PARTICULAR,Motociclista,Masculino,No,N/A,SOLO DAÑOS,Choque,No mantener distancia de seguridad,Tramo 372 Kilometro  11,VEREDA PALMAS,Rural,
2153795,01/26/2016,9:15 p.m.,martes,MOTOCICLETA,PARTICULAR,Motociclista,Masculino,No,N/A,HERIDO,Choque,Poner en marcha un vehiculo sin precauci,Transversal 32 A Sur Diagonal 31 E,LA MAGNOLIA,Urbana,"(6.176205136, -75.581005959)"
2153795,01/26/2016,9:15 p.m.,martes,AUTOMOVIL,PARTICULAR,Conductor,Femenino,No,N/A,HERIDO,Choque,Poner en marcha un vehiculo sin precauci,Transversal 32 A Sur Diagonal 31 E,LA MAGNOLIA,Urbana,"(6.176205136, -75.581005959)"
2153836,01/27/2016,6:25 a.m.,miércoles,BUS,PUBLICO,Conductor,Masculino,No,N/A,SOLO DAÑOS,Choque,Otra,Carrera 46 Calle 48 C Sur,LAS CASITAS,Urbana,"(6.162824447, -75.599686607)"
2153836,01/27/2016,6:25 a.m.,miércoles,CAMPERO,PARTICULAR,Conductor,Masculino,No,N/A,SOLO DAÑOS,Choque,Otra,Carrera 46 Calle 48 C Sur,LAS CASITAS,Urbana,"(6.162824447, -75.599686607)"
2153835,01/27/2016,9:05 a.m.,miércoles,CAMION,PUBLICO,Conductor,Masculino,No,N/A,SOLO DAÑOS,Choque,No mantener distancia de seguridad,Calle 37  Sur Carrera 50,LAS VEGAS,Urbana,
2153835,01/27/2016,9:05 a.m.,miércoles,AUTOMOVIL,PARTICULAR,Conductor,Masculino,No,N/A,SOLO DAÑOS,Choque,No mantener distancia de seguridad,Calle 37  Sur Carrera 50,LAS VEGAS,Urbana,
2153831,01/27/2016,9:30 a.m.,miércoles,AUTOMOVIL,PARTICULAR,Conductor,Masculino,No,N/A,SOLO DAÑOS,Choque,Adelantar cerrando,Calle 36 A Sur Carrera 48,EL PORTAL,Urbana,"(6.173604362, -75.591284932)"
2153831,01/27/2016,9:30 a.m.,miércoles,CAMIONETA,PARTICULAR,Conductor,Femenino,No,N/A,SOLO DAÑOS,Choque,Adelantar cerrando,Calle 36 A Sur Carrera 48,EL PORTAL,Urbana,"(6.173604362, -75.591284932)"
2153837,01/27/2016,10:35 a.m.,miércoles,MOTOCICLETA,PARTICULAR,Motociclista,Masculino,No,N/A,HERIDO,Choque,Desobedecer senales,Calle 37  Sur Carrera 32,MESA,Urbana,"(6.166691719, -75.581185995)"
2153837,01/27/2016,10:35 a.m.,miércoles,MOTOCICLETA,PARTICULAR,Motociclista,Masculino,No,N/A,HERIDO,Choque,Desobedecer senales,Calle 37  Sur Carrera 32,MESA,Urbana,"(6.166691719, -75.581185995)"
2153830,01/27/2016,1:00 p.m.,miércoles,MOTOCICLETA,PARTICULAR,Motociclista,Masculino,No,N/A,SOLO DAÑOS,Choque,Impericia en el manejo,Tramo 372 Kilometro  16,VEREDA PALMAS,Rural,
2153830,01/27/2016,1:00 p.m.,miércoles,CAMIONETA,PUBLICO,Conductor,Masculino,No,N/A,SOLO DAÑOS,Choque,Impericia en el manejo,Tramo 372 Kilometro  16,VEREDA PALMAS,Rural,
2153816,01/27/2016,4:00 p.m.,miércoles,MOTOCICLETA,PARTICULAR,Motociclista,Masculino,No,N/A,MUERTO,Atropello,Cruzar sin observar,Carrera 43 A Calle 27  Sur,ZU├æIGA,Urbana,"(6.179697995, -75.583177217)"
2153816,01/27/2016,4:00 p.m.,miércoles,MOTOCICLETA,PARTICULAR,Motociclista,Masculino,No,N/A,MUERTO,Atropello,Exceso de velocidad,Carrera 43 A Calle 27  Sur,ZU├æIGA,Urbana,"(6.179697995, -75.583177217)"
2153826,01/27/2016,5:45 p.m.,miércoles,CAMIONETA,PARTICULAR,Conductor,Femenino,No,N/A,SOLO DAÑOS,Choque,No mantener distancia de seguridad,Tramo 372 Kilometro  12,VEREDA PALMAS,Rural,
2153826,01/27/2016,5:45 p.m.,miércoles,CAMIONETA,PARTICULAR,Conductor,Femenino,No,N/A,SOLO DAÑOS,Choque,No mantener distancia de seguridad,Tramo 372 Kilometro  12,VEREDA PALMAS,Rural,
2153827,01/27/2016,6:50 p.m.,miércoles,AUTOMOVIL,PARTICULAR,Conductor,Masculino,No,N/A,SOLO DAÑOS,Choque,Adelantar cerrando,Carrera 40 Calle 38  Sur,ZONA CENTRO,Urbana,"(6.168682985, -75.585870246)"
2153827,01/27/2016,6:50 p.m.,miércoles,BUS,PUBLICO,Conductor,Masculino,No,N/A,SOLO DAÑOS,Choque,Adelantar cerrando,Carrera 40 Calle 38  Sur,ZONA CENTRO,Urbana,"(6.168682985, -75.585870246)"
2153841,01/28/2016,5:30 a.m.,jueves,AUTOMOVIL,PARTICULAR,Conductor,Masculino,No,N/A,HERIDO,Choque,Otra,Carrera 41 Calle 24  Sur,N/R,Urbana,"(6.179819678, -75.577141234)"
2153838,01/28/2016,1:35 p.m.,jueves,AUTOMOVIL,PUBLICO,Conductor,Masculino,No,N/A,SOLO DAÑOS,Choque,Semaforo en rojo,Calle 25  Sur Carrera 43 A,VILLA GRANDE,Urbana,"(6.181560189, -75.582016491)"
2153838,01/28/2016,1:35 p.m.,jueves,MOTOCICLETA,PARTICULAR,Motociclista,Femenino,No,N/A,SOLO DAÑOS,Choque,Semaforo en rojo,Calle 25  Sur Carrera 43 A,VILLA GRANDE,Urbana,"(6.181560189, -75.582016491)"
2153864,01/28/2016,5:00 p.m.,jueves,AUTOMOVIL,PUBLICO,Conductor,Masculino,No,N/A,HERIDO,Choque,No mantener distancia de seguridad,Diagonal 31 Transversal 32 A Sur,LA MAGNOLIA,Urbana,"(6.174681134, -75.578471041)"
2153864,01/28/2016,5:00 p.m.,jueves,MOTOCICLETA,PARTICULAR,Motociclista,Masculino,No,N/A,HERIDO,Choque,No mantener distancia de seguridad,Diagonal 31 Transversal 32 A Sur,LA MAGNOLIA,Urbana,"(6.174681134, -75.578471041)"
2153864,01/28/2016,5:00 p.m.,jueves,MOTOCICLETA,PARTICULAR,Motociclista,Masculino,No,N/A,HERIDO,Choque,No mantener distancia de seguridad,Diagonal 31 Transversal 32 A Sur,LA MAGNOLIA,Urbana,"(6.174681134, -75.578471041)"
2153852,01/28/2016,6:10 p.m.,jueves,CAMIONETA,PARTICULAR,Conductor,Femenino,No,N/A,SOLO DAÑOS,Choque,Poner en marcha un vehiculo sin precauci,Carrera 43 A Calle 49  Sur,N/R,Urbana,"(6.160914202, -75.600022989)"
2153852,01/28/2016,6:10 p.m.,jueves,AUTOMOVIL,PUBLICO,Conductor,Masculino,No,N/A,SOLO DAÑOS,Choque,Poner en marcha un vehiculo sin precauci,Carrera 43 A Calle 49  Sur,N/R,Urbana,"(6.160914202, -75.600022989)"
2153842,01/28/2016,7:30 p.m.,jueves,MOTOCICLETA,PARTICULAR,Motociclista,Masculino,No,N/A,HERIDO,Choque,Otra,Carrera 27 Calle 35  Sur,LA INMACULADA,Urbana,
2153842,01/28/2016,7:30 p.m.,jueves,AUTOMOVIL,PARTICULAR,Conductor,Femenino,No,N/A,HERIDO,Choque,Otra,Carrera 27 Calle 35  Sur,LA INMACULADA,Urbana,
2153854,01/29/2016,12:30 a.m.,viernes,AUTOMOVIL,PARTICULAR,Conductor,Masculino,No,N/A,HERIDO,Volcamiento,Exceso de velocidad,Tramo 372 Kilometro  13,VEREDA PALMAS,Rural,
2153862,01/29/2016,4:20 a.m.,viernes,MOTOCICLETA,PARTICULAR,Motociclista,Masculino,No,N/A,HERIDO,Caida Ocupante,Otra,Carrera 42 B Calle 25 A Sur,PONTE VEDRA,Urbana,"(6.179670916, -75.581486749)"
2153859,01/29/2016,7:15 a.m.,viernes,MOTOCICLETA,PARTICULAR,Motociclista,Femenino,No,N/A,HERIDO,Choque,Transitar entre vehiculos,Tramo 372 Kilometro  13,VEREDA PALMAS,Rural,
2153859,01/29/2016,7:15 a.m.,viernes,CAMPERO,PARTICULAR,Conductor,Femenino,No,N/A,HERIDO,Choque,Transitar entre vehiculos,Tramo 372 Kilometro  13,VEREDA PALMAS,Rural,
2153859,01/29/2016,7:15 a.m.,viernes,MOTOCICLETA,PARTICULAR,Motociclista,Masculino,No,N/A,HERIDO,Choque,Transitar entre vehiculos,Tramo 372 Kilometro  13,VEREDA PALMAS,Rural,
2153858,01/29/2016,10:56 a.m.,viernes,AUTOMOVIL,PUBLICO,Conductor,Masculino,No,N/A,SOLO DAÑOS,Choque,Otra,Diagonal 31 Calle 36 A Sur,LA PRADERA,Urbana,"(6.167967817, -75.580281768)"
2153858,01/29/2016,10:56 a.m.,viernes,CAMIONETA,PARTICULAR,Conductor,Masculino,No,N/A,SOLO DAÑOS,Choque,Otra,Diagonal 31 Calle 36 A Sur,LA PRADERA,Urbana,"(6.167967817, -75.580281768)"
2153840,01/29/2016,11:20 a.m.,viernes,Sin registro,PUBLICO,Conductor,Masculino,No,N/A,SOLO DAÑOS,Choque,Otra,Calle 37  Sur Carrera 49,LAS VEGAS,Urbana,"(6.174789471, -75.594204243)"
2153840,01/29/2016,11:20 a.m.,viernes,AUTOMOVIL,PARTICULAR,Conductor,Masculino,No,N/A,SOLO DAÑOS,Choque,Otra,Calle 37  Sur Carrera 49,LAS VEGAS,Urbana,"(6.174789471, -75.594204243)"
2153849,01/29/2016,1:00 p.m.,viernes,CAMIONETA,PARTICULAR,Conductor,Femenino,No,N/A,SOLO DAÑOS,Choque,Impericia en el manejo,Calle 46 C Sur Carrera 38,EL TRIANON,Urbana,"(6.157772487, -75.590940794)"
2153849,01/29/2016,1:00 p.m.,viernes,AUTOMOVIL,PARTICULAR,Conductor,Femenino,No,N/A,SOLO DAÑOS,Choque,Impericia en el manejo,Calle 46 C Sur Carrera 38,EL TRIANON,Urbana,"(6.157772487, -75.590940794)"
2153847,01/29/2016,2:00 p.m.,viernes,AUTOMOVIL,PARTICULAR,Conductor,Masculino,No,N/A,SOLO DAÑOS,Choque,No mantener distancia de seguridad,Carrera 50 Calle 39 A Sur,LAS VEGAS,Urbana,
2153847,01/29/2016,2:00 p.m.,viernes,CAMION,PUBLICO,Conductor,Masculino,No,N/A,SOLO DAÑOS,Choque,No mantener distancia de seguridad,Carrera 50 Calle 39 A Sur,LAS VEGAS,Urbana,
2153847,01/29/2016,2:00 p.m.,viernes,CAMIONETA,PUBLICO,Conductor,Masculino,No,N/A,SOLO DAÑOS,Choque,No mantener distancia de seguridad,Carrera 50 Calle 39 A Sur,LAS VEGAS,Urbana,
2153843,01/29/2016,3:40 p.m.,viernes,TRACTOCAMION,PUBLICO,Conductor,Masculino,No,N/A,SOLO DAÑOS,Choque,No mantener distancia de seguridad,Carrera 50 Calle 37  Sur,LAS VEGAS,Urbana,
2153843,01/29/2016,3:40 p.m.,viernes,CAMION,PUBLICO,Conductor,Masculino,No,N/A,SOLO DAÑOS,Choque,No mantener distancia de seguridad,Carrera 50 Calle 37  Sur,LAS VEGAS,Urbana,
2153844,01/29/2016,5:10 p.m.,viernes,MICROBUS,PUBLICO,Conductor,Masculino,No,N/A,SOLO DAÑOS,Choque,Impericia en el manejo,Calle 40  Sur Carrera 24,VEREDA EL ESCOBERO,Urbana,"(6.147263187, -75.576335752)"
2153844,01/29/2016,5:10 p.m.,viernes,AUTOMOVIL,PUBLICO,Conductor,Masculino,No,N/A,SOLO DAÑOS,Choque,Impericia en el manejo,Calle 40  Sur Carrera 24,VEREDA EL ESCOBERO,Urbana,"(6.147263187, -75.576335752)"
2153855,01/29/2016,8:15 p.m.,viernes,AUTOMOVIL,PARTICULAR,Conductor,Femenino,No,N/A,SOLO DAÑOS,Choque,Impericia en el manejo,Carrera 48 Calle 30  Sur,LAS VEGAS,Urbana,"(6.179366643, -75.588084104)"
2153855,01/29/2016,8:15 p.m.,viernes,AUTOMOVIL,PARTICULAR,Conductor,Masculino,No,N/A,SOLO DAÑOS,Choque,Impericia en el manejo,Carrera 48 Calle 30  Sur,LAS VEGAS,Urbana,"(6.179366643, -75.588084104)"
2160622,01/30/2016,9:00 a.m.,sábado,AUTOMOVIL,PUBLICO,Conductor,Masculino,No,N/A,SOLO DAÑOS,Choque,Otra,Diagonal 34 C Sur Transversal 14,N/R,Urbana,
2160622,01/30/2016,9:00 a.m.,sábado,AUTOMOVIL,DIPLOMATICO,Conductor,Sin registro,No,N/A,SOLO DAÑOS,Choque,Otra,Diagonal 34 C Sur Transversal 14,N/R,Urbana,
2153863,01/30/2016,9:40 a.m.,sábado,MOTOCICLETA,PARTICULAR,Motociclista,Masculino,No,N/A,HERIDO,Atropello,Cruzar sin observar,Carrera 43 A Calle 46  Sur,PRIMAVERA,Urbana,"(6.164030981, -75.595992633)"
2153872,01/30/2016,10:08 a.m.,sábado,MOTOCICLETA,PARTICULAR,Motociclista,Masculino,No,N/A,SOLO DAÑOS,Choque,Poner en marcha un vehiculo sin precauci,Transversal 34  Sur Diagonal 32,LA MAGNOLIA,Urbana,"(6.173524185, -75.581799423)"
2153872,01/30/2016,10:08 a.m.,sábado,MOTOCICLETA,PARTICULAR,Motociclista,Masculino,No,N/A,SOLO DAÑOS,Choque,Poner en marcha un vehiculo sin precauci,Transversal 34  Sur Diagonal 32,LA MAGNOLIA,Urbana,"(6.173524185, -75.581799423)"
2153848,01/30/2016,10:30 a.m.,sábado,CAMIONETA,PUBLICO,Conductor,Sin registro,No,N/A,SOLO DAÑOS,Choque,Otra,Carrera 25 Calle 39  Sur,N/R,Urbana,"(6.153814535, -75.575825743)"
2153870,01/30/2016,10:40 a.m.,sábado,AUTOMOVIL,PARTICULAR,Conductor,Masculino,No,N/A,SOLO DAÑOS,Choque,No mantener distancia de seguridad,Calle 37  Sur Carrera 38,ZONA CENTRO,Urbana,"(6.168685416, -75.584291241)"
2153870,01/30/2016,10:40 a.m.,sábado,MOTOCICLETA,PARTICULAR,Motociclista,Masculino,No,N/A,SOLO DAÑOS,Choque,No mantener distancia de seguridad,Calle 37  Sur Carrera 38,ZONA CENTRO,Urbana,"(6.168685416, -75.584291241)"
2153857,01/30/2016,1:00 p.m.,sábado,AUTOMOVIL,PARTICULAR,Conductor,Masculino,No,N/A,HERIDO,Choque,Transitar entre vehiculos,Carrera 50 Calle 25 AA Sur,LAS VEGAS,Urbana,"(6.18564452, -75.586338909)"
2153857,01/30/2016,1:00 p.m.,sábado,MOTOCICLETA,PARTICULAR,Motociclista,Masculino,No,N/A,HERIDO,Choque,Transitar entre vehiculos,Carrera 50 Calle 25 AA Sur,LAS VEGAS,Urbana,"(6.18564452, -75.586338909)"
2153846,01/30/2016,2:00 p.m.,sábado,AUTOMOVIL,PARTICULAR,Conductor,Masculino,No,N/A,SOLO DAÑOS,Choque,No mantener distancia de seguridad,Carrera 50 Calle 48  Sur,LAS VEGAS,Urbana,
2153846,01/30/2016,2:00 p.m.,sábado,CAMIONETA,PARTICULAR,Conductor,Masculino,No,N/A,SOLO DAÑOS,Choque,No mantener distancia de seguridad,Carrera 50 Calle 48  Sur,LAS VEGAS,Urbana,