RADICADO,FECHA,HORA,DÍA DE LA SEMANA,CLASE DE VEHICULO,TIPO DE SERVICIO,TIPO DE VICTIMA,SEXO,ESTADO DE BEODEZ,RESULTADO DE BEODEZ,GRAVEDAD,CLASE DE ACCIDENTE,CAUSA,DIRECCIÓN,BARRIO,AREA,Coordenadas
2153851,01/30/2016,2:10 p.m.,sábado,MOTOCICLETA,PARTICULAR,Motociclista,Masculino,No,N/A,SOLO DAÑOS,Choque,No mantener distancia de seguridad,Calle 37 A Sur Carrera 33,LOS NARANJOS,Urbana,"(6.166332677, -75.582037182)"
2153851,01/30/2016,2:10 p.m.,sábado,AUTOMOVIL,PARTICULAR,Conductor,Masculino,No,N/A,SOLO DAÑOS,Choque,No mantener distancia de seguridad,Calle 37 A Sur Carrera 33,LOS NARANJOS,Urbana,"(6.166332677, -75.582037182)"
2153853,01/30/2016,2:30 p.m.,sábado,AUTOMOVIL,PUBLICO,Conductor,Masculino,No,N/A,SOLO DAÑOS,Choque,No mantener distancia de seguridad,Carrera 48 Calle 27 A Sur,LAS VEGAS,Urbana,"(6.181312425, -75.58688511)"
2153853,01/30/2016,2:30 p.m.,sábado,AUTOMOVIL,PARTICULAR,Conductor,Femenino,No,N/A,SOLO DAÑOS,Choque,No mantener distancia de seguridad,Carrera 48 Calle 27 A Sur,LAS VEGAS,Urbana,"(6.181312425, -75.58688511)"
2153856,01/30/2016,2:50 p.m.,sábado,AUTOMOVIL,PUBLICO,Conductor,Masculino,No,N/A,SOLO DAÑOS,Choque,Otra,Calle 40 F Sur Carrera 24,LA MINA,Urbana,"(6.153189897, -75.58381114)"
2153856,01/30/2016,2:50 p.m.,sábado,AUTOMOVIL,PARTICULAR,Conductor,Femenino,No,N/A,SOLO DAÑOS,Choque,Otra,Calle 40 F Sur Carrera 24,LA MINA,Urbana,"(6.153189897, -75.58381114)"
2153850,01/30/2016,3:10 p.m.,sábado,AUTOMOVIL,PARTICULAR,Conductor,Femenino,No,N/A,SOLO DAÑOS,Choque,Adelantar en zona prohibida,Calle 38  Sur Carrera 46,ALCALA,Urbana,"(6.171966643, -75.591369743)"
2153850,01/30/2016,3:10 p.m.,sábado,MOTOCICLETA,PARTICULAR,Motociclista,Femenino,No,N/A,SOLO DAÑOS,Choque,Adelantar en zona prohibida,Calle 38  Sur Carrera 46,ALCALA,Urbana,"(6.171966643, -75.591369743)"
2153873,01/30/2016,4:00 p.m.,sábado,CAMIONETA,PARTICULAR,Conductor,Masculino,No,N/A,SOLO DAÑOS,Choque,No mantener distancia de seguridad,Tramo 372 Kilometro  13,VEREDA PALMAS,Rural,
2153873,01/30/2016,4:00 p.m.,sábado,AUTOMOVIL,PARTICULAR,Conductor,Masculino,No,N/A,SOLO DAÑOS,Choque,No mantener distancia de seguridad,Tramo 372 Kilometro  13,VEREDA PALMAS,Rural,
2153869,01/30/2016,8:30 p.m.,sábado,AUTOMOVIL,PUBLICO,Conductor,Masculino,No,N/A,HERIDO,Choque,No respetar prelacion,Calle 45 B Sur Carrera 30,LAS ANTILLAS,Urbana,"(6.156508956, -75.589876613)"
2153869,01/30/2016,8:30 p.m.,sábado,MOTOCICLETA,PARTICULAR,Motociclista,Masculino,No,N/A,HERIDO,Choque,No respetar prelacion,Calle 45 B Sur Carrera 30,LAS ANTILLAS,Urbana,"(6.156508956, -75.589876613)"
2153861,01/30/2016,9:05 p.m.,sábado,MOTOCICLETA,PARTICULAR,Motociclista,Masculino,No,N/A,HERIDO,Choque,Transitar entre vehiculos,Calle 25 A Sur Carrera 42 B,N/R,Urbana,"(6.181402463, -75.58167941)"
2153861,01/30/2016,9:05 p.m.,sábado,AUTOMOVIL,PARTICULAR,Conductor,Masculino,No,N/A,HERIDO,Choque,Transitar entre vehiculos,Calle 25 A Sur Carrera 42 B,N/R,Urbana,"(6.181402463, -75.58167941)"
2153845,01/30/2016,11:55 p.m.,sábado,CAMPERO,PARTICULAR,Conductor,Masculino,No,N/A,SOLO DAÑOS,Volcamiento,Exceso de velocidad,Tramo 372 Kilometro  11,VEREDA PALMAS,Rural,
2153871,01/31/2016,12:20 p.m.,domingo,AUTOMOVIL,PARTICULAR,Conductor,Masculino,No,N/A,SOLO DAÑOS,Choque,Desobedecer senales,Calle 38 A Sur Carrera 33,MESA,Urbana,"(6.165645413, -75.582548776)"
2153871,01/31/2016,12:20 p.m.,domingo,CAMIONETA,PARTICULAR,Conductor,Masculino,No,N/A,SOLO DAÑOS,Choque,Desobedecer senales,Calle 38 A Sur Carrera 33,MESA,Urbana,"(6.165645413, -75.582548776)"
2153865,02/01/2016,12:41 a.m.,lunes,MOTOCICLETA,PARTICULAR,Motociclista,Masculino,No,N/A,HERIDO,Otro,Otra,Transversal 32 C Sur Diagonal 31,LAS FLORES,Urbana,"(6.174738982, -75.578581856)"
2153867,02/01/2016,5:50 a.m.,lunes,MOTOCICLETA,PARTICULAR,Motociclista,Masculino,No,N/A,HERIDO,Choque,Adelantar invadiendo carril de sentido contrario,Carrera 45 B Calle 32 C Sur,EL PORTAL,Urbana,"(6.175172645, -75.588706984)"
2153867,02/01/2016,5:50 a.m.,lunes,CAMIONETA,PUBLICO,Conductor,Masculino,No,N/A,HERIDO,Choque,Adelantar invadiendo carril de sentido contrario,Carrera 45 B Calle 32 C Sur,EL PORTAL,Urbana,"(6.175172645, -75.588706984)"
2153891,02/01/2016,6:50 a.m.,lunes,CAMIONETA,PARTICULAR,Conductor,Femenino,No,N/A,SOLO DAÑOS,Choque,Otra,Calle 36 D Sur Carrera 27 D,VEREDA EL ESCOBERO,Urbana,"(6.164970853, -75.574637268)"
2153891,02/01/2016,6:50 a.m.,lunes,AUTOMOVIL,PARTICULAR,Conductor,Masculino,No,N/A,SOLO DAÑOS,Choque,Otra,Calle 36 D Sur Carrera 27 D,VEREDA EL ESCOBERO,Urbana,"(6.164970853, -75.574637268)"
2153883,02/01/2016,7:15 a.m.,lunes,CAMIONETA,PARTICULAR,Conductor,Femenino,No,N/A,SOLO DAÑOS,Choque,No mantener distancia de seguridad,Carrera 48 Calle 30  Sur,LAS VEGAS,Urbana,"(6.179366643, -75.588084104)"
2153883,02/01/2016,7:15 a.m.,lunes,AUTOMOVIL,PARTICULAR,Conductor,Masculino,No,N/A,SOLO DAÑOS,Choque,No mantener distancia de seguridad,Carrera 48 Calle 30  Sur,LAS VEGAS,Urbana,"(6.179366643, -75.588084104)"
2153878,02/01/2016,9:00 a.m.,lunes,CAMION,PUBLICO,Conductor,Masculino,No,N/A,SOLO DAÑOS,Choque,Subirse al anden o vias peatonales,Carrera 29 A Calle 36 E Sur,N/R,Urbana,"(6.167057794, -75.578273918)"
2153878,02/01/2016,9:00 a.m.,lunes,AUTOMOVIL,PUBLICO,Conductor,Masculino,No,N/A,SOLO DAÑOS,Choque,Subirse al anden o vias peatonales,Carrera 29 A Calle 36 E Sur,N/R,Urbana,"(6.167057794, -75.578273918)"
2153880,02/01/2016,10:00 a.m.,lunes,MICROBUS,PUBLICO,Conductor,Masculino,No,N/A,SOLO DAÑOS,Choque,No respetar prelacion,Carrera 25 A Calle 38 D Sur,EL CHINGU├ì,Urbana,"(6.158679025, -75.566644254)"
2153880,02/01/2016,10:00 a.m.,lunes,Sin registro,PUBLICO,Conductor,Masculino,No,N/A,SOLO DAÑOS,Choque,No respetar prelacion,Carrera 25 A Calle 38 D Sur,EL CHINGU├ì,Urbana,"(6.158679025, -75.566644254)"
2153886,02/02/2016,8:10 a.m.,martes,AUTOMOVIL,PARTICULAR,Conductor,Femenino,No,N/A,SOLO DAÑOS,Choque,Otra,Carrera 50 Calle 37  Sur,LAS VEGAS,Urbana,
2153885,02/01/2016,12:50 p.m.,lunes,CAMION,PUBLICO,Conductor,Masculino,No,N/A,SOLO DAÑOS,Choque,Otra,Carrera 43 A Calle 38  Sur,ZONA CENTRO,Urbana,"(6.170421178, -75.588598773)"
2153885,02/01/2016,12:50 p.m.,lunes,CAMION,PUBLICO,Conductor,Masculino,No,N/A,SOLO DAÑOS,Choque,Otra,Carrera 43 A Calle 38  Sur,ZONA CENTRO,Urbana,"(6.170421178, -75.588598773)"
2153866,02/01/2016,1:50 p.m.,lunes,BUS,PUBLICO,Conductor,Masculino,No,N/A,HERIDO,Caida Ocupante,Frenar bruscamente,Calle 39  Sur Carrera 43 A,ZONA CENTRO,Urbana,"(6.169120914, -75.589530358)"
2153868,02/01/2016,2:20 p.m.,lunes,MICROBUS,PUBLICO,Conductor,Masculino,No,N/A,HERIDO,Choque,Desobedecer senales,Carrera 33 Calle 38 A Sur,MESA,Urbana,"(6.165529346, -75.58252676)"
2153868,02/01/2016,2:20 p.m.,lunes,MOTOCICLETA,PARTICULAR,Motociclista,Masculino,No,N/A,HERIDO,Choque,Desobedecer senales,Carrera 33 Calle 38 A Sur,MESA,Urbana,"(6.165529346, -75.58252676)"
2153892,02/01/2016,3:35 p.m.,lunes,BUS,PUBLICO,Conductor,Masculino,No,N/A,SOLO DAÑOS,Choque,Otra,Carrera 43 A Calle 22  Sur,AVENIDA EL POBLADO,Urbana,"(6.183599544, -75.579409862)"
2153892,02/01/2016,3:35 p.m.,lunes,CAMPERO,PARTICULAR,Conductor,Masculino,No,N/A,SOLO DAÑOS,Choque,Otra,Carrera 43 A Calle 22  Sur,AVENIDA EL POBLADO,Urbana,"(6.183599544, -75.579409862)"
2153887,02/01/2016,5:01 p.m.,lunes,AUTOMOVIL,PUBLICO,Conductor,Masculino,No,N/A,SOLO DAÑOS,Choque,Otra,Calle 24  Sur Carrera 34,ZU├æIGA,Urbana,
2153881,02/01/2016,5:30 p.m.,lunes,BUS,PUBLICO,Conductor,Masculino,No,N/A,SOLO DAÑOS,Choque,Adelantar cerrando,Calle 39  Sur Carrera 43,ZONA CENTRO,Urbana,"(6.168678771, -75.58876156)"
2153881,02/01/2016,5:30 p.m.,lunes,CAMIONETA,PARTICULAR,Conductor,Masculino,No,N/A,SOLO DAÑOS,Choque,Adelantar cerrando,Calle 39  Sur Carrera 43,ZONA CENTRO,Urbana,"(6.168678771, -75.58876156)"
2153877,02/01/2016,6:30 p.m.,lunes,CAMIONETA,PARTICULAR,Conductor,Masculino,No,N/A,SOLO DAÑOS,Choque,Adelantar cerrando,Carrera 43 A Calle 32  Sur,SAN MARCOS,Urbana,"(6.175494708, -75.585757367)"
2153877,02/01/2016,6:30 p.m.,lunes,AUTOMOVIL,PARTICULAR,Conductor,Masculino,No,N/A,SOLO DAÑOS,Choque,Adelantar cerrando,Carrera 43 A Calle 32  Sur,SAN MARCOS,Urbana,"(6.175494708, -75.585757367)"
2153882,02/01/2016,7:30 p.m.,lunes,CAMPERO,PARTICULAR,Conductor,Masculino,No,N/A,SOLO DAÑOS,Choque,Otra,Carrera 48 Calle 37  Sur,LAS VEGAS,Urbana,"(6.172859211, -75.592769925)"
2153882,02/01/2016,7:30 p.m.,lunes,AUTOMOVIL,PARTICULAR,Conductor,Masculino,No,N/A,SOLO DAÑOS,Choque,Otra,Carrera 48 Calle 37  Sur,LAS VEGAS,Urbana,"(6.172859211, -75.592769925)"
2153876,02/01/2016,9:45 p.m.,lunes,AUTOMOVIL,PARTICULAR,Conductor,Masculino,No,N/A,SOLO DAÑOS,Choque,Transitar entre vehiculos,Calle 37  Sur Carrera 49,N/R,Urbana,"(6.174789471, -75.594204243)"
2153876,02/01/2016,9:45 p.m.,lunes,MOTOCICLETA,PARTICULAR,Motociclista,Femenino,No,N/A,SOLO DAÑOS,Choque,Transitar entre vehiculos,Calle 37  Sur Carrera 49,N/R,Urbana,"(6.174789471, -75.594204243)"
2153889,02/02/2016,6:50 a.m.,martes,AUTOMOVIL,PARTICULAR,Conductor,Femenino,No,N/A,SOLO DAÑOS,Choque,Adelantar en zona prohibida,Transversal 34  Sur Diagonal 39,N/R,Urbana,"(6.172372683, -75.584554741)"
2153889,02/02/2016,6:50 a.m.,martes,MOTOCICLETA,PARTICULAR,Motociclista,Masculino,No,N/A,SOLO DAÑOS,Choque,Adelantar en zona prohibida,Transversal 34  Sur Diagonal 39,N/R,Urbana,"(6.172372683, -75.584554741)"
2153875,02/02/2016,7:00 a.m.,martes,MOTOCICLETA,PARTICULAR,Motociclista,Masculino,No,N/A,HERIDO,Choque,Transitar entre vehiculos,Calle 48 C Sur Carrera 46,N/R,Urbana,"(6.162854875, -75.599744367)"
2153875,02/02/2016,7:00 a.m.,martes,AUTOMOVIL,PARTICULAR,Conductor,Femenino,No,N/A,HERIDO,Choque,Transitar entre vehiculos,Calle 48 C Sur Carrera 46,N/R,Urbana,"(6.162854875, -75.599744367)"
2153874,02/02/2016,7:15 a.m.,martes,CAMIONETA,PUBLICO,Conductor,Masculino,No,N/A,HERIDO,Choque,Transitar entre vehiculos,Carrera 50 Calle 25 AA Sur,LAS VEGAS,Urbana,"(6.18564452, -75.586338909)"
2153874,02/02/2016,7:15 a.m.,martes,MOTOCICLETA,PARTICULAR,Motociclista,Masculino,No,N/A,HERIDO,Choque,Transitar entre vehiculos,Carrera 50 Calle 25 AA Sur,LAS VEGAS,Urbana,"(6.18564452, -75.586338909)"
2153886,02/02/2016,8:10 a.m.,martes,BUSETA,PUBLICO,Conductor,Masculino,No,N/A,SOLO DAÑOS,Choque,Otra,Carrera 50 Calle 37  Sur,LAS VEGAS,Urbana,
2153888,02/02/2016,9:00 a.m.,martes,AUTOMOVIL,PARTICULAR,Conductor,Femenino,No,N/A,SOLO DAÑOS,Choque,Exceso de velocidad,Calle 36  Sur Carrera 27 A,EL CHOCHO,Urbana,"(6.167592229, -75.570654593)"
2153890,02/02/2016,9:45 a.m.,martes,BUSETA,PUBLICO,Conductor,Masculino,No,N/A,SOLO DAÑOS,Choque,No respetar prelacion,Carrera 48 Calle 30  Sur,LAS VEGAS,Urbana,"(6.179366643, -75.588084104)"
2153890,02/02/2016,9:45 a.m.,martes,AUTOMOVIL,PARTICULAR,Conductor,Masculino,No,N/A,SOLO DAÑOS,Choque,No respetar prelacion,Carrera 48 Calle 30  Sur,LAS VEGAS,Urbana,"(6.179366643, -75.588084104)"
2160041,02/04/2016,7:10 p.m.,jueves,MOTOCICLETA,PARTICULAR,Motociclista,Femenino,No,N/A,HERIDO,Choque,Otra,Carrera 41 Calle 33 B Sur,ZONA CENTRO,Urbana,"(6.171618698, -75.585004401)"
2153909,02/02/2016,1:30 p.m.,martes,AUTOMOVIL,PARTICULAR,Conductor,Femenino,No,N/A,HERIDO,Choque,Adelantar en zona prohibida,Calle 39  Sur Carrera 29 A,SAN JOSE,Urbana,"(6.164019418, -75.581208066)"
2153909,02/02/2016,1:30 p.m.,martes,MOTOCICLETA,PARTICULAR,Motociclista,Masculino,No,N/A,HERIDO,Choque,Adelantar en zona prohibida,Calle 39  Sur Carrera 29 A,SAN JOSE,Urbana,"(6.164019418, -75.581208066)"
2153912,02/02/2016,2:00 p.m.,martes,Sin registro,PUBLICO,Conductor,Masculino,No,N/A,SOLO DAÑOS,Choque,Adelantar cerrando,Diagonal 31 A Transversal 34 E Sur,LA SEBASTIANA,Urbana,"(6.171171404, -75.579849452)"
2153912,02/02/2016,2:00 p.m.,martes,CAMIONETA,PUBLICO,Conductor,Masculino,No,N/A,SOLO DAÑOS,Choque,Adelantar cerrando,Diagonal 31 A Transversal 34 E Sur,LA SEBASTIANA,Urbana,"(6.171171404, -75.579849452)"
2153884,02/02/2016,2:15 p.m.,martes,AUTOMOVIL,PUBLICO,Conductor,Masculino,No,N/A,SOLO DAÑOS,Choque,Otra,Carrera 41 Calle 21  Sur,N/R,Urbana,"(6.182090327, -75.576703464)"
2153884,02/02/2016,2:15 p.m.,martes,CAMIONETA,PARTICULAR,Conductor,Masculino,No,N/A,SOLO DAÑOS,Choque,Otra,Carrera 41 Calle 21  Sur,N/R,Urbana,"(6.182090327, -75.576703464)"
2160383,02/02/2016,6:10 p.m.,martes,MOTOCICLETA,PARTICULAR,Motociclista,Masculino,No,N/A,SOLO DAÑOS,Choque,Otra,Carrera 50 Calle 29  Sur,N/R,Urbana,"(6.182760672, -75.58882785)"
2160383,02/02/2016,6:10 p.m.,martes,MOTOCICLETA,PARTICULAR,Motociclista,Masculino,No,N/A,SOLO DAÑOS,Choque,Otra,Carrera 50 Calle 29  Sur,N/R,Urbana,"(6.182760672, -75.58882785)"
2153903,02/02/2016,8:10 p.m.,martes,AUTOMOVIL,PARTICULAR,Conductor,Femenino,No,N/A,SOLO DAÑOS,Choque,Desobedecer senales,Carrera 47 A Calle 39  Sur,ALCALA,Urbana,"(6.171342349, -75.593361446)"
2153903,02/02/2016,8:10 p.m.,martes,AUTOMOVIL,PARTICULAR,Conductor,Femenino,No,N/A,SOLO DAÑOS,Choque,Desobedecer senales,Carrera 47 A Calle 39  Sur,ALCALA,Urbana,"(6.171342349, -75.593361446)"
2153910,02/02/2016,10:32 p.m.,martes,MOTOCICLETA,PARTICULAR,Motociclista,Masculino,No,N/A,HERIDO,Caida Ocupante,Otra,Tramo 372 Kilometro  14,VEREDA PALMAS,Rural,
2153894,02/03/2016,5:20 a.m.,miércoles,CAMIONETA,PARTICULAR,Conductor,Femenino,No,N/A,HERIDO,Atropello,Cruzar sin observar,Carrera 48 Calle 25 AA Sur,LAS VEGAS,Urbana,"(6.183765745, -75.584690349)"
2153907,02/03/2016,5:45 a.m.,miércoles,AUTOMOVIL,PARTICULAR,Conductor,Masculino,No,N/A,HERIDO,Choque,Otra,Carrera 50 Calle 29  Sur,LAS VEGAS,Urbana,"(6.182760672, -75.58882785)"
2153907,02/03/2016,5:45 a.m.,miércoles,MOTOCICLETA,PARTICULAR,Motociclista,Masculino,No,N/A,HERIDO,Choque,Otra,Carrera 50 Calle 29  Sur,LAS VEGAS,Urbana,"(6.182760672, -75.58882785)"
2153907,02/03/2016,5:45 a.m.,miércoles,MOTOCICLETA,PARTICULAR,Motociclista,Femenino,No,N/A,HERIDO,Choque,Otra,Carrera 50 Calle 29  Sur,LAS VEGAS,Urbana,"(6.182760672, -75.58882785)"
2153879,02/03/2016,5:50 a.m.,miércoles,MOTOCICLETA,PARTICULAR,Motociclista,Masculino,No,N/A,HERIDO,Choque,Otra,Carrera 50 Calle 43  Sur,LAS VEGAS,Urbana,
2153879,02/03/2016,5:50 a.m.,miércoles,MOTOCICLETA,PARTICULAR,Motociclista,Masculino,No,N/A,HERIDO,Choque,Otra,Carrera 50 Calle 43  Sur,LAS VEGAS,Urbana,
2153900,02/03/2016,6:30 a.m.,miércoles,CAMIONETA,PARTICULAR,Conductor,Femenino,No,N/A,SOLO DAÑOS,Choque,No mantener distancia de seguridad,Calle 25  Sur Carrera 42 B,LAS ORQUIDEAS,Urbana,"(6.179561127, -75.579866326)"
2153900,02/03/2016,6:30 a.m.,miércoles,AUTOMOVIL,PARTICULAR,Conductor,Femenino,No,N/A,SOLO DAÑOS,Choque,No mantener distancia de seguridad,Calle 25  Sur Carrera 42 B,LAS ORQUIDEAS,Urbana,"(6.179561127, -75.579866326)"
2153905,02/03/2016,8:00 a.m.,miércoles,AUTOMOVIL,PARTICULAR,Conductor,Femenino,No,N/A,HERIDO,Choque,Otra,Carrera 50 Calle 46 A Sur,LAS VEGAS,Urbana,"(6.16131219, -75.603198185)"
2153905,02/03/2016,8:00 a.m.,miércoles,MOTOCICLETA,PARTICULAR,Motociclista,Femenino,No,N/A,HERIDO,Choque,Otra,Carrera 50 Calle 46 A Sur,LAS VEGAS,Urbana,"(6.16131219, -75.603198185)"
2153893,02/03/2016,11:15 a.m.,miércoles,AUTOMOVIL,PARTICULAR,Conductor,Masculino,No,N/A,SOLO DAÑOS,Choque,Otra,Carrera 48 Calle 34  Sur,LAS VEGAS,Urbana,"(6.175414344, -75.590782176)"
2153893,02/03/2016,11:15 a.m.,miércoles,AUTOMOVIL,PARTICULAR,Conductor,Masculino,No,N/A,SOLO DAÑOS,Choque,Otra,Carrera 48 Calle 34  Sur,LAS VEGAS,Urbana,"(6.175414344, -75.590782176)"
2153899,02/03/2016,11:40 a.m.,miércoles,BUSETA,PUBLICO,Conductor,Masculino,No,N/A,SOLO DAÑOS,Choque,Poner en marcha un vehiculo sin precauci,Carrera 43 Calle 32  Sur,SAN MARCOS,Urbana,"(6.175345679, -75.585125064)"
2153899,02/03/2016,11:40 a.m.,miércoles,AUTOMOVIL,PUBLICO,Conductor,Masculino,No,N/A,SOLO DAÑOS,Choque,Poner en marcha un vehiculo sin precauci,Carrera 43 Calle 32  Sur,SAN MARCOS,Urbana,"(6.175345679, -75.585125064)"
2153906,02/03/2016,2:10 p.m.,miércoles,MOTOCICLETA,PARTICULAR,Motociclista,Masculino,No,N/A,HERIDO,Caida Ocupante,Otra,Calle 37  Sur Carrera 50,LAS VEGAS,Urbana,
2153902,02/03/2016,4:40 p.m.,miércoles,MOTOCICLETA,PARTICULAR,Motociclista,Masculino,No,N/A,SOLO DAÑOS,Choque,No mantener distancia de seguridad,Calle 40 B Sur Carrera 37,EL DORADO,Urbana,"(6.164256506, -75.586419998)"
2153902,02/03/2016,4:40 p.m.,miércoles,AUTOMOVIL,PUBLICO,Conductor,Masculino,No,N/A,SOLO DAÑOS,Choque,No mantener distancia de seguridad,Calle 40 B Sur Carrera 37,EL DORADO,Urbana,"(6.164256506, -75.586419998)"
2153904,02/03/2016,4:40 p.m.,miércoles,MOTOCICLETA,PARTICULAR,Motociclista,Masculino,No,N/A,HERIDO,Choque,No respetar prelacion,Calle 37  Sur Diagonal 31,LA PRADERA,Urbana,"(6.166120684, -75.580740605)"
2153904,02/03/2016,4:40 p.m.,miércoles,CAMPERO,PARTICULAR,Conductor,Femenino,No,N/A,HERIDO,Choque,No respetar prelacion,Calle 37  Sur Diagonal 31,LA PRADERA,Urbana,"(6.166120684, -75.580740605)"
2153898,02/03/2016,4:50 p.m.,miércoles,MICROBUS,PUBLICO,Conductor,Masculino,No,N/A,SOLO DAÑOS,Choque,No respetar prelacion,Calle 38  Sur Carrera 38,ZONA CENTRO,Urbana,"(6.16803936, -75.584694353)"
2153898,02/03/2016,4:50 p.m.,miércoles,AUTOMOVIL,PUBLICO,Conductor,Masculino,No,N/A,SOLO DAÑOS,Choque,No respetar prelacion,Calle 38  Sur Carrera 38,ZONA CENTRO,Urbana,"(6.16803936, -75.584694353)"
2153901,02/03/2016,6:10 p.m.,miércoles,AUTOMOVIL,PARTICULAR,Conductor,Masculino,No,N/A,SOLO DAÑOS,Choque,Exceso de velocidad,Carrera 45 B Calle 35  Sur,EL PORTAL,Urbana,"(6.173887537, -75.589701955)"
2153908,02/03/2016,7:30 p.m.,miércoles,AUTOMOVIL,PARTICULAR,Conductor,Femenino,No,N/A,HERIDO,Choque,No mantener distancia de seguridad,Carrera 50 Calle 25  Sur,LAS VEGAS,Urbana,"(6.186515998, -75.585125414)"
2153908,02/03/2016,7:30 p.m.,miércoles,MOTOCICLETA,PARTICULAR,Motociclista,Masculino,No,N/A,HERIDO,Choque,No mantener distancia de seguridad,Carrera 50 Calle 25  Sur,LAS VEGAS,Urbana,"(6.186515998, -75.585125414)"
2153908,02/03/2016,7:30 p.m.,miércoles,AUTOMOVIL,PARTICULAR,Conductor,Masculino,No,N/A,HERIDO,Choque,No mantener distancia de seguridad,Carrera 50 Calle 25  Sur,LAS VEGAS,Urbana,"(6.186515998, -75.585125414)"
2153897,02/04/2016,8:00 a.m.,jueves,BUSETA,PUBLICO,Conductor,Masculino,No,N/A,SOLO DAÑOS,Choque,No respetar prelacion,Calle 25  Sur Carrera 42 B,LAS ORQUIDEAS,Urbana,"(6.179561127, -75.579866326)"
2153897,02/04/2016,8:00 a.m.,jueves,CAMIONETA,PARTICULAR,Conductor,Femenino,No,N/A,SOLO DAÑOS,Choque,No respetar prelacion,Calle 25  Sur Carrera 42 B,LAS ORQUIDEAS,Urbana,"(6.179561127, -75.579866326)"
2153895,02/04/2016,9:00 a.m.,jueves,AUTOMOVIL,PARTICULAR,Conductor,Masculino,No,N/A,SOLO DAÑOS,Choque,No mantener distancia de seguridad,Calle 25  Sur Carrera 43 A,ZU├æIGA,Urbana,"(6.181560189, -75.582016491)"
2153895,02/04/2016,9:00 a.m.,jueves,Sin registro,PUBLICO,Conductor,Masculino,No,N/A,SOLO DAÑOS,Choque,No mantener distancia de seguridad,Calle 25  Sur Carrera 43 A,ZU├æIGA,Urbana,"(6.181560189, -75.582016491)"
2153896,02/04/2016,9:50 a.m.,jueves,AUTOMOVIL,PARTICULAR,Conductor,Femenino,No,N/A,SOLO DAÑOS,Choque,Otra,Transversal 35 A Sur Carrera 33 A,LOS NARANJOS,Urbana,"(6.16952246, -75.582154292)"
2153896,02/04/2016,9:50 a.m.,jueves,CAMPERO,PARTICULAR,Conductor,Masculino,No,N/A,SOLO DAÑOS,Choque,Otra,Transversal 35 A Sur Carrera 33 A,LOS NARANJOS,Urbana,"(6.16952246, -75.582154292)"
2153916,02/04/2016,3:10 p.m.,jueves,AUTOMOVIL,PARTICULAR,Conductor,Masculino,No,N/A,SOLO DAÑOS,Choque,No mantener distancia de seguridad,Carrera 50 Calle 46 A Sur,LAS VEGAS,Urbana,"(6.16131219, -75.603198185)"
2153916,02/04/2016,3:10 p.m.,jueves,AUTOMOVIL,PARTICULAR,Conductor,Femenino,No,N/A,SOLO DAÑOS,Choque,No mantener distancia de seguridad,Carrera 50 Calle 46 A Sur,LAS VEGAS,Urbana,"(6.16131219, -75.603198185)"
2153916,02/04/2016,3:10 p.m.,jueves,CAMION,PUBLICO,Conductor,Masculino,No,N/A,SOLO DAÑOS,Choque,No mantener distancia de seguridad,Carrera 50 Calle 46 A Sur,LAS VEGAS,Urbana,"(6.16131219, -75.603198185)"
2160006,02/04/2016,3:15 p.m.,jueves,BUSETA,PUBLICO,Conductor,Masculino,No,N/A,SOLO DAÑOS,Choque,Exceso de velocidad,Tramo 371 Kilometro  2,VEREDA EL ESCOBERO,Rural,
2160006,02/04/2016,3:15 p.m.,jueves,AUTOMOVIL,PARTICULAR,Conductor,Femenino,No,N/A,SOLO DAÑOS,Choque,Exceso de velocidad,Tramo 371 Kilometro  2,VEREDA EL ESCOBERO,Rural,
2160000,02/04/2016,3:30 p.m.,jueves,AUTOMOVIL,PARTICULAR,Conductor,Femenino,No,N/A,SOLO DAÑOS,Choque,No mantener distancia de seguridad,Carrera 43 A Calle 25 A Sur,ZU├æIGA,Urbana,"(6.181504184, -75.581741498)"
2160000,02/04/2016,3:30 p.m.,jueves,CAMION,PUBLICO,Conductor,Masculino,No,N/A,SOLO DAÑOS,Choque,No mantener distancia de seguridad,Carrera 43 A Calle 25 A Sur,ZU├æIGA,Urbana,"(6.181504184, -75.581741498)"
2160001,02/04/2016,6:00 p.m.,jueves,MOTOCICLETA,PARTICULAR,Motociclista,Masculino,No,N/A,SOLO DAÑOS,Choque,No mantener distancia de seguridad,Carrera 43 A Calle 21  Sur,ZU├æIGA,Urbana,"(6.183599544, -75.579409862)"
2160001,02/04/2016,6:00 p.m.,jueves,AUTOMOVIL,PARTICULAR,Conductor,Masculino,No,N/A,SOLO DAÑOS,Choque,No mantener distancia de seguridad,Carrera 43 A Calle 21  Sur,ZU├æIGA,Urbana,"(6.183599544, -75.579409862)"
2160014,02/04/2016,6:30 p.m.,jueves,AUTOMOVIL,PARTICULAR,Conductor,Femenino,No,N/A,SOLO DAÑOS,Choque,Adelantar cerrando,Carrera 50 Calle 19  Sur,LAS VEGAS,Urbana,
2160014,02/04/2016,6:30 p.m.,jueves,CAMION,PUBLICO,Conductor,Masculino,No,N/A,SOLO DAÑOS,Choque,Adelantar cerrando,Carrera 50 Calle 19  Sur,LAS VEGAS,Urbana,
2160041,02/04/2016,7:10 p.m.,jueves,AUTOMOVIL,PARTICULAR,Conductor,Masculino,No,N/A,HERIDO,Choque,Otra,Carrera 41 Calle 33 B Sur,ZONA CENTRO,Urbana,"(6.171618698, -75.585004401)"
2160033,02/04/2016,10:00 p.m.,jueves,MOTOCICLETA,PARTICULAR,Motociclista,Femenino,No,N/A,SOLO DAÑOS,Choque,No mantener distancia de seguridad,Carrera 43 A Calle 48 C Sur,N/R,Urbana,"(6.162218777, -75.597644457)"