RADICADO,FECHA,HORA,DÍA DE LA SEMANA,CLASE DE VEHICULO,TIPO DE SERVICIO,TIPO DE VICTIMA,SEXO,ESTADO DE BEODEZ,RESULTADO DE BEODEZ,GRAVEDAD,CLASE DE ACCIDENTE,CAUSA,DIRECCIÓN,BARRIO,AREA,Coordenadas
2160054,02/11/2016,5:30 a.m.,jueves,AUTOMOVIL,PUBLICO,Conductor,Masculino,No,N/A,SOLO DAÑOS,Choque,Semaforo en rojo,Calle 39  Sur Carrera 41,ZONA CENTRO,Urbana,"(6.167870042, -75.587448707)"
2160060,02/11/2016,6:50 a.m.,jueves,AUTOMOVIL,PARTICULAR,Conductor,Femenino,No,N/A,SOLO DAÑOS,Choque,Exceso de velocidad,Tramo 372 Kilometro  14,VEREDA PALMAS,Rural,
2160050,02/11/2016,10:15 a.m.,jueves,AUTOMOVIL,PUBLICO,Conductor,Masculino,No,N/A,HERIDO,Atropello,Otra,Carrera 43 A Calle 32 A Sur,SAN MARCOS,Urbana,"(6.175019606, -75.585929167)"
2160058,02/11/2016,11:15 a.m.,jueves,AUTOMOVIL,PARTICULAR,Conductor,Femenino,No,N/A,SOLO DAÑOS,Choque,Desobedecer senales,Carrera 43 Calle 35  Sur,ZONA CENTRO,Urbana,"(6.171975228, -75.586622638)"
2160058,02/11/2016,11:15 a.m.,jueves,AUTOMOVIL,PARTICULAR,Conductor,Masculino,No,N/A,SOLO DAÑOS,Choque,Desobedecer senales,Carrera 43 Calle 35  Sur,ZONA CENTRO,Urbana,"(6.171975228, -75.586622638)"
2160052,02/11/2016,3:00 p.m.,jueves,AUTOMOVIL,PARTICULAR,Conductor,Masculino,No,N/A,HERIDO,Choque,Otra,Carrera 50 Calle 25 A Sur,LAS VEGAS,Urbana,"(6.186515998, -75.585125414)"
2160052,02/11/2016,3:00 p.m.,jueves,MOTOCICLETA,PARTICULAR,Motociclista,Masculino,No,N/A,HERIDO,Choque,Otra,Carrera 50 Calle 25 A Sur,LAS VEGAS,Urbana,"(6.186515998, -75.585125414)"
2160051,02/11/2016,6:40 p.m.,jueves,AUTOMOVIL,PARTICULAR,Conductor,Masculino,No,N/A,HERIDO,Choque,No respetar prelacion,Calle 40  Sur Carrera 27,SAN JOSE,Urbana,"(6.158366235, -75.580807934)"
2160051,02/11/2016,6:40 p.m.,jueves,MOTOCICLETA,PARTICULAR,Motociclista,Masculino,No,N/A,HERIDO,Choque,No respetar prelacion,Calle 40  Sur Carrera 27,SAN JOSE,Urbana,"(6.158366235, -75.580807934)"
2160064,02/11/2016,7:15 p.m.,jueves,MOTOCICLETA,PARTICULAR,Motociclista,Masculino,No,N/A,SOLO DAÑOS,Choque,Semaforo en rojo,Carrera 43 A Calle 30  Sur,AVENIDA EL POBLADO,Urbana,"(6.177072638, -75.585336148)"
2160064,02/11/2016,7:15 p.m.,jueves,AUTOMOVIL,PARTICULAR,Conductor,Masculino,No,N/A,SOLO DAÑOS,Choque,Semaforo en rojo,Carrera 43 A Calle 30  Sur,AVENIDA EL POBLADO,Urbana,"(6.177072638, -75.585336148)"
2160057,02/11/2016,7:20 p.m.,jueves,AUTOMOVIL,PARTICULAR,Conductor,Masculino,No,N/A,SOLO DAÑOS,Choque,Otra,Carrera 50 Calle 37  Sur,LAS VEGAS,Urbana,
2160049,02/11/2016,9:50 p.m.,jueves,MOTOCICLETA,PARTICULAR,Motociclista,Masculino,No,N/A,HERIDO,Choque,Exceso de velocidad,Carrera 50 Calle 25  Sur,LAS VEGAS,Urbana,"(6.186515998, -75.585125414)"
2160084,02/12/2016,12:40 a.m.,viernes,AUTOMOVIL,PARTICULAR,Conductor,Masculino,No,N/A,SOLO DAÑOS,Choque,Exceso de velocidad,Tramo 372 Kilometro  13,VEREDA PALMAS,Rural,
2160095,02/12/2016,11:30 a.m.,viernes,CAMIONETA,PARTICULAR,Conductor,Masculino,No,N/A,HERIDO,Choque,No mantener distancia de seguridad,Carrera 50 Calle 19  Sur,LAS VEGAS,Urbana,
2160095,02/12/2016,11:30 a.m.,viernes,MOTOCICLETA,PARTICULAR,Motociclista,Masculino,No,N/A,HERIDO,Choque,No mantener distancia de seguridad,Carrera 50 Calle 19  Sur,LAS VEGAS,Urbana,
2160097,02/12/2016,1:40 p.m.,viernes,MOTOCICLETA,PARTICULAR,Motociclista,Masculino,No,N/A,HERIDO,Choque,Adelantar en zona prohibida,Diagonal 31 A Transversal 34 E Sur,LA SEBASTIANA,Urbana,"(6.171171404, -75.579849452)"
2160097,02/12/2016,1:40 p.m.,viernes,CAMPERO,PARTICULAR,Conductor,Masculino,No,N/A,HERIDO,Choque,Adelantar en zona prohibida,Diagonal 31 A Transversal 34 E Sur,LA SEBASTIANA,Urbana,"(6.171171404, -75.579849452)"
2160066,02/12/2016,1:55 p.m.,viernes,AUTOMOVIL,PARTICULAR,Conductor,Masculino,No,N/A,SOLO DAÑOS,Choque,Adelantar en zona prohibida,Carrera 43 A Calle 39  Sur,ZONA CENTRO,Urbana,"(6.169011071, -75.589484903)"
2160066,02/12/2016,1:55 p.m.,viernes,MOTOCICLETA,PARTICULAR,Motociclista,Masculino,No,N/A,SOLO DAÑOS,Choque,Adelantar en zona prohibida,Carrera 43 A Calle 39  Sur,ZONA CENTRO,Urbana,"(6.169011071, -75.589484903)"
2160063,02/12/2016,3:30 p.m.,viernes,AUTOMOVIL,PARTICULAR,Conductor,Femenino,No,N/A,SOLO DAÑOS,Choque,Otra,Carrera 49 Calle 35  Sur,N/R,Urbana,
2160063,02/12/2016,3:30 p.m.,viernes,CAMPERO,PARTICULAR,Conductor,Masculino,No,N/A,SOLO DAÑOS,Choque,Otra,Carrera 49 Calle 35  Sur,N/R,Urbana,
2160094,02/12/2016,3:30 p.m.,viernes,MOTOCICLETA,PARTICULAR,Motociclista,Femenino,No,N/A,HERIDO,Choque,Adelantar cerrando,Calle 37  Sur Carrera 48,N/R,Urbana,"(6.17412211, -75.593061115)"
2160061,02/12/2016,5:45 p.m.,viernes,AUTOMOVIL,PARTICULAR,Conductor,Masculino,No,N/A,SOLO DAÑOS,Choque,Otra,Carrera 25 Calle 39 D Sur,EL SALADO,Urbana,"(6.153912219, -75.577423708)"
2160061,02/12/2016,5:45 p.m.,viernes,AUTOMOVIL,PARTICULAR,Conductor,Femenino,No,N/A,SOLO DAÑOS,Choque,Otra,Carrera 25 Calle 39 D Sur,EL SALADO,Urbana,"(6.153912219, -75.577423708)"
2160093,02/12/2016,7:20 p.m.,viernes,MOTOCICLETA,PARTICULAR,Motociclista,Masculino,No,N/A,HERIDO,Choque,No respetar prelacion,Calle 40  Sur Carrera 24 D,N/R,Urbana,"(6.147263187, -75.576335752)"
2160093,02/12/2016,7:20 p.m.,viernes,BICICLETA,PARTICULAR,Ciclista,Masculino,No,N/A,HERIDO,Choque,No respetar prelacion,Calle 40  Sur Carrera 24 D,N/R,Urbana,"(6.147263187, -75.576335752)"
2160059,02/12/2016,8:30 p.m.,viernes,BUS,PUBLICO,Conductor,Masculino,No,N/A,SOLO DAÑOS,Choque,Otra,Calle 39  Sur Carrera 40,ZONA CENTRO,Urbana,"(6.167409609, -75.586720978)"
2160065,02/12/2016,11:40 p.m.,viernes,AUTOMOVIL,PARTICULAR,Conductor,Femenino,No,N/A,SOLO DAÑOS,Choque,Desobedecer senales,Carrera 27 Calle 36  Sur,EL CHOCHO,Urbana,"(6.167009975, -75.569278076)"
2160065,02/12/2016,11:40 p.m.,viernes,AUTOMOVIL,PARTICULAR,Conductor,Masculino,No,N/A,SOLO DAÑOS,Choque,Desobedecer senales,Carrera 27 Calle 36  Sur,EL CHOCHO,Urbana,"(6.167009975, -75.569278076)"
2160067,02/13/2016,12:40 a.m.,sábado,AUTOMOVIL,PARTICULAR,Conductor,Masculino,No,N/A,HERIDO,Choque,Embriaguez o droga,Carrera 28 Calle 27  Sur,EL ESMERALDAL,Urbana,"(6.175270544, -75.573686934)"
2160067,02/13/2016,12:40 a.m.,sábado,MOTOCICLETA,PARTICULAR,Motociclista,Masculino,Si,3,HERIDO,Choque,Embriaguez o droga,Carrera 28 Calle 27  Sur,EL ESMERALDAL,Urbana,"(6.175270544, -75.573686934)"
2160092,02/13/2016,1:30 a.m.,sábado,AUTOMOVIL,PARTICULAR,Conductor,Masculino,No,N/A,HERIDO,Choque,Exceso de velocidad,Tramo 372 Kilometro  15,VEREDA PALMAS,Rural,
2160070,02/13/2016,6:20 a.m.,sábado,MICROBUS,PUBLICO,Conductor,Masculino,No,N/A,SOLO DAÑOS,Choque,No mantener distancia de seguridad,Carrera 48 Calle 25 AA Sur,LAS VEGAS,Urbana,"(6.183765745, -75.584690349)"
2160070,02/13/2016,6:20 a.m.,sábado,CAMIONETA,PARTICULAR,Conductor,Masculino,No,N/A,SOLO DAÑOS,Choque,No mantener distancia de seguridad,Carrera 48 Calle 25 AA Sur,LAS VEGAS,Urbana,"(6.183765745, -75.584690349)"
2160089,02/13/2016,7:40 a.m.,sábado,MOTOCICLETA,PARTICULAR,Motociclista,Masculino,No,N/A,SOLO DAÑOS,Choque,No respetar prelacion,Carrera 46 A Calle 45  Sur,MILAN VALLEJUELOS,Urbana,"(6.16586797, -75.595539638)"
2160089,02/13/2016,7:40 a.m.,sábado,AUTOMOVIL,PARTICULAR,Conductor,Femenino,No,N/A,SOLO DAÑOS,Choque,No respetar prelacion,Carrera 46 A Calle 45  Sur,MILAN VALLEJUELOS,Urbana,"(6.16586797, -75.595539638)"
2160072,02/13/2016,7:50 a.m.,sábado,AUTOMOVIL,PARTICULAR,Conductor,Masculino,No,N/A,SOLO DAÑOS,Choque,No mantener distancia de seguridad,Carrera 48 Calle 30  Sur,LAS VEGAS,Urbana,"(6.179366643, -75.588084104)"
2160072,02/13/2016,7:50 a.m.,sábado,AUTOMOVIL,PARTICULAR,Conductor,Femenino,No,N/A,SOLO DAÑOS,Choque,No mantener distancia de seguridad,Carrera 48 Calle 30  Sur,LAS VEGAS,Urbana,"(6.179366643, -75.588084104)"
2160071,02/13/2016,10:00 a.m.,sábado,AUTOMOVIL,PUBLICO,Conductor,Masculino,No,N/A,SOLO DAÑOS,Choque,No mantener distancia de seguridad,Calle 38 A Sur Carrera 37,MESA,Urbana,"(6.167015309, -75.584620694)"
2160071,02/13/2016,10:00 a.m.,sábado,CAMIONETA,PARTICULAR,Conductor,Masculino,No,N/A,SOLO DAÑOS,Choque,No mantener distancia de seguridad,Calle 38 A Sur Carrera 37,MESA,Urbana,"(6.167015309, -75.584620694)"
2160077,02/13/2016,12:00 p.m.,sábado,CAMIONETA,PUBLICO,Conductor,Masculino,No,N/A,SOLO DAÑOS,Choque,Adelantar cerrando,Calle 36 D Sur Carrera 27,LA MAGNOLIA,Urbana,"(6.162479576, -75.570222573)"
2160077,02/13/2016,12:00 p.m.,sábado,CAMION,PUBLICO,Conductor,Masculino,No,N/A,SOLO DAÑOS,Choque,Adelantar cerrando,Calle 36 D Sur Carrera 27,LA MAGNOLIA,Urbana,"(6.162479576, -75.570222573)"
2160077,02/13/2016,12:00 p.m.,sábado,MOTOCICLETA,PARTICULAR,Motociclista,Masculino,No,N/A,SOLO DAÑOS,Choque,Adelantar cerrando,Calle 36 D Sur Carrera 27,LA MAGNOLIA,Urbana,"(6.162479576, -75.570222573)"
2160062,02/13/2016,12:15 p.m.,sábado,CAMION,PUBLICO,Conductor,Masculino,No,N/A,SOLO DAÑOS,Choque,No mantener distancia de seguridad,Carrera 48 Calle 48  Sur,LAS VEGAS,Urbana,"(6.164595282, -75.601380414)"
2160062,02/13/2016,12:15 p.m.,sábado,CAMION,PUBLICO,Conductor,Masculino,No,N/A,SOLO DAÑOS,Choque,No mantener distancia de seguridad,Carrera 48 Calle 48  Sur,LAS VEGAS,Urbana,"(6.164595282, -75.601380414)"
2160079,02/13/2016,12:50 p.m.,sábado,MOTOCICLETA,PARTICULAR,Motociclista,Masculino,No,N/A,SOLO DAÑOS,Choque,Otra,Calle 39 B Sur Carrera 39,MESA,Urbana,"(6.166296351, -75.586498963)"
2160079,02/13/2016,12:50 p.m.,sábado,AUTOMOVIL,PARTICULAR,Conductor,Femenino,No,N/A,SOLO DAÑOS,Choque,Otra,Calle 39 B Sur Carrera 39,MESA,Urbana,"(6.166296351, -75.586498963)"
2160098,02/14/2016,10:45 a.m.,domingo,MOTOCICLETA,PARTICULAR,Motociclista,Masculino,No,N/A,HERIDO,Choque,No respetar prelacion,Calle 39  Sur Carrera 38,MESA,Urbana,"(6.166656476, -75.585553364)"
2160098,02/14/2016,10:45 a.m.,domingo,BICICLETA,PARTICULAR,Ciclista,Masculino,No,N/A,HERIDO,Choque,No respetar prelacion,Calle 39  Sur Carrera 38,MESA,Urbana,"(6.166656476, -75.585553364)"
2160110,02/14/2016,11:40 a.m.,domingo,AUTOMOVIL,PARTICULAR,Conductor,Masculino,No,N/A,SOLO DAÑOS,Choque,No mantener distancia de seguridad,Carrera 48 Calle 39  Sur,LAS VEGAS,Urbana,"(6.17163722, -75.593649993)"
2160110,02/14/2016,11:40 a.m.,domingo,AUTOMOVIL,PARTICULAR,Conductor,Femenino,No,N/A,SOLO DAÑOS,Choque,No mantener distancia de seguridad,Carrera 48 Calle 39  Sur,LAS VEGAS,Urbana,"(6.17163722, -75.593649993)"
2160433,02/14/2016,12:20 p.m.,domingo,MOTOCICLETA,PARTICULAR,Motociclista,Masculino,No,N/A,SOLO DAÑOS,Choque,Otra,Calle 37  Sur Carrera 43 A,ZONA CENTRO,Urbana,"(6.171151654, -75.58815663)"
2160088,02/14/2016,2:00 p.m.,domingo,MOTOCICLETA,PARTICULAR,Motociclista,Masculino,No,N/A,SOLO DAÑOS,Choque,Otra,Calle 40  Sur Carrera 24 DD,EL SALADO,Urbana,"(6.148659703, -75.577240589)"
2160088,02/14/2016,2:00 p.m.,domingo,MICROBUS,PUBLICO,Conductor,Masculino,No,N/A,SOLO DAÑOS,Choque,Otra,Calle 40  Sur Carrera 24 DD,EL SALADO,Urbana,"(6.148659703, -75.577240589)"
2160085,02/14/2016,4:25 p.m.,domingo,MOTOCICLETA,PARTICULAR,Motociclista,Masculino,No,N/A,SOLO DAÑOS,Choque,No mantener distancia de seguridad,Tramo 372 Kilometro  11,VEREDA PALMAS,Rural,
2160085,02/14/2016,4:25 p.m.,domingo,AUTOMOVIL,PARTICULAR,Conductor,Masculino,No,N/A,SOLO DAÑOS,Choque,No mantener distancia de seguridad,Tramo 372 Kilometro  11,VEREDA PALMAS,Rural,
2160069,02/14/2016,5:00 p.m.,domingo,AUTOMOVIL,PARTICULAR,Conductor,Masculino,No,N/A,SOLO DAÑOS,Choque,Otra,Calle 40  Sur Carrera 24,EL SALADO,Urbana,"(6.147263187, -75.576335752)"
2160069,02/14/2016,5:00 p.m.,domingo,AUTOMOVIL,PUBLICO,Conductor,Masculino,No,N/A,SOLO DAÑOS,Choque,Otra,Calle 40  Sur Carrera 24,EL SALADO,Urbana,"(6.147263187, -75.576335752)"
2160068,02/14/2016,7:05 p.m.,domingo,BUSETA,PUBLICO,Conductor,Masculino,No,N/A,SOLO DAÑOS,Choque,Otra,Carrera 31 Calle 38 A Sur,MESA,Urbana,"(6.164876858, -75.581505827)"
2160068,02/14/2016,7:05 p.m.,domingo,AUTOMOVIL,PARTICULAR,Conductor,Femenino,No,N/A,SOLO DAÑOS,Choque,Otra,Carrera 31 Calle 38 A Sur,MESA,Urbana,"(6.164876858, -75.581505827)"
2160096,02/14/2016,7:30 p.m.,domingo,CAMIONETA,PARTICULAR,Conductor,Masculino,No,N/A,HERIDO,Choque,Exceso de velocidad,Tramo 372 Kilometro  11,VEREDA PALMAS,Rural,
2160096,02/14/2016,7:30 p.m.,domingo,MOTOCICLETA,PARTICULAR,Motociclista,Masculino,No,N/A,HERIDO,Choque,Exceso de velocidad,Tramo 372 Kilometro  11,VEREDA PALMAS,Rural,
2160080,02/15/2016,5:00 a.m.,lunes,AUTOMOVIL,PARTICULAR,Conductor,Masculino,Si,3,SOLO DAÑOS,Choque,Otra,Calle 39  Sur Carrera 25,N/R,Urbana,"(6.157563812, -75.579224131)"
2160078,02/15/2016,7:00 a.m.,lunes,MOTOCICLETA,PARTICULAR,Motociclista,Masculino,Si,3,HERIDO,Caida Ocupante,Embriaguez o droga,Calle 40  Sur Carrera 26,SAN JOSE,Urbana,"(6.156750804, -75.580521049)"
2160081,02/15/2016,8:30 a.m.,lunes,BUS,PUBLICO,Conductor,Masculino,No,N/A,SOLO DAÑOS,Choque,Otra,Calle 38  Sur Carrera 31,N/R,Urbana,"(6.165577674, -75.581121822)"
2160081,02/15/2016,8:30 a.m.,lunes,CAMIONETA,PARTICULAR,Conductor,Masculino,No,N/A,SOLO DAÑOS,Choque,Otra,Calle 38  Sur Carrera 31,N/R,Urbana,"(6.165577674, -75.581121822)"
2160082,02/15/2016,8:45 a.m.,lunes,CAMION,PUBLICO,Conductor,Masculino,No,N/A,SOLO DAÑOS,Choque,Otra,Transversal 33 A Sur Diagonal 33,LA MAGNOLIA,Urbana,"(6.173413303, -75.584206586)"
2160076,02/15/2016,11:10 a.m.,lunes,AUTOMOVIL,PARTICULAR,Conductor,Femenino,No,N/A,SOLO DAÑOS,Choque,No mantener distancia de seguridad,Tramo 372 Kilometro  12,VEREDA PALMAS,Rural,
2160076,02/15/2016,11:10 a.m.,lunes,CAMPERO,PARTICULAR,Conductor,Masculino,No,N/A,SOLO DAÑOS,Choque,No mantener distancia de seguridad,Tramo 372 Kilometro  12,VEREDA PALMAS,Rural,
2160073,02/15/2016,11:20 a.m.,lunes,CAMION,PUBLICO,Conductor,Masculino,No,N/A,SOLO DAÑOS,Choque,Otra,Calle 43  Sur Carrera 48,N/R,Urbana,"(6.168592602, -75.597528999)"
2160073,02/15/2016,11:20 a.m.,lunes,TRACTOCAMION,PUBLICO,Conductor,Masculino,No,N/A,SOLO DAÑOS,Choque,Otra,Calle 43  Sur Carrera 48,N/R,Urbana,"(6.168592602, -75.597528999)"
2160075,02/15/2016,12:00 p.m.,lunes,MOTOCICLETA,PARTICULAR,Motociclista,Masculino,No,N/A,HERIDO,Atropello,Exceso de velocidad,Carrera 43 A Calle 44  Sur,LA PAZ,Urbana,"(6.1654766, -75.594017219)"
2160100,02/15/2016,12:40 p.m.,lunes,MOTOCICLETA,PARTICULAR,Motociclista,Masculino,No,N/A,SOLO DAÑOS,Choque,Desobedecer senales,Calle 31  Sur Carrera 45,SAN MARCOS,Urbana,"(6.17732964, -75.587025837)"
2160100,02/15/2016,12:40 p.m.,lunes,AUTOMOVIL,PARTICULAR,Conductor,Masculino,No,N/A,SOLO DAÑOS,Choque,Desobedecer senales,Calle 31  Sur Carrera 45,SAN MARCOS,Urbana,"(6.17732964, -75.587025837)"
2160105,02/15/2016,1:00 p.m.,lunes,AUTOMOVIL,PARTICULAR,Conductor,Masculino,No,N/A,HERIDO,Atropello,Otra,Carrera 42 Calle 45 C Sur,LA PAZ,Urbana,"(6.16614278, -75.594404406)"
2160114,02/15/2016,1:30 p.m.,lunes,MOTOCICLETA,PARTICULAR,Motociclista,Masculino,No,N/A,SOLO DAÑOS,Choque,Adelantar por la derecha,Carrera 45 A Calle 34  Sur,EL PORTAL,Urbana,"(6.173950698, -75.588649714)"
2160114,02/15/2016,1:30 p.m.,lunes,AUTOMOVIL,PARTICULAR,Conductor,Masculino,No,N/A,SOLO DAÑOS,Choque,Adelantar por la derecha,Carrera 45 A Calle 34  Sur,EL PORTAL,Urbana,"(6.173950698, -75.588649714)"
2160087,02/15/2016,2:00 p.m.,lunes,BUSETA,PUBLICO,Conductor,Masculino,No,N/A,SOLO DAÑOS,Choque,Otra,Calle 39  Sur Carrera 43,ZONA CENTRO,Urbana,"(6.168678771, -75.58876156)"
2160074,02/15/2016,2:34 p.m.,lunes,AUTOMOVIL,PARTICULAR,Conductor,Femenino,No,N/A,SOLO DAÑOS,Choque,No mantener distancia de seguridad,Carrera 41 Calle 39  Sur,ZONA CENTRO,Urbana,"(6.167744498, -75.587422395)"
2160074,02/15/2016,2:34 p.m.,lunes,AUTOMOVIL,PARTICULAR,Conductor,Masculino,No,N/A,SOLO DAÑOS,Choque,No mantener distancia de seguridad,Carrera 41 Calle 39  Sur,ZONA CENTRO,Urbana,"(6.167744498, -75.587422395)"
2160091,02/15/2016,2:50 p.m.,lunes,MOTOCICLETA,PARTICULAR,Motociclista,Masculino,No,N/A,HERIDO,Atropello,Cruzar sin observar,Carrera 48 Calle 26  Sur,LAS VEGAS,Urbana,"(6.183318111, -75.585537184)"
2160086,02/15/2016,3:25 p.m.,lunes,AUTOMOVIL,PARTICULAR,Conductor,Femenino,No,N/A,SOLO DAÑOS,Choque,No mantener distancia de seguridad,Calle 40  Sur Carrera 40 A,EL DORADO,Urbana,"(6.166958927, -75.587854034)"
2160090,02/15/2016,5:00 p.m.,lunes,AUTOMOVIL,PARTICULAR,Conductor,Sin registro,No,N/A,HERIDO,Atropello,No respetar prelacion,Carrera 42 B Calle 46 A Sur,LA PAZ,Urbana,"(6.162028226, -75.594495552)"
2160103,02/15/2016,8:00 p.m.,lunes,AUTOMOVIL,PARTICULAR,Conductor,Femenino,No,N/A,SOLO DAÑOS,Choque,Desobedecer senales,Calle 40 H Sur Carrera 43,EL DORADO,Urbana,"(6.167061568, -75.590806626)"
2160103,02/15/2016,8:00 p.m.,lunes,AUTOMOVIL,PARTICULAR,Conductor,Masculino,No,N/A,SOLO DAÑOS,Choque,Desobedecer senales,Calle 40 H Sur Carrera 43,EL DORADO,Urbana,"(6.167061568, -75.590806626)"
2160083,02/15/2016,11:30 p.m.,lunes,CAMIONETA,PARTICULAR,Conductor,Masculino,No,N/A,HERIDO,Choque,No respetar prelacion,Carrera 42 B Calle 45  Sur,LA PAZ,Urbana,"(6.163500062, -75.593449568)"
2160083,02/15/2016,11:30 p.m.,lunes,AUTOMOVIL,PARTICULAR,Conductor,Masculino,No,N/A,HERIDO,Choque,No respetar prelacion,Carrera 42 B Calle 45  Sur,LA PAZ,Urbana,"(6.163500062, -75.593449568)"
2160083,02/15/2016,11:30 p.m.,lunes,MOTOCICLETA,PARTICULAR,Motociclista,Masculino,No,N/A,HERIDO,Choque,No respetar prelacion,Carrera 42 B Calle 45  Sur,LA PAZ,Urbana,"(6.163500062, -75.593449568)"
2160117,02/16/2016,6:10 a.m.,martes,AUTOMOVIL,PARTICULAR,Conductor,Masculino,No,N/A,SOLO DAÑOS,Choque,Desobedecer senales,Calle 38 A Sur Carrera 44,ALCALA,Urbana,"(6.170343187, -75.58995471)"
2160117,02/16/2016,6:10 a.m.,martes,AUTOMOVIL,DIPLOMATICO,Conductor,Masculino,No,N/A,SOLO DAÑOS,Choque,Desobedecer senales,Calle 38 A Sur Carrera 44,ALCALA,Urbana,"(6.170343187, -75.58995471)"
2160115,02/16/2016,7:30 a.m.,martes,CAMION,PUBLICO,Conductor,Masculino,No,N/A,SOLO DAÑOS,Choque,No respetar prelacion,Tramo 372 Kilometro  16,VEREDA PALMAS,Rural,
2160115,02/16/2016,7:30 a.m.,martes,AUTOMOVIL,PARTICULAR,Conductor,Masculino,No,N/A,SOLO DAÑOS,Choque,No respetar prelacion,Tramo 372 Kilometro  16,VEREDA PALMAS,Rural,
2160101,02/16/2016,8:35 a.m.,martes,CAMIONETA,PARTICULAR,Conductor,Femenino,No,N/A,SOLO DAÑOS,Choque,No mantener distancia de seguridad,Tramo 372 Kilometro  16,VEREDA PALMAS,Rural,
2160101,02/16/2016,8:35 a.m.,martes,CAMPERO,PUBLICO,Conductor,Masculino,No,N/A,SOLO DAÑOS,Choque,No mantener distancia de seguridad,Tramo 372 Kilometro  16,VEREDA PALMAS,Rural,
2160113,02/16/2016,11:40 a.m.,martes,TRACTOCAMION,PUBLICO,Conductor,Masculino,No,N/A,SOLO DAÑOS,Choque,Adelantar cerrando,Carrera 50 Calle 32 B Sur,AVENIDA EL POBLADO,Urbana,"(6.178248378, -75.591688281)"
2160113,02/16/2016,11:40 a.m.,martes,MOTOCICLETA,PARTICULAR,Motociclista,Masculino,No,N/A,SOLO DAÑOS,Choque,Adelantar cerrando,Carrera 50 Calle 32 B Sur,AVENIDA EL POBLADO,Urbana,"(6.178248378, -75.591688281)"
2160102,02/16/2016,12:40 p.m.,martes,AUTOMOVIL,PARTICULAR,Conductor,Femenino,No,N/A,SOLO DAÑOS,Choque,Desobedecer senales,Carrera 42 B Calle 45 B Sur,LA PAZ,Urbana,"(6.163036146, -75.593706023)"
2160102,02/16/2016,12:40 p.m.,martes,MOTOCICLETA,PARTICULAR,Motociclista,Masculino,No,N/A,SOLO DAÑOS,Choque,Desobedecer senales,Carrera 42 B Calle 45 B Sur,LA PAZ,Urbana,"(6.163036146, -75.593706023)"
2160106,02/16/2016,2:00 p.m.,martes,BUSETA,PUBLICO,Conductor,Masculino,No,N/A,SOLO DAÑOS,Choque,Desobedecer senales,Calle 38  Sur Carrera 46,ALCALA,Urbana,"(6.171966643, -75.591369743)"
2160106,02/16/2016,2:00 p.m.,martes,AUTOMOVIL,PARTICULAR,Conductor,Femenino,No,N/A,SOLO DAÑOS,Choque,Desobedecer senales,Calle 38  Sur Carrera 46,ALCALA,Urbana,"(6.171966643, -75.591369743)"
2160106,02/16/2016,2:00 p.m.,martes,MOTOCICLETA,PARTICULAR,Motociclista,Femenino,No,N/A,SOLO DAÑOS,Choque,Desobedecer senales,Calle 38  Sur Carrera 46,ALCALA,Urbana,"(6.171966643, -75.591369743)"
2170451,02/16/2016,3:20 p.m.,martes,MOTOCICLETA,PARTICULAR,Motociclista,Masculino,No,N/A,SOLO DAÑOS,Choque,No respetar prelacion,Carrera 48 Calle 37  Sur,LAS VEGAS,Urbana,"(6.172859211, -75.592769925)"
2170451,02/16/2016,3:20 p.m.,martes,AUTOMOVIL,PARTICULAR,Conductor,Masculino,No,N/A,SOLO DAÑOS,Choque,No respetar prelacion,Carrera 48 Calle 37  Sur,LAS VEGAS,Urbana,"(6.172859211, -75.592769925)"
2160104,02/16/2016,3:45 p.m.,martes,AUTOMOVIL,PARTICULAR,Conductor,Masculino,No,N/A,HERIDO,Choque,No respetar prelacion,Calle 39  Sur Carrera 27 B,N/R,Urbana,"(6.159217585, -75.578834618)"
2160104,02/16/2016,3:45 p.m.,martes,MOTOCICLETA,PARTICULAR,Motociclista,Masculino,No,N/A,HERIDO,Choque,No respetar prelacion,Calle 39  Sur Carrera 27 B,N/R,Urbana,"(6.159217585, -75.578834618)"
2160108,02/16/2016,4:40 p.m.,martes,MICROBUS,PUBLICO,Conductor,Masculino,No,N/A,SOLO DAÑOS,Choque,Adelantar cerrando,Carrera 43 Transversal 32  Sur,LA MAGNOLIA,Urbana,"(6.175345679, -75.585125064)"
2160108,02/16/2016,4:40 p.m.,martes,BUS,PUBLICO,Conductor,Masculino,No,N/A,SOLO DAÑOS,Choque,Adelantar cerrando,Carrera 43 Transversal 32  Sur,LA MAGNOLIA,Urbana,"(6.175345679, -75.585125064)"
2160107,02/16/2016,8:06 p.m.,martes,BUSETA,PUBLICO,Conductor,Masculino,No,N/A,SOLO DAÑOS,Choque,Adelantar cerrando,Carrera 48 Calle 35  Sur,LAS VEGAS,Urbana,"(6.174910353, -75.591144032)"
2160112,02/16/2016,9:55 p.m.,martes,AUTOMOVIL,PARTICULAR,Conductor,Masculino,No,N/A,SOLO DAÑOS,Choque,Adelantar en zona prohibida,Carrera 43 A Calle 38 A Sur,ZONA CENTRO,Urbana,"(6.169698887, -75.589058765)"
2160112,02/16/2016,9:55 p.m.,martes,MOTOCICLETA,PARTICULAR,Motociclista,Femenino,No,N/A,SOLO DAÑOS,Choque,Adelantar en zona prohibida,Carrera 43 A Calle 38 A Sur,ZONA CENTRO,Urbana,"(6.169698887, -75.589058765)"
2160133,02/17/2016,6:20 a.m.,miércoles,AUTOMOVIL,PARTICULAR,Conductor,Masculino,No,N/A,SOLO DAÑOS,Choque,Exceso de velocidad,Tramo 371 Kilometro  1,VEREDA EL ESCOBERO,Rural,