RADICADO,FECHA,HORA,DÍA DE LA SEMANA,CLASE DE VEHICULO,TIPO DE SERVICIO,TIPO DE VICTIMA,SEXO,ESTADO DE BEODEZ,RESULTADO DE BEODEZ,GRAVEDAD,CLASE DE ACCIDENTE,CAUSA,DIRECCIÓN,BARRIO,AREA,Coordenadas
2160284,03/02/2016,12:00 p.m.,miércoles,AUTOMOVIL,PARTICULAR,Conductor,Masculino,No,N/A,HERIDO,Caida Ocupante,Otra,Carrera 43 A Calle 25 A Sur,AVENIDA EL POBLADO,Urbana,"(6.181504184, -75.581741498)"
2160300,03/02/2016,2:00 p.m.,miércoles,AUTOMOVIL,PARTICULAR,Conductor,Masculino,No,N/A,SOLO DAÑOS,Choque,No mantener distancia de seguridad,Carrera 48 Calle 30  Sur,LAS VEGAS,Urbana,"(6.179366643, -75.588084104)"
2160300,03/02/2016,2:00 p.m.,miércoles,AUTOMOVIL,PARTICULAR,Conductor,Femenino,No,N/A,SOLO DAÑOS,Choque,No mantener distancia de seguridad,Carrera 48 Calle 30  Sur,LAS VEGAS,Urbana,"(6.179366643, -75.588084104)"
2160304,03/02/2016,2:30 p.m.,miércoles,AUTOMOVIL,PUBLICO,Conductor,Masculino,No,N/A,SOLO DAÑOS,Choque,Adelantar cerrando,Calle 39  Sur Carrera 41,ZONA CENTRO,Urbana,"(6.167870042, -75.587448707)"
2160304,03/02/2016,2:30 p.m.,miércoles,AUTOMOVIL,PARTICULAR,Conductor,Masculino,No,N/A,SOLO DAÑOS,Choque,Adelantar cerrando,Calle 39  Sur Carrera 41,ZONA CENTRO,Urbana,"(6.167870042, -75.587448707)"
2160290,03/02/2016,2:40 p.m.,miércoles,AUTOMOVIL,PARTICULAR,Conductor,Femenino,No,N/A,HERIDO,Choque,No respetar prelacion,Carrera 27 Calle 23  Sur,LA INMACULADA,Urbana,"(6.176588834, -75.567445991)"
2160290,03/02/2016,2:40 p.m.,miércoles,CAMIONETA,PARTICULAR,Conductor,Femenino,No,N/A,HERIDO,Choque,No respetar prelacion,Carrera 27 Calle 23  Sur,LA INMACULADA,Urbana,"(6.176588834, -75.567445991)"
2160287,03/02/2016,3:40 p.m.,miércoles,AUTOMOVIL,PARTICULAR,Conductor,Femenino,No,N/A,SOLO DAÑOS,Choque,Transitar entre vehiculos,Calle 36 D Sur Carrera 27 D,VEREDA EL ESCOBERO,Urbana,"(6.164970853, -75.574637268)"
2160287,03/02/2016,3:40 p.m.,miércoles,MOTOCICLETA,PARTICULAR,Motociclista,Masculino,No,N/A,SOLO DAÑOS,Choque,Transitar entre vehiculos,Calle 36 D Sur Carrera 27 D,VEREDA EL ESCOBERO,Urbana,"(6.164970853, -75.574637268)"
2160302,03/02/2016,5:15 p.m.,miércoles,CAMIONETA,PARTICULAR,Conductor,Masculino,No,N/A,SOLO DAÑOS,Choque,No mantener distancia de seguridad,Carrera 48 Calle 37  Sur,GLORIETA PELDAR,Urbana,"(6.172859211, -75.592769925)"
2160302,03/02/2016,5:15 p.m.,miércoles,CAMIONETA,PARTICULAR,Conductor,Femenino,No,N/A,SOLO DAÑOS,Choque,No mantener distancia de seguridad,Carrera 48 Calle 37  Sur,GLORIETA PELDAR,Urbana,"(6.172859211, -75.592769925)"
2160302,03/02/2016,5:15 p.m.,miércoles,AUTOMOVIL,PARTICULAR,Conductor,Femenino,No,N/A,SOLO DAÑOS,Choque,No mantener distancia de seguridad,Carrera 48 Calle 37  Sur,GLORIETA PELDAR,Urbana,"(6.172859211, -75.592769925)"
2160298,03/03/2016,6:20 a.m.,jueves,MOTOCICLETA,PARTICULAR,Motociclista,Masculino,No,N/A,HERIDO,Choque,No mantener distancia de seguridad,Tramo 372 Kilometro  13,VEREDA PALMAS,Rural,
2160298,03/03/2016,6:20 a.m.,jueves,CAMIONETA,PARTICULAR,Conductor,Masculino,No,N/A,HERIDO,Choque,No mantener distancia de seguridad,Tramo 372 Kilometro  13,VEREDA PALMAS,Rural,
2160298,03/03/2016,6:20 a.m.,jueves,AUTOMOVIL,PARTICULAR,Conductor,Masculino,No,N/A,HERIDO,Choque,No mantener distancia de seguridad,Tramo 372 Kilometro  13,VEREDA PALMAS,Rural,
2160298,03/03/2016,6:20 a.m.,jueves,CAMIONETA,PARTICULAR,Conductor,Femenino,No,N/A,HERIDO,Choque,No mantener distancia de seguridad,Tramo 372 Kilometro  13,VEREDA PALMAS,Rural,
2160296,03/03/2016,7:40 a.m.,jueves,CAMION,PUBLICO,Conductor,Masculino,No,N/A,SOLO DAÑOS,Choque,No respetar prelacion,Carrera 48 Calle 19  Sur,ZU├æIGA,Urbana,"(6.187349001, -75.581535682)"
2160296,03/03/2016,7:40 a.m.,jueves,AUTOMOVIL,PARTICULAR,Conductor,Femenino,No,N/A,SOLO DAÑOS,Choque,No respetar prelacion,Carrera 48 Calle 19  Sur,ZU├æIGA,Urbana,"(6.187349001, -75.581535682)"
2160293,03/03/2016,10:00 a.m.,jueves,AUTOMOVIL,PUBLICO,Conductor,Masculino,No,N/A,HERIDO,Choque,Transitar entre vehiculos,Calle 40 B Sur Carrera 37,EL DORADO,Urbana,"(6.164256506, -75.586419998)"
2160293,03/03/2016,10:00 a.m.,jueves,MOTOCICLETA,PARTICULAR,Motociclista,Masculino,No,N/A,HERIDO,Choque,Transitar entre vehiculos,Calle 40 B Sur Carrera 37,EL DORADO,Urbana,"(6.164256506, -75.586419998)"
2160312,03/03/2016,10:45 a.m.,jueves,CAMION,PUBLICO,Conductor,Masculino,No,N/A,SOLO DAÑOS,Choque,Otra,Calle 46 A Sur Carrera 43 A,PRIMAVERA,Urbana,"(6.163929718, -75.598167455)"
2160322,03/03/2016,2:00 p.m.,jueves,AUTOMOVIL,PARTICULAR,Conductor,Femenino,No,N/A,SOLO DAÑOS,Choque,No mantener distancia de seguridad,Calle 21  Sur Carrera 42,N/R,Urbana,"(6.183287121, -75.578959802)"
2160322,03/03/2016,2:00 p.m.,jueves,AUTOMOVIL,PARTICULAR,Conductor,Femenino,No,N/A,SOLO DAÑOS,Choque,No mantener distancia de seguridad,Calle 21  Sur Carrera 42,N/R,Urbana,"(6.183287121, -75.578959802)"
2160336,03/03/2016,3:00 p.m.,jueves,AUTOMOVIL,PARTICULAR,Conductor,Femenino,No,N/A,SOLO DAÑOS,Choque,Poner en marcha un vehiculo sin precauci,Calle 38  Sur Carrera 47 A,ALCALA,Urbana,"(6.172609491, -75.592299613)"
2160336,03/03/2016,3:00 p.m.,jueves,MOTOCICLETA,PARTICULAR,Motociclista,Masculino,No,N/A,SOLO DAÑOS,Choque,Poner en marcha un vehiculo sin precauci,Calle 38  Sur Carrera 47 A,ALCALA,Urbana,"(6.172609491, -75.592299613)"
2160305,03/03/2016,3:50 p.m.,jueves,AUTOMOVIL,PARTICULAR,Conductor,Femenino,No,N/A,SOLO DAÑOS,Choque,Otra,Calle 37  Sur Carrera 28,VEREDA EL ESCOBERO,Urbana,"(6.165679454, -75.578340422)"
2160314,03/03/2016,5:25 p.m.,jueves,AUTOMOVIL,PARTICULAR,Conductor,Femenino,No,N/A,SOLO DAÑOS,Choque,No mantener distancia de seguridad,Carrera 42 A Calle 25  Sur,LAS ORQUIDEAS,Urbana,"(6.179669709, -75.579880719)"
2160314,03/03/2016,5:25 p.m.,jueves,AUTOMOVIL,PARTICULAR,Conductor,Masculino,No,N/A,SOLO DAÑOS,Choque,No mantener distancia de seguridad,Carrera 42 A Calle 25  Sur,LAS ORQUIDEAS,Urbana,"(6.179669709, -75.579880719)"
2160325,03/03/2016,9:45 p.m.,jueves,AUTOMOVIL,PARTICULAR,Conductor,Masculino,No,N/A,SOLO DAÑOS,Choque,No respetar prelacion,Carrera 43 A Calle 48 C Sur,AVENIDA EL POBLADO,Urbana,"(6.162218777, -75.597644457)"
2160325,03/03/2016,9:45 p.m.,jueves,AUTOMOVIL,PARTICULAR,Conductor,Masculino,No,N/A,SOLO DAÑOS,Choque,No respetar prelacion,Carrera 43 A Calle 48 C Sur,AVENIDA EL POBLADO,Urbana,"(6.162218777, -75.597644457)"
2160295,03/03/2016,11:30 p.m.,jueves,MOTOCICLETA,PARTICULAR,Motociclista,Masculino,No,N/A,HERIDO,Choque,No mantener distancia de seguridad,Tramo 372 Kilometro  13,VEREDA PALMAS,Rural,
2160386,03/09/2016,4:40 p.m.,miércoles,CAMION,PUBLICO,Conductor,Masculino,No,N/A,SOLO DAÑOS,Choque,No respetar prelacion,Calle 30  Sur Carrera 50,LAS VEGAS,Urbana,
2160292,03/04/2016,12:10 a.m.,viernes,AUTOMOVIL,PARTICULAR,Conductor,Masculino,No,N/A,HERIDO,Choque,Semaforo en rojo,Carrera 48 Calle 25  Sur,LAS VEGAS,Urbana,"(6.185059174, -75.58329333)"
2160292,03/04/2016,12:10 a.m.,viernes,AUTOMOVIL,PARTICULAR,Conductor,Masculino,No,N/A,HERIDO,Choque,Semaforo en rojo,Carrera 48 Calle 25  Sur,LAS VEGAS,Urbana,"(6.185059174, -75.58329333)"
2160337,03/04/2016,6:30 a.m.,viernes,MOTOCICLETA,PARTICULAR,Motociclista,Masculino,No,N/A,HERIDO,Choque,Adelantar cerrando,Carrera 48 Calle 30  Sur,LAS VEGAS,Urbana,"(6.179366643, -75.588084104)"
2160337,03/04/2016,6:30 a.m.,viernes,MOTOCICLETA,PARTICULAR,Motociclista,Masculino,No,N/A,HERIDO,Choque,Adelantar cerrando,Carrera 48 Calle 30  Sur,LAS VEGAS,Urbana,"(6.179366643, -75.588084104)"
2160310,03/04/2016,7:15 a.m.,viernes,AUTOMOVIL,PUBLICO,Conductor,Masculino,No,N/A,HERIDO,Choque,Otra,Calle 49  Sur Carrera 46,LAS CASITAS,Urbana,"(6.162115504, -75.601091609)"
2160310,03/04/2016,7:15 a.m.,viernes,MOTOCICLETA,PARTICULAR,Motociclista,Masculino,No,N/A,HERIDO,Choque,Otra,Calle 49  Sur Carrera 46,LAS CASITAS,Urbana,"(6.162115504, -75.601091609)"
2160346,03/04/2016,7:15 a.m.,viernes,AUTOMOVIL,PARTICULAR,Conductor,Masculino,No,N/A,HERIDO,Choque,Transitar entre vehiculos,Carrera 48 Calle 26  Sur,LAS VEGAS,Urbana,"(6.183318111, -75.585537184)"
2160346,03/04/2016,7:15 a.m.,viernes,MOTOCICLETA,PARTICULAR,Motociclista,Masculino,No,N/A,HERIDO,Choque,Transitar entre vehiculos,Carrera 48 Calle 26  Sur,LAS VEGAS,Urbana,"(6.183318111, -75.585537184)"
2160346,03/04/2016,7:15 a.m.,viernes,MOTOCICLETA,PARTICULAR,Motociclista,Masculino,No,N/A,HERIDO,Choque,Transitar entre vehiculos,Carrera 48 Calle 26  Sur,LAS VEGAS,Urbana,"(6.183318111, -75.585537184)"
2160311,03/04/2016,7:30 a.m.,viernes,AUTOMOVIL,PARTICULAR,Conductor,Masculino,No,N/A,SOLO DAÑOS,Choque,No mantener distancia de seguridad,Calle 36 D Sur Carrera 27,VEREDA EL ESCOBERO,Urbana,"(6.162479576, -75.570222573)"
2160311,03/04/2016,7:30 a.m.,viernes,CAMPERO,PARTICULAR,Conductor,Masculino,No,N/A,SOLO DAÑOS,Choque,No mantener distancia de seguridad,Calle 36 D Sur Carrera 27,VEREDA EL ESCOBERO,Urbana,"(6.162479576, -75.570222573)"
2160308,03/04/2016,8:45 a.m.,viernes,CAMION,PUBLICO,Conductor,Masculino,No,N/A,SOLO DAÑOS,Choque,No respetar prelacion,Carrera 50 Calle 32 B Sur,LAS VEGAS,Urbana,"(6.178248378, -75.591688281)"
2160308,03/04/2016,8:45 a.m.,viernes,CAMPERO,PARTICULAR,Conductor,Femenino,No,N/A,SOLO DAÑOS,Choque,No respetar prelacion,Carrera 50 Calle 32 B Sur,LAS VEGAS,Urbana,"(6.178248378, -75.591688281)"
2160330,03/04/2016,10:35 a.m.,viernes,MOTOCICLETA,PARTICULAR,Motociclista,Masculino,No,N/A,HERIDO,Caida Ocupante,Otra,Calle 41  Sur Carrera 31,N/R,Urbana,"(6.160543478, -75.585336075)"
2160306,03/04/2016,11:50 a.m.,viernes,AUTOMOVIL,PARTICULAR,Conductor,Femenino,No,N/A,SOLO DAÑOS,Choque,No mantener distancia de seguridad,Calle 21  Sur Carrera 41,ZU├æIGA,Urbana,"(6.182165945, -75.576776678)"
2160306,03/04/2016,11:50 a.m.,viernes,MICROBUS,PUBLICO,Conductor,Masculino,No,N/A,SOLO DAÑOS,Choque,No mantener distancia de seguridad,Calle 21  Sur Carrera 41,ZU├æIGA,Urbana,"(6.182165945, -75.576776678)"
2160313,03/04/2016,12:00 p.m.,viernes,MOTOCICLETA,PARTICULAR,Motociclista,Masculino,No,N/A,HERIDO,Choque,Otra,Calle 40  Suroriente Carrera 25 B,EL SALADO,Urbana,
2160313,03/04/2016,12:00 p.m.,viernes,MOTOCICLETA,PARTICULAR,Motociclista,Masculino,No,N/A,HERIDO,Choque,Otra,Calle 40  Suroriente Carrera 25 B,EL SALADO,Urbana,
2160332,03/04/2016,3:40 p.m.,viernes,MOTOCICLETA,PARTICULAR,Motociclista,Femenino,No,N/A,HERIDO,Choque,Semaforo en rojo,Carrera 43 A Calle 38  Sur,ZONA CENTRO,Urbana,"(6.170421178, -75.588598773)"
2160332,03/04/2016,3:40 p.m.,viernes,AUTOMOVIL,PARTICULAR,Conductor,Masculino,No,N/A,HERIDO,Choque,Semaforo en rojo,Carrera 43 A Calle 38  Sur,ZONA CENTRO,Urbana,"(6.170421178, -75.588598773)"
2160334,03/04/2016,10:45 p.m.,viernes,AUTOMOVIL,PARTICULAR,Conductor,Masculino,No,N/A,SOLO DAÑOS,Choque,Otra,Calle 38  Sur Carrera 43 A,ZONA CENTRO,Urbana,"(6.170537577, -75.588625139)"
2160334,03/04/2016,10:45 p.m.,viernes,AUTOMOVIL,PARTICULAR,Conductor,Masculino,No,N/A,SOLO DAÑOS,Choque,Otra,Calle 38  Sur Carrera 43 A,ZONA CENTRO,Urbana,"(6.170537577, -75.588625139)"
2160386,03/09/2016,4:40 p.m.,miércoles,CAMION,PUBLICO,Conductor,Masculino,No,N/A,SOLO DAÑOS,Choque,No respetar prelacion,Calle 30  Sur Carrera 50,LAS VEGAS,Urbana,
2160318,03/04/2016,11:00 p.m.,viernes,CAMIONETA,PARTICULAR,Conductor,Masculino,No,N/A,SOLO DAÑOS,Choque,Adelantar cerrando,Calle 40  Sur Carrera 45 F,ALCALA,Urbana,"(6.16859384, -75.593047428)"
2160318,03/04/2016,11:00 p.m.,viernes,AUTOMOVIL,PARTICULAR,Conductor,Masculino,No,N/A,SOLO DAÑOS,Choque,Adelantar cerrando,Calle 40  Sur Carrera 45 F,ALCALA,Urbana,"(6.16859384, -75.593047428)"
2160323,03/05/2016,1:20 a.m.,sábado,AUTOMOVIL,PUBLICO,Conductor,Masculino,No,N/A,SOLO DAÑOS,Choque,Semaforo en rojo,Carrera 43 A Sur Calle 21  Sur,AVENIDA EL POBLADO,Urbana,"(6.183599544, -75.579409862)"
2160323,03/05/2016,1:20 a.m.,sábado,AUTOMOVIL,PARTICULAR,Conductor,Masculino,No,N/A,SOLO DAÑOS,Choque,Semaforo en rojo,Carrera 43 A Sur Calle 21  Sur,AVENIDA EL POBLADO,Urbana,"(6.183599544, -75.579409862)"
2160361,03/05/2016,5:18 a.m.,sábado,MOTOCICLETA,PARTICULAR,Motociclista,Masculino,Si,3,HERIDO,Choque,Embriaguez o droga,Carrera 48 Calle 40  Sur,LAS VEGAS,Urbana,"(6.168855316, -75.596887667)"
2160307,03/05/2016,7:45 a.m.,sábado,AUTOMOVIL,PARTICULAR,Conductor,Masculino,No,N/A,SOLO DAÑOS,Choque,Desobedecer senales,Carrera 41 Calle 24  Sur,N/R,Urbana,"(6.179819678, -75.577141234)"
2160307,03/05/2016,7:45 a.m.,sábado,CAMIONETA,PARTICULAR,Conductor,Masculino,No,N/A,SOLO DAÑOS,Choque,Desobedecer senales,Carrera 41 Calle 24  Sur,N/R,Urbana,"(6.179819678, -75.577141234)"
2160309,03/05/2016,7:50 a.m.,sábado,BUS,PUBLICO,Conductor,Masculino,No,N/A,SOLO DAÑOS,Choque,Otra,Carrera 43 A Calle 29  Sur,AVENIDA EL POBLADO,Urbana,"(6.177803112, -75.584555495)"
2160309,03/05/2016,7:50 a.m.,sábado,CAMION,PUBLICO,Conductor,Masculino,No,N/A,SOLO DAÑOS,Choque,Otra,Carrera 43 A Calle 29  Sur,AVENIDA EL POBLADO,Urbana,"(6.177803112, -75.584555495)"
2160335,03/05/2016,9:50 a.m.,sábado,AUTOMOVIL,PARTICULAR,Conductor,Masculino,No,N/A,SOLO DAÑOS,Choque,Exceso de velocidad,Carrera 42 A Calle 40 A Sur,EL DORADO,Urbana,"(6.167103716, -75.589490904)"
2160335,03/05/2016,9:50 a.m.,sábado,AUTOMOVIL,PARTICULAR,Conductor,Femenino,No,N/A,SOLO DAÑOS,Choque,Exceso de velocidad,Carrera 42 A Calle 40 A Sur,EL DORADO,Urbana,"(6.167103716, -75.589490904)"
2160317,03/05/2016,10:10 a.m.,sábado,MOTOCICLETA,PARTICULAR,Motociclista,Masculino,No,N/A,SOLO DAÑOS,Choque,Otra,Transversal 32 Calle 32 D Sur,LA MAGNOLIA,Urbana,"(6.175708497, -75.584289613)"
2160317,03/05/2016,10:10 a.m.,sábado,CAMIONETA,PARTICULAR,Conductor,Masculino,No,N/A,SOLO DAÑOS,Choque,Otra,Transversal 32 Calle 32 D Sur,LA MAGNOLIA,Urbana,"(6.175708497, -75.584289613)"
2160341,03/05/2016,11:30 a.m.,sábado,AUTOMOVIL,PUBLICO,Conductor,Masculino,No,N/A,SOLO DAÑOS,Choque,Adelantar cerrando,Calle 37  Sur Carrera 42,MESA,Urbana,"(6.17029993, -75.586935484)"
2160341,03/05/2016,11:30 a.m.,sábado,AUTOMOVIL,PARTICULAR,Conductor,Masculino,No,N/A,SOLO DAÑOS,Choque,Adelantar cerrando,Calle 37  Sur Carrera 42,MESA,Urbana,"(6.17029993, -75.586935484)"
2160324,03/05/2016,11:50 a.m.,sábado,CAMPERO,PARTICULAR,Conductor,Masculino,No,N/A,SOLO DAÑOS,Choque,No mantener distancia de seguridad,Tramo 371 Kilometro  13,VEREDA EL ESCOBERO,Rural,
2160324,03/05/2016,11:50 a.m.,sábado,CAMIONETA,PARTICULAR,Conductor,Femenino,No,N/A,SOLO DAÑOS,Choque,No mantener distancia de seguridad,Tramo 371 Kilometro  13,VEREDA EL ESCOBERO,Rural,
2160355,03/05/2016,12:00 p.m.,sábado,AUTOMOVIL,PARTICULAR,Conductor,Masculino,No,N/A,HERIDO,Choque,Otra,Carrera 46 Calle 25  Sur,VILLA GRANDE,Urbana,"(6.182810585, -75.583034405)"
2160355,03/05/2016,12:00 p.m.,sábado,BICICLETA,PARTICULAR,Ciclista,Masculino,No,N/A,HERIDO,Choque,Otra,Carrera 46 Calle 25  Sur,VILLA GRANDE,Urbana,"(6.182810585, -75.583034405)"
2160355,03/05/2016,12:00 p.m.,sábado,BUS,PUBLICO,Conductor,Masculino,No,N/A,HERIDO,Choque,Otra,Carrera 46 Calle 25  Sur,VILLA GRANDE,Urbana,"(6.182810585, -75.583034405)"
2160344,03/05/2016,4:40 p.m.,sábado,AUTOMOVIL,PARTICULAR,Conductor,Femenino,No,N/A,HERIDO,Choque,Adelantar en zona prohibida,Transversal 35 D Sur Diagonal 33,MESA,Urbana,"(6.168481044, -75.581672767)"
2160344,03/05/2016,4:40 p.m.,sábado,MOTOCICLETA,PARTICULAR,Motociclista,Masculino,No,N/A,HERIDO,Choque,Adelantar en zona prohibida,Transversal 35 D Sur Diagonal 33,MESA,Urbana,"(6.168481044, -75.581672767)"
2160347,03/05/2016,6:00 p.m.,sábado,MOTOCICLETA,DIPLOMATICO,Motociclista,Masculino,No,N/A,HERIDO,Choque,Desobedecer senales,Calle 39  Sur Carrera 27 B,N/R,Urbana,"(6.159217585, -75.578834618)"
2160347,03/05/2016,6:00 p.m.,sábado,MOTOCICLETA,PARTICULAR,Motociclista,Masculino,No,N/A,HERIDO,Choque,Desobedecer senales,Calle 39  Sur Carrera 27 B,N/R,Urbana,"(6.159217585, -75.578834618)"
2160315,03/05/2016,7:41 p.m.,sábado,MOTOCICLETA,PARTICULAR,Motociclista,Masculino,No,N/A,HERIDO,Choque,Embriaguez o droga,Carrera 48 Calle 46  Sur,LAS VEGAS,Urbana,"(6.166195386, -75.599285489)"
2160315,03/05/2016,7:41 p.m.,sábado,MOTOCICLETA,PARTICULAR,Motociclista,Masculino,Si,2,HERIDO,Choque,Embriaguez o droga,Carrera 48 Calle 46  Sur,LAS VEGAS,Urbana,"(6.166195386, -75.599285489)"
2160354,03/05/2016,7:45 p.m.,sábado,MOTOCICLETA,PARTICULAR,Motociclista,Masculino,No,N/A,HERIDO,Atropello,Semaforo en rojo,Calle 33 B Sur Carrera 43,ZONA CENTRO,Urbana,"(6.172981087, -75.586076226)"
2160350,03/05/2016,9:05 p.m.,sábado,CAMPERO,PARTICULAR,Conductor,Masculino,No,N/A,SOLO DAÑOS,Choque,No mantener distancia de seguridad,Carrera 48 Calle 37  Sur,GLORIETA PELDAR,Urbana,"(6.172859211, -75.592769925)"
2160321,03/05/2016,11:30 p.m.,sábado,AUTOMOVIL,PARTICULAR,Conductor,Femenino,No,N/A,SOLO DAÑOS,Choque,Adelantar cerrando,Tramo 372 Kilometro  16,VEREDA PALMAS,Rural,
2160321,03/05/2016,11:30 p.m.,sábado,CAMIONETA,PARTICULAR,Conductor,Masculino,No,N/A,SOLO DAÑOS,Choque,Adelantar cerrando,Tramo 372 Kilometro  16,VEREDA PALMAS,Rural,
2160319,03/06/2016,1:40 a.m.,domingo,AUTOMOVIL,PARTICULAR,Conductor,Masculino,Si,2,SOLO DAÑOS,Choque,Otra,Carrera 42 B Calle 46 A Sur,LA PAZ,Urbana,"(6.162028226, -75.594495552)"
2160319,03/06/2016,1:40 a.m.,domingo,MOTOCICLETA,PARTICULAR,Motociclista,Masculino,No,N/A,SOLO DAÑOS,Choque,Otra,Carrera 42 B Calle 46 A Sur,LA PAZ,Urbana,"(6.162028226, -75.594495552)"
2160316,03/06/2016,4:00 a.m.,domingo,AUTOMOVIL,PARTICULAR,Conductor,Masculino,Si,2,HERIDO,Volcamiento,Embriaguez o droga,Tramo 371 Kilometro  2,VEREDA EL ESCOBERO,Rural,
2160320,03/06/2016,11:50 a.m.,domingo,AUTOMOVIL,PARTICULAR,Conductor,Femenino,No,N/A,SOLO DAÑOS,Choque,Exceso de velocidad,Carrera 44 A Calle 31  Sur,SAN MARCOS,Urbana,"(6.176811812, -75.586177575)"
2160333,03/06/2016,2:40 p.m.,domingo,MOTOCICLETA,PARTICULAR,Motociclista,Masculino,No,N/A,HERIDO,Caida Ocupante,Otra,Carrera 41 A Calle 46 A Sur,LAS ANTILLAS,Urbana,"(6.160561141, -75.593784031)"
2160363,03/06/2016,3:30 p.m.,domingo,MOTOCICLETA,PARTICULAR,Motociclista,Masculino,No,N/A,HERIDO,Choque,Exceso de velocidad,Calle 36 D Sur Carrera 27 A,VEREDA EL ESCOBERO,Urbana,"(6.164831751, -75.574234965)"
2160363,03/06/2016,3:30 p.m.,domingo,CAMIONETA,PARTICULAR,Conductor,Masculino,No,N/A,HERIDO,Choque,Exceso de velocidad,Calle 36 D Sur Carrera 27 A,VEREDA EL ESCOBERO,Urbana,"(6.164831751, -75.574234965)"
2160299,03/07/2016,1:32 a.m.,lunes,MOTOCICLETA,PARTICULAR,Motociclista,Masculino,No,N/A,MUERTO,Otro,Otra,Carrera 48 Calle 38  Sur,LAS VEGAS,Urbana,"(6.172747818, -75.592698171)"
2160348,03/07/2016,5:50 a.m.,lunes,AUTOMOVIL,PARTICULAR,Conductor,Masculino,No,N/A,HERIDO,Choque,Transitar entre vehiculos,Carrera 43 A Calle 45  Sur,LA PAZ,Urbana,"(6.165116925, -75.594483161)"
2160348,03/07/2016,5:50 a.m.,lunes,MOTOCICLETA,PARTICULAR,Motociclista,Masculino,No,N/A,HERIDO,Choque,Exceso de velocidad,Carrera 43 A Calle 45  Sur,LA PAZ,Urbana,"(6.165116925, -75.594483161)"
2160348,03/07/2016,5:50 a.m.,lunes,MOTOCICLETA,PARTICULAR,Motociclista,Masculino,No,N/A,HERIDO,Choque,Transitar entre vehiculos,Carrera 43 A Calle 45  Sur,LA PAZ,Urbana,"(6.165116925, -75.594483161)"
2160348,03/07/2016,5:50 a.m.,lunes,AUTOMOVIL,PARTICULAR,Conductor,Masculino,No,N/A,HERIDO,Choque,Exceso de velocidad,Carrera 43 A Calle 45  Sur,LA PAZ,Urbana,"(6.165116925, -75.594483161)"
2160326,03/07/2016,6:30 a.m.,lunes,AUTOMOVIL,PARTICULAR,Conductor,Masculino,No,N/A,SOLO DAÑOS,Choque,No mantener distancia de seguridad,Carrera 50 Calle 32 B Sur,LAS VEGAS,Urbana,"(6.178248378, -75.591688281)"
2160326,03/07/2016,6:30 a.m.,lunes,AUTOMOVIL,PARTICULAR,Conductor,Masculino,No,N/A,SOLO DAÑOS,Choque,No mantener distancia de seguridad,Carrera 50 Calle 32 B Sur,LAS VEGAS,Urbana,"(6.178248378, -75.591688281)"
2160327,03/07/2016,6:50 a.m.,lunes,BUSETA,PUBLICO,Conductor,Masculino,No,N/A,SOLO DAÑOS,Choque,Otra,Tramo 372 Kilometro  8,VEREDA PALMAS,Rural,
2160327,03/07/2016,6:50 a.m.,lunes,AUTOMOVIL,PARTICULAR,Conductor,Femenino,No,N/A,SOLO DAÑOS,Choque,Otra,Tramo 372 Kilometro  8,VEREDA PALMAS,Rural,
2160328,03/07/2016,7:20 a.m.,lunes,CAMION,PUBLICO,Conductor,Masculino,No,N/A,SOLO DAÑOS,Choque,Otra,Diagonal 30 Transversal 34 D Sur,LA PRADERA,Urbana,"(6.1718058, -75.578268528)"
2160328,03/07/2016,7:20 a.m.,lunes,AUTOMOVIL,PARTICULAR,Conductor,Masculino,No,N/A,SOLO DAÑOS,Choque,Otra,Diagonal 30 Transversal 34 D Sur,LA PRADERA,Urbana,"(6.1718058, -75.578268528)"
2160328,03/07/2016,7:20 a.m.,lunes,AUTOMOVIL,PARTICULAR,Conductor,Masculino,No,N/A,SOLO DAÑOS,Choque,Otra,Diagonal 30 Transversal 34 D Sur,LA PRADERA,Urbana,"(6.1718058, -75.578268528)"
2160329,03/07/2016,10:40 a.m.,lunes,AUTOMOVIL,PARTICULAR,Conductor,Masculino,No,N/A,SOLO DAÑOS,Choque,Otra,Carrera 48 Calle 29  Sur,LAS VEGAS,Urbana,"(6.180442532, -75.587813535)"
2160329,03/07/2016,10:40 a.m.,lunes,CAMION,PUBLICO,Conductor,Masculino,No,N/A,SOLO DAÑOS,Choque,Otra,Carrera 48 Calle 29  Sur,LAS VEGAS,Urbana,"(6.180442532, -75.587813535)"
2160360,03/07/2016,10:50 a.m.,lunes,BUSETA,PUBLICO,Conductor,Masculino,No,N/A,HERIDO,Choque,No respetar prelacion,Carrera 48 Calle 30  Sur,EL PORTAL,Urbana,"(6.179366643, -75.588084104)"
2160360,03/07/2016,10:50 a.m.,lunes,AUTOMOVIL,PARTICULAR,Conductor,Masculino,No,N/A,HERIDO,Choque,No respetar prelacion,Carrera 48 Calle 30  Sur,EL PORTAL,Urbana,"(6.179366643, -75.588084104)"
2160360,03/07/2016,10:50 a.m.,lunes,AUTOMOVIL,PARTICULAR,Conductor,Masculino,No,N/A,HERIDO,Choque,No respetar prelacion,Carrera 48 Calle 30  Sur,EL PORTAL,Urbana,"(6.179366643, -75.588084104)"
2160340,03/07/2016,12:10 p.m.,lunes,MOTOCICLETA,PARTICULAR,Motociclista,Masculino,No,N/A,SOLO DAÑOS,Choque,Embriaguez o droga,Carrera 40 Calle 48 B Sur,EL SALADO,Urbana,"(6.158358186, -75.595261486)"