RADICADO,FECHA,HORA,DÍA DE LA SEMANA,CLASE DE VEHICULO,TIPO DE SERVICIO,TIPO DE VICTIMA,SEXO,ESTADO DE BEODEZ,RESULTADO DE BEODEZ,GRAVEDAD,CLASE DE ACCIDENTE,CAUSA,DIRECCIÓN,BARRIO,AREA,Coordenadas
2160634,04/01/2016,6:45 p.m.,viernes,AUTOMOVIL,PARTICULAR,Conductor,Masculino,No,N/A,SOLO DAÑOS,Choque,Exceso de velocidad,Tramo 372 Kilometro  14,VEREDA PALMAS,Rural,
2160614,04/01/2016,9:06 p.m.,viernes,AUTOMOVIL,PARTICULAR,Conductor,Masculino,No,N/A,HERIDO,Volcamiento,Exceso de velocidad,Tramo 372 Kilometro  13,VEREDA PALMAS,Rural,
2160653,04/02/2016,7:20 a.m.,sábado,MOTOCICLETA,PARTICULAR,Motociclista,Masculino,No,N/A,HERIDO,Choque,Desobedecer senales,Tramo 372 Kilometro  7,VEREDA PALMAS,Rural,
2160653,04/02/2016,7:20 a.m.,sábado,MOTOCICLETA,PARTICULAR,Motociclista,Masculino,No,N/A,HERIDO,Choque,Desobedecer senales,Tramo 372 Kilometro  7,VEREDA PALMAS,Rural,
2160642,04/02/2016,10:30 a.m.,sábado,MOTOCICLETA,PARTICULAR,Motociclista,Masculino,No,N/A,HERIDO,Atropello,Cruzar sin observar,Calle 46  Sur Carrera 46,PRIMAVERA,Urbana,"(6.164633401, -75.596689606)"
2160652,04/02/2016,10:30 a.m.,sábado,MOTOCICLETA,PARTICULAR,Motociclista,Masculino,No,N/A,HERIDO,Atropello,Adelantar cerrando,Calle 39  Sur Carrera 39,MESA,Urbana,"(6.166978259, -75.586044922)"
2160652,04/02/2016,10:30 a.m.,sábado,CAMIONETA,PARTICULAR,Conductor,Masculino,No,N/A,HERIDO,Atropello,Adelantar cerrando,Calle 39  Sur Carrera 39,MESA,Urbana,"(6.166978259, -75.586044922)"
2160643,04/02/2016,12:00 p.m.,sábado,AUTOMOVIL,DIPLOMATICO,Conductor,Femenino,No,N/A,SOLO DAÑOS,Choque,No mantener distancia de seguridad,Calle 39  Sur Carrera 41,ZONA CENTRO,Urbana,"(6.167870042, -75.587448707)"
2160649,04/02/2016,1:20 p.m.,sábado,CAMIONETA,PUBLICO,Conductor,Masculino,No,N/A,SOLO DAÑOS,Choque,Adelantar cerrando,Carrera 50 Calle 37  Sur,LAS VEGAS,Urbana,
2160649,04/02/2016,1:20 p.m.,sábado,AUTOMOVIL,PARTICULAR,Conductor,Femenino,No,N/A,SOLO DAÑOS,Choque,Adelantar cerrando,Carrera 50 Calle 37  Sur,LAS VEGAS,Urbana,
2160648,04/02/2016,2:40 p.m.,sábado,AUTOMOVIL,PARTICULAR,Conductor,Femenino,No,N/A,SOLO DAÑOS,Choque,No mantener distancia de seguridad,Tramo 372 Kilometro  11,VEREDA PALMAS,Rural,
2160648,04/02/2016,2:40 p.m.,sábado,MOTOCICLETA,PARTICULAR,Motociclista,Masculino,No,N/A,SOLO DAÑOS,Choque,No mantener distancia de seguridad,Tramo 372 Kilometro  11,VEREDA PALMAS,Rural,
2160645,04/02/2016,2:45 p.m.,sábado,MOTOCICLETA,PARTICULAR,Motociclista,Masculino,No,N/A,SOLO DAÑOS,Choque,Transitar entre vehiculos,Carrera 32 Calle 37  Sur,MESA,Urbana,"(6.1665774, -75.581163406)"
2160645,04/02/2016,2:45 p.m.,sábado,AUTOMOVIL,PUBLICO,Conductor,Masculino,No,N/A,SOLO DAÑOS,Choque,Transitar entre vehiculos,Carrera 32 Calle 37  Sur,MESA,Urbana,"(6.1665774, -75.581163406)"
2160637,04/02/2016,3:30 p.m.,sábado,AUTOMOVIL,PUBLICO,Conductor,Masculino,No,N/A,SOLO DAÑOS,Choque,Desobedecer senales,Calle 37  Sur Carrera 33,MESA,Urbana,"(6.167021726, -75.581684577)"
2160637,04/02/2016,3:30 p.m.,sábado,AUTOMOVIL,PARTICULAR,Conductor,Femenino,No,N/A,SOLO DAÑOS,Choque,Desobedecer senales,Calle 37  Sur Carrera 33,MESA,Urbana,"(6.167021726, -75.581684577)"
2160635,04/02/2016,11:00 p.m.,sábado,AUTOMOVIL,PARTICULAR,Conductor,Masculino,No,N/A,SOLO DAÑOS,Choque,Adelantar cerrando,Calle 36 D Sur Carrera 27 A,VEREDA EL ESCOBERO,Urbana,"(6.164831751, -75.574234965)"
2160635,04/02/2016,11:00 p.m.,sábado,AUTOMOVIL,PARTICULAR,Conductor,Masculino,No,N/A,SOLO DAÑOS,Choque,Adelantar cerrando,Calle 36 D Sur Carrera 27 A,VEREDA EL ESCOBERO,Urbana,"(6.164831751, -75.574234965)"
2160633,04/02/2016,11:30 p.m.,sábado,AUTOMOVIL,PARTICULAR,Conductor,Masculino,No,N/A,HERIDO,Choque,Embriaguez o droga,Carrera 43 A Calle 33 B Sur,AVENIDA EL POBLADO,Urbana,"(6.173325428, -75.586677202)"
2160633,04/02/2016,11:30 p.m.,sábado,MOTOCICLETA,PARTICULAR,Motociclista,Masculino,Si,1,HERIDO,Choque,Embriaguez o droga,Carrera 43 A Calle 33 B Sur,AVENIDA EL POBLADO,Urbana,"(6.173325428, -75.586677202)"
2160613,04/03/2016,3:10 a.m.,domingo,MOTOCICLETA,PARTICULAR,Motociclista,Sin registro,No,N/A,HERIDO,Caida Ocupante,Embriaguez o droga,Carrera 40 Calle 48 B Sur,EL TRIANON,Urbana,"(6.158358186, -75.595261486)"
2160655,04/03/2016,2:50 p.m.,domingo,AUTOMOVIL,PARTICULAR,Conductor,Femenino,No,N/A,HERIDO,Choque,Transitar entre vehiculos,Carrera 42 Calle 33 B Sur,ZONA CENTRO,Urbana,"(6.172431982, -75.585528606)"
2160655,04/03/2016,2:50 p.m.,domingo,MOTOCICLETA,PARTICULAR,Motociclista,Masculino,No,N/A,HERIDO,Choque,Transitar entre vehiculos,Carrera 42 Calle 33 B Sur,ZONA CENTRO,Urbana,"(6.172431982, -75.585528606)"
2160624,04/03/2016,7:00 p.m.,domingo,AUTOMOVIL,PARTICULAR,Conductor,Femenino,No,N/A,HERIDO,Choque,Desobedecer senales,Carrera 42 B Calle 46 A Sur,LA PAZ,Urbana,"(6.162028226, -75.594495552)"
2160624,04/03/2016,7:00 p.m.,domingo,MOTOCICLETA,PARTICULAR,Motociclista,Masculino,No,N/A,HERIDO,Choque,Desobedecer senales,Carrera 42 B Calle 46 A Sur,LA PAZ,Urbana,"(6.162028226, -75.594495552)"
2160659,04/03/2016,9:00 p.m.,domingo,AUTOMOVIL,PARTICULAR,Conductor,Femenino,No,N/A,SOLO DAÑOS,Choque,Exceso de velocidad,Tramo 372 Kilometro  15,VEREDA PALMAS,Rural,
2160671,04/04/2016,5:00 a.m.,lunes,BUS,PUBLICO,Conductor,Masculino,No,N/A,HERIDO,Choque,Semaforo en rojo,Carrera 43 A Calle 25 A Sur,N/R,Urbana,"(6.181504184, -75.581741498)"
2160671,04/04/2016,5:00 a.m.,lunes,MOTOCICLETA,PARTICULAR,Motociclista,Masculino,No,N/A,HERIDO,Choque,Semaforo en rojo,Carrera 43 A Calle 25 A Sur,N/R,Urbana,"(6.181504184, -75.581741498)"
2160661,04/04/2016,6:20 a.m.,lunes,AUTOMOVIL,PARTICULAR,Conductor,Masculino,No,N/A,HERIDO,Choque,Desobedecer senales,Carrera 40 Calle 46 E Sur,EL TRIANON,Urbana,"(6.159856244, -75.592579737)"
2160661,04/04/2016,6:20 a.m.,lunes,BICICLETA,PARTICULAR,Ciclista,Masculino,No,N/A,HERIDO,Choque,Desobedecer senales,Carrera 40 Calle 46 E Sur,EL TRIANON,Urbana,"(6.159856244, -75.592579737)"
2160656,04/04/2016,6:50 a.m.,lunes,MOTOCICLETA,PARTICULAR,Motociclista,Masculino,No,N/A,HERIDO,Choque,No respetar prelacion,Carrera 32 B Calle 40 F Sur,N/R,Urbana,"(6.162538385, -75.584717885)"
2160656,04/04/2016,6:50 a.m.,lunes,AUTOMOVIL,PARTICULAR,Conductor,Femenino,No,N/A,HERIDO,Choque,No respetar prelacion,Carrera 32 B Calle 40 F Sur,N/R,Urbana,"(6.162538385, -75.584717885)"
2160657,04/04/2016,7:20 a.m.,lunes,CAMIONETA,PUBLICO,Conductor,Masculino,No,N/A,SOLO DAÑOS,Choque,Transitar entre vehiculos,Carrera 48 Calle 40  Sur,LAS VEGAS,Urbana,"(6.168855316, -75.596887667)"
2160657,04/04/2016,7:20 a.m.,lunes,MOTOCICLETA,PARTICULAR,Motociclista,Masculino,No,N/A,SOLO DAÑOS,Choque,Transitar entre vehiculos,Carrera 48 Calle 40  Sur,LAS VEGAS,Urbana,"(6.168855316, -75.596887667)"
2160660,04/04/2016,7:30 a.m.,lunes,MOTOCICLETA,PARTICULAR,Motociclista,Masculino,No,N/A,HERIDO,Choque,Transitar entre vehiculos,Carrera 43 A Transversal 29,N/R,Urbana,"(6.177803112, -75.584555495)"
2160660,04/04/2016,7:30 a.m.,lunes,MOTOCICLETA,PARTICULAR,Motociclista,Femenino,No,N/A,HERIDO,Choque,Transitar entre vehiculos,Carrera 43 A Transversal 29,N/R,Urbana,"(6.177803112, -75.584555495)"
2160696,04/04/2016,8:15 a.m.,lunes,AUTOMOVIL,PUBLICO,Conductor,Masculino,No,N/A,SOLO DAÑOS,Choque,Poner en marcha un vehiculo sin precauci,Carrera 49 Calle 25  Sur,N/R,Urbana,"(6.18641241, -75.585062957)"
2160696,04/04/2016,8:15 a.m.,lunes,CAMIONETA,PUBLICO,Conductor,Masculino,No,N/A,SOLO DAÑOS,Choque,Poner en marcha un vehiculo sin precauci,Carrera 49 Calle 25  Sur,N/R,Urbana,"(6.18641241, -75.585062957)"
2160697,04/04/2016,11:10 a.m.,lunes,CAMION,PARTICULAR,Conductor,Masculino,No,N/A,SOLO DAÑOS,Choque,No respetar prelacion,Carrera 48 Calle 50  Sur,LAS VEGAS,Urbana,
2160697,04/04/2016,11:10 a.m.,lunes,AUTOMOVIL,PARTICULAR,Conductor,Femenino,No,N/A,SOLO DAÑOS,Choque,No respetar prelacion,Carrera 48 Calle 50  Sur,LAS VEGAS,Urbana,
2160658,04/04/2016,12:30 p.m.,lunes,AUTOMOVIL,PARTICULAR,Conductor,Masculino,No,N/A,SOLO DAÑOS,Choque,No mantener distancia de seguridad,Carrera 45 A Calle 36  Sur,EL PORTAL,Urbana,"(6.172729696, -75.589339581)"
2160658,04/04/2016,12:30 p.m.,lunes,CAMIONETA,PARTICULAR,Conductor,Masculino,No,N/A,SOLO DAÑOS,Choque,No mantener distancia de seguridad,Carrera 45 A Calle 36  Sur,EL PORTAL,Urbana,"(6.172729696, -75.589339581)"
2160654,04/04/2016,3:10 p.m.,lunes,MOTOCICLETA,PARTICULAR,Motociclista,Sin registro,No,N/A,HERIDO,Atropello,Otra,Calle 41 A Sur Carrera 27 A,SAN RAFAEL,Urbana,"(6.157635996, -75.583275604)"
2161472,04/04/2016,3:20 p.m.,lunes,AUTOMOVIL,PUBLICO,Conductor,Masculino,No,N/A,HERIDO,Caida Ocupante,Otra,Calle 41 A Sur Carrera 26,SAN RAFAEL,Urbana,"(6.157546483, -75.583386351)"
2160670,04/04/2016,5:30 p.m.,lunes,MICROBUS,PUBLICO,Conductor,Masculino,No,N/A,SOLO DAÑOS,Choque,Adelantar cerrando,Calle 25 A Sur Carrera 43 A,VILLA GRANDE,Urbana,"(6.181689385, -75.582417986)"
2160670,04/04/2016,5:30 p.m.,lunes,CAMIONETA,PARTICULAR,Conductor,Masculino,No,N/A,SOLO DAÑOS,Choque,Adelantar cerrando,Calle 25 A Sur Carrera 43 A,VILLA GRANDE,Urbana,"(6.181689385, -75.582417986)"
2160672,04/04/2016,7:10 p.m.,lunes,AUTOMOVIL,PARTICULAR,Conductor,Femenino,No,N/A,SOLO DAÑOS,Choque,Transitar entre vehiculos,Carrera 43 A Calle 29  Sur,SAN MARCOS,Urbana,"(6.177803112, -75.584555495)"
2160672,04/04/2016,7:10 p.m.,lunes,MOTOCICLETA,PARTICULAR,Motociclista,Masculino,No,N/A,SOLO DAÑOS,Choque,Transitar entre vehiculos,Carrera 43 A Calle 29  Sur,SAN MARCOS,Urbana,"(6.177803112, -75.584555495)"
2160677,04/04/2016,8:00 p.m.,lunes,MOTOCICLETA,PARTICULAR,Motociclista,Femenino,No,N/A,HERIDO,Choque,Adelantar cerrando,Calle 36 D Sur Carrera 27,N/R,Urbana,"(6.162479576, -75.570222573)"
2160677,04/04/2016,8:00 p.m.,lunes,AUTOMOVIL,PARTICULAR,Conductor,Masculino,No,N/A,HERIDO,Choque,Adelantar cerrando,Calle 36 D Sur Carrera 27,N/R,Urbana,"(6.162479576, -75.570222573)"
2160681,04/05/2016,6:25 a.m.,martes,AUTOMOVIL,PARTICULAR,Conductor,Femenino,No,N/A,HERIDO,Choque,Transitar entre vehiculos,Carrera 50 Calle 27  Sur,LAS VEGAS,Urbana,
2160681,04/05/2016,6:25 a.m.,martes,MOTOCICLETA,PARTICULAR,Motociclista,Masculino,No,N/A,HERIDO,Choque,Transitar entre vehiculos,Carrera 50 Calle 27  Sur,LAS VEGAS,Urbana,
2160667,04/05/2016,7:30 a.m.,martes,AUTOMOVIL,PARTICULAR,Conductor,Femenino,No,N/A,SOLO DAÑOS,Choque,No respetar prelacion,Calle 24  Sur Carrera 38,N/R,Urbana,"(6.177798131, -75.5727217)"
2160667,04/05/2016,7:30 a.m.,martes,AUTOMOVIL,PARTICULAR,Conductor,Femenino,No,N/A,SOLO DAÑOS,Choque,No respetar prelacion,Calle 24  Sur Carrera 38,N/R,Urbana,"(6.177798131, -75.5727217)"
2160664,04/05/2016,7:50 a.m.,martes,CAMIONETA,PARTICULAR,Conductor,Femenino,No,N/A,SOLO DAÑOS,Choque,Adelantar en zona prohibida,Tramo 372 Kilometro  15,VEREDA PALMAS,Rural,
2160664,04/05/2016,7:50 a.m.,martes,MOTOCICLETA,PARTICULAR,Motociclista,Masculino,No,N/A,SOLO DAÑOS,Choque,Adelantar en zona prohibida,Tramo 372 Kilometro  15,VEREDA PALMAS,Rural,
2160665,04/05/2016,10:00 a.m.,martes,CAMIONETA,PARTICULAR,Conductor,Femenino,No,N/A,SOLO DAÑOS,Choque,Exceso de velocidad,Carrera 42 B Calle 45  Sur,LA PAZ,Urbana,"(6.163500062, -75.593449568)"
2160666,04/05/2016,11:00 a.m.,martes,CAMION,PUBLICO,Conductor,Masculino,No,N/A,SOLO DAÑOS,Choque,No respetar prelacion,Carrera 24 DD Calle 39  Sur,EL SALADO,Urbana,
2160666,04/05/2016,11:00 a.m.,martes,AUTOMOVIL,PARTICULAR,Conductor,Masculino,No,N/A,SOLO DAÑOS,Choque,No respetar prelacion,Carrera 24 DD Calle 39  Sur,EL SALADO,Urbana,
2160663,04/05/2016,12:30 p.m.,martes,MOTOCICLETA,PARTICULAR,Motociclista,Masculino,No,N/A,HERIDO,Choque,Adelantar cerrando,Carrera 30 Calle 39 A Sur,SAN JOSE,Urbana,"(6.163552912, -75.5816457)"
2160663,04/05/2016,12:30 p.m.,martes,CAMIONETA,PUBLICO,Conductor,Masculino,No,N/A,HERIDO,Choque,Adelantar cerrando,Carrera 30 Calle 39 A Sur,SAN JOSE,Urbana,"(6.163552912, -75.5816457)"
2160675,04/05/2016,2:00 p.m.,martes,CAMPERO,PARTICULAR,Conductor,Masculino,No,N/A,SOLO DAÑOS,Choque,Otra,Carrera 32 B Calle 40 F Sur,N/R,Urbana,"(6.162538385, -75.584717885)"
2160675,04/05/2016,2:00 p.m.,martes,CAMION,PUBLICO,Conductor,Masculino,No,N/A,SOLO DAÑOS,Choque,Otra,Carrera 32 B Calle 40 F Sur,N/R,Urbana,"(6.162538385, -75.584717885)"
2160669,04/05/2016,3:30 p.m.,martes,CAMION,PUBLICO,Conductor,Masculino,No,N/A,SOLO DAÑOS,Choque,Adelantar cerrando,Calle 39 B Sur Carrera 26,EL CHINGU├ì,Urbana,"(6.160875824, -75.581010283)"
2160669,04/05/2016,3:30 p.m.,martes,AUTOMOVIL,PARTICULAR,Conductor,Femenino,No,N/A,SOLO DAÑOS,Choque,Adelantar cerrando,Calle 39 B Sur Carrera 26,EL CHINGU├ì,Urbana,"(6.160875824, -75.581010283)"
2160673,04/05/2016,4:00 p.m.,martes,MOTOCICLETA,PARTICULAR,Motociclista,Masculino,No,N/A,SOLO DAÑOS,Choque,No respetar prelacion,Carrera 24 D Calle 40  Sur,VEREDA EL VALLANO,Urbana,
2160673,04/05/2016,4:00 p.m.,martes,MOTOCICLETA,PARTICULAR,Motociclista,Femenino,No,N/A,SOLO DAÑOS,Choque,No respetar prelacion,Carrera 24 D Calle 40  Sur,VEREDA EL VALLANO,Urbana,
2160668,04/05/2016,4:10 p.m.,martes,AUTOMOVIL,PARTICULAR,Conductor,Femenino,No,N/A,SOLO DAÑOS,Choque,Adelantar en zona prohibida,Carrera 42 B Calle 46  Sur,LA PAZ,Urbana,"(6.162296208, -75.594293177)"
2160668,04/05/2016,4:10 p.m.,martes,MOTOCICLETA,PARTICULAR,Motociclista,Masculino,No,N/A,SOLO DAÑOS,Choque,Adelantar en zona prohibida,Carrera 42 B Calle 46  Sur,LA PAZ,Urbana,"(6.162296208, -75.594293177)"
2160689,04/05/2016,4:30 p.m.,martes,AUTOMOVIL,PUBLICO,Conductor,Masculino,No,N/A,SOLO DAÑOS,Choque,No mantener distancia de seguridad,Calle 25  Sur Carrera 43 A,N/R,Urbana,"(6.181560189, -75.582016491)"
2160689,04/05/2016,4:30 p.m.,martes,AUTOMOVIL,PARTICULAR,Conductor,Masculino,No,N/A,SOLO DAÑOS,Choque,No mantener distancia de seguridad,Calle 25  Sur Carrera 43 A,N/R,Urbana,"(6.181560189, -75.582016491)"
2160695,04/05/2016,5:10 p.m.,martes,AUTOMOVIL,PARTICULAR,Conductor,Femenino,No,N/A,SOLO DAÑOS,Choque,No mantener distancia de seguridad,Carrera 40 Calle 38 A Sur,ZONA CENTRO,Urbana,"(6.167977811, -75.586279404)"
2160695,04/05/2016,5:10 p.m.,martes,AUTOMOVIL,PARTICULAR,Conductor,Femenino,No,N/A,SOLO DAÑOS,Choque,No mantener distancia de seguridad,Carrera 40 Calle 38 A Sur,ZONA CENTRO,Urbana,"(6.167977811, -75.586279404)"
2160674,04/05/2016,5:20 p.m.,martes,AUTOMOVIL,PARTICULAR,Conductor,Masculino,No,N/A,HERIDO,Choque,Otra,Calle 36  Sur Carrera 27 B,EL CHOCHO,Urbana,"(6.167598765, -75.572615819)"
2160674,04/05/2016,5:20 p.m.,martes,BICICLETA,PARTICULAR,Ciclista,Masculino,No,N/A,HERIDO,Choque,Otra,Calle 36  Sur Carrera 27 B,EL CHOCHO,Urbana,"(6.167598765, -75.572615819)"
2160693,04/05/2016,5:30 p.m.,martes,AUTOMOVIL,PARTICULAR,Conductor,Femenino,No,N/A,SOLO DAÑOS,Choque,Exceso de velocidad,Tramo 372 Kilometro  12,VEREDA PALMAS,Rural,
2160693,04/05/2016,5:30 p.m.,martes,AUTOMOVIL,PARTICULAR,Conductor,Masculino,No,N/A,SOLO DAÑOS,Choque,Exceso de velocidad,Tramo 372 Kilometro  12,VEREDA PALMAS,Rural,
2160688,04/05/2016,7:50 p.m.,martes,AUTOMOVIL,PARTICULAR,Conductor,Femenino,No,N/A,SOLO DAÑOS,Choque,No respetar prelacion,Calle 25  Sur Carrera 42 A,LAS ORQUIDEAS,Urbana,"(6.179682683, -75.579857565)"
2160688,04/05/2016,7:50 p.m.,martes,CAMPERO,PARTICULAR,Conductor,Masculino,No,N/A,SOLO DAÑOS,Choque,No respetar prelacion,Calle 25  Sur Carrera 42 A,LAS ORQUIDEAS,Urbana,"(6.179682683, -75.579857565)"
2160688,04/05/2016,7:50 p.m.,martes,MOTOCICLETA,PARTICULAR,Motociclista,Masculino,No,N/A,SOLO DAÑOS,Choque,No respetar prelacion,Calle 25  Sur Carrera 42 A,LAS ORQUIDEAS,Urbana,"(6.179682683, -75.579857565)"
2160686,04/05/2016,8:00 p.m.,martes,AUTOMOVIL,OFICIAL,Conductor,Masculino,No,N/A,SOLO DAÑOS,Choque,No mantener distancia de seguridad,Carrera 43 A Calle 38 A Sur,ZONA CENTRO,Urbana,"(6.169698887, -75.589058765)"
2160686,04/05/2016,8:00 p.m.,martes,MOTOCICLETA,PARTICULAR,Motociclista,Masculino,No,N/A,SOLO DAÑOS,Choque,No mantener distancia de seguridad,Carrera 43 A Calle 38 A Sur,ZONA CENTRO,Urbana,"(6.169698887, -75.589058765)"
2160687,04/05/2016,8:50 p.m.,martes,AUTOMOVIL,PUBLICO,Conductor,Masculino,No,N/A,SOLO DAÑOS,Choque,Semaforo en rojo,Calle 48 C Sur Carrera 43 A,N/R,Urbana,"(6.162378903, -75.597630589)"
2160687,04/05/2016,8:50 p.m.,martes,AUTOMOVIL,PARTICULAR,Conductor,Masculino,No,N/A,SOLO DAÑOS,Choque,Semaforo en rojo,Calle 48 C Sur Carrera 43 A,N/R,Urbana,"(6.162378903, -75.597630589)"
2160682,04/05/2016,10:00 p.m.,martes,AUTOMOVIL,PUBLICO,Conductor,Masculino,No,N/A,HERIDO,Choque,Desobedecer senales,Calle 40  Sur Carrera 32 B,N/R,Urbana,"(6.163629256, -75.583076879)"
2160682,04/05/2016,10:00 p.m.,martes,AUTOMOVIL,PUBLICO,Conductor,Masculino,No,N/A,HERIDO,Choque,Desobedecer senales,Calle 40  Sur Carrera 32 B,N/R,Urbana,"(6.163629256, -75.583076879)"
2160690,04/06/2016,6:20 a.m.,miércoles,MOTOCICLETA,PARTICULAR,Motociclista,Masculino,No,N/A,SOLO DAÑOS,Choque,Transitar entre vehiculos,Carrera 48 Calle 32  Sur,LAS VEGAS,Urbana,"(6.177503621, -75.589485382)"
2160690,04/06/2016,6:20 a.m.,miércoles,MICROBUS,PUBLICO,Conductor,Masculino,No,N/A,SOLO DAÑOS,Choque,Transitar entre vehiculos,Carrera 48 Calle 32  Sur,LAS VEGAS,Urbana,"(6.177503621, -75.589485382)"
2160684,04/06/2016,6:50 a.m.,miércoles,BUS,PUBLICO,Conductor,Masculino,No,N/A,HERIDO,Choque,Transitar entre vehiculos,Carrera 48 Calle 43  Sur,LAS VEGAS,Urbana,"(6.168335134, -75.597233576)"
2160684,04/06/2016,6:50 a.m.,miércoles,MOTOCICLETA,PARTICULAR,Motociclista,Masculino,No,N/A,HERIDO,Choque,Transitar entre vehiculos,Carrera 48 Calle 43  Sur,LAS VEGAS,Urbana,"(6.168335134, -75.597233576)"
2160692,04/06/2016,7:00 a.m.,miércoles,CAMIONETA,PARTICULAR,Conductor,Femenino,No,N/A,SOLO DAÑOS,Choque,Adelantar cerrando,Calle 26 B Sur Diagonal 31,LAS ORQUIDEAS,Urbana,
2160692,04/06/2016,7:00 a.m.,miércoles,AUTOMOVIL,PARTICULAR,Conductor,Femenino,No,N/A,SOLO DAÑOS,Choque,Adelantar cerrando,Calle 26 B Sur Diagonal 31,LAS ORQUIDEAS,Urbana,
2160678,04/06/2016,7:15 a.m.,miércoles,CAMIONETA,PUBLICO,Conductor,Masculino,No,N/A,HERIDO,Choque,No respetar prelacion,Carrera 50 Calle 43  Sur,LAS VEGAS,Urbana,
2160678,04/06/2016,7:15 a.m.,miércoles,MOTOCICLETA,PARTICULAR,Motociclista,Masculino,No,N/A,HERIDO,Choque,No respetar prelacion,Carrera 50 Calle 43  Sur,LAS VEGAS,Urbana,
2160676,04/06/2016,7:45 a.m.,miércoles,MICROBUS,PUBLICO,Conductor,Masculino,No,N/A,HERIDO,Atropello,Desobedecer senales,Calle 24  Sur Carrera 42 B,LAS ORQUIDEAS,Urbana,"(6.180703067, -75.579967069)"
2160683,04/06/2016,8:30 a.m.,miércoles,AUTOMOVIL,PARTICULAR,Conductor,Femenino,No,N/A,HERIDO,Choque,Adelantar en zona prohibida,Carrera 27 Calle 36 A Sur,LA SEBASTIANA,Urbana,"(6.164865303, -75.569759084)"
2160683,04/06/2016,8:30 a.m.,miércoles,MOTOCICLETA,PARTICULAR,Motociclista,Masculino,No,N/A,HERIDO,Choque,Adelantar en zona prohibida,Carrera 27 Calle 36 A Sur,LA SEBASTIANA,Urbana,"(6.164865303, -75.569759084)"
2160691,04/06/2016,9:10 a.m.,miércoles,AUTOMOVIL,PARTICULAR,Conductor,Femenino,No,N/A,SOLO DAÑOS,Choque,Desobedecer senales,Carrera 40 Calle 40 B Sur,EL DORADO,Urbana,"(6.165282127, -75.588112762)"
2160691,04/06/2016,9:10 a.m.,miércoles,AUTOMOVIL,PARTICULAR,Conductor,Masculino,No,N/A,SOLO DAÑOS,Choque,Desobedecer senales,Carrera 40 Calle 40 B Sur,EL DORADO,Urbana,"(6.165282127, -75.588112762)"
2160679,04/06/2016,10:50 a.m.,miércoles,MOTOCICLETA,PARTICULAR,Motociclista,Masculino,No,N/A,HERIDO,Caida Ocupante,Otra,Carrera 43 A Calle 49 B Sur,AVENIDA EL POBLADO,Urbana,"(6.160914202, -75.600022989)"
2160715,04/06/2016,12:50 p.m.,miércoles,MICROBUS,PUBLICO,Conductor,Masculino,No,N/A,SOLO DAÑOS,Choque,Otra,Carrera 48 Calle 49 B Sur,LAS VEGAS,Urbana,"(6.162599027, -75.602787472)"
2160715,04/06/2016,12:50 p.m.,miércoles,MOTOCICLETA,PARTICULAR,Motociclista,Masculino,No,N/A,SOLO DAÑOS,Choque,Otra,Carrera 48 Calle 49 B Sur,LAS VEGAS,Urbana,"(6.162599027, -75.602787472)"
2160707,04/06/2016,2:30 p.m.,miércoles,CAMIONETA,PUBLICO,Conductor,Masculino,No,N/A,SOLO DAÑOS,Choque,Otra,Carrera 40 A Calle 37  Sur,ZONA CENTRO,Urbana,"(6.169546916, -75.585857233)"
2160707,04/06/2016,2:30 p.m.,miércoles,AUTOMOVIL,PARTICULAR,Conductor,Femenino,No,N/A,SOLO DAÑOS,Choque,Otra,Carrera 40 A Calle 37  Sur,ZONA CENTRO,Urbana,"(6.169546916, -75.585857233)"
2160698,04/06/2016,3:00 p.m.,miércoles,CAMIONETA,PARTICULAR,Conductor,Femenino,No,N/A,SOLO DAÑOS,Choque,No mantener distancia de seguridad,Carrera 27 Calle 23  Sur,LA INMACULADA,Urbana,"(6.176588834, -75.567445991)"
2160698,04/06/2016,3:00 p.m.,miércoles,AUTOMOVIL,PARTICULAR,Conductor,Masculino,No,N/A,SOLO DAÑOS,Choque,No mantener distancia de seguridad,Carrera 27 Calle 23  Sur,LA INMACULADA,Urbana,"(6.176588834, -75.567445991)"
2160685,04/06/2016,5:10 p.m.,miércoles,AUTOMOVIL,PARTICULAR,Conductor,Masculino,No,N/A,SOLO DAÑOS,Choque,Adelantar cerrando,Carrera 43 A Calle 40  Sur,AVENIDA EL POBLADO,Urbana,"(6.168044687, -75.59026877)"
2160685,04/06/2016,5:10 p.m.,miércoles,AUTOMOVIL,PUBLICO,Conductor,Masculino,No,N/A,SOLO DAÑOS,Choque,Adelantar cerrando,Carrera 43 A Calle 40  Sur,AVENIDA EL POBLADO,Urbana,"(6.168044687, -75.59026877)"
2160680,04/06/2016,5:40 p.m.,miércoles,MOTOCICLETA,PARTICULAR,Motociclista,Masculino,No,N/A,HERIDO,Choque,Transitar entre vehiculos,Carrera 50 Calle 27  Sur,N/R,Urbana,
2160680,04/06/2016,5:40 p.m.,miércoles,CAMIONETA,PARTICULAR,Conductor,Masculino,No,N/A,HERIDO,Choque,Transitar entre vehiculos,Carrera 50 Calle 27  Sur,N/R,Urbana,
2160680,04/06/2016,5:40 p.m.,miércoles,MOTOCICLETA,PARTICULAR,Motociclista,Masculino,No,N/A,HERIDO,Choque,Transitar entre vehiculos,Carrera 50 Calle 27  Sur,N/R,Urbana,