RADICADO,FECHA,HORA,DÍA DE LA SEMANA,CLASE DE VEHICULO,TIPO DE SERVICIO,TIPO DE VICTIMA,SEXO,ESTADO DE BEODEZ,RESULTADO DE BEODEZ,GRAVEDAD,CLASE DE ACCIDENTE,CAUSA,DIRECCIÓN,BARRIO,AREA,Coordenadas
2160694,04/06/2016,6:40 p.m.,miércoles,MOTOCICLETA,PARTICULAR,Motociclista,Masculino,No,N/A,SOLO DAÑOS,Choque,Adelantar en zona prohibida,Diagonal 31 E Sur Transversal 35 D,OBRERO,Urbana,"(6.170095297, -75.579612082)"
2160694,04/06/2016,6:40 p.m.,miércoles,AUTOMOVIL,PARTICULAR,Conductor,Masculino,No,N/A,SOLO DAÑOS,Choque,Adelantar en zona prohibida,Diagonal 31 E Sur Transversal 35 D,OBRERO,Urbana,"(6.170095297, -75.579612082)"
2160732,04/06/2016,7:30 p.m.,miércoles,AUTOMOVIL,PARTICULAR,Conductor,Femenino,No,N/A,SOLO DAÑOS,Choque,No mantener distancia de seguridad,Calle 29  Sur Carrera 45,JARDINES,Urbana,"(6.179151239, -75.58561852)"
2160732,04/06/2016,7:30 p.m.,miércoles,AUTOMOVIL,PARTICULAR,Conductor,Femenino,No,N/A,SOLO DAÑOS,Choque,No mantener distancia de seguridad,Calle 29  Sur Carrera 45,JARDINES,Urbana,"(6.179151239, -75.58561852)"
2160701,04/06/2016,9:25 p.m.,miércoles,AUTOMOVIL,PARTICULAR,Conductor,Femenino,No,N/A,SOLO DAÑOS,Choque,No mantener distancia de seguridad,Carrera 43 A Calle 31  Sur,SAN MARCOS,Urbana,"(6.176754685, -75.585468966)"
2160701,04/06/2016,9:25 p.m.,miércoles,AUTOMOVIL,PUBLICO,Conductor,Masculino,No,N/A,SOLO DAÑOS,Choque,No mantener distancia de seguridad,Carrera 43 A Calle 31  Sur,SAN MARCOS,Urbana,"(6.176754685, -75.585468966)"
2160702,04/07/2016,7:20 a.m.,jueves,MOTOCICLETA,PARTICULAR,Motociclista,Masculino,No,N/A,SOLO DAÑOS,Choque,Desobedecer senales,Diagonal 33 Transversal 34  Sur,LA MAGNOLIA,Urbana,"(6.172651904, -75.583822418)"
2160702,04/07/2016,7:20 a.m.,jueves,AUTOMOVIL,PARTICULAR,Conductor,Masculino,No,N/A,SOLO DAÑOS,Choque,Desobedecer senales,Diagonal 33 Transversal 34  Sur,LA MAGNOLIA,Urbana,"(6.172651904, -75.583822418)"
2160729,04/07/2016,9:00 a.m.,jueves,MOTOCICLETA,PARTICULAR,Motociclista,Masculino,No,N/A,HERIDO,Caida Ocupante,Otra,Carrera 50 Calle 30  Sur,LAS VEGAS,Urbana,
2160703,04/07/2016,3:15 p.m.,jueves,MOTOCICLETA,PARTICULAR,Motociclista,Femenino,No,N/A,SOLO DAÑOS,Choque,No mantener distancia de seguridad,Calle 39  Sur Carrera 32,MESA,Urbana,"(6.164669196, -75.582458648)"
2160703,04/07/2016,3:15 p.m.,jueves,AUTOMOVIL,PARTICULAR,Conductor,Femenino,No,N/A,SOLO DAÑOS,Choque,No mantener distancia de seguridad,Calle 39  Sur Carrera 32,MESA,Urbana,"(6.164669196, -75.582458648)"
2160700,04/07/2016,4:25 p.m.,jueves,AUTOMOVIL,PARTICULAR,Conductor,Femenino,No,N/A,HERIDO,Otro,Otra,Calle 36 D Sur Carrera 27 A,VEREDA EL ESCOBERO,Urbana,"(6.164831751, -75.574234965)"
2161195,04/07/2016,4:30 p.m.,jueves,BUS,PUBLICO,Conductor,Masculino,No,N/A,SOLO DAÑOS,Choque,Otra,Calle 48 C Sur Carrera 40,EL TRIANON,Urbana,"(6.158172905, -75.595822012)"
2161195,04/07/2016,4:30 p.m.,jueves,MOTOCICLETA,PARTICULAR,Motociclista,Masculino,No,N/A,SOLO DAÑOS,Choque,Otra,Calle 48 C Sur Carrera 40,EL TRIANON,Urbana,"(6.158172905, -75.595822012)"
2160748,04/11/2016,8:10 a.m.,lunes,MOTOCICLETA,PARTICULAR,Motociclista,Masculino,No,N/A,HERIDO,Choque,No respetar prelacion,Tramo 372 Kilometro  2,VEREDA PALMAS,Rural,
2160704,04/07/2016,5:00 p.m.,jueves,AUTOMOVIL,PARTICULAR,Conductor,Masculino,No,N/A,SOLO DAÑOS,Choque,Adelantar cerrando,Carrera 43 A Calle 33 B Sur,SAN MARCOS,Urbana,"(6.173325428, -75.586677202)"
2160704,04/07/2016,5:00 p.m.,jueves,AUTOMOVIL,PARTICULAR,Conductor,Masculino,No,N/A,SOLO DAÑOS,Choque,Adelantar cerrando,Carrera 43 A Calle 33 B Sur,SAN MARCOS,Urbana,"(6.173325428, -75.586677202)"
2160706,04/07/2016,5:55 p.m.,jueves,MOTOCICLETA,PARTICULAR,Motociclista,Masculino,No,N/A,HERIDO,Atropello,Otra,Diagonal 40 Transversal 34 A Sur,OBRERO,Urbana,"(6.171697591, -75.584944811)"
2160705,04/07/2016,6:50 p.m.,jueves,MOTOCICLETA,PARTICULAR,Motociclista,Masculino,No,N/A,HERIDO,Choque,Adelantar en zona prohibida,Calle 33 B Sur Carrera 45,SAN MARCOS,Urbana,"(6.174167802, -75.587992107)"
2160705,04/07/2016,6:50 p.m.,jueves,AUTOMOVIL,PARTICULAR,Conductor,Masculino,No,N/A,HERIDO,Choque,Adelantar en zona prohibida,Calle 33 B Sur Carrera 45,SAN MARCOS,Urbana,"(6.174167802, -75.587992107)"
2160699,04/07/2016,10:30 p.m.,jueves,BICICLETA,PARTICULAR,Ciclista,Masculino,No,N/A,SOLO DAÑOS,Choque,Embriaguez o droga,Calle 40  Sur Carrera 29,SAN JOSE,Urbana,"(6.159832302, -75.582595296)"
2160699,04/07/2016,10:30 p.m.,jueves,CAMIONETA,PARTICULAR,Conductor,Masculino,Si,2,SOLO DAÑOS,Choque,Embriaguez o droga,Calle 40  Sur Carrera 29,SAN JOSE,Urbana,"(6.159832302, -75.582595296)"
2160721,04/08/2016,2:25 a.m.,viernes,AUTOMOVIL,PARTICULAR,Conductor,Masculino,No,N/A,SOLO DAÑOS,Volcamiento,Exceso de velocidad,Tramo 371 Kilometro  4,VEREDA EL ESCOBERO,Rural,
2161510,04/08/2016,2:25 a.m.,viernes,CAMIONETA,PARTICULAR,Conductor,Masculino,No,N/A,SOLO DAÑOS,Choque,Otra,Calle 41 B Sur Carrera 43 A,EL DORADO,Urbana,"(6.166600677, -75.593257657)"
2161510,04/08/2016,2:25 a.m.,viernes,CAMIONETA,PARTICULAR,Conductor,Sin registro,No,N/A,SOLO DAÑOS,Choque,Otra,Calle 41 B Sur Carrera 43 A,EL DORADO,Urbana,"(6.166600677, -75.593257657)"
2160717,04/08/2016,8:50 a.m.,viernes,CAMIONETA,PARTICULAR,Conductor,Femenino,No,N/A,SOLO DAÑOS,Choque,No respetar prelacion,Calle 39  Sur Carrera 25,SAN JOSE,Urbana,"(6.157563812, -75.579224131)"
2160717,04/08/2016,8:50 a.m.,viernes,BICICLETA,PARTICULAR,Ciclista,Masculino,No,N/A,SOLO DAÑOS,Choque,No respetar prelacion,Calle 39  Sur Carrera 25,SAN JOSE,Urbana,"(6.157563812, -75.579224131)"
2160710,04/08/2016,11:45 a.m.,viernes,AUTOMOVIL,PARTICULAR,Conductor,Femenino,No,N/A,SOLO DAÑOS,Choque,Adelantar en zona prohibida,Tramo 372 Kilometro  16,VEREDA PALMAS,Rural,
2160710,04/08/2016,11:45 a.m.,viernes,MOTOCICLETA,PARTICULAR,Motociclista,Masculino,No,N/A,SOLO DAÑOS,Choque,Adelantar en zona prohibida,Tramo 372 Kilometro  16,VEREDA PALMAS,Rural,
2160753,04/08/2016,12:25 p.m.,viernes,AUTOMOVIL,PUBLICO,Conductor,Masculino,No,N/A,SOLO DAÑOS,Choque,No mantener distancia de seguridad,Diagonal 31 Transversal 32  Sur,LA MAGNOLIA,Urbana,"(6.174681134, -75.578471041)"
2160753,04/08/2016,12:25 p.m.,viernes,CAMIONETA,PARTICULAR,Conductor,Masculino,No,N/A,SOLO DAÑOS,Choque,No mantener distancia de seguridad,Diagonal 31 Transversal 32  Sur,LA MAGNOLIA,Urbana,"(6.174681134, -75.578471041)"
2160720,04/08/2016,2:00 p.m.,viernes,CAMIONETA,PARTICULAR,Conductor,Masculino,No,N/A,HERIDO,Choque,No mantener distancia de seguridad,Tramo 372 Kilometro  6,VEREDA PALMAS,Rural,
2160720,04/08/2016,2:00 p.m.,viernes,CAMIONETA,PARTICULAR,Conductor,Masculino,No,N/A,HERIDO,Choque,No mantener distancia de seguridad,Tramo 372 Kilometro  6,VEREDA PALMAS,Rural,
2160720,04/08/2016,2:00 p.m.,viernes,AUTOMOVIL,PARTICULAR,Conductor,Masculino,No,N/A,HERIDO,Choque,No mantener distancia de seguridad,Tramo 372 Kilometro  6,VEREDA PALMAS,Rural,
2160720,04/08/2016,2:00 p.m.,viernes,CAMIONETA,PARTICULAR,Conductor,Femenino,No,N/A,HERIDO,Choque,No mantener distancia de seguridad,Tramo 372 Kilometro  6,VEREDA PALMAS,Rural,
2160711,04/08/2016,3:40 p.m.,viernes,AUTOMOVIL,PARTICULAR,Conductor,Femenino,No,N/A,SOLO DAÑOS,Choque,Semaforo en rojo,Diagonal 31 A Transversal 32,LAS ORQUIDEAS,Urbana,"(6.170168647, -75.580052254)"
2160711,04/08/2016,3:40 p.m.,viernes,CAMIONETA,PARTICULAR,Conductor,Femenino,No,N/A,SOLO DAÑOS,Choque,Semaforo en rojo,Diagonal 31 A Transversal 32,LAS ORQUIDEAS,Urbana,"(6.170168647, -75.580052254)"
2160719,04/08/2016,4:40 p.m.,viernes,BUSETA,PUBLICO,Conductor,Masculino,No,N/A,SOLO DAÑOS,Choque,Semaforo en rojo,Calle 37  Sur Carrera 42,ZONA CENTRO,Urbana,"(6.17029993, -75.586935484)"
2160719,04/08/2016,4:40 p.m.,viernes,AUTOMOVIL,PUBLICO,Conductor,Masculino,No,N/A,SOLO DAÑOS,Choque,Semaforo en rojo,Calle 37  Sur Carrera 42,ZONA CENTRO,Urbana,"(6.17029993, -75.586935484)"
2160733,04/08/2016,4:40 p.m.,viernes,AUTOMOVIL,PARTICULAR,Conductor,Masculino,No,N/A,SOLO DAÑOS,Choque,No mantener distancia de seguridad,Calle 37  Sur Carrera 50,N/R,Urbana,
2160733,04/08/2016,4:40 p.m.,viernes,CAMIONETA,PUBLICO,Conductor,Masculino,No,N/A,SOLO DAÑOS,Choque,No mantener distancia de seguridad,Calle 37  Sur Carrera 50,N/R,Urbana,
2160709,04/08/2016,7:15 p.m.,viernes,AUTOMOVIL,PUBLICO,Conductor,Masculino,No,N/A,SOLO DAÑOS,Choque,Otra,Calle 40 C Sur Carrera 29,SAN JOSE,Urbana,"(6.160404351, -75.582515029)"
2160709,04/08/2016,7:15 p.m.,viernes,MOTOCICLETA,PARTICULAR,Motociclista,Masculino,No,N/A,SOLO DAÑOS,Choque,Otra,Calle 40 C Sur Carrera 29,SAN JOSE,Urbana,"(6.160404351, -75.582515029)"
2160723,04/08/2016,8:45 p.m.,viernes,AUTOMOVIL,PUBLICO,Conductor,Masculino,No,N/A,SOLO DAÑOS,Choque,Desobedecer senales,Carrera 41 Calle 40  Sur,EL DORADO,Urbana,"(6.166920833, -75.587995017)"
2160723,04/08/2016,8:45 p.m.,viernes,AUTOMOVIL,PUBLICO,Conductor,Masculino,No,N/A,SOLO DAÑOS,Choque,Desobedecer senales,Carrera 41 Calle 40  Sur,EL DORADO,Urbana,"(6.166920833, -75.587995017)"
2160773,04/08/2016,10:30 p.m.,viernes,AUTOMOVIL,PARTICULAR,Conductor,Masculino,No,N/A,SOLO DAÑOS,Choque,Adelantar cerrando,Carrera 42 Transversal 27 A,N/R,Urbana,
2160773,04/08/2016,10:30 p.m.,viernes,AUTOMOVIL,PUBLICO,Conductor,Masculino,No,N/A,SOLO DAÑOS,Choque,Adelantar cerrando,Carrera 42 Transversal 27 A,N/R,Urbana,
2160728,04/08/2016,11:10 p.m.,viernes,MOTOCICLETA,PARTICULAR,Motociclista,Masculino,No,N/A,SOLO DAÑOS,Choque,No respetar prelacion,Transversal 27 A Sur Diagonal 42 B,AVENIDA EL POBLADO,Urbana,"(6.158218327, -75.58174111)"
2160728,04/08/2016,11:10 p.m.,viernes,AUTOMOVIL,PARTICULAR,Conductor,Masculino,No,N/A,SOLO DAÑOS,Choque,No respetar prelacion,Transversal 27 A Sur Diagonal 42 B,AVENIDA EL POBLADO,Urbana,"(6.158218327, -75.58174111)"
2160734,04/09/2016,9:00 a.m.,sábado,AUTOMOVIL,PARTICULAR,Conductor,Masculino,No,N/A,HERIDO,Choque,Exceso de velocidad,Tramo 371 Kilometro  7,VEREDA EL ESCOBERO,Rural,
2160734,04/09/2016,9:00 a.m.,sábado,AUTOMOVIL,PARTICULAR,Conductor,Femenino,No,N/A,HERIDO,Choque,Exceso de velocidad,Tramo 371 Kilometro  7,VEREDA EL ESCOBERO,Rural,
2160754,04/09/2016,11:10 a.m.,sábado,Sin registro,PARTICULAR,Conductor,Masculino,No,N/A,SOLO DAÑOS,Choque,Otra,Tramo 372 Kilometro  12,VEREDA PALMAS,Rural,
2160754,04/09/2016,11:10 a.m.,sábado,AUTOMOVIL,PARTICULAR,Conductor,Femenino,No,N/A,SOLO DAÑOS,Choque,Otra,Tramo 372 Kilometro  12,VEREDA PALMAS,Rural,
2160757,04/09/2016,12:15 p.m.,sábado,AUTOMOVIL,PARTICULAR,Conductor,Femenino,No,N/A,SOLO DAÑOS,Choque,No mantener distancia de seguridad,Carrera 48 Calle 25 B Sur,LAS VEGAS,Urbana,"(6.182713275, -75.585780886)"
2160757,04/09/2016,12:15 p.m.,sábado,AUTOMOVIL,PARTICULAR,Conductor,Masculino,No,N/A,SOLO DAÑOS,Choque,No mantener distancia de seguridad,Carrera 48 Calle 25 B Sur,LAS VEGAS,Urbana,"(6.182713275, -75.585780886)"
2160730,04/09/2016,12:30 p.m.,sábado,CAMIONETA,PARTICULAR,Conductor,Masculino,No,N/A,HERIDO,Choque,Desobedecer senales,Calle 39  Sur Carrera 39,MESA,Urbana,"(6.166978259, -75.586044922)"
2160730,04/09/2016,12:30 p.m.,sábado,MOTOCICLETA,PARTICULAR,Motociclista,Masculino,No,N/A,HERIDO,Choque,Desobedecer senales,Calle 39  Sur Carrera 39,MESA,Urbana,"(6.166978259, -75.586044922)"
2160736,04/09/2016,1:00 p.m.,sábado,CAMIONETA,PARTICULAR,Conductor,Masculino,No,N/A,SOLO DAÑOS,Choque,No mantener distancia de seguridad,Carrera 43 A Calle 27 A Sur,AVENIDA EL POBLADO,Urbana,"(6.178993539, -75.583605914)"
2160722,04/09/2016,2:30 p.m.,sábado,AUTOMOVIL,PUBLICO,Conductor,Masculino,No,N/A,SOLO DAÑOS,Choque,No respetar prelacion,Carrera 29 B Calle 41 A Sur,SAN RAFAEL,Urbana,"(6.159002612, -75.585412849)"
2160722,04/09/2016,2:30 p.m.,sábado,MOTOCICLETA,PARTICULAR,Motociclista,Masculino,No,N/A,SOLO DAÑOS,Choque,No respetar prelacion,Carrera 29 B Calle 41 A Sur,SAN RAFAEL,Urbana,"(6.159002612, -75.585412849)"
2160708,04/09/2016,2:50 p.m.,sábado,BUS,PUBLICO,Conductor,Masculino,No,N/A,SOLO DAÑOS,Choque,Otra,Carrera 43 A Calle 44  Sur,LA PAZ,Urbana,"(6.1654766, -75.594017219)"
2160724,04/09/2016,4:00 p.m.,sábado,MOTOCICLETA,PARTICULAR,Motociclista,Masculino,No,N/A,HERIDO,Choque,No mantener distancia de seguridad,Carrera 43 A Calle 45 B Sur,LA PAZ,Urbana,"(6.164786739, -75.594935267)"
2160724,04/09/2016,4:00 p.m.,sábado,CAMIONETA,PARTICULAR,Conductor,Femenino,No,N/A,HERIDO,Choque,No mantener distancia de seguridad,Carrera 43 A Calle 45 B Sur,LA PAZ,Urbana,"(6.164786739, -75.594935267)"
2160714,04/09/2016,5:40 p.m.,sábado,AUTOMOVIL,PARTICULAR,Conductor,Femenino,No,N/A,SOLO DAÑOS,Choque,No mantener distancia de seguridad,Tramo 372 Kilometro  14,VEREDA PALMAS,Rural,
2160714,04/09/2016,5:40 p.m.,sábado,AUTOMOVIL,PARTICULAR,Conductor,Masculino,No,N/A,SOLO DAÑOS,Choque,No mantener distancia de seguridad,Tramo 372 Kilometro  14,VEREDA PALMAS,Rural,
2160713,04/09/2016,5:50 p.m.,sábado,MOTOCICLETA,PARTICULAR,Motociclista,Masculino,No,N/A,SOLO DAÑOS,Choque,Transitar entre vehiculos,Carrera 48 Calle 50  Sur,N/R,Urbana,
2160713,04/09/2016,5:50 p.m.,sábado,CAMPERO,PARTICULAR,Conductor,Femenino,No,N/A,SOLO DAÑOS,Choque,Transitar entre vehiculos,Carrera 48 Calle 50  Sur,N/R,Urbana,
2160735,04/09/2016,6:10 p.m.,sábado,AUTOMOVIL,PARTICULAR,Conductor,Masculino,No,N/A,SOLO DAÑOS,Choque,Desobedecer senales,Carrera 46 Calle 39  Sur,ALCALA,Urbana,"(6.170504216, -75.592518737)"
2160735,04/09/2016,6:10 p.m.,sábado,CAMIONETA,PUBLICO,Conductor,Masculino,No,N/A,SOLO DAÑOS,Choque,Desobedecer senales,Carrera 46 Calle 39  Sur,ALCALA,Urbana,"(6.170504216, -75.592518737)"
2160718,04/09/2016,6:50 p.m.,sábado,BUSETA,PUBLICO,Conductor,Masculino,No,N/A,SOLO DAÑOS,Choque,Adelantar cerrando,Carrera 43 A Calle 41 B Sur,N/R,Urbana,"(6.16628795, -75.592952231)"
2160718,04/09/2016,6:50 p.m.,sábado,CAMIONETA,PARTICULAR,Conductor,Masculino,No,N/A,SOLO DAÑOS,Choque,Adelantar cerrando,Carrera 43 A Calle 41 B Sur,N/R,Urbana,"(6.16628795, -75.592952231)"
2160712,04/09/2016,7:20 p.m.,sábado,CAMIONETA,PARTICULAR,Conductor,Masculino,No,N/A,SOLO DAÑOS,Choque,Transitar entre vehiculos,Carrera 48 Calle 50  Sur,LAS CASITAS,Urbana,
2160712,04/09/2016,7:20 p.m.,sábado,MOTOCICLETA,PARTICULAR,Motociclista,Masculino,No,N/A,SOLO DAÑOS,Choque,Transitar entre vehiculos,Carrera 48 Calle 50  Sur,LAS CASITAS,Urbana,
2160738,04/10/2016,2:00 a.m.,domingo,AUTOMOVIL,PARTICULAR,Conductor,Masculino,No,N/A,SOLO DAÑOS,Choque,Exceso de velocidad,Carrera 43 A Calle 25  Sur,AVENIDA EL POBLADO,Urbana,"(6.181616833, -75.581857267)"
2161693,04/10/2016,10:30 a.m.,domingo,AUTOMOVIL,PARTICULAR,Conductor,Femenino,No,N/A,SOLO DAÑOS,Choque,Otra,Calle 41 A Sur Carrera 27 A,SAN RAFAEL,Urbana,"(6.157635996, -75.583275604)"
2161693,04/10/2016,10:30 a.m.,domingo,AUTOMOVIL,PARTICULAR,Conductor,Sin registro,No,N/A,SOLO DAÑOS,Choque,Otra,Calle 41 A Sur Carrera 27 A,SAN RAFAEL,Urbana,"(6.157635996, -75.583275604)"
2160731,04/10/2016,4:50 p.m.,domingo,MOTOCICLETA,PARTICULAR,Motociclista,Masculino,No,N/A,HERIDO,Atropello,Cruzar sin observar,Diagonal 31 Transversal 35  Sur,LA SEBASTIANA,Urbana,"(6.170095297, -75.579612082)"
2161086,04/10/2016,9:33 p.m.,domingo,AUTOMOVIL,PUBLICO,Conductor,Masculino,No,N/A,SOLO DAÑOS,Choque,Otra,Transversal 34 D Sur Diagonal 31 E,LOS NARANJOS,Urbana,"(6.172106631, -75.579275117)"
2161086,04/10/2016,9:33 p.m.,domingo,CAMIONETA,PARTICULAR,Conductor,Femenino,No,N/A,SOLO DAÑOS,Choque,Otra,Transversal 34 D Sur Diagonal 31 E,LOS NARANJOS,Urbana,"(6.172106631, -75.579275117)"
2160716,04/10/2016,10:00 p.m.,domingo,MOTOCICLETA,PARTICULAR,Motociclista,Masculino,No,N/A,HERIDO,Caida Ocupante,Otra,Calle 36 D Sur Carrera 24,N/R,Urbana,"(6.157425668, -75.56691387)"
2160726,04/11/2016,6:45 a.m.,lunes,MOTOCICLETA,PARTICULAR,Motociclista,Masculino,No,N/A,HERIDO,Atropello,Cruzar sin observar,Calle 38 A Sur Carrera 38,MESA,Urbana,"(6.167339205, -75.585136359)"
2160727,04/11/2016,6:50 a.m.,lunes,AUTOMOVIL,PARTICULAR,Conductor,Masculino,No,N/A,SOLO DAÑOS,Choque,Otra,Carrera 47 Calle 35 A Sur,EL PORTAL,Urbana,"(6.174102517, -75.591008636)"
2160727,04/11/2016,6:50 a.m.,lunes,CAMPERO,PARTICULAR,Conductor,Femenino,No,N/A,SOLO DAÑOS,Choque,Otra,Carrera 47 Calle 35 A Sur,EL PORTAL,Urbana,"(6.174102517, -75.591008636)"
2160725,04/11/2016,7:00 a.m.,lunes,AUTOMOVIL,PARTICULAR,Conductor,Masculino,No,N/A,SOLO DAÑOS,Choque,Adelantar en zona prohibida,Carrera 24 B Calle 40 A Sur,LA MINA,Urbana,
2160725,04/11/2016,7:00 a.m.,lunes,MOTOCICLETA,PARTICULAR,Motociclista,Masculino,No,N/A,SOLO DAÑOS,Choque,Adelantar en zona prohibida,Carrera 24 B Calle 40 A Sur,LA MINA,Urbana,
2160748,04/11/2016,8:10 a.m.,lunes,AUTOMOVIL,PARTICULAR,Conductor,Masculino,No,N/A,HERIDO,Choque,No respetar prelacion,Tramo 372 Kilometro  2,VEREDA PALMAS,Rural,
2160739,04/11/2016,1:00 p.m.,lunes,CAMPERO,PARTICULAR,Conductor,Masculino,No,N/A,SOLO DAÑOS,Choque,Otra,Carrera 48 Calle 19  Sur,LAS VEGAS,Urbana,"(6.187349001, -75.581535682)"
2160739,04/11/2016,1:00 p.m.,lunes,AUTOMOVIL,PARTICULAR,Conductor,Femenino,No,N/A,SOLO DAÑOS,Choque,Otra,Carrera 48 Calle 19  Sur,LAS VEGAS,Urbana,"(6.187349001, -75.581535682)"
2160755,04/11/2016,1:30 p.m.,lunes,AUTOMOVIL,PUBLICO,Conductor,Masculino,No,N/A,SOLO DAÑOS,Choque,No respetar prelacion,Tramo 372 Kilometro  11,VEREDA PALMAS,Rural,
2160755,04/11/2016,1:30 p.m.,lunes,CAMPERO,PARTICULAR,Conductor,Femenino,No,N/A,SOLO DAÑOS,Choque,No respetar prelacion,Tramo 372 Kilometro  11,VEREDA PALMAS,Rural,
2160740,04/11/2016,2:20 p.m.,lunes,MICROBUS,PUBLICO,Conductor,Masculino,No,N/A,SOLO DAÑOS,Choque,Otra,Tramo 372 Kilometro  16,VEREDA PALMAS,Rural,
2160740,04/11/2016,2:20 p.m.,lunes,AUTOMOVIL,PARTICULAR,Conductor,Masculino,No,N/A,SOLO DAÑOS,Choque,Otra,Tramo 372 Kilometro  16,VEREDA PALMAS,Rural,
2160740,04/11/2016,2:20 p.m.,lunes,AUTOMOVIL,PARTICULAR,Conductor,Masculino,No,N/A,SOLO DAÑOS,Choque,Otra,Tramo 372 Kilometro  16,VEREDA PALMAS,Rural,
2160745,04/11/2016,6:10 p.m.,lunes,MOTOCICLETA,PARTICULAR,Motociclista,Masculino,No,N/A,HERIDO,Choque,No respetar prelacion,Carrera 49 Calle 37  Sur,LAS VEGAS,Urbana,
2160745,04/11/2016,6:10 p.m.,lunes,AUTOMOVIL,PARTICULAR,Conductor,Femenino,No,N/A,HERIDO,Choque,No respetar prelacion,Carrera 49 Calle 37  Sur,LAS VEGAS,Urbana,
2160743,04/11/2016,8:00 p.m.,lunes,AUTOMOVIL,PUBLICO,Conductor,Masculino,No,N/A,HERIDO,Atropello,No respetar prelacion,Carrera 29 D Calle 40 F Sur,N/R,Urbana,"(6.160292785, -75.584494997)"
2160750,04/11/2016,8:25 p.m.,lunes,AUTOMOVIL,PARTICULAR,Conductor,Masculino,No,N/A,SOLO DAÑOS,Choque,No mantener distancia de seguridad,Calle 39  Sur Carrera 43,ZONA CENTRO,Urbana,"(6.168678771, -75.58876156)"
2160750,04/11/2016,8:25 p.m.,lunes,AUTOMOVIL,PUBLICO,Conductor,Masculino,No,N/A,SOLO DAÑOS,Choque,No mantener distancia de seguridad,Calle 39  Sur Carrera 43,ZONA CENTRO,Urbana,"(6.168678771, -75.58876156)"
2160746,04/12/2016,5:45 a.m.,martes,MOTOCICLETA,PARTICULAR,Motociclista,Masculino,No,N/A,HERIDO,Atropello,Cruzar sin observar,Carrera 48 Calle 38  Sur,N/R,Urbana,"(6.172747818, -75.592698171)"
2160747,04/12/2016,6:20 a.m.,martes,CAMPERO,PARTICULAR,Conductor,Masculino,No,N/A,HERIDO,Choque,Adelantar en zona prohibida,Calle 27  Sur Carrera 28,EL ESMERALDAL,Urbana,"(6.175346318, -75.574583402)"
2160747,04/12/2016,6:20 a.m.,martes,MOTOCICLETA,PARTICULAR,Motociclista,Masculino,No,N/A,HERIDO,Choque,Desobedecer senales,Calle 27  Sur Carrera 28,EL ESMERALDAL,Urbana,"(6.175346318, -75.574583402)"
2160747,04/12/2016,6:20 a.m.,martes,MOTOCICLETA,PARTICULAR,Motociclista,Masculino,No,N/A,HERIDO,Choque,Adelantar en zona prohibida,Calle 27  Sur Carrera 28,EL ESMERALDAL,Urbana,"(6.175346318, -75.574583402)"
2160747,04/12/2016,6:20 a.m.,martes,CAMPERO,PARTICULAR,Conductor,Masculino,No,N/A,HERIDO,Choque,Desobedecer senales,Calle 27  Sur Carrera 28,EL ESMERALDAL,Urbana,"(6.175346318, -75.574583402)"
2160747,04/12/2016,6:20 a.m.,martes,CAMPERO,PARTICULAR,Conductor,Masculino,No,N/A,HERIDO,Choque,Adelantar en zona prohibida,Calle 27  Sur Carrera 28,EL ESMERALDAL,Urbana,"(6.175346318, -75.574583402)"
2160747,04/12/2016,6:20 a.m.,martes,CAMPERO,PARTICULAR,Conductor,Masculino,No,N/A,HERIDO,Choque,Desobedecer senales,Calle 27  Sur Carrera 28,EL ESMERALDAL,Urbana,"(6.175346318, -75.574583402)"
2160762,04/12/2016,6:20 a.m.,martes,BUSETA,PUBLICO,Conductor,Masculino,No,N/A,SOLO DAÑOS,Choque,No mantener distancia de seguridad,Diagonal 31 Transversal 31 BB,LAS FLORES,Urbana,
2160762,04/12/2016,6:20 a.m.,martes,AUTOMOVIL,PARTICULAR,Conductor,Masculino,No,N/A,SOLO DAÑOS,Choque,No mantener distancia de seguridad,Diagonal 31 Transversal 31 BB,LAS FLORES,Urbana,
2160752,04/12/2016,6:50 a.m.,martes,AUTOMOVIL,PARTICULAR,Conductor,Masculino,No,N/A,SOLO DAÑOS,Choque,No mantener distancia de seguridad,Carrera 27 Calle 22  Sur,LA INMACULADA,Urbana,
2160752,04/12/2016,6:50 a.m.,martes,AUTOMOVIL,PUBLICO,Conductor,Masculino,No,N/A,SOLO DAÑOS,Choque,No mantener distancia de seguridad,Carrera 27 Calle 22  Sur,LA INMACULADA,Urbana,
2160744,04/12/2016,10:20 a.m.,martes,CAMIONETA,PUBLICO,Conductor,Masculino,No,N/A,SOLO DAÑOS,Choque,Semaforo en rojo,Carrera 39 Calle 37  Sur,ZONA CENTRO,Urbana,"(6.16891714, -75.584818728)"
2160744,04/12/2016,10:20 a.m.,martes,CAMION,PUBLICO,Conductor,Masculino,No,N/A,SOLO DAÑOS,Choque,Semaforo en rojo,Carrera 39 Calle 37  Sur,ZONA CENTRO,Urbana,"(6.16891714, -75.584818728)"
2160749,04/12/2016,10:30 a.m.,martes,AUTOMOVIL,PUBLICO,Conductor,Masculino,No,N/A,HERIDO,Choque,Transitar entre vehiculos,Carrera 40 Calle 38 A Sur,ZONA CENTRO,Urbana,"(6.167977811, -75.586279404)"
2160749,04/12/2016,10:30 a.m.,martes,MOTOCICLETA,PARTICULAR,Motociclista,Masculino,No,N/A,HERIDO,Choque,Transitar entre vehiculos,Carrera 40 Calle 38 A Sur,ZONA CENTRO,Urbana,"(6.167977811, -75.586279404)"