RADICADO,FECHA,HORA,DÍA DE LA SEMANA,CLASE DE VEHICULO,TIPO DE SERVICIO,TIPO DE VICTIMA,SEXO,ESTADO DE BEODEZ,RESULTADO DE BEODEZ,GRAVEDAD,CLASE DE ACCIDENTE,CAUSA,DIRECCIÓN,BARRIO,AREA,Coordenadas
2161038,05/08/2016,10:10 a.m.,domingo,MOTOCICLETA,PARTICULAR,Motociclista,Masculino,No,N/A,HERIDO,Choque,Otra,Calle 40  Sur Carrera 31,SAN JOSE,Urbana,"(6.163186404, -75.582708672)"
2161018,05/08/2016,11:40 a.m.,domingo,CAMIONETA,PARTICULAR,Conductor,Masculino,No,N/A,SOLO DAÑOS,Choque,Semaforo en rojo,Calle 38  Sur Carrera 39,ZONA CENTRO,Urbana,"(6.16839174, -75.585247797)"
2161146,05/18/2016,5:30 p.m.,miércoles,MOTOCICLETA,PARTICULAR,Motociclista,Masculino,No,N/A,HERIDO,Choque,Otra,Calle 30  Sur Carrera 50,LAS VEGAS,Urbana,
2161018,05/08/2016,11:40 a.m.,domingo,AUTOMOVIL,PARTICULAR,Conductor,Femenino,No,N/A,SOLO DAÑOS,Choque,Semaforo en rojo,Calle 38  Sur Carrera 39,ZONA CENTRO,Urbana,"(6.16839174, -75.585247797)"
2161013,05/08/2016,12:45 p.m.,domingo,BUS,PUBLICO,Conductor,Masculino,No,N/A,SOLO DAÑOS,Choque,No mantener distancia de seguridad,Calle 21  Sur Carrera 41 A,ZU├æIGA,Urbana,"(6.182549881, -75.577500332)"
2161013,05/08/2016,12:45 p.m.,domingo,CAMIONETA,PARTICULAR,Conductor,Masculino,No,N/A,SOLO DAÑOS,Choque,No mantener distancia de seguridad,Calle 21  Sur Carrera 41 A,ZU├æIGA,Urbana,"(6.182549881, -75.577500332)"
2161059,05/08/2016,1:30 p.m.,domingo,AUTOMOVIL,PARTICULAR,Conductor,Masculino,No,N/A,SOLO DAÑOS,Choque,Otra,Tramo 371 Kilometro  1,VEREDA EL ESCOBERO,Rural,
2161059,05/08/2016,1:30 p.m.,domingo,CAMPERO,PARTICULAR,Conductor,Masculino,No,N/A,SOLO DAÑOS,Choque,Otra,Tramo 371 Kilometro  1,VEREDA EL ESCOBERO,Rural,
2161049,05/08/2016,2:00 p.m.,domingo,AUTOMOVIL,PARTICULAR,Conductor,Masculino,No,N/A,HERIDO,Choque,Otra,Calle 30  Sur Carrera 50,LAS VEGAS,Urbana,
2161049,05/08/2016,2:00 p.m.,domingo,MOTOCICLETA,PARTICULAR,Motociclista,Masculino,No,N/A,HERIDO,Choque,Otra,Calle 30  Sur Carrera 50,LAS VEGAS,Urbana,
2161053,05/08/2016,2:00 p.m.,domingo,AUTOMOVIL,PARTICULAR,Conductor,Masculino,No,N/A,SOLO DAÑOS,Choque,Adelantar cerrando,Tramo 372 Kilometro  16,VEREDA PALMAS,Rural,
2161053,05/08/2016,2:00 p.m.,domingo,MICROBUS,PUBLICO,Conductor,Masculino,No,N/A,SOLO DAÑOS,Choque,Adelantar cerrando,Tramo 372 Kilometro  16,VEREDA PALMAS,Rural,
2161048,05/08/2016,2:20 p.m.,domingo,AUTOMOVIL,PARTICULAR,Conductor,Femenino,No,N/A,HERIDO,Choque,Adelantar por la derecha,Tramo 372 Kilometro  14,VEREDA PALMAS,Rural,
2161048,05/08/2016,2:20 p.m.,domingo,MOTOCICLETA,PARTICULAR,Motociclista,Masculino,No,N/A,HERIDO,Choque,Adelantar por la derecha,Tramo 372 Kilometro  14,VEREDA PALMAS,Rural,
2161046,05/08/2016,2:40 p.m.,domingo,CAMPERO,PARTICULAR,Conductor,Masculino,No,N/A,HERIDO,Choque,Exceso de velocidad,Tramo 371 Kilometro  5,VEREDA EL ESCOBERO,Rural,
2161046,05/08/2016,2:40 p.m.,domingo,CAMPERO,PARTICULAR,Conductor,Masculino,No,N/A,HERIDO,Choque,Exceso de velocidad,Tramo 371 Kilometro  5,VEREDA EL ESCOBERO,Rural,
2161046,05/08/2016,2:40 p.m.,domingo,AUTOMOVIL,PARTICULAR,Conductor,Masculino,No,N/A,HERIDO,Choque,Exceso de velocidad,Tramo 371 Kilometro  5,VEREDA EL ESCOBERO,Rural,
2161022,05/08/2016,3:30 p.m.,domingo,AUTOMOVIL,PUBLICO,Conductor,Masculino,No,N/A,SOLO DAÑOS,Choque,No mantener distancia de seguridad,Carrera 50 Calle 37  Sur,LAS VEGAS,Urbana,
2161022,05/08/2016,3:30 p.m.,domingo,AUTOMOVIL,PARTICULAR,Conductor,Masculino,No,N/A,SOLO DAÑOS,Choque,No mantener distancia de seguridad,Carrera 50 Calle 37  Sur,LAS VEGAS,Urbana,
2161043,05/08/2016,4:30 p.m.,domingo,AUTOMOVIL,PUBLICO,Conductor,Masculino,No,N/A,SOLO DAÑOS,Choque,Otra,Diagonal 29 Transversal 32 A Sur,ALTO DE MISAEL,Urbana,"(6.175050214, -75.577890939)"
2161047,05/08/2016,6:00 p.m.,domingo,AUTOMOVIL,PUBLICO,Conductor,Masculino,No,N/A,HERIDO,Choque,No mantener distancia de seguridad,Calle 40 B Sur Carrera 27 B,LA MINA,Urbana,"(6.158875504, -75.581663381)"
2161047,05/08/2016,6:00 p.m.,domingo,BICICLETA,PARTICULAR,Ciclista,Masculino,No,N/A,HERIDO,Choque,No mantener distancia de seguridad,Calle 40 B Sur Carrera 27 B,LA MINA,Urbana,"(6.158875504, -75.581663381)"
2161050,05/08/2016,6:00 p.m.,domingo,MOTOCICLETA,PARTICULAR,Motociclista,Femenino,No,N/A,HERIDO,Atropello,Cruzar sin observar,Calle 40 B Sur Carrera 27 B,LA MINA,Urbana,"(6.158875504, -75.581663381)"
2161005,05/08/2016,7:00 p.m.,domingo,AUTOMOVIL,PARTICULAR,Conductor,Masculino,No,N/A,SOLO DAÑOS,Choque,No respetar prelacion,Tramo 372 Kilometro  13,VEREDA PALMAS,Rural,
2161005,05/08/2016,7:00 p.m.,domingo,AUTOMOVIL,PARTICULAR,Conductor,Masculino,No,N/A,SOLO DAÑOS,Choque,No respetar prelacion,Tramo 372 Kilometro  13,VEREDA PALMAS,Rural,
2161071,05/09/2016,12:20 p.m.,lunes,AUTOMOVIL,PARTICULAR,Conductor,Masculino,No,N/A,SOLO DAÑOS,Choque,Impericia en el manejo,Carrera 30 Calle 40 F Sur,N/R,Urbana,"(6.160818107, -75.584612841)"
2161052,05/09/2016,12:30 p.m.,lunes,MOTOCICLETA,PARTICULAR,Motociclista,Masculino,No,N/A,HERIDO,Choque,Otra,Calle 40 F Sur Carrera 30,SAN JOSE,Urbana,"(6.160823983, -75.584519464)"
2161052,05/09/2016,12:30 p.m.,lunes,BICICLETA,PARTICULAR,Ciclista,Masculino,No,N/A,HERIDO,Choque,Otra,Calle 40 F Sur Carrera 30,SAN JOSE,Urbana,"(6.160823983, -75.584519464)"
2161027,05/09/2016,3:26 p.m.,lunes,AUTOMOVIL,PARTICULAR,Conductor,Masculino,No,N/A,SOLO DAÑOS,Choque,No mantener distancia de seguridad,Carrera 48 Calle 25  Sur,LAS VEGAS,Urbana,"(6.185059174, -75.58329333)"
2161027,05/09/2016,3:26 p.m.,lunes,AUTOMOVIL,PARTICULAR,Conductor,Masculino,No,N/A,SOLO DAÑOS,Choque,No mantener distancia de seguridad,Carrera 48 Calle 25  Sur,LAS VEGAS,Urbana,"(6.185059174, -75.58329333)"
2161057,05/09/2016,3:50 p.m.,lunes,MOTOCICLETA,PARTICULAR,Motociclista,Masculino,No,N/A,SOLO DAÑOS,Choque,No mantener distancia de seguridad,Calle 36 D Sur Carrera 27 D,VEREDA EL ESCOBERO,Urbana,"(6.164970853, -75.574637268)"
2161057,05/09/2016,3:50 p.m.,lunes,AUTOMOVIL,PARTICULAR,Conductor,Masculino,No,N/A,SOLO DAÑOS,Choque,No mantener distancia de seguridad,Calle 36 D Sur Carrera 27 D,VEREDA EL ESCOBERO,Urbana,"(6.164970853, -75.574637268)"
2161061,05/09/2016,4:50 p.m.,lunes,CAMIONETA,PARTICULAR,Conductor,Masculino,No,N/A,SOLO DAÑOS,Choque,Adelantar cerrando,Tramo 372 Kilometro  10,VEREDA PALMAS,Rural,
2161061,05/09/2016,4:50 p.m.,lunes,CAMPERO,PARTICULAR,Conductor,Masculino,No,N/A,SOLO DAÑOS,Choque,Adelantar cerrando,Tramo 372 Kilometro  10,VEREDA PALMAS,Rural,
2161021,05/09/2016,6:10 p.m.,lunes,AUTOMOVIL,PARTICULAR,Conductor,Masculino,No,N/A,SOLO DAÑOS,Choque,No mantener distancia de seguridad,Carrera 27 Calle 36 D Sur,LA INMACULADA,Urbana,"(6.167009975, -75.569278076)"
2161021,05/09/2016,6:10 p.m.,lunes,AUTOMOVIL,PARTICULAR,Conductor,Masculino,No,N/A,SOLO DAÑOS,Choque,No mantener distancia de seguridad,Carrera 27 Calle 36 D Sur,LA INMACULADA,Urbana,"(6.167009975, -75.569278076)"
2161030,05/09/2016,10:00 p.m.,lunes,AUTOMOVIL,PARTICULAR,Conductor,Femenino,No,N/A,SOLO DAÑOS,Choque,Reverso imprudente,Carrera 43 A Calle 25  Sur,VILLA GRANDE,Urbana,"(6.181616833, -75.581857267)"
2161030,05/09/2016,10:00 p.m.,lunes,AUTOMOVIL,PARTICULAR,Conductor,Femenino,No,N/A,SOLO DAÑOS,Choque,Reverso imprudente,Carrera 43 A Calle 25  Sur,VILLA GRANDE,Urbana,"(6.181616833, -75.581857267)"
2161009,05/09/2016,11:25 p.m.,lunes,AUTOMOVIL,PARTICULAR,Conductor,Masculino,No,N/A,SOLO DAÑOS,Choque,Otra,Calle 40 A Sur Carrera 24 B,N/R,Urbana,"(6.151984005, -75.58064483)"
2161009,05/09/2016,11:25 p.m.,lunes,MOTOCICLETA,PARTICULAR,Motociclista,Masculino,No,N/A,SOLO DAÑOS,Choque,Otra,Calle 40 A Sur Carrera 24 B,N/R,Urbana,"(6.151984005, -75.58064483)"
2161873,05/10/2016,3:44 a.m.,martes,CAMIONETA,PARTICULAR,Conductor,Sin registro,No,N/A,SOLO DAÑOS,Choque,Otra,Calle 32 B Sur Carrera 50,LAS VEGAS,Urbana,
2161873,05/10/2016,3:44 a.m.,martes,MOTOCICLETA,PARTICULAR,Motociclista,Masculino,No,N/A,SOLO DAÑOS,Choque,Otra,Calle 32 B Sur Carrera 50,LAS VEGAS,Urbana,
2161055,05/10/2016,5:15 a.m.,martes,MICROBUS,PUBLICO,Conductor,Masculino,No,N/A,SOLO DAÑOS,Choque,Transitar entre vehiculos,Calle 19  Sur Carrera 50,LAS VEGAS,Urbana,
2161055,05/10/2016,5:15 a.m.,martes,MOTOCICLETA,PARTICULAR,Motociclista,Masculino,No,N/A,SOLO DAÑOS,Choque,Transitar entre vehiculos,Calle 19  Sur Carrera 50,LAS VEGAS,Urbana,
2161060,05/10/2016,1:30 p.m.,martes,AUTOMOVIL,PARTICULAR,Conductor,Femenino,No,N/A,SOLO DAÑOS,Choque,No respetar prelacion,Calle 31  Sur Carrera 43 A,SAN MARCOS,Urbana,"(6.176823564, -75.585392151)"
2161060,05/10/2016,1:30 p.m.,martes,MOTOCICLETA,PARTICULAR,Motociclista,Femenino,No,N/A,SOLO DAÑOS,Choque,No respetar prelacion,Calle 31  Sur Carrera 43 A,SAN MARCOS,Urbana,"(6.176823564, -75.585392151)"
2161062,05/10/2016,4:00 p.m.,martes,AUTOMOVIL,PARTICULAR,Conductor,Femenino,No,N/A,SOLO DAÑOS,Choque,No mantener distancia de seguridad,Calle 27  Sur Carrera 27,ZU├æIGA,Urbana,"(6.17243521, -75.567871917)"
2161062,05/10/2016,4:00 p.m.,martes,CAMPERO,PARTICULAR,Conductor,Femenino,No,N/A,SOLO DAÑOS,Choque,No mantener distancia de seguridad,Calle 27  Sur Carrera 27,ZU├æIGA,Urbana,"(6.17243521, -75.567871917)"
2161051,05/10/2016,5:00 p.m.,martes,AUTOMOVIL,PUBLICO,Conductor,Masculino,No,N/A,HERIDO,Choque,Desobedecer senales,Calle 40 AA Sur Carrera 36,EL DORADO,Urbana,"(6.164225597, -75.585320139)"
2161051,05/10/2016,5:00 p.m.,martes,MOTOCICLETA,PARTICULAR,Motociclista,Masculino,No,N/A,HERIDO,Choque,Desobedecer senales,Calle 40 AA Sur Carrera 36,EL DORADO,Urbana,"(6.164225597, -75.585320139)"
2161054,05/10/2016,5:20 p.m.,martes,AUTOMOVIL,DIPLOMATICO,Conductor,Masculino,No,N/A,SOLO DAÑOS,Choque,Transitar entre vehiculos,Calle 39  Sur Carrera 43,ZONA CENTRO,Urbana,"(6.168678771, -75.58876156)"
2161054,05/10/2016,5:20 p.m.,martes,MOTOCICLETA,PARTICULAR,Motociclista,Masculino,No,N/A,SOLO DAÑOS,Choque,Transitar entre vehiculos,Calle 39  Sur Carrera 43,ZONA CENTRO,Urbana,"(6.168678771, -75.58876156)"
2161058,05/10/2016,6:00 p.m.,martes,AUTOMOVIL,PUBLICO,Conductor,Masculino,No,N/A,SOLO DAÑOS,Choque,Adelantar cerrando,Calle 37  Sur Carrera 49,N/R,Urbana,"(6.174789471, -75.594204243)"
2161058,05/10/2016,6:00 p.m.,martes,CAMION,PUBLICO,Conductor,Masculino,No,N/A,SOLO DAÑOS,Choque,Adelantar cerrando,Calle 37  Sur Carrera 49,N/R,Urbana,"(6.174789471, -75.594204243)"
2161076,05/11/2016,6:00 a.m.,miércoles,AUTOMOVIL,PARTICULAR,Conductor,Masculino,No,N/A,SOLO DAÑOS,Choque,Impericia en el manejo,Tramo 372 Kilometro  5,VEREDA PALMAS,Rural,
2161076,05/11/2016,6:00 a.m.,miércoles,CAMIONETA,PUBLICO,Conductor,Masculino,No,N/A,SOLO DAÑOS,Choque,Impericia en el manejo,Tramo 372 Kilometro  5,VEREDA PALMAS,Rural,
2161077,05/11/2016,6:05 a.m.,miércoles,MOTOCICLETA,PARTICULAR,Motociclista,Masculino,No,N/A,HERIDO,Choque,No respetar prelacion,Calle 40 B Sur Carrera 39 A,EL DORADO,Urbana,"(6.165386968, -75.587185007)"
2161077,05/11/2016,6:05 a.m.,miércoles,AUTOMOVIL,PARTICULAR,Conductor,Masculino,No,N/A,HERIDO,Choque,No respetar prelacion,Calle 40 B Sur Carrera 39 A,EL DORADO,Urbana,"(6.165386968, -75.587185007)"
2161067,05/11/2016,6:20 a.m.,miércoles,MOTOCICLETA,PARTICULAR,Motociclista,Femenino,No,N/A,SOLO DAÑOS,Choque,Desobedecer senales,Calle 38  Sur Carrera 46,N/R,Urbana,"(6.171966643, -75.591369743)"
2161067,05/11/2016,6:20 a.m.,miércoles,AUTOMOVIL,PARTICULAR,Conductor,Masculino,No,N/A,SOLO DAÑOS,Choque,Desobedecer senales,Calle 38  Sur Carrera 46,N/R,Urbana,"(6.171966643, -75.591369743)"
2161072,05/11/2016,7:20 a.m.,miércoles,MICROBUS,PUBLICO,Conductor,Masculino,No,N/A,SOLO DAÑOS,Choque,No respetar prelacion,Calle 37 B Sur Carrera 27 B,N/R,Urbana,"(6.161472845, -75.576107866)"
2161072,05/11/2016,7:20 a.m.,miércoles,CAMIONETA,PARTICULAR,Conductor,Masculino,No,N/A,SOLO DAÑOS,Choque,No respetar prelacion,Calle 37 B Sur Carrera 27 B,N/R,Urbana,"(6.161472845, -75.576107866)"
2161064,05/11/2016,9:30 a.m.,miércoles,AUTOMOVIL,PARTICULAR,Conductor,Masculino,No,N/A,SOLO DAÑOS,Choque,No mantener distancia de seguridad,Transversal 36  Sur Diagonal 29,LA SEBASTIANA,Urbana,"(6.167748726, -75.578754174)"
2161064,05/11/2016,9:30 a.m.,miércoles,CAMPERO,PARTICULAR,Conductor,Masculino,No,N/A,SOLO DAÑOS,Choque,No mantener distancia de seguridad,Transversal 36  Sur Diagonal 29,LA SEBASTIANA,Urbana,"(6.167748726, -75.578754174)"
2161082,05/11/2016,10:00 a.m.,miércoles,MOTOCICLETA,PARTICULAR,Motociclista,Masculino,No,N/A,HERIDO,Choque,Desobedecer senales,Calle 37 A Sur Carrera 33,MESA,Urbana,"(6.166332677, -75.582037182)"
2161109,05/13/2016,10:15 a.m.,viernes,CAMION,PUBLICO,Conductor,Masculino,No,N/A,HERIDO,Caida Ocupante,No respetar prelacion,Calle 37  Sur Carrera 50,LAS VEGAS,Urbana,
2161082,05/11/2016,10:00 a.m.,miércoles,AUTOMOVIL,PUBLICO,Conductor,Masculino,No,N/A,HERIDO,Choque,Desobedecer senales,Calle 37 A Sur Carrera 33,MESA,Urbana,"(6.166332677, -75.582037182)"
2161070,05/11/2016,10:10 a.m.,miércoles,CAMIONETA,PARTICULAR,Conductor,Femenino,No,N/A,SOLO DAÑOS,Choque,No respetar prelacion,Calle 36 D Sur Carrera 24,VEREDA EL ESCOBERO,Urbana,"(6.157425668, -75.56691387)"
2161070,05/11/2016,10:10 a.m.,miércoles,AUTOMOVIL,PARTICULAR,Conductor,Masculino,No,N/A,SOLO DAÑOS,Choque,No respetar prelacion,Calle 36 D Sur Carrera 24,VEREDA EL ESCOBERO,Urbana,"(6.157425668, -75.56691387)"
2161069,05/11/2016,11:40 a.m.,miércoles,AUTOMOVIL,PARTICULAR,Conductor,Femenino,No,N/A,SOLO DAÑOS,Choque,Desobedecer senales,Transversal 32 C Sur Diagonal 33,LA MAGNOLIA,Urbana,"(6.174173828, -75.585258371)"
2161069,05/11/2016,11:40 a.m.,miércoles,AUTOMOVIL,PARTICULAR,Conductor,Masculino,No,N/A,SOLO DAÑOS,Choque,Desobedecer senales,Transversal 32 C Sur Diagonal 33,LA MAGNOLIA,Urbana,"(6.174173828, -75.585258371)"
2161075,05/11/2016,11:50 a.m.,miércoles,AUTOMOVIL,PARTICULAR,Conductor,Masculino,No,N/A,SOLO DAÑOS,Choque,No mantener distancia de seguridad,Calle 37  Sur Carrera 48,N/R,Urbana,"(6.17412211, -75.593061115)"
2161075,05/11/2016,11:50 a.m.,miércoles,MOTOCICLETA,PARTICULAR,Motociclista,Masculino,No,N/A,SOLO DAÑOS,Choque,No mantener distancia de seguridad,Calle 37  Sur Carrera 48,N/R,Urbana,"(6.17412211, -75.593061115)"
2161079,05/11/2016,1:40 p.m.,miércoles,CAMIONETA,PUBLICO,Conductor,Masculino,No,N/A,SOLO DAÑOS,Choque,No mantener distancia de seguridad,Calle 43  Sur Carrera 50,LAS VEGAS,Urbana,"(6.159203801, -75.602594962)"
2161079,05/11/2016,1:40 p.m.,miércoles,CAMIONETA,PARTICULAR,Conductor,Masculino,No,N/A,SOLO DAÑOS,Choque,No mantener distancia de seguridad,Calle 43  Sur Carrera 50,LAS VEGAS,Urbana,"(6.159203801, -75.602594962)"
2161065,05/11/2016,4:10 p.m.,miércoles,CAMIONETA,PARTICULAR,Conductor,Masculino,No,N/A,SOLO DAÑOS,Choque,No respetar prelacion,Transversal 36 Diagonal 31,LA SEBASTIANA,Urbana,"(6.16838256, -75.580579153)"
2161065,05/11/2016,4:10 p.m.,miércoles,AUTOMOVIL,PARTICULAR,Conductor,Masculino,No,N/A,SOLO DAÑOS,Choque,No respetar prelacion,Transversal 36 Diagonal 31,LA SEBASTIANA,Urbana,"(6.16838256, -75.580579153)"
2161068,05/11/2016,6:30 p.m.,miércoles,AUTOMOVIL,PARTICULAR,Conductor,Femenino,No,N/A,SOLO DAÑOS,Choque,No mantener distancia de seguridad,Calle 37  Sur Carrera 50,N/R,Urbana,
2161068,05/11/2016,6:30 p.m.,miércoles,AUTOMOVIL,PARTICULAR,Conductor,Masculino,No,N/A,SOLO DAÑOS,Choque,No mantener distancia de seguridad,Calle 37  Sur Carrera 50,N/R,Urbana,
2161066,05/11/2016,6:50 p.m.,miércoles,CAMPERO,PARTICULAR,Conductor,Femenino,No,N/A,SOLO DAÑOS,Choque,Desobedecer senales,Calle 38 A Sur Carrera 33,MESA,Urbana,"(6.165645413, -75.582548776)"
2161066,05/11/2016,6:50 p.m.,miércoles,AUTOMOVIL,PARTICULAR,Conductor,Masculino,No,N/A,SOLO DAÑOS,Choque,Desobedecer senales,Calle 38 A Sur Carrera 33,MESA,Urbana,"(6.165645413, -75.582548776)"
2161078,05/12/2016,6:50 a.m.,jueves,AUTOMOVIL,PARTICULAR,Conductor,Masculino,No,N/A,SOLO DAÑOS,Choque,No mantener distancia de seguridad,Transversal 33  Sur Carrera 43,BUCAREST,Urbana,"(6.173912569, -75.586974728)"
2161078,05/12/2016,6:50 a.m.,jueves,AUTOMOVIL,PARTICULAR,Conductor,Masculino,No,N/A,SOLO DAÑOS,Choque,No mantener distancia de seguridad,Transversal 33  Sur Carrera 43,BUCAREST,Urbana,"(6.173912569, -75.586974728)"
2161073,05/12/2016,7:00 a.m.,jueves,AUTOMOVIL,PARTICULAR,Conductor,Femenino,No,N/A,SOLO DAÑOS,Choque,No respetar prelacion,Calle 26  Sur Carrera 48,LAS VEGAS,Urbana,"(6.183423583, -75.585428952)"
2161073,05/12/2016,7:00 a.m.,jueves,CAMPERO,PARTICULAR,Conductor,Masculino,No,N/A,SOLO DAÑOS,Choque,No respetar prelacion,Calle 26  Sur Carrera 48,LAS VEGAS,Urbana,"(6.183423583, -75.585428952)"
2161081,05/12/2016,7:15 a.m.,jueves,CAMIONETA,PARTICULAR,Conductor,Femenino,No,N/A,SOLO DAÑOS,Choque,Desobedecer senales,Calle 36 D Sur Carrera 27,VEREDA EL ESCOBERO,Urbana,"(6.162479576, -75.570222573)"
2161081,05/12/2016,7:15 a.m.,jueves,AUTOMOVIL,PARTICULAR,Conductor,Femenino,No,N/A,SOLO DAÑOS,Choque,Desobedecer senales,Calle 36 D Sur Carrera 27,VEREDA EL ESCOBERO,Urbana,"(6.162479576, -75.570222573)"
2161074,05/12/2016,7:40 a.m.,jueves,AUTOMOVIL,PARTICULAR,Conductor,Femenino,No,N/A,SOLO DAÑOS,Choque,Otra,Calle 48 C Sur Carrera 43 A,N/R,Urbana,"(6.162378903, -75.597630589)"
2161074,05/12/2016,7:40 a.m.,jueves,BICICLETA,PARTICULAR,Ciclista,Masculino,No,N/A,SOLO DAÑOS,Choque,Otra,Calle 48 C Sur Carrera 43 A,N/R,Urbana,"(6.162378903, -75.597630589)"
2161104,05/12/2016,8:45 a.m.,jueves,MOTOCICLETA,PARTICULAR,Motociclista,Masculino,No,N/A,HERIDO,Caida Ocupante,Impericia en el manejo,Calle 36 D Sur Carrera 27,N/R,Urbana,"(6.162479576, -75.570222573)"
2161096,05/12/2016,11:50 a.m.,jueves,AUTOMOVIL,PARTICULAR,Conductor,Masculino,No,N/A,SOLO DAÑOS,Choque,No mantener distancia de seguridad,Calle 27  Sur Carrera 27,LA INMACULADA,Urbana,"(6.17243521, -75.567871917)"
2161096,05/12/2016,11:50 a.m.,jueves,AUTOMOVIL,PARTICULAR,Conductor,Femenino,No,N/A,SOLO DAÑOS,Choque,No mantener distancia de seguridad,Calle 27  Sur Carrera 27,LA INMACULADA,Urbana,"(6.17243521, -75.567871917)"
2161080,05/12/2016,12:30 p.m.,jueves,AUTOMOVIL,PUBLICO,Conductor,Masculino,No,N/A,SOLO DAÑOS,Choque,Adelantar cerrando,Calle 40  Sur Carrera 43 A,EL DORADO,Urbana,"(6.167965983, -75.590242146)"
2161080,05/12/2016,12:30 p.m.,jueves,AUTOMOVIL,PARTICULAR,Conductor,Femenino,No,N/A,SOLO DAÑOS,Choque,Adelantar cerrando,Calle 40  Sur Carrera 43 A,EL DORADO,Urbana,"(6.167965983, -75.590242146)"
2161088,05/12/2016,1:00 p.m.,jueves,BUS,PUBLICO,Conductor,Masculino,No,N/A,SOLO DAÑOS,Choque,Otra,Calle 37  Sur Carrera 41,ZONA CENTRO,Urbana,"(6.169855492, -75.586196006)"
2161088,05/12/2016,1:00 p.m.,jueves,AUTOMOVIL,PARTICULAR,Conductor,Masculino,No,N/A,SOLO DAÑOS,Choque,Otra,Calle 37  Sur Carrera 41,ZONA CENTRO,Urbana,"(6.169855492, -75.586196006)"
2161084,05/12/2016,2:40 p.m.,jueves,TRACTOCAMION,PUBLICO,Conductor,Masculino,No,N/A,SOLO DAÑOS,Choque,Transitar entre vehiculos,Calle 26  Sur Carrera 50,LAS VEGAS,Urbana,
2161084,05/12/2016,2:40 p.m.,jueves,MOTOCICLETA,PARTICULAR,Motociclista,Masculino,No,N/A,SOLO DAÑOS,Choque,Transitar entre vehiculos,Calle 26  Sur Carrera 50,LAS VEGAS,Urbana,
2161083,05/12/2016,2:50 p.m.,jueves,BUS,PUBLICO,Conductor,Masculino,No,N/A,SOLO DAÑOS,Choque,No mantener distancia de seguridad,Calle 39  Sur Carrera 50,LAS VEGAS,Urbana,
2161083,05/12/2016,2:50 p.m.,jueves,MOTOCICLETA,PARTICULAR,Motociclista,Masculino,No,N/A,SOLO DAÑOS,Choque,No mantener distancia de seguridad,Calle 39  Sur Carrera 50,LAS VEGAS,Urbana,
2161110,05/12/2016,5:05 p.m.,jueves,BUS,PUBLICO,Conductor,Masculino,No,N/A,SOLO DAÑOS,Choque,Otra,Calle 38  Sur Carrera 38,ZONA CENTRO,Urbana,"(6.16803936, -75.584694353)"
2161110,05/12/2016,5:05 p.m.,jueves,CAMIONETA,PARTICULAR,Conductor,Masculino,No,N/A,SOLO DAÑOS,Choque,Otra,Calle 38  Sur Carrera 38,ZONA CENTRO,Urbana,"(6.16803936, -75.584694353)"
2161107,05/12/2016,8:00 p.m.,jueves,BUSETA,PUBLICO,Conductor,Masculino,No,N/A,SOLO DAÑOS,Choque,Adelantar cerrando,Calle 39 B Sur Carrera 49,LAS VEGAS,Urbana,"(6.170162601, -75.59457554)"
2161107,05/12/2016,8:00 p.m.,jueves,AUTOMOVIL,PARTICULAR,Conductor,Femenino,No,N/A,SOLO DAÑOS,Choque,Adelantar cerrando,Calle 39 B Sur Carrera 49,LAS VEGAS,Urbana,"(6.170162601, -75.59457554)"
2161089,05/12/2016,8:30 p.m.,jueves,CAMIONETA,PARTICULAR,Conductor,Masculino,No,N/A,SOLO DAÑOS,Choque,Exceso de velocidad,Calle 39 D Sur Carrera 28,N/R,Urbana,"(6.154343948, -75.578021489)"
2161100,05/12/2016,8:50 p.m.,jueves,AUTOMOVIL,PARTICULAR,Conductor,Masculino,No,N/A,SOLO DAÑOS,Choque,Otra,Calle 43  Sur Carrera 50,LAS VEGAS,Urbana,"(6.159203801, -75.602594962)"
2161100,05/12/2016,8:50 p.m.,jueves,MOTOCICLETA,PARTICULAR,Motociclista,Masculino,No,N/A,SOLO DAÑOS,Choque,Otra,Calle 43  Sur Carrera 50,LAS VEGAS,Urbana,"(6.159203801, -75.602594962)"
2161085,05/13/2016,12:05 a.m.,viernes,MOTOCICLETA,PARTICULAR,Motociclista,Masculino,No,N/A,SOLO DAÑOS,Choque,Reverso imprudente,Calle 25  Sur Carrera 41 B,N/R,Urbana,"(6.179149922, -75.578345053)"
2161085,05/13/2016,12:05 a.m.,viernes,AUTOMOVIL,PUBLICO,Conductor,Masculino,No,N/A,SOLO DAÑOS,Choque,Reverso imprudente,Calle 25  Sur Carrera 41 B,N/R,Urbana,"(6.179149922, -75.578345053)"
2161111,05/13/2016,7:00 a.m.,viernes,AUTOMOVIL,PARTICULAR,Conductor,Masculino,No,N/A,SOLO DAÑOS,Choque,Impericia en el manejo,Calle 21  Sur Carrera 43 A,N/R,Urbana,"(6.18399286, -75.579597643)"
2161111,05/13/2016,7:00 a.m.,viernes,AUTOMOVIL,PARTICULAR,Conductor,Masculino,Si,1,SOLO DAÑOS,Choque,Impericia en el manejo,Calle 21  Sur Carrera 43 A,N/R,Urbana,"(6.18399286, -75.579597643)"
2161109,05/13/2016,10:15 a.m.,viernes,MOTOCICLETA,PARTICULAR,Motociclista,Masculino,No,N/A,HERIDO,Caida Ocupante,No respetar prelacion,Calle 37  Sur Carrera 50,LAS VEGAS,Urbana,
2161099,05/13/2016,3:30 p.m.,viernes,AUTOMOVIL,PUBLICO,Conductor,Masculino,No,N/A,SOLO DAÑOS,Choque,No mantener distancia de seguridad,Calle 34  Sur Carrera 43 A,AVENIDA EL POBLADO,Urbana,"(6.173041737, -75.586969821)"