RADICADO,FECHA,HORA,DÍA DE LA SEMANA,CLASE DE VEHICULO,TIPO DE SERVICIO,TIPO DE VICTIMA,SEXO,ESTADO DE BEODEZ,RESULTADO DE BEODEZ,GRAVEDAD,CLASE DE ACCIDENTE,CAUSA,DIRECCIÓN,BARRIO,AREA,Coordenadas
2161149,05/19/2016,7:15 a.m.,jueves,AUTOMOVIL,PARTICULAR,Conductor,Masculino,No,N/A,HERIDO,Choque,Transitar entre vehiculos,Calle 46 A Sur Carrera 50,LAS VEGAS,Urbana,
2161149,05/19/2016,7:15 a.m.,jueves,MOTOCICLETA,PARTICULAR,Motociclista,Masculino,No,N/A,HERIDO,Choque,Transitar entre vehiculos,Calle 46 A Sur Carrera 50,LAS VEGAS,Urbana,
2161149,05/19/2016,7:15 a.m.,jueves,MOTOCICLETA,PARTICULAR,Motociclista,Masculino,No,N/A,HERIDO,Choque,Transitar entre vehiculos,Calle 46 A Sur Carrera 50,LAS VEGAS,Urbana,
2161186,05/19/2016,10:45 a.m.,jueves,BUSETA,PUBLICO,Conductor,Masculino,No,N/A,SOLO DAÑOS,Choque,Adelantar por la derecha,Calle 47  Sur Carrera 40,EL TRIANON,Urbana,"(6.15929595, -75.593774797)"
2161186,05/19/2016,10:45 a.m.,jueves,MOTOCICLETA,DIPLOMATICO,Motociclista,Masculino,No,N/A,SOLO DAÑOS,Choque,Adelantar por la derecha,Calle 47  Sur Carrera 40,EL TRIANON,Urbana,"(6.15929595, -75.593774797)"
2161154,05/19/2016,12:20 p.m.,jueves,BUS,PUBLICO,Conductor,Masculino,No,N/A,SOLO DAÑOS,Choque,No respetar prelacion,Diagonal 31 Transversal 33 A,LAS FLORES,Urbana,"(6.173761816, -75.578919701)"
2161154,05/19/2016,12:20 p.m.,jueves,MOTOCICLETA,PARTICULAR,Motociclista,Masculino,No,N/A,SOLO DAÑOS,Choque,No respetar prelacion,Diagonal 31 Transversal 33 A,LAS FLORES,Urbana,"(6.173761816, -75.578919701)"
2161153,05/19/2016,4:50 p.m.,jueves,CAMIONETA,PUBLICO,Conductor,Masculino,No,N/A,SOLO DAÑOS,Choque,No mantener distancia de seguridad,Calle 30  Sur Carrera 48,LAS VEGAS,Urbana,"(6.180376127, -75.590288049)"
2161153,05/19/2016,4:50 p.m.,jueves,AUTOMOVIL,PARTICULAR,Conductor,Masculino,No,N/A,SOLO DAÑOS,Choque,No mantener distancia de seguridad,Calle 30  Sur Carrera 48,LAS VEGAS,Urbana,"(6.180376127, -75.590288049)"
2161151,05/19/2016,5:00 p.m.,jueves,AUTOMOVIL,PARTICULAR,Conductor,Femenino,No,N/A,SOLO DAÑOS,Choque,No mantener distancia de seguridad,Calle 25 AA Sur Carrera 48,LAS VEGAS,Urbana,"(6.18405129, -75.584783826)"
2161151,05/19/2016,5:00 p.m.,jueves,MOTOCICLETA,PARTICULAR,Motociclista,Masculino,No,N/A,SOLO DAÑOS,Choque,No mantener distancia de seguridad,Calle 25 AA Sur Carrera 48,LAS VEGAS,Urbana,"(6.18405129, -75.584783826)"
2161152,05/19/2016,5:05 p.m.,jueves,CAMION,PUBLICO,Conductor,Masculino,No,N/A,SOLO DAÑOS,Choque,Adelantar cerrando,Calle 40 A Sur Carrera 43 A,EL DORADO,Urbana,"(6.168302471, -75.592636032)"
2161152,05/19/2016,5:05 p.m.,jueves,AUTOMOVIL,PUBLICO,Conductor,Masculino,No,N/A,SOLO DAÑOS,Choque,Adelantar cerrando,Calle 40 A Sur Carrera 43 A,EL DORADO,Urbana,"(6.168302471, -75.592636032)"
2161156,05/19/2016,6:10 p.m.,jueves,BUSETA,PUBLICO,Conductor,Masculino,No,N/A,SOLO DAÑOS,Choque,Poner en marcha un vehiculo sin precauci,Transversal 34 D Sur Diagonal 33,LOS NARANJOS,Urbana,"(6.170932416, -75.5832469)"
2161156,05/19/2016,6:10 p.m.,jueves,AUTOMOVIL,PARTICULAR,Conductor,Femenino,No,N/A,SOLO DAÑOS,Choque,Poner en marcha un vehiculo sin precauci,Transversal 34 D Sur Diagonal 33,LOS NARANJOS,Urbana,"(6.170932416, -75.5832469)"
2161184,05/19/2016,10:00 p.m.,jueves,MICROBUS,PUBLICO,Conductor,Masculino,No,N/A,SOLO DAÑOS,Choque,Adelantar cerrando,Calle 39  Sur Carrera 43 A,ALCALA,Urbana,"(6.169120914, -75.589530358)"
2161184,05/19/2016,10:00 p.m.,jueves,AUTOMOVIL,PUBLICO,Conductor,Masculino,No,N/A,SOLO DAÑOS,Choque,Adelantar cerrando,Calle 39  Sur Carrera 43 A,ALCALA,Urbana,"(6.169120914, -75.589530358)"
2161163,05/20/2016,6:35 a.m.,viernes,AUTOMOVIL,PARTICULAR,Conductor,Femenino,No,N/A,SOLO DAÑOS,Choque,Adelantar cerrando,Calle 25  Sur Carrera 43 A,ZU├æIGA,Urbana,"(6.181560189, -75.582016491)"
2161163,05/20/2016,6:35 a.m.,viernes,BUSETA,PUBLICO,Conductor,Masculino,No,N/A,SOLO DAÑOS,Choque,Adelantar cerrando,Calle 25  Sur Carrera 43 A,ZU├æIGA,Urbana,"(6.181560189, -75.582016491)"
2161180,05/20/2016,7:30 a.m.,viernes,CAMION,PUBLICO,Conductor,Masculino,No,N/A,SOLO DAÑOS,Choque,Adelantar cerrando,Calle 40  Sur Carrera 45,ALCALA,Urbana,"(6.168378422, -75.591547806)"
2161180,05/20/2016,7:30 a.m.,viernes,AUTOMOVIL,PARTICULAR,Conductor,Masculino,No,N/A,SOLO DAÑOS,Choque,Adelantar cerrando,Calle 40  Sur Carrera 45,ALCALA,Urbana,"(6.168378422, -75.591547806)"
2161157,05/20/2016,9:30 a.m.,viernes,Sin registro,PARTICULAR,Conductor,Masculino,No,N/A,SOLO DAÑOS,Choque,No respetar prelacion,Tramo 375 Kilometro  2,VEREDA PANTANILLO,Rural,
2161157,05/20/2016,9:30 a.m.,viernes,AUTOMOVIL,PARTICULAR,Conductor,Masculino,No,N/A,SOLO DAÑOS,Choque,No respetar prelacion,Tramo 375 Kilometro  2,VEREDA PANTANILLO,Rural,
2161167,05/20/2016,12:10 p.m.,viernes,CAMIONETA,PARTICULAR,Conductor,Femenino,No,N/A,SOLO DAÑOS,Choque,Adelantar cerrando,Calle 31  Sur Carrera 48,LAS VEGAS,Urbana,
2161167,05/20/2016,12:10 p.m.,viernes,AUTOMOVIL,PUBLICO,Conductor,Masculino,No,N/A,SOLO DAÑOS,Choque,Adelantar cerrando,Calle 31  Sur Carrera 48,LAS VEGAS,Urbana,
2161178,05/20/2016,12:50 p.m.,viernes,MOTOCICLETA,PARTICULAR,Motociclista,Masculino,No,N/A,SOLO DAÑOS,Choque,Adelantar cerrando,Calle 25  Sur Carrera 43 A,LAS ORQUIDEAS,Urbana,"(6.181560189, -75.582016491)"
2161178,05/20/2016,12:50 p.m.,viernes,CAMIONETA,PARTICULAR,Conductor,Masculino,No,N/A,SOLO DAÑOS,Choque,Adelantar cerrando,Calle 25  Sur Carrera 43 A,LAS ORQUIDEAS,Urbana,"(6.181560189, -75.582016491)"
2161178,05/20/2016,12:50 p.m.,viernes,BUS,PUBLICO,Conductor,Masculino,No,N/A,SOLO DAÑOS,Choque,Adelantar cerrando,Calle 25  Sur Carrera 43 A,LAS ORQUIDEAS,Urbana,"(6.181560189, -75.582016491)"
2161190,05/20/2016,2:20 p.m.,viernes,CAMIONETA,PUBLICO,Conductor,Masculino,No,N/A,SOLO DAÑOS,Choque,No mantener distancia de seguridad,Calle 49  Sur Carrera 48,LAS VEGAS,Urbana,"(6.163238618, -75.602507178)"
2161190,05/20/2016,2:20 p.m.,viernes,CAMIONETA,PARTICULAR,Conductor,Masculino,No,N/A,SOLO DAÑOS,Choque,No mantener distancia de seguridad,Calle 49  Sur Carrera 48,LAS VEGAS,Urbana,"(6.163238618, -75.602507178)"
2161172,05/20/2016,4:10 p.m.,viernes,CAMION,PUBLICO,Conductor,Masculino,No,N/A,SOLO DAÑOS,Choque,Reverso imprudente,Calle 36 D Sur Carrera 25 A,VEREDA EL ESCOBERO,Urbana,"(6.158809572, -75.566637544)"
2161172,05/20/2016,4:10 p.m.,viernes,AUTOMOVIL,PARTICULAR,Conductor,Masculino,No,N/A,SOLO DAÑOS,Choque,Reverso imprudente,Calle 36 D Sur Carrera 25 A,VEREDA EL ESCOBERO,Urbana,"(6.158809572, -75.566637544)"
2161170,05/20/2016,5:05 p.m.,viernes,CAMIONETA,DIPLOMATICO,Conductor,Masculino,No,N/A,SOLO DAÑOS,Choque,No respetar prelacion,Calle 37  Sur Carrera 50,LAS VEGAS,Urbana,
2161170,05/20/2016,5:05 p.m.,viernes,AUTOMOVIL,PARTICULAR,Conductor,Masculino,No,N/A,SOLO DAÑOS,Choque,No respetar prelacion,Calle 37  Sur Carrera 50,LAS VEGAS,Urbana,
2161166,05/20/2016,6:00 p.m.,viernes,AUTOMOVIL,PARTICULAR,Conductor,Masculino,No,N/A,HERIDO,Choque,Adelantar por la derecha,Calle 30  Sur Carrera 48,LAS VEGAS,Urbana,"(6.180376127, -75.590288049)"
2161166,05/20/2016,6:00 p.m.,viernes,BICICLETA,PARTICULAR,Ciclista,Masculino,No,N/A,HERIDO,Choque,Recoger o dejar pasajeros en calzada,Calle 30  Sur Carrera 48,LAS VEGAS,Urbana,"(6.180376127, -75.590288049)"
2161166,05/20/2016,6:00 p.m.,viernes,BICICLETA,PARTICULAR,Ciclista,Masculino,No,N/A,HERIDO,Choque,Adelantar por la derecha,Calle 30  Sur Carrera 48,LAS VEGAS,Urbana,"(6.180376127, -75.590288049)"
2161166,05/20/2016,6:00 p.m.,viernes,AUTOMOVIL,PARTICULAR,Conductor,Masculino,No,N/A,HERIDO,Choque,Recoger o dejar pasajeros en calzada,Calle 30  Sur Carrera 48,LAS VEGAS,Urbana,"(6.180376127, -75.590288049)"
2161159,05/20/2016,6:25 p.m.,viernes,CAMIONETA,OFICIAL,Conductor,Masculino,No,N/A,HERIDO,Atropello,Cruzar sin observar,Calle 26 B Sur Carrera 42 B,LAS ORQUIDEAS,Urbana,"(6.176911315, -75.58005899)"
2161185,05/20/2016,6:30 p.m.,viernes,AUTOMOVIL,PARTICULAR,Conductor,Masculino,No,N/A,SOLO DAÑOS,Choque,No mantener distancia de seguridad,Calle 37  Sur Carrera 50,LAS VEGAS,Urbana,
2161185,05/20/2016,6:30 p.m.,viernes,BUSETA,PUBLICO,Conductor,Masculino,No,N/A,SOLO DAÑOS,Choque,No mantener distancia de seguridad,Calle 37  Sur Carrera 50,LAS VEGAS,Urbana,
2161165,05/20/2016,7:30 p.m.,viernes,MICROBUS,PUBLICO,Conductor,Masculino,No,N/A,SOLO DAÑOS,Choque,Adelantar cerrando,Calle 39  Sur Carrera 43,ZONA CENTRO,Urbana,"(6.168678771, -75.58876156)"
2161165,05/20/2016,7:30 p.m.,viernes,AUTOMOVIL,PARTICULAR,Conductor,Femenino,No,N/A,SOLO DAÑOS,Choque,Adelantar cerrando,Calle 39  Sur Carrera 43,ZONA CENTRO,Urbana,"(6.168678771, -75.58876156)"
2161158,05/21/2016,12:30 a.m.,sábado,CAMION,OFICIAL,Conductor,Masculino,No,N/A,HERIDO,Choque,Exceso de velocidad,Calle 40  Sur Carrera 29,SAN JOSE,Urbana,"(6.159832302, -75.582595296)"
2161174,05/21/2016,9:50 a.m.,sábado,AUTOMOVIL,PUBLICO,Conductor,Masculino,No,N/A,SOLO DAÑOS,Choque,Desobedecer senales,Calle 37  Sur Carrera 32,LOS NARANJOS,Urbana,"(6.166691719, -75.581185995)"
2161174,05/21/2016,9:50 a.m.,sábado,MOTOCICLETA,PARTICULAR,Motociclista,Masculino,No,N/A,SOLO DAÑOS,Choque,Desobedecer senales,Calle 37  Sur Carrera 32,LOS NARANJOS,Urbana,"(6.166691719, -75.581185995)"
2161176,05/21/2016,10:10 a.m.,sábado,AUTOMOVIL,PARTICULAR,Conductor,Masculino,No,N/A,SOLO DAÑOS,Choque,Adelantar por la derecha,Calle 33 A Sur Carrera 43 B,SAN MARCOS,Urbana,
2161176,05/21/2016,10:10 a.m.,sábado,MOTOCICLETA,PARTICULAR,Motociclista,Masculino,No,N/A,SOLO DAÑOS,Choque,Adelantar por la derecha,Calle 33 A Sur Carrera 43 B,SAN MARCOS,Urbana,
2161181,05/21/2016,10:50 a.m.,sábado,BICICLETA,PARTICULAR,Ciclista,Masculino,No,N/A,SOLO DAÑOS,Choque,No respetar prelacion,Calle 40  Sur Carrera 24 D,N/R,Urbana,"(6.147263187, -75.576335752)"
2161187,05/21/2016,12:00 p.m.,sábado,CAMIONETA,PARTICULAR,Conductor,Masculino,No,N/A,SOLO DAÑOS,Choque,Adelantar en zona prohibida,Calle 38  Sur Carrera 39,ZONA CENTRO,Urbana,"(6.16839174, -75.585247797)"
2161187,05/21/2016,12:00 p.m.,sábado,MOTOCICLETA,PARTICULAR,Motociclista,Masculino,No,N/A,SOLO DAÑOS,Choque,Adelantar en zona prohibida,Calle 38  Sur Carrera 39,ZONA CENTRO,Urbana,"(6.16839174, -75.585247797)"
2161169,05/21/2016,12:15 p.m.,sábado,MOTOCICLETA,PARTICULAR,Motociclista,Masculino,No,N/A,SOLO DAÑOS,Choque,Transitar entre vehiculos,Calle 26  Sur Carrera 50,LAS VEGAS,Urbana,
2161169,05/21/2016,12:15 p.m.,sábado,CAMIONETA,PARTICULAR,Conductor,Masculino,No,N/A,SOLO DAÑOS,Choque,Transitar entre vehiculos,Calle 26  Sur Carrera 50,LAS VEGAS,Urbana,
2161179,05/21/2016,1:05 p.m.,sábado,MOTOCICLETA,PARTICULAR,Motociclista,Masculino,No,N/A,SOLO DAÑOS,Choque,Adelantar en zona prohibida,Calle 32 B Sur Carrera 50,LAS VEGAS,Urbana,
2161179,05/21/2016,1:05 p.m.,sábado,AUTOMOVIL,PARTICULAR,Conductor,Masculino,No,N/A,SOLO DAÑOS,Choque,Adelantar en zona prohibida,Calle 32 B Sur Carrera 50,LAS VEGAS,Urbana,
2161189,05/21/2016,1:50 p.m.,sábado,AUTOMOVIL,PARTICULAR,Conductor,Masculino,No,N/A,SOLO DAÑOS,Choque,No mantener distancia de seguridad,Calle 37  Sur Carrera 50,LAS VEGAS,Urbana,
2161189,05/21/2016,1:50 p.m.,sábado,CAMION,PUBLICO,Conductor,Masculino,No,N/A,SOLO DAÑOS,Choque,No mantener distancia de seguridad,Calle 37  Sur Carrera 50,LAS VEGAS,Urbana,
2161173,05/21/2016,2:20 p.m.,sábado,AUTOMOVIL,PARTICULAR,Conductor,Femenino,No,N/A,SOLO DAÑOS,Choque,No respetar prelacion,Calle 45  Sur Carrera 42 D,LA PAZ,Urbana,"(6.164313516, -75.59376955)"
2161173,05/21/2016,2:20 p.m.,sábado,AUTOMOVIL,PARTICULAR,Conductor,Masculino,No,N/A,SOLO DAÑOS,Choque,No respetar prelacion,Calle 45  Sur Carrera 42 D,LA PAZ,Urbana,"(6.164313516, -75.59376955)"
2161175,05/21/2016,3:55 p.m.,sábado,MICROBUS,PUBLICO,Conductor,Masculino,No,N/A,SOLO DAÑOS,Choque,No respetar prelacion,Calle 50  Sur Carrera 48,LAS CASITAS,Urbana,
2161175,05/21/2016,3:55 p.m.,sábado,AUTOMOVIL,PARTICULAR,Conductor,Masculino,No,N/A,SOLO DAÑOS,Choque,No respetar prelacion,Calle 50  Sur Carrera 48,LAS CASITAS,Urbana,
2161188,05/21/2016,8:10 p.m.,sábado,MOTOCICLETA,PARTICULAR,Motociclista,Masculino,No,N/A,HERIDO,Choque,Desobedecer senales,Calle 39 B Sur Carrera 31,MESA,Urbana,"(6.163600542, -75.58243463)"
2161188,05/21/2016,8:10 p.m.,sábado,AUTOMOVIL,PARTICULAR,Conductor,Masculino,No,N/A,HERIDO,Choque,Desobedecer senales,Calle 39 B Sur Carrera 31,MESA,Urbana,"(6.163600542, -75.58243463)"
2161168,05/21/2016,11:23 p.m.,sábado,MOTOCICLETA,PARTICULAR,Motociclista,Masculino,Si,1,HERIDO,Caida Ocupante,Embriaguez o droga,Calle 37  Sur Carrera 46,ALCALA,Urbana,"(6.172613713, -75.590909108)"
2161160,05/22/2016,3:20 a.m.,domingo,MOTOCICLETA,PARTICULAR,Motociclista,Masculino,Si,1,SOLO DAÑOS,Choque,Transitar entre vehiculos,Calle 40 DD Sur Carrera 42,EL DORADO,Urbana,"(6.165700924, -75.589245512)"
2161160,05/22/2016,3:20 a.m.,domingo,AUTOMOVIL,PUBLICO,Conductor,Masculino,No,N/A,SOLO DAÑOS,Choque,Embriaguez o droga,Calle 40 DD Sur Carrera 42,EL DORADO,Urbana,"(6.165700924, -75.589245512)"
2161160,05/22/2016,3:20 a.m.,domingo,AUTOMOVIL,PUBLICO,Conductor,Masculino,No,N/A,SOLO DAÑOS,Choque,Transitar entre vehiculos,Calle 40 DD Sur Carrera 42,EL DORADO,Urbana,"(6.165700924, -75.589245512)"
2161160,05/22/2016,3:20 a.m.,domingo,AUTOMOVIL,PARTICULAR,Conductor,Femenino,No,N/A,SOLO DAÑOS,Choque,Embriaguez o droga,Calle 40 DD Sur Carrera 42,EL DORADO,Urbana,"(6.165700924, -75.589245512)"
2161160,05/22/2016,3:20 a.m.,domingo,AUTOMOVIL,PARTICULAR,Conductor,Femenino,No,N/A,SOLO DAÑOS,Choque,Transitar entre vehiculos,Calle 40 DD Sur Carrera 42,EL DORADO,Urbana,"(6.165700924, -75.589245512)"
2161160,05/22/2016,3:20 a.m.,domingo,MOTOCICLETA,PARTICULAR,Motociclista,Masculino,Si,1,SOLO DAÑOS,Choque,Embriaguez o droga,Calle 40 DD Sur Carrera 42,EL DORADO,Urbana,"(6.165700924, -75.589245512)"
2161182,05/22/2016,3:25 p.m.,domingo,MOTOCICLETA,PARTICULAR,Motociclista,Femenino,No,N/A,HERIDO,Choque,Desobedecer senales,Calle 38 A Sur Carrera 38,MESA,Urbana,"(6.167339205, -75.585136359)"
2161182,05/22/2016,3:25 p.m.,domingo,CAMIONETA,PUBLICO,Conductor,Masculino,No,N/A,HERIDO,Choque,Desobedecer senales,Calle 38 A Sur Carrera 38,MESA,Urbana,"(6.167339205, -75.585136359)"
2161164,05/22/2016,3:35 p.m.,domingo,MOTOCICLETA,PARTICULAR,Motociclista,Masculino,No,N/A,HERIDO,Choque,Transitar entre vehiculos,Tramo 372 Kilometro  14,VEREDA PALMAS,Rural,
2161164,05/22/2016,3:35 p.m.,domingo,MOTOCICLETA,PARTICULAR,Motociclista,Masculino,No,N/A,HERIDO,Choque,Transitar entre vehiculos,Tramo 372 Kilometro  14,VEREDA PALMAS,Rural,
2161171,05/22/2016,4:30 p.m.,domingo,MOTOCICLETA,PARTICULAR,Motociclista,Masculino,No,N/A,HERIDO,Choque,Otra,Calle 35  Sur Carrera 48,LAS VEGAS,Urbana,
2161177,05/22/2016,5:40 p.m.,domingo,MICROBUS,PUBLICO,Conductor,Masculino,No,N/A,SOLO DAÑOS,Choque,No mantener distancia de seguridad,Calle 25  Sur Carrera 43 A,LAS ORQUIDEAS,Urbana,"(6.181560189, -75.582016491)"
2161177,05/22/2016,5:40 p.m.,domingo,AUTOMOVIL,PARTICULAR,Conductor,Masculino,No,N/A,SOLO DAÑOS,Choque,No mantener distancia de seguridad,Calle 25  Sur Carrera 43 A,LAS ORQUIDEAS,Urbana,"(6.181560189, -75.582016491)"
2161196,05/23/2016,8:00 a.m.,lunes,CAMIONETA,PUBLICO,Conductor,Masculino,No,N/A,SOLO DAÑOS,Choque,No mantener distancia de seguridad,Calle 40  Sur Carrera 50,LAS VEGAS,Urbana,
2161196,05/23/2016,8:00 a.m.,lunes,CAMION,PUBLICO,Conductor,Masculino,No,N/A,SOLO DAÑOS,Choque,No mantener distancia de seguridad,Calle 40  Sur Carrera 50,LAS VEGAS,Urbana,
2161183,05/23/2016,9:10 a.m.,lunes,CAMION,PUBLICO,Conductor,Masculino,No,N/A,SOLO DAÑOS,Choque,Impericia en el manejo,Calle 39  Sur Carrera 47 A,ALCALA,Urbana,"(6.171457478, -75.593352997)"
2161183,05/23/2016,9:10 a.m.,lunes,BUSETA,PUBLICO,Conductor,Masculino,No,N/A,SOLO DAÑOS,Choque,Impericia en el manejo,Calle 39  Sur Carrera 47 A,ALCALA,Urbana,"(6.171457478, -75.593352997)"
2161191,05/23/2016,11:40 a.m.,lunes,MOTOCICLETA,PARTICULAR,Motociclista,Masculino,No,N/A,HERIDO,Choque,Semaforo en rojo,Calle 46  Sur Carrera 43 A,PRIMAVERA,Urbana,"(6.164149951, -75.595997505)"
2161191,05/23/2016,11:40 a.m.,lunes,AUTOMOVIL,PARTICULAR,Conductor,Masculino,No,N/A,HERIDO,Choque,Semaforo en rojo,Calle 46  Sur Carrera 43 A,PRIMAVERA,Urbana,"(6.164149951, -75.595997505)"
2161200,05/23/2016,5:50 p.m.,lunes,BUS,PUBLICO,Conductor,Masculino,No,N/A,HERIDO,Caida Ocupante,Poner en marcha un vehiculo sin precauci,Calle 33 B Sur Carrera 43 A,AVENIDA EL POBLADO,Urbana,"(6.173429457, -75.586716615)"
2161199,05/23/2016,6:00 p.m.,lunes,BUS,PUBLICO,Conductor,Masculino,No,N/A,SOLO DAÑOS,Choque,No mantener distancia de seguridad,Tramo 372 Kilometro  17,VEREDA PALMAS,Rural,
2161199,05/23/2016,6:00 p.m.,lunes,AUTOMOVIL,PARTICULAR,Conductor,Masculino,No,N/A,SOLO DAÑOS,Choque,No mantener distancia de seguridad,Tramo 372 Kilometro  17,VEREDA PALMAS,Rural,
2161229,05/23/2016,6:00 p.m.,lunes,MOTOCICLETA,PARTICULAR,Motociclista,Masculino,No,N/A,HERIDO,Choque,Impericia en el manejo,Diagonal 31 A Transversal 34 F,LA SEBASTIANA,Urbana,"(6.170512058, -75.579985733)"
2161229,05/23/2016,6:00 p.m.,lunes,CAMPERO,PARTICULAR,Conductor,Masculino,No,N/A,HERIDO,Choque,Impericia en el manejo,Diagonal 31 A Transversal 34 F,LA SEBASTIANA,Urbana,"(6.170512058, -75.579985733)"
2161201,05/23/2016,8:40 p.m.,lunes,MICROBUS,PUBLICO,Conductor,Masculino,No,N/A,SOLO DAÑOS,Choque,Adelantar cerrando,Calle 45 A Sur Carrera 39 B,LAS ANTILLAS,Urbana,"(6.160320892, -75.590005662)"
2161201,05/23/2016,8:40 p.m.,lunes,AUTOMOVIL,PARTICULAR,Conductor,Masculino,No,N/A,SOLO DAÑOS,Choque,Adelantar cerrando,Calle 45 A Sur Carrera 39 B,LAS ANTILLAS,Urbana,"(6.160320892, -75.590005662)"
2161206,05/24/2016,6:40 a.m.,martes,CAMPERO,PARTICULAR,Conductor,Masculino,No,N/A,HERIDO,Choque,Transitar entre vehiculos,Tramo 372 Kilometro  16,VEREDA PALMAS,Rural,
2161206,05/24/2016,6:40 a.m.,martes,MOTOCICLETA,PARTICULAR,Motociclista,Masculino,No,N/A,HERIDO,Choque,Transitar entre vehiculos,Tramo 372 Kilometro  16,VEREDA PALMAS,Rural,
2161192,05/24/2016,7:00 a.m.,martes,MOTOCICLETA,PARTICULAR,Motociclista,Masculino,No,N/A,HERIDO,Choque,Desobedecer senales,Calle 38 A Sur Carrera 34,MESA,Urbana,"(6.165984351, -75.583069447)"
2161193,05/24/2016,7:40 a.m.,martes,AUTOMOVIL,PUBLICO,Conductor,Masculino,No,N/A,SOLO DAÑOS,Choque,Adelantar cerrando,Diagonal 32 B Transversal 34 A,LA MAGNOLIA,Urbana,"(6.172777915, -75.582237861)"
2161193,05/24/2016,7:40 a.m.,martes,CAMION,PUBLICO,Conductor,Masculino,No,N/A,SOLO DAÑOS,Choque,Adelantar cerrando,Diagonal 32 B Transversal 34 A,LA MAGNOLIA,Urbana,"(6.172777915, -75.582237861)"
2161227,05/24/2016,7:45 a.m.,martes,MOTOCICLETA,PARTICULAR,Motociclista,Masculino,No,N/A,SOLO DAÑOS,Choque,Transitar entre vehiculos,Calle 25  Sur Carrera 43,LAS ORQUIDEAS,Urbana,"(6.181560189, -75.582016491)"
2161378,06/05/2016,3:00 p.m.,domingo,AUTOMOVIL,PARTICULAR,Conductor,Masculino,No,N/A,HERIDO,Choque,Exceso de velocidad,Tramo 372 Kilometro  15,VEREDA PALMAS,Rural,
2161227,05/24/2016,7:45 a.m.,martes,AUTOMOVIL,PARTICULAR,Conductor,Femenino,No,N/A,SOLO DAÑOS,Choque,Transitar entre vehiculos,Calle 25  Sur Carrera 43,LAS ORQUIDEAS,Urbana,"(6.181560189, -75.582016491)"
2161207,05/24/2016,9:10 a.m.,martes,CAMION,PUBLICO,Conductor,Masculino,No,N/A,SOLO DAÑOS,Choque,Adelantar cerrando,Calle 37  Sur Carrera 49,GLORIETA DE PELDAR,Urbana,"(6.174789471, -75.594204243)"
2161207,05/24/2016,9:10 a.m.,martes,AUTOMOVIL,PARTICULAR,Conductor,Masculino,No,N/A,SOLO DAÑOS,Choque,Adelantar cerrando,Calle 37  Sur Carrera 49,GLORIETA DE PELDAR,Urbana,"(6.174789471, -75.594204243)"
2161204,05/24/2016,10:05 a.m.,martes,CAMION,PUBLICO,Conductor,Masculino,No,N/A,SOLO DAÑOS,Choque,No mantener distancia de seguridad,Calle 49 D Sur Carrera 43 A,LAS CASITAS,Urbana,"(6.160782627, -75.60132333)"
2161204,05/24/2016,10:05 a.m.,martes,CAMION,PUBLICO,Conductor,Masculino,No,N/A,SOLO DAÑOS,Choque,No mantener distancia de seguridad,Calle 49 D Sur Carrera 43 A,LAS CASITAS,Urbana,"(6.160782627, -75.60132333)"
2161194,05/24/2016,10:40 a.m.,martes,BUS,PUBLICO,Conductor,Masculino,No,N/A,SOLO DAÑOS,Choque,Desobedecer senales,Calle 46  Sur Carrera 46,PRIMAVERA,Urbana,"(6.164633401, -75.596689606)"
2161194,05/24/2016,10:40 a.m.,martes,CAMIONETA,PARTICULAR,Conductor,Masculino,No,N/A,SOLO DAÑOS,Choque,Desobedecer senales,Calle 46  Sur Carrera 46,PRIMAVERA,Urbana,"(6.164633401, -75.596689606)"
2161208,05/24/2016,10:45 a.m.,martes,MOTOCICLETA,PARTICULAR,Motociclista,Masculino,No,N/A,HERIDO,Caida Ocupante,Otra,Tramo 375 Kilometro  3,VEREDA PANTANILLO,Rural,
2161197,05/24/2016,11:30 a.m.,martes,MOTOCICLETA,PARTICULAR,Motociclista,Masculino,No,N/A,SOLO DAÑOS,Choque,Transitar entre vehiculos,Calle 25  Sur Carrera 48,LAS VEGAS,Urbana,
2161197,05/24/2016,11:30 a.m.,martes,AUTOMOVIL,PARTICULAR,Conductor,Masculino,No,N/A,SOLO DAÑOS,Choque,Transitar entre vehiculos,Calle 25  Sur Carrera 48,LAS VEGAS,Urbana,
2161216,05/24/2016,12:50 p.m.,martes,CAMPERO,PARTICULAR,Conductor,Femenino,No,N/A,HERIDO,Choque,No mantener distancia de seguridad,Calle 39  Sur Carrera 29 A,N/R,Urbana,"(6.164019418, -75.581208066)"
2161216,05/24/2016,12:50 p.m.,martes,MOTOCICLETA,PARTICULAR,Motociclista,Masculino,No,N/A,HERIDO,Choque,No mantener distancia de seguridad,Calle 39  Sur Carrera 29 A,N/R,Urbana,"(6.164019418, -75.581208066)"
2161454,05/24/2016,2:09 p.m.,martes,BUSETA,PUBLICO,Conductor,Masculino,No,N/A,SOLO DAÑOS,Choque,Otra,Calle 45 A Sur Carrera 42 B,LA PAZ,Urbana,"(6.164010693, -75.593952112)"
2161454,05/24/2016,2:09 p.m.,martes,AUTOMOVIL,PARTICULAR,Conductor,Femenino,No,N/A,SOLO DAÑOS,Choque,Otra,Calle 45 A Sur Carrera 42 B,LA PAZ,Urbana,"(6.164010693, -75.593952112)"