RADICADO,FECHA,HORA,DÍA DE LA SEMANA,CLASE DE VEHICULO,TIPO DE SERVICIO,TIPO DE VICTIMA,SEXO,ESTADO DE BEODEZ,RESULTADO DE BEODEZ,GRAVEDAD,CLASE DE ACCIDENTE,CAUSA,DIRECCIÓN,BARRIO,AREA,Coordenadas
2161267,05/30/2016,1:40 p.m.,lunes,CAMPERO,PARTICULAR,Conductor,Masculino,No,N/A,SOLO DAÑOS,Choque,No respetar prelacion,Tramo 181 Kilometro  5,N/R,Rural,
2161267,05/30/2016,1:40 p.m.,lunes,CAMIONETA,PARTICULAR,Conductor,Masculino,No,N/A,SOLO DAÑOS,Choque,No respetar prelacion,Tramo 181 Kilometro  5,N/R,Rural,
2161243,05/30/2016,4:15 p.m.,lunes,AUTOMOVIL,PUBLICO,Conductor,Masculino,No,N/A,SOLO DAÑOS,Choque,Adelantar cerrando,Calle 48 B Sur Carrera 39 B,EL TRIANON,Urbana,"(6.157403513, -75.594527807)"
2161243,05/30/2016,4:15 p.m.,lunes,AUTOMOVIL,PARTICULAR,Conductor,Masculino,No,N/A,SOLO DAÑOS,Choque,Adelantar cerrando,Calle 48 B Sur Carrera 39 B,EL TRIANON,Urbana,"(6.157403513, -75.594527807)"
2161247,05/30/2016,5:30 p.m.,lunes,AUTOMOVIL,PARTICULAR,Conductor,Femenino,No,N/A,SOLO DAÑOS,Choque,Exceso de velocidad,Calle 36 D Sur Carrera 27 D,VEREDA EL ESCOBERO,Urbana,"(6.164970853, -75.574637268)"
2161247,05/30/2016,5:30 p.m.,lunes,MOTOCICLETA,PARTICULAR,Motociclista,Masculino,No,N/A,SOLO DAÑOS,Choque,Exceso de velocidad,Calle 36 D Sur Carrera 27 D,VEREDA EL ESCOBERO,Urbana,"(6.164970853, -75.574637268)"
2161264,05/30/2016,5:30 p.m.,lunes,CAMPERO,PARTICULAR,Conductor,Masculino,No,N/A,SOLO DAÑOS,Choque,No mantener distancia de seguridad,Tramo 372 Kilometro  16,VEREDA PALMAS,Rural,
2161264,05/30/2016,5:30 p.m.,lunes,MOTOCICLETA,PARTICULAR,Motociclista,Masculino,No,N/A,SOLO DAÑOS,Choque,No mantener distancia de seguridad,Tramo 372 Kilometro  16,VEREDA PALMAS,Rural,
2161272,05/30/2016,6:00 p.m.,lunes,AUTOMOVIL,PARTICULAR,Conductor,Femenino,No,N/A,SOLO DAÑOS,Choque,Adelantar en zona prohibida,Tramo 372 Kilometro  13,VEREDA PALMAS,Rural,
2161272,05/30/2016,6:00 p.m.,lunes,AUTOMOVIL,PUBLICO,Conductor,Masculino,No,N/A,SOLO DAÑOS,Choque,Adelantar en zona prohibida,Tramo 372 Kilometro  13,VEREDA PALMAS,Rural,
2161241,05/30/2016,7:40 p.m.,lunes,AUTOMOVIL,PARTICULAR,Conductor,Masculino,No,N/A,SOLO DAÑOS,Choque,No mantener distancia de seguridad,Calle 32  Sur Carrera 48,LAS VEGAS,Urbana,
2161241,05/30/2016,7:40 p.m.,lunes,AUTOMOVIL,PARTICULAR,Conductor,Masculino,No,N/A,SOLO DAÑOS,Choque,No mantener distancia de seguridad,Calle 32  Sur Carrera 48,LAS VEGAS,Urbana,
2161277,05/30/2016,7:50 p.m.,lunes,AUTOMOVIL,PARTICULAR,Conductor,Masculino,No,N/A,SOLO DAÑOS,Choque,Exceso de velocidad,Calle 27  Sur Carrera 27 D,EL ESMERALDAL,Urbana,"(6.174986227, -75.572284026)"
2161237,05/30/2016,11:30 p.m.,lunes,AUTOMOVIL,PARTICULAR,Conductor,Masculino,No,N/A,SOLO DAÑOS,Choque,Semaforo en rojo,Calle 21  Sur Carrera 43 A,ZU├æIGA,Urbana,"(6.18399286, -75.579597643)"
2161237,05/30/2016,11:30 p.m.,lunes,MOTOCICLETA,PARTICULAR,Motociclista,Masculino,No,N/A,SOLO DAÑOS,Choque,Semaforo en rojo,Calle 21  Sur Carrera 43 A,ZU├æIGA,Urbana,"(6.18399286, -75.579597643)"
2161281,05/31/2016,6:30 a.m.,martes,AUTOMOVIL,PUBLICO,Conductor,Femenino,No,N/A,SOLO DAÑOS,Choque,Desobedecer senales,Calle 45 C Sur Carrera 41,LAS ANTILLAS,Urbana,"(6.162072579, -75.593168384)"
2161281,05/31/2016,6:30 a.m.,martes,AUTOMOVIL,PARTICULAR,Conductor,Femenino,No,N/A,SOLO DAÑOS,Choque,Desobedecer senales,Calle 45 C Sur Carrera 41,LAS ANTILLAS,Urbana,"(6.162072579, -75.593168384)"
2161275,05/31/2016,7:30 a.m.,martes,BUS,PUBLICO,Conductor,Masculino,No,N/A,SOLO DAÑOS,Choque,Desobedecer senales,Calle 33 B Sur Carrera 45,EL PORTAL,Urbana,"(6.174167802, -75.587992107)"
2161275,05/31/2016,7:30 a.m.,martes,CAMIONETA,PARTICULAR,Conductor,Masculino,No,N/A,SOLO DAÑOS,Choque,Desobedecer senales,Calle 33 B Sur Carrera 45,EL PORTAL,Urbana,"(6.174167802, -75.587992107)"
2161274,05/31/2016,10:40 a.m.,martes,AUTOMOVIL,PARTICULAR,Conductor,Masculino,No,N/A,SOLO DAÑOS,Choque,No mantener distancia de seguridad,Calle 43  Sur Carrera 50,LAS VEGAS,Urbana,"(6.159203801, -75.602594962)"
2161274,05/31/2016,10:40 a.m.,martes,AUTOMOVIL,PARTICULAR,Conductor,Masculino,No,N/A,SOLO DAÑOS,Choque,No mantener distancia de seguridad,Calle 43  Sur Carrera 50,LAS VEGAS,Urbana,"(6.159203801, -75.602594962)"
2161285,05/31/2016,3:30 p.m.,martes,MOTOCICLETA,PARTICULAR,Motociclista,Masculino,No,N/A,HERIDO,Caida Ocupante,Impericia en el manejo,Calle 40  Sur Carrera 43 A,N/R,Urbana,"(6.167965983, -75.590242146)"
2161284,05/31/2016,4:40 p.m.,martes,AUTOMOVIL,PARTICULAR,Conductor,Masculino,No,N/A,HERIDO,Choque,No respetar prelacion,Diagonal 31 Transversal 33 A,LAS FLORES,Urbana,"(6.173761816, -75.578919701)"
2161284,05/31/2016,4:40 p.m.,martes,BICICLETA,PARTICULAR,Ciclista,Sin registro,No,N/A,HERIDO,Choque,No respetar prelacion,Diagonal 31 Transversal 33 A,LAS FLORES,Urbana,"(6.173761816, -75.578919701)"
2161284,05/31/2016,4:40 p.m.,martes,AUTOMOVIL,PARTICULAR,Conductor,Masculino,No,N/A,HERIDO,Choque,No respetar prelacion,Diagonal 31 Transversal 33 A,LAS FLORES,Urbana,"(6.173761816, -75.578919701)"
2161279,05/31/2016,5:00 p.m.,martes,CAMPERO,PARTICULAR,Conductor,Femenino,No,N/A,SOLO DAÑOS,Choque,Desobedecer senales,Calle 47  Sur Carrera 40,EL TRIANON,Urbana,"(6.15929595, -75.593774797)"
2161279,05/31/2016,5:00 p.m.,martes,CAMIONETA,PUBLICO,Conductor,Masculino,No,N/A,SOLO DAÑOS,Choque,Desobedecer senales,Calle 47  Sur Carrera 40,EL TRIANON,Urbana,"(6.15929595, -75.593774797)"
2161276,05/31/2016,5:30 p.m.,martes,AUTOMOVIL,PARTICULAR,Conductor,Masculino,No,N/A,SOLO DAÑOS,Choque,Obstaculos en la via,Calle 39  Sur Carrera 48,ALCALA,Urbana,"(6.17373153, -75.596883967)"
2161276,05/31/2016,5:30 p.m.,martes,CAMION,PUBLICO,Conductor,Masculino,No,N/A,SOLO DAÑOS,Choque,Obstaculos en la via,Calle 39  Sur Carrera 48,ALCALA,Urbana,"(6.17373153, -75.596883967)"
2161298,05/31/2016,6:00 p.m.,martes,AUTOMOVIL,PUBLICO,Conductor,Masculino,No,N/A,HERIDO,Choque,Exceso de velocidad,Calle 49  Sur Carrera 48,LAS VEGAS,Urbana,"(6.163238618, -75.602507178)"
2161298,05/31/2016,6:00 p.m.,martes,AUTOMOVIL,PARTICULAR,Conductor,Masculino,No,N/A,HERIDO,Choque,Exceso de velocidad,Calle 49  Sur Carrera 48,LAS VEGAS,Urbana,"(6.163238618, -75.602507178)"
2161298,05/31/2016,6:00 p.m.,martes,AUTOMOVIL,PARTICULAR,Conductor,Masculino,No,N/A,HERIDO,Choque,Exceso de velocidad,Calle 49  Sur Carrera 48,LAS VEGAS,Urbana,"(6.163238618, -75.602507178)"
2161298,05/31/2016,6:00 p.m.,martes,CAMPERO,PARTICULAR,Conductor,Femenino,No,N/A,HERIDO,Choque,Exceso de velocidad,Calle 49  Sur Carrera 48,LAS VEGAS,Urbana,"(6.163238618, -75.602507178)"
2161283,05/31/2016,6:30 p.m.,martes,MOTOCICLETA,PARTICULAR,Motociclista,Masculino,No,N/A,HERIDO,Choque,Desobedecer senales,Diagonal 32 D Transversal 32,LA MAGNOLIA,Urbana,"(6.175661946, -75.584184038)"
2161283,05/31/2016,6:30 p.m.,martes,AUTOMOVIL,PARTICULAR,Conductor,Femenino,No,N/A,HERIDO,Choque,Desobedecer senales,Diagonal 32 D Transversal 32,LA MAGNOLIA,Urbana,"(6.175661946, -75.584184038)"
2161881,05/31/2016,7:00 p.m.,martes,AUTOMOVIL,PARTICULAR,Conductor,Femenino,No,N/A,SOLO DAÑOS,Choque,Otra,Calle 41 B Sur Carrera 27,SAN RAFAEL,Urbana,"(6.157462254, -75.583690952)"
2161295,06/01/2016,6:40 a.m.,miércoles,AUTOMOVIL,PARTICULAR,Conductor,Femenino,No,N/A,SOLO DAÑOS,Choque,Adelantar cerrando,Calle 25 A Sur Carrera 50,LAS VEGAS,Urbana,
2161403,06/11/2016,1:15 p.m.,sábado,MICROBUS,PUBLICO,Conductor,Masculino,No,N/A,HERIDO,Choque,Transitar entre vehiculos,Calle 50  Sur Carrera 48,N/R,Urbana,
2161295,06/01/2016,6:40 a.m.,miércoles,AUTOMOVIL,PARTICULAR,Conductor,Masculino,No,N/A,SOLO DAÑOS,Choque,Adelantar cerrando,Calle 25 A Sur Carrera 50,LAS VEGAS,Urbana,
2161296,06/01/2016,8:00 a.m.,miércoles,AUTOMOVIL,PUBLICO,Conductor,Masculino,No,N/A,SOLO DAÑOS,Choque,No mantener distancia de seguridad,Calle 39  Sur Carrera 48,LAS VEGAS,Urbana,"(6.17373153, -75.596883967)"
2161296,06/01/2016,8:00 a.m.,miércoles,CAMIONETA,PARTICULAR,Conductor,Masculino,No,N/A,SOLO DAÑOS,Choque,No mantener distancia de seguridad,Calle 39  Sur Carrera 48,LAS VEGAS,Urbana,"(6.17373153, -75.596883967)"
2161282,06/01/2016,8:15 a.m.,miércoles,CAMIONETA,PARTICULAR,Conductor,Masculino,No,N/A,HERIDO,Choque,Reverso imprudente,Calle 40  Sur Carrera 27,N/R,Urbana,"(6.158366235, -75.580807934)"
2161282,06/01/2016,8:15 a.m.,miércoles,BICICLETA,PARTICULAR,Ciclista,Masculino,No,N/A,HERIDO,Choque,Reverso imprudente,Calle 40  Sur Carrera 27,N/R,Urbana,"(6.158366235, -75.580807934)"
2161287,06/01/2016,8:40 a.m.,miércoles,MOTOCICLETA,PARTICULAR,Motociclista,Masculino,No,N/A,HERIDO,Atropello,Semaforo en rojo,Calle 36  Sur Carrera 41,ZONA CENTRO,Urbana,"(6.170639628, -75.58578509)"
2161294,06/01/2016,11:45 a.m.,miércoles,CAMIONETA,PARTICULAR,Conductor,Masculino,No,N/A,SOLO DAÑOS,Choque,Adelantar cerrando,Calle 45 B Sur Carrera 42,LA PAZ,Urbana,"(6.163155121, -75.593708386)"
2161294,06/01/2016,11:45 a.m.,miércoles,CAMIONETA,PARTICULAR,Conductor,Masculino,No,N/A,SOLO DAÑOS,Choque,Adelantar cerrando,Calle 45 B Sur Carrera 42,LA PAZ,Urbana,"(6.163155121, -75.593708386)"
2161280,06/01/2016,11:50 a.m.,miércoles,CAMIONETA,PARTICULAR,Conductor,Masculino,No,N/A,SOLO DAÑOS,Choque,No mantener distancia de seguridad,Calle 37  Sur Carrera 50,LAS VEGAS,Urbana,
2161280,06/01/2016,11:50 a.m.,miércoles,CAMIONETA,PARTICULAR,Conductor,Masculino,No,N/A,SOLO DAÑOS,Choque,No mantener distancia de seguridad,Calle 37  Sur Carrera 50,LAS VEGAS,Urbana,
2161299,06/01/2016,12:10 p.m.,miércoles,AUTOMOVIL,PARTICULAR,Conductor,Femenino,No,N/A,SOLO DAÑOS,Choque,No respetar prelacion,Calle 19  Sur Carrera 48,LAS VEGAS,Urbana,
2161299,06/01/2016,12:10 p.m.,miércoles,AUTOMOVIL,PARTICULAR,Conductor,Masculino,No,N/A,SOLO DAÑOS,Choque,No respetar prelacion,Calle 19  Sur Carrera 48,LAS VEGAS,Urbana,
2161299,06/01/2016,12:10 p.m.,miércoles,MOTOCICLETA,PARTICULAR,Motociclista,Masculino,No,N/A,SOLO DAÑOS,Choque,No respetar prelacion,Calle 19  Sur Carrera 48,LAS VEGAS,Urbana,
2161300,06/01/2016,1:00 p.m.,miércoles,CAMIONETA,PUBLICO,Conductor,Masculino,No,N/A,HERIDO,Choque,No respetar prelacion,Diagonal 33 Transversal 34,LA MAGNOLIA,Urbana,"(6.172651904, -75.583822418)"
2161300,06/01/2016,1:00 p.m.,miércoles,AUTOMOVIL,PARTICULAR,Conductor,Masculino,No,N/A,HERIDO,Choque,No respetar prelacion,Diagonal 33 Transversal 34,LA MAGNOLIA,Urbana,"(6.172651904, -75.583822418)"
2161300,06/01/2016,1:00 p.m.,miércoles,MICROBUS,PUBLICO,Conductor,Masculino,No,N/A,HERIDO,Choque,No respetar prelacion,Diagonal 33 Transversal 34,LA MAGNOLIA,Urbana,"(6.172651904, -75.583822418)"
2161286,06/01/2016,1:15 p.m.,miércoles,CAMPERO,PARTICULAR,Conductor,Femenino,No,N/A,SOLO DAÑOS,Choque,Adelantar cerrando,Calle 24  Sur Carrera 43 A,AVENIDA EL POBLADO,Urbana,
2161286,06/01/2016,1:15 p.m.,miércoles,AUTOMOVIL,PUBLICO,Conductor,Masculino,No,N/A,SOLO DAÑOS,Choque,Adelantar cerrando,Calle 24  Sur Carrera 43 A,AVENIDA EL POBLADO,Urbana,
2161303,06/01/2016,2:00 p.m.,miércoles,AUTOMOVIL,PARTICULAR,Conductor,Masculino,No,N/A,SOLO DAÑOS,Choque,No mantener distancia de seguridad,Calle 36 D Sur Carrera 27,VEREDA EL ESCOBERO,Urbana,"(6.162479576, -75.570222573)"
2161303,06/01/2016,2:00 p.m.,miércoles,AUTOMOVIL,PARTICULAR,Conductor,Masculino,No,N/A,SOLO DAÑOS,Choque,No mantener distancia de seguridad,Calle 36 D Sur Carrera 27,VEREDA EL ESCOBERO,Urbana,"(6.162479576, -75.570222573)"
2161301,06/01/2016,3:30 p.m.,miércoles,MOTOCICLETA,PARTICULAR,Motociclista,Masculino,No,N/A,HERIDO,Choque,No mantener distancia de seguridad,Diagonal 32 Transversal 32 A,LA MAGNOLIA,Urbana,"(6.17563197, -75.582466544)"
2161301,06/01/2016,3:30 p.m.,miércoles,AUTOMOVIL,PARTICULAR,Conductor,Masculino,No,N/A,HERIDO,Choque,No mantener distancia de seguridad,Diagonal 32 Transversal 32 A,LA MAGNOLIA,Urbana,"(6.17563197, -75.582466544)"
2161288,06/01/2016,4:15 p.m.,miércoles,AUTOMOVIL,PARTICULAR,Conductor,Masculino,No,N/A,SOLO DAÑOS,Choque,No mantener distancia de seguridad,Calle 21  Sur Carrera 43 A,N/R,Urbana,"(6.18399286, -75.579597643)"
2161288,06/01/2016,4:15 p.m.,miércoles,AUTOMOVIL,PARTICULAR,Conductor,Femenino,No,N/A,SOLO DAÑOS,Choque,No mantener distancia de seguridad,Calle 21  Sur Carrera 43 A,N/R,Urbana,"(6.18399286, -75.579597643)"
2161291,06/01/2016,4:20 p.m.,miércoles,AUTOMOVIL,PARTICULAR,Conductor,Masculino,No,N/A,SOLO DAÑOS,Choque,Desobedecer senales,Calle 39  Sur Carrera 45 B,ALCALA,Urbana,"(6.169926232, -75.591760522)"
2161291,06/01/2016,4:20 p.m.,miércoles,CAMIONETA,PARTICULAR,Conductor,Masculino,No,N/A,SOLO DAÑOS,Choque,Desobedecer senales,Calle 39  Sur Carrera 45 B,ALCALA,Urbana,"(6.169926232, -75.591760522)"
2161292,06/01/2016,5:20 p.m.,miércoles,CAMIONETA,PARTICULAR,Conductor,Femenino,No,N/A,SOLO DAÑOS,Choque,No mantener distancia de seguridad,Calle 40  Sur Carrera 43 A,ALCALA,Urbana,"(6.167965983, -75.590242146)"
2161292,06/01/2016,5:20 p.m.,miércoles,MOTOCICLETA,PARTICULAR,Motociclista,Femenino,No,N/A,SOLO DAÑOS,Choque,No mantener distancia de seguridad,Calle 40  Sur Carrera 43 A,ALCALA,Urbana,"(6.167965983, -75.590242146)"
2161290,06/01/2016,5:35 p.m.,miércoles,AUTOMOVIL,PARTICULAR,Conductor,Masculino,No,N/A,SOLO DAÑOS,Choque,Adelantar cerrando,Calle 46  Sur Carrera 46 B,PRIMAVERA,Urbana,"(6.165325085, -75.59741757)"
2161290,06/01/2016,5:35 p.m.,miércoles,BUS,PUBLICO,Conductor,Masculino,No,N/A,SOLO DAÑOS,Choque,Adelantar cerrando,Calle 46  Sur Carrera 46 B,PRIMAVERA,Urbana,"(6.165325085, -75.59741757)"
2161307,06/01/2016,6:30 p.m.,miércoles,AUTOMOVIL,PUBLICO,Conductor,Masculino,No,N/A,SOLO DAÑOS,Choque,Desobedecer senales,Calle 40 F Sur Carrera 32 B,N/R,Urbana,"(6.162643008, -75.585907038)"
2161307,06/01/2016,6:30 p.m.,miércoles,MOTOCICLETA,PARTICULAR,Motociclista,Femenino,No,N/A,SOLO DAÑOS,Choque,Desobedecer senales,Calle 40 F Sur Carrera 32 B,N/R,Urbana,"(6.162643008, -75.585907038)"
2161293,06/01/2016,10:00 p.m.,miércoles,AUTOMOVIL,PARTICULAR,Conductor,Masculino,No,N/A,SOLO DAÑOS,Choque,Exceso de velocidad,Tramo 181 Kilometro  1,N/R,Rural,
2161289,06/01/2016,11:40 p.m.,miércoles,CAMPERO,PARTICULAR,Conductor,Masculino,No,N/A,SOLO DAÑOS,Choque,No mantener distancia de seguridad,Calle 30  Sur Carrera 48,LAS VEGAS,Urbana,"(6.180376127, -75.590288049)"
2161289,06/01/2016,11:40 p.m.,miércoles,MOTOCICLETA,PARTICULAR,Motociclista,Masculino,No,N/A,SOLO DAÑOS,Choque,No mantener distancia de seguridad,Calle 30  Sur Carrera 48,LAS VEGAS,Urbana,"(6.180376127, -75.590288049)"
2161297,06/02/2016,5:45 a.m.,jueves,AUTOMOVIL,PARTICULAR,Conductor,Masculino,No,N/A,SOLO DAÑOS,Choque,No mantener distancia de seguridad,Calle 37  Sur Carrera 50,LAS VEGAS,Urbana,
2161297,06/02/2016,5:45 a.m.,jueves,MOTOCICLETA,PARTICULAR,Motociclista,Masculino,No,N/A,SOLO DAÑOS,Choque,No mantener distancia de seguridad,Calle 37  Sur Carrera 50,LAS VEGAS,Urbana,
2161348,06/02/2016,9:00 a.m.,jueves,MICROBUS,PARTICULAR,Conductor,Masculino,No,N/A,SOLO DAÑOS,Choque,No mantener distancia de seguridad,Calle 32  Sur Carrera 50,LAS VEGAS,Urbana,
2161348,06/02/2016,9:00 a.m.,jueves,AUTOMOVIL,PARTICULAR,Conductor,Masculino,No,N/A,SOLO DAÑOS,Choque,No mantener distancia de seguridad,Calle 32  Sur Carrera 50,LAS VEGAS,Urbana,
2161302,06/02/2016,9:30 a.m.,jueves,MOTOCICLETA,PARTICULAR,Motociclista,Femenino,No,N/A,HERIDO,Choque,Otra,Diagonal 32 Transversal 33,LA MAGNOLIA,Urbana,"(6.174622044, -75.582118553)"
2161302,06/02/2016,9:30 a.m.,jueves,AUTOMOVIL,PARTICULAR,Conductor,Masculino,No,N/A,HERIDO,Choque,Otra,Diagonal 32 Transversal 33,LA MAGNOLIA,Urbana,"(6.174622044, -75.582118553)"
2161305,06/02/2016,11:30 a.m.,jueves,MOTOCICLETA,PARTICULAR,Motociclista,Masculino,No,N/A,HERIDO,Atropello,Cruzar sin observar,Carrera 24 D Calle 1  Sur,VEREDA EL VALLANO,Urbana,
2161345,06/02/2016,2:20 p.m.,jueves,AUTOMOVIL,PARTICULAR,Conductor,Masculino,No,N/A,SOLO DAÑOS,Choque,Desobedecer senales,Diagonal 32 D Transversal 34,LOS NARANJOS,Urbana,"(6.172908151, -75.583144415)"
2161345,06/02/2016,2:20 p.m.,jueves,MOTOCICLETA,PARTICULAR,Motociclista,Masculino,No,N/A,SOLO DAÑOS,Choque,Desobedecer senales,Diagonal 32 D Transversal 34,LOS NARANJOS,Urbana,"(6.172908151, -75.583144415)"
2161308,06/02/2016,2:50 p.m.,jueves,AUTOMOVIL,PARTICULAR,Conductor,Masculino,No,N/A,SOLO DAÑOS,Choque,No respetar prelacion,Calle 21  Sur Carrera 43 A,AVENIDA EL POBLADO,Urbana,"(6.18399286, -75.579597643)"
2161308,06/02/2016,2:50 p.m.,jueves,CAMIONETA,PARTICULAR,Conductor,Masculino,No,N/A,SOLO DAÑOS,Choque,No respetar prelacion,Calle 21  Sur Carrera 43 A,AVENIDA EL POBLADO,Urbana,"(6.18399286, -75.579597643)"
2161309,06/02/2016,6:15 p.m.,jueves,AUTOMOVIL,PARTICULAR,Conductor,Femenino,No,N/A,SOLO DAÑOS,Choque,Adelantar cerrando,Calle 37  Sur Carrera 43 A,ZONA CENTRO,Urbana,"(6.171151654, -75.58815663)"
2161309,06/02/2016,6:15 p.m.,jueves,BUS,PUBLICO,Conductor,Masculino,No,N/A,SOLO DAÑOS,Choque,Adelantar cerrando,Calle 37  Sur Carrera 43 A,ZONA CENTRO,Urbana,"(6.171151654, -75.58815663)"
2161304,06/02/2016,6:20 p.m.,jueves,MOTOCICLETA,PARTICULAR,Motociclista,Masculino,No,N/A,SOLO DAÑOS,Choque,Adelantar en zona prohibida,Calle 36 D Sur Carrera 27 D,LA MAGNOLIA,Urbana,"(6.164970853, -75.574637268)"
2161304,06/02/2016,6:20 p.m.,jueves,AUTOMOVIL,PARTICULAR,Conductor,Femenino,No,N/A,SOLO DAÑOS,Choque,Desobedecer senales,Calle 36 D Sur Carrera 27 D,LA MAGNOLIA,Urbana,"(6.164970853, -75.574637268)"
2161304,06/02/2016,6:20 p.m.,jueves,AUTOMOVIL,PARTICULAR,Conductor,Femenino,No,N/A,SOLO DAÑOS,Choque,Adelantar en zona prohibida,Calle 36 D Sur Carrera 27 D,LA MAGNOLIA,Urbana,"(6.164970853, -75.574637268)"
2161304,06/02/2016,6:20 p.m.,jueves,MOTOCICLETA,PARTICULAR,Motociclista,Masculino,No,N/A,SOLO DAÑOS,Choque,Desobedecer senales,Calle 36 D Sur Carrera 27 D,LA MAGNOLIA,Urbana,"(6.164970853, -75.574637268)"
2161335,06/02/2016,6:50 p.m.,jueves,MOTOCICLETA,PARTICULAR,Motociclista,Masculino,No,N/A,SOLO DAÑOS,Choque,Adelantar en zona prohibida,Calle 40  Sur Carrera 43 A,EL DORADO,Urbana,"(6.167965983, -75.590242146)"
2161335,06/02/2016,6:50 p.m.,jueves,CAMIONETA,PARTICULAR,Conductor,Masculino,No,N/A,SOLO DAÑOS,Choque,Adelantar en zona prohibida,Calle 40  Sur Carrera 43 A,EL DORADO,Urbana,"(6.167965983, -75.590242146)"
2161318,06/02/2016,8:00 p.m.,jueves,MOTOCICLETA,PARTICULAR,Motociclista,Masculino,No,N/A,HERIDO,Atropello,Cruzar sin observar,Diagonal 30 A Transversal 34 D,LA SEBASTIANA,Urbana,"(6.171912234, -75.578745579)"
2161346,06/02/2016,8:30 p.m.,jueves,AUTOMOVIL,PARTICULAR,Conductor,Masculino,No,N/A,SOLO DAÑOS,Choque,Adelantar cerrando,Calle 21  Sur Carrera 44,ZU├æIGA,Urbana,
2161346,06/02/2016,8:30 p.m.,jueves,CAMIONETA,PARTICULAR,Conductor,Masculino,No,N/A,SOLO DAÑOS,Choque,Adelantar cerrando,Calle 21  Sur Carrera 44,ZU├æIGA,Urbana,
2161306,06/02/2016,11:15 p.m.,jueves,MOTOCICLETA,PARTICULAR,Motociclista,Masculino,No,N/A,MUERTO,Choque,Exceso de velocidad,Tramo 372 Kilometro  13,VEREDA PALMAS,Rural,
2161327,06/03/2016,1:35 a.m.,viernes,CAMIONETA,PARTICULAR,Conductor,Masculino,No,N/A,SOLO DAÑOS,Choque,Impericia en el manejo,Calle 48 C Sur Carrera 42,N/R,Urbana,"(6.159138282, -75.596259706)"
2161327,06/03/2016,1:35 a.m.,viernes,AUTOMOVIL,PARTICULAR,Conductor,Masculino,No,N/A,SOLO DAÑOS,Choque,Impericia en el manejo,Calle 48 C Sur Carrera 42,N/R,Urbana,"(6.159138282, -75.596259706)"
2161365,06/03/2016,6:50 a.m.,viernes,MOTOCICLETA,PARTICULAR,Motociclista,Masculino,No,N/A,SOLO DAÑOS,Choque,No respetar prelacion,Calle 40 F Sur Carrera 24 D,LA MINA,Urbana,"(6.153189897, -75.58381114)"
2161365,06/03/2016,6:50 a.m.,viernes,AUTOMOVIL,PARTICULAR,Conductor,Masculino,No,N/A,SOLO DAÑOS,Choque,No respetar prelacion,Calle 40 F Sur Carrera 24 D,LA MINA,Urbana,"(6.153189897, -75.58381114)"
2161314,06/03/2016,7:10 a.m.,viernes,AUTOMOVIL,PUBLICO,Conductor,Masculino,No,N/A,SOLO DAÑOS,Choque,Desobedecer senales,Diagonal 31 D Transversal 32 A,N/R,Urbana,"(6.176123022, -75.581019924)"
2161314,06/03/2016,7:10 a.m.,viernes,MOTOCICLETA,PARTICULAR,Motociclista,Masculino,No,N/A,SOLO DAÑOS,Choque,Desobedecer senales,Diagonal 31 D Transversal 32 A,N/R,Urbana,"(6.176123022, -75.581019924)"
2161340,06/03/2016,9:00 a.m.,viernes,MICROBUS,PUBLICO,Conductor,Masculino,No,N/A,SOLO DAÑOS,Choque,Adelantar cerrando,Calle 21  Sur Carrera 44,ZU├æIGA,Urbana,
2161340,06/03/2016,9:00 a.m.,viernes,AUTOMOVIL,PUBLICO,Conductor,Masculino,No,N/A,SOLO DAÑOS,Choque,Adelantar cerrando,Calle 21  Sur Carrera 44,ZU├æIGA,Urbana,
2161328,06/03/2016,12:00 p.m.,viernes,MICROBUS,PUBLICO,Conductor,Masculino,No,N/A,SOLO DAÑOS,Choque,Poner en marcha un vehiculo sin precauci,Calle 53 C Sur Carrera 43 A,N/R,Urbana,
2161328,06/03/2016,12:00 p.m.,viernes,CAMIONETA,PARTICULAR,Conductor,Masculino,No,N/A,SOLO DAÑOS,Choque,Poner en marcha un vehiculo sin precauci,Calle 53 C Sur Carrera 43 A,N/R,Urbana,
2161323,06/03/2016,12:30 p.m.,viernes,MOTOCICLETA,PARTICULAR,Motociclista,Masculino,No,N/A,SOLO DAÑOS,Choque,Adelantar por la derecha,Calle 26  Sur Carrera 42 B,LAS ORQUIDEAS,Urbana,"(6.178213645, -75.57937395)"
2161323,06/03/2016,12:30 p.m.,viernes,AUTOMOVIL,PARTICULAR,Conductor,Masculino,No,N/A,SOLO DAÑOS,Choque,Desobedecer senales,Calle 26  Sur Carrera 42 B,LAS ORQUIDEAS,Urbana,"(6.178213645, -75.57937395)"
2161323,06/03/2016,12:30 p.m.,viernes,AUTOMOVIL,PARTICULAR,Conductor,Masculino,No,N/A,SOLO DAÑOS,Choque,Adelantar por la derecha,Calle 26  Sur Carrera 42 B,LAS ORQUIDEAS,Urbana,"(6.178213645, -75.57937395)"
2161323,06/03/2016,12:30 p.m.,viernes,CAMION,PUBLICO,Conductor,Masculino,No,N/A,SOLO DAÑOS,Choque,Desobedecer senales,Calle 26  Sur Carrera 42 B,LAS ORQUIDEAS,Urbana,"(6.178213645, -75.57937395)"
2161323,06/03/2016,12:30 p.m.,viernes,CAMION,PUBLICO,Conductor,Masculino,No,N/A,SOLO DAÑOS,Choque,Adelantar por la derecha,Calle 26  Sur Carrera 42 B,LAS ORQUIDEAS,Urbana,"(6.178213645, -75.57937395)"