RADICADO,FECHA,HORA,DÍA DE LA SEMANA,CLASE DE VEHICULO,TIPO DE SERVICIO,TIPO DE VICTIMA,SEXO,ESTADO DE BEODEZ,RESULTADO DE BEODEZ,GRAVEDAD,CLASE DE ACCIDENTE,CAUSA,DIRECCIÓN,BARRIO,AREA,Coordenadas
2161323,06/03/2016,12:30 p.m.,viernes,MOTOCICLETA,PARTICULAR,Motociclista,Masculino,No,N/A,SOLO DAÑOS,Choque,Desobedecer senales,Calle 26  Sur Carrera 42 B,LAS ORQUIDEAS,Urbana,"(6.178213645, -75.57937395)"
2161357,06/03/2016,2:00 p.m.,viernes,MOTOCICLETA,PARTICULAR,Motociclista,Masculino,No,N/A,SOLO DAÑOS,Choque,Desobedecer senales,Diagonal 40 Transversal 34,LA MAGNOLIA,Urbana,"(6.172071276, -75.58511796)"
2161357,06/03/2016,2:00 p.m.,viernes,AUTOMOVIL,PARTICULAR,Conductor,Masculino,No,N/A,SOLO DAÑOS,Choque,Desobedecer senales,Diagonal 40 Transversal 34,LA MAGNOLIA,Urbana,"(6.172071276, -75.58511796)"
2161331,06/03/2016,3:20 p.m.,viernes,AUTOMOVIL,PARTICULAR,Conductor,Masculino,No,N/A,SOLO DAÑOS,Choque,Adelantar cerrando,Calle 36 D Sur Carrera 27,VEREDA EL ESCOBERO,Urbana,"(6.162479576, -75.570222573)"
2161331,06/03/2016,3:20 p.m.,viernes,CAMIONETA,PARTICULAR,Conductor,Masculino,No,N/A,SOLO DAÑOS,Choque,Adelantar cerrando,Calle 36 D Sur Carrera 27,VEREDA EL ESCOBERO,Urbana,"(6.162479576, -75.570222573)"
2161315,06/03/2016,4:00 p.m.,viernes,MOTOCICLETA,PARTICULAR,Motociclista,Femenino,No,N/A,HERIDO,Atropello,Cruzar sin observar,Calle 47  Sur Carrera 43 A,AVENIDA EL POBLADO,Urbana,"(6.167574091, -75.596440299)"
2161330,06/03/2016,4:45 p.m.,viernes,AUTOMOVIL,PARTICULAR,Conductor,Masculino,No,N/A,SOLO DAÑOS,Choque,Impericia en el manejo,Diagonal 39 Transversal 33,LA MAGNOLIA,Urbana,"(6.173663146, -75.584976775)"
2161332,06/05/2016,12:50 p.m.,domingo,AUTOMOVIL,PARTICULAR,Conductor,Masculino,No,N/A,SOLO DAÑOS,Choque,Otra,Calle 19  Sur Carrera 48,LAS VEGAS,Urbana,
2161330,06/03/2016,4:45 p.m.,viernes,CAMION,PUBLICO,Conductor,Masculino,No,N/A,SOLO DAÑOS,Choque,Impericia en el manejo,Diagonal 39 Transversal 33,LA MAGNOLIA,Urbana,"(6.173663146, -75.584976775)"
2161364,06/03/2016,5:20 p.m.,viernes,AUTOMOVIL,PARTICULAR,Conductor,Masculino,No,N/A,SOLO DAÑOS,Choque,No mantener distancia de seguridad,Calle 37  Sur Carrera 50,LAS VEGAS,Urbana,
2161364,06/03/2016,5:20 p.m.,viernes,CAMIONETA,PARTICULAR,Conductor,Masculino,No,N/A,SOLO DAÑOS,Choque,No mantener distancia de seguridad,Calle 37  Sur Carrera 50,LAS VEGAS,Urbana,
2161339,06/03/2016,5:50 p.m.,viernes,CAMION,PUBLICO,Conductor,Masculino,No,N/A,SOLO DAÑOS,Choque,Exceso de velocidad,Calle 32 B Sur Carrera 48,LAS VEGAS,Urbana,"(6.177255701, -75.590031365)"
2161339,06/03/2016,5:50 p.m.,viernes,AUTOMOVIL,PARTICULAR,Conductor,Masculino,No,N/A,SOLO DAÑOS,Choque,Exceso de velocidad,Calle 32 B Sur Carrera 48,LAS VEGAS,Urbana,"(6.177255701, -75.590031365)"
2161321,06/03/2016,6:00 p.m.,viernes,MOTOCICLETA,PARTICULAR,Motociclista,Masculino,No,N/A,HERIDO,Choque,Desobedecer senales,Calle 40 B Sur Carrera 40 A,EL DORADO,Urbana,"(6.165969162, -75.587800133)"
2161321,06/03/2016,6:00 p.m.,viernes,MOTOCICLETA,PARTICULAR,Motociclista,Masculino,No,N/A,HERIDO,Choque,Desobedecer senales,Calle 40 B Sur Carrera 40 A,EL DORADO,Urbana,"(6.165969162, -75.587800133)"
2161333,06/03/2016,7:10 p.m.,viernes,MOTOCICLETA,PARTICULAR,Motociclista,Masculino,No,N/A,SOLO DAÑOS,Choque,Desobedecer senales,Calle 46  Sur Carrera 46,PRIMAVERA,Urbana,"(6.164633401, -75.596689606)"
2161333,06/03/2016,7:10 p.m.,viernes,AUTOMOVIL,PARTICULAR,Conductor,Femenino,No,N/A,SOLO DAÑOS,Choque,Desobedecer senales,Calle 46  Sur Carrera 46,PRIMAVERA,Urbana,"(6.164633401, -75.596689606)"
2161325,06/03/2016,7:50 p.m.,viernes,AUTOMOVIL,PARTICULAR,Conductor,Femenino,No,N/A,HERIDO,Choque,Otra,Calle 23  Sur Carrera 43 A,AVENIDA EL POBLADO,Urbana,"(6.182706228, -75.580329956)"
2161341,06/05/2016,2:25 p.m.,domingo,CAMPERO,PARTICULAR,Conductor,Masculino,No,N/A,SOLO DAÑOS,Choque,Adelantar en zona prohibida,Tramo 372 Kilometro  60,VEREDA PALMAS,Rural,
2161325,06/03/2016,7:50 p.m.,viernes,AUTOMOVIL,PUBLICO,Conductor,Masculino,No,N/A,HERIDO,Choque,Otra,Calle 23  Sur Carrera 43 A,AVENIDA EL POBLADO,Urbana,"(6.182706228, -75.580329956)"
2161337,06/03/2016,11:50 p.m.,viernes,MOTOCICLETA,PARTICULAR,Motociclista,Masculino,No,N/A,HERIDO,Choque,Otra,Calle 38 A Sur Carrera 41,ZONA CENTRO,Urbana,"(6.168560755, -75.587015366)"
2161337,06/03/2016,11:50 p.m.,viernes,AUTOMOVIL,PUBLICO,Conductor,Masculino,No,N/A,HERIDO,Choque,Otra,Calle 38 A Sur Carrera 41,ZONA CENTRO,Urbana,"(6.168560755, -75.587015366)"
2161322,06/04/2016,9:50 a.m.,sábado,AUTOMOVIL,PARTICULAR,Conductor,Femenino,No,N/A,SOLO DAÑOS,Choque,Adelantar cerrando,Calle 25 A Sur Carrera 43 A,VILLA GRANDE,Urbana,"(6.181689385, -75.582417986)"
2161322,06/04/2016,9:50 a.m.,sábado,CAMIONETA,PARTICULAR,Conductor,Femenino,No,N/A,SOLO DAÑOS,Choque,Adelantar cerrando,Calle 25 A Sur Carrera 43 A,VILLA GRANDE,Urbana,"(6.181689385, -75.582417986)"
2161343,06/04/2016,11:15 a.m.,sábado,CAMION,PUBLICO,Conductor,Masculino,No,N/A,SOLO DAÑOS,Choque,Adelantar cerrando,Calle 37  Sur Carrera 30,LAS VEGAS,Urbana,
2161343,06/04/2016,11:15 a.m.,sábado,AUTOMOVIL,PARTICULAR,Conductor,Masculino,No,N/A,SOLO DAÑOS,Choque,Adelantar cerrando,Calle 37  Sur Carrera 30,LAS VEGAS,Urbana,
2161317,06/04/2016,11:25 a.m.,sábado,MICROBUS,PUBLICO,Conductor,Masculino,No,N/A,SOLO DAÑOS,Choque,Adelantar cerrando,Calle 33 B Sur Carrera 43,ZONA CENTRO,Urbana,"(6.172981087, -75.586076226)"
2161317,06/04/2016,11:25 a.m.,sábado,AUTOMOVIL,PARTICULAR,Conductor,Femenino,No,N/A,SOLO DAÑOS,Choque,Adelantar cerrando,Calle 33 B Sur Carrera 43,ZONA CENTRO,Urbana,"(6.172981087, -75.586076226)"
2161320,06/04/2016,12:05 p.m.,sábado,AUTOMOVIL,PUBLICO,Conductor,Masculino,No,N/A,SOLO DAÑOS,Choque,Adelantar cerrando,Calle 26  Sur Carrera 50,LAS VEGAS,Urbana,
2161320,06/04/2016,12:05 p.m.,sábado,CAMPERO,PARTICULAR,Conductor,Masculino,No,N/A,SOLO DAÑOS,Choque,Adelantar cerrando,Calle 26  Sur Carrera 50,LAS VEGAS,Urbana,
2161324,06/04/2016,12:30 p.m.,sábado,AUTOMOVIL,PARTICULAR,Conductor,Masculino,No,N/A,SOLO DAÑOS,Choque,No mantener distancia de seguridad,Calle 37  Sur Carrera 45 B,EL PORTAL,Urbana,"(6.172791889, -75.590711549)"
2161324,06/04/2016,12:30 p.m.,sábado,AUTOMOVIL,PARTICULAR,Conductor,Masculino,No,N/A,SOLO DAÑOS,Choque,No mantener distancia de seguridad,Calle 37  Sur Carrera 45 B,EL PORTAL,Urbana,"(6.172791889, -75.590711549)"
2161329,06/04/2016,12:55 p.m.,sábado,CAMPERO,PARTICULAR,Conductor,Femenino,No,N/A,SOLO DAÑOS,Choque,Reverso imprudente,Calle 38 B Sur Carrera 26,N/R,Urbana,
2161329,06/04/2016,12:55 p.m.,sábado,AUTOMOVIL,PARTICULAR,Conductor,Masculino,No,N/A,SOLO DAÑOS,Choque,Reverso imprudente,Calle 38 B Sur Carrera 26,N/R,Urbana,
2161352,06/04/2016,1:00 p.m.,sábado,AUTOMOVIL,PARTICULAR,Conductor,Masculino,No,N/A,SOLO DAÑOS,Choque,Adelantar cerrando,Calle 21  Sur Carrera 44,ZU├æIGA,Urbana,
2161352,06/04/2016,1:00 p.m.,sábado,CAMIONETA,PARTICULAR,Conductor,Masculino,No,N/A,SOLO DAÑOS,Choque,Adelantar cerrando,Calle 21  Sur Carrera 44,ZU├æIGA,Urbana,
2161336,06/04/2016,1:30 p.m.,sábado,BUS,PUBLICO,Conductor,Masculino,No,N/A,SOLO DAÑOS,Choque,No mantener distancia de seguridad,Calle 30  Sur Carrera 48,LAS VEGAS,Urbana,"(6.180376127, -75.590288049)"
2161336,06/04/2016,1:30 p.m.,sábado,CAMPERO,PARTICULAR,Conductor,Masculino,No,N/A,SOLO DAÑOS,Choque,No mantener distancia de seguridad,Calle 30  Sur Carrera 48,LAS VEGAS,Urbana,"(6.180376127, -75.590288049)"
2161682,06/04/2016,1:45 p.m.,sábado,CAMIONETA,PUBLICO,Conductor,Masculino,No,N/A,SOLO DAÑOS,Choque,Otra,Calle 37 A Sur Carrera 33,MESA,Urbana,"(6.166332677, -75.582037182)"
2161682,06/04/2016,1:45 p.m.,sábado,AUTOMOVIL,PARTICULAR,Conductor,Masculino,No,N/A,SOLO DAÑOS,Choque,Otra,Calle 37 A Sur Carrera 33,MESA,Urbana,"(6.166332677, -75.582037182)"
2161334,06/04/2016,2:00 p.m.,sábado,BUS,PUBLICO,Conductor,Masculino,No,N/A,SOLO DAÑOS,Choque,Adelantar cerrando,Calle 38  Sur Carrera 39,ZONA CENTRO,Urbana,"(6.16839174, -75.585247797)"
2161334,06/04/2016,2:00 p.m.,sábado,AUTOMOVIL,PARTICULAR,Conductor,Masculino,No,N/A,SOLO DAÑOS,Choque,Adelantar cerrando,Calle 38  Sur Carrera 39,ZONA CENTRO,Urbana,"(6.16839174, -75.585247797)"
2161349,06/04/2016,2:00 p.m.,sábado,MOTOCICLETA,PARTICULAR,Motociclista,Masculino,No,N/A,HERIDO,Choque,Desobedecer senales,Calle 40  Sur Carrera 48,EL TRIANON,Urbana,"(6.158744179, -75.594597118)"
2161349,06/04/2016,2:00 p.m.,sábado,MOTOCICLETA,PARTICULAR,Motociclista,Masculino,No,N/A,HERIDO,Choque,Desobedecer senales,Calle 40  Sur Carrera 48,EL TRIANON,Urbana,"(6.158744179, -75.594597118)"
2161349,06/04/2016,2:00 p.m.,sábado,MOTOCICLETA,PARTICULAR,Motociclista,Femenino,No,N/A,HERIDO,Choque,Desobedecer senales,Calle 40  Sur Carrera 48,EL TRIANON,Urbana,"(6.158744179, -75.594597118)"
2161351,06/04/2016,2:30 p.m.,sábado,CAMIONETA,PARTICULAR,Conductor,Femenino,No,N/A,HERIDO,Atropello,Cruzar sin observar,Calle 39  Sur Carrera 41,ZONA CENTRO,Urbana,"(6.167870042, -75.587448707)"
2161376,06/04/2016,2:30 p.m.,sábado,MOTOCICLETA,PARTICULAR,Motociclista,Femenino,No,N/A,HERIDO,Choque,Adelantar en zona prohibida,Calle 46  Sur Carrera 48,N/R,Urbana,"(6.162824447, -75.599686607)"
2161376,06/04/2016,2:30 p.m.,sábado,AUTOMOVIL,PARTICULAR,Conductor,Femenino,No,N/A,HERIDO,Choque,Adelantar en zona prohibida,Calle 46  Sur Carrera 48,N/R,Urbana,"(6.162824447, -75.599686607)"
2161344,06/04/2016,2:50 p.m.,sábado,AUTOMOVIL,PARTICULAR,Conductor,Masculino,No,N/A,SOLO DAÑOS,Choque,Exceso de velocidad,Tramo 372 Kilometro  100,VEREDA PALMAS,Rural,
2161344,06/04/2016,2:50 p.m.,sábado,AUTOMOVIL,PARTICULAR,Conductor,Masculino,No,N/A,SOLO DAÑOS,Choque,Exceso de velocidad,Tramo 372 Kilometro  100,VEREDA PALMAS,Rural,
2161326,06/04/2016,3:30 p.m.,sábado,MOTOCICLETA,PARTICULAR,Motociclista,Masculino,No,N/A,SOLO DAÑOS,Choque,No mantener distancia de seguridad,Calle 39  Sur Carrera 28,N/R,Urbana,"(6.160790572, -75.579428456)"
2161326,06/04/2016,3:30 p.m.,sábado,MOTOCICLETA,PARTICULAR,Motociclista,Masculino,No,N/A,SOLO DAÑOS,Choque,No mantener distancia de seguridad,Calle 39  Sur Carrera 28,N/R,Urbana,"(6.160790572, -75.579428456)"
2161338,06/04/2016,4:10 p.m.,sábado,CAMIONETA,PUBLICO,Conductor,Masculino,No,N/A,SOLO DAÑOS,Choque,Impericia en el manejo,Diagonal 33 Transversal 35 D,LOS NARANJOS,Urbana,"(6.168464855, -75.581536708)"
2161338,06/04/2016,4:10 p.m.,sábado,AUTOMOVIL,PARTICULAR,Conductor,Masculino,No,N/A,SOLO DAÑOS,Choque,Impericia en el manejo,Diagonal 33 Transversal 35 D,LOS NARANJOS,Urbana,"(6.168464855, -75.581536708)"
2161311,06/04/2016,10:10 p.m.,sábado,MICROBUS,PARTICULAR,Conductor,Masculino,No,N/A,SOLO DAÑOS,Choque,No mantener distancia de seguridad,Calle 21  Sur Carrera 41,N/R,Urbana,"(6.182165945, -75.576776678)"
2161311,06/04/2016,10:10 p.m.,sábado,CAMPERO,PARTICULAR,Conductor,Masculino,No,N/A,SOLO DAÑOS,Choque,No mantener distancia de seguridad,Calle 21  Sur Carrera 41,N/R,Urbana,"(6.182165945, -75.576776678)"
2161355,06/05/2016,2:38 a.m.,domingo,AUTOMOVIL,PUBLICO,Conductor,Masculino,No,N/A,HERIDO,Atropello,Cruzar sin observar,Calle 33 A Sur Carrera 43 A,SAN MARCOS,Urbana,
2161353,06/05/2016,6:45 a.m.,domingo,MICROBUS,PUBLICO,Conductor,Masculino,No,N/A,HERIDO,Choque,Transitar entre vehiculos,Calle 33 B Sur Carrera 42,ZONA CENTRO,Urbana,"(6.17255447, -75.585549568)"
2161353,06/05/2016,6:45 a.m.,domingo,MOTOCICLETA,PARTICULAR,Motociclista,Masculino,No,N/A,HERIDO,Choque,Transitar entre vehiculos,Calle 33 B Sur Carrera 42,ZONA CENTRO,Urbana,"(6.17255447, -75.585549568)"
2161359,06/05/2016,7:20 a.m.,domingo,MICROBUS,PUBLICO,Conductor,Masculino,No,N/A,SOLO DAÑOS,Choque,Reverso imprudente,Calle 39  Sur Carrera 49,LAS VEGAS,Urbana,
2161359,06/05/2016,7:20 a.m.,domingo,AUTOMOVIL,PUBLICO,Conductor,Masculino,No,N/A,SOLO DAÑOS,Choque,Reverso imprudente,Calle 39  Sur Carrera 49,LAS VEGAS,Urbana,
2161342,06/05/2016,12:45 p.m.,domingo,AUTOMOVIL,PARTICULAR,Conductor,Masculino,No,N/A,SOLO DAÑOS,Choque,Otra,Diagonal 33 Transversal 32 A Sur,LA MAGNOLIA,Urbana,"(6.174904994, -75.584648578)"
2161342,06/05/2016,12:45 p.m.,domingo,MOTOCICLETA,PARTICULAR,Motociclista,Masculino,No,N/A,SOLO DAÑOS,Choque,Otra,Diagonal 33 Transversal 32 A Sur,LA MAGNOLIA,Urbana,"(6.174904994, -75.584648578)"
2161332,06/05/2016,12:50 p.m.,domingo,AUTOMOVIL,PARTICULAR,Conductor,Femenino,No,N/A,SOLO DAÑOS,Choque,Otra,Calle 19  Sur Carrera 48,LAS VEGAS,Urbana,
2161310,06/05/2016,2:12 p.m.,domingo,MOTOCICLETA,PARTICULAR,Motociclista,Masculino,No,N/A,HERIDO,Choque,Exceso de velocidad,Calle 49 D Sur Carrera 40 A,N/R,Urbana,"(6.155814881, -75.600754668)"
2161341,06/05/2016,2:25 p.m.,domingo,MOTOCICLETA,PARTICULAR,Motociclista,Masculino,No,N/A,SOLO DAÑOS,Choque,Adelantar en zona prohibida,Tramo 372 Kilometro  60,VEREDA PALMAS,Rural,
2161319,06/06/2016,12:15 p.m.,lunes,CAMIONETA,PARTICULAR,Conductor,Masculino,No,N/A,SOLO DAÑOS,Choque,Adelantar cerrando,Calle 36 D Sur Carrera 36 D,VEREDA EL ESCOBERO,Urbana,
2161319,06/06/2016,12:15 p.m.,lunes,AUTOMOVIL,PARTICULAR,Conductor,Masculino,No,N/A,SOLO DAÑOS,Choque,Adelantar cerrando,Calle 36 D Sur Carrera 36 D,VEREDA EL ESCOBERO,Urbana,
2161362,06/06/2016,1:30 p.m.,lunes,BUS,PUBLICO,Conductor,Masculino,No,N/A,SOLO DAÑOS,Choque,Adelantar cerrando,Calle 46 A Sur Carrera 43 A,AVENIDA EL POBLADO,Urbana,"(6.163929718, -75.598167455)"
2161362,06/06/2016,1:30 p.m.,lunes,AUTOMOVIL,PARTICULAR,Conductor,Masculino,No,N/A,SOLO DAÑOS,Choque,Adelantar cerrando,Calle 46 A Sur Carrera 43 A,AVENIDA EL POBLADO,Urbana,"(6.163929718, -75.598167455)"
2161316,06/06/2016,5:00 p.m.,lunes,AUTOMOVIL,PARTICULAR,Conductor,Masculino,No,N/A,SOLO DAÑOS,Choque,No mantener distancia de seguridad,Calle 26  Sur Carrera 50,LAS VEGAS,Urbana,
2161316,06/06/2016,5:00 p.m.,lunes,AUTOMOVIL,PARTICULAR,Conductor,Masculino,No,N/A,SOLO DAÑOS,Choque,No mantener distancia de seguridad,Calle 26  Sur Carrera 50,LAS VEGAS,Urbana,
2161316,06/06/2016,5:00 p.m.,lunes,AUTOMOVIL,PUBLICO,Conductor,Masculino,No,N/A,SOLO DAÑOS,Choque,No mantener distancia de seguridad,Calle 26  Sur Carrera 50,LAS VEGAS,Urbana,
2161590,06/06/2016,5:15 p.m.,lunes,MOTOCICLETA,PARTICULAR,Motociclista,Femenino,No,N/A,SOLO DAÑOS,Choque,Otra,Tramo 372 Kilometro  10,VEREDA PALMAS,Rural,
2161590,06/06/2016,5:15 p.m.,lunes,AUTOMOVIL,PARTICULAR,Conductor,Masculino,No,N/A,SOLO DAÑOS,Choque,Otra,Tramo 372 Kilometro  10,VEREDA PALMAS,Rural,
2161312,06/06/2016,5:30 p.m.,lunes,CAMIONETA,PARTICULAR,Conductor,Masculino,No,N/A,SOLO DAÑOS,Choque,Reverso imprudente,Diagonal 30 Transversal 34 DD,LA SEBASTIANA,Urbana,"(6.1718058, -75.578268528)"
2161312,06/06/2016,5:30 p.m.,lunes,AUTOMOVIL,PARTICULAR,Conductor,Masculino,No,N/A,SOLO DAÑOS,Choque,Reverso imprudente,Diagonal 30 Transversal 34 DD,LA SEBASTIANA,Urbana,"(6.1718058, -75.578268528)"
2161366,06/06/2016,5:30 p.m.,lunes,AUTOMOVIL,PARTICULAR,Conductor,Masculino,No,N/A,SOLO DAÑOS,Choque,Adelantar por la derecha,Tramo 181 Kilometro  140,N/R,Rural,
2161366,06/06/2016,5:30 p.m.,lunes,MOTOCICLETA,PARTICULAR,Motociclista,Masculino,No,N/A,SOLO DAÑOS,Choque,Adelantar por la derecha,Tramo 181 Kilometro  140,N/R,Rural,
2161366,06/06/2016,5:30 p.m.,lunes,AUTOMOVIL,PARTICULAR,Conductor,Femenino,No,N/A,SOLO DAÑOS,Choque,Adelantar por la derecha,Tramo 181 Kilometro  140,N/R,Rural,
2161313,06/06/2016,6:10 p.m.,lunes,MOTOCICLETA,PARTICULAR,Motociclista,Masculino,No,N/A,HERIDO,Choque,Transitar entre vehiculos,Calle 39  Sur Carrera 48,ALCALA,Urbana,"(6.17373153, -75.596883967)"
2161313,06/06/2016,6:10 p.m.,lunes,MOTOCICLETA,PARTICULAR,Motociclista,Masculino,No,N/A,HERIDO,Choque,Transitar entre vehiculos,Calle 39  Sur Carrera 48,ALCALA,Urbana,"(6.17373153, -75.596883967)"
2161360,06/06/2016,10:00 p.m.,lunes,AUTOMOVIL,PARTICULAR,Conductor,Masculino,No,N/A,SOLO DAÑOS,Choque,Adelantar cerrando,Calle 37  Sur Carrera 48,LAS VEGAS,Urbana,"(6.17412211, -75.593061115)"
2161360,06/06/2016,10:00 p.m.,lunes,AUTOMOVIL,PARTICULAR,Conductor,Masculino,No,N/A,SOLO DAÑOS,Choque,Adelantar cerrando,Calle 37  Sur Carrera 48,LAS VEGAS,Urbana,"(6.17412211, -75.593061115)"
2161361,06/07/2016,6:00 a.m.,martes,AUTOMOVIL,PARTICULAR,Conductor,Femenino,No,N/A,SOLO DAÑOS,Choque,Desobedecer senales,Diagonal 32 B Transversal 33 A,LA MAGNOLIA,Urbana,"(6.173859675, -75.582667092)"
2161361,06/07/2016,6:00 a.m.,martes,CAMIONETA,PARTICULAR,Conductor,Masculino,No,N/A,SOLO DAÑOS,Choque,Desobedecer senales,Diagonal 32 B Transversal 33 A,LA MAGNOLIA,Urbana,"(6.173859675, -75.582667092)"
2161358,06/07/2016,6:50 a.m.,martes,MOTOCICLETA,PARTICULAR,Motociclista,Femenino,No,N/A,HERIDO,Choque,No respetar prelacion,Calle 23  Sur Carrera 28,ZU├æIGA,Urbana,"(6.178187463, -75.570433109)"
2161358,06/07/2016,6:50 a.m.,martes,CAMPERO,PARTICULAR,Conductor,Femenino,No,N/A,HERIDO,Choque,No respetar prelacion,Calle 23  Sur Carrera 28,ZU├æIGA,Urbana,"(6.178187463, -75.570433109)"
2161363,06/07/2016,6:50 a.m.,martes,CAMIONETA,PARTICULAR,Conductor,Masculino,No,N/A,SOLO DAÑOS,Choque,No mantener distancia de seguridad,Calle 26  Sur Carrera 43 A,AVENIDA EL POBLADO,Urbana,"(6.180841534, -75.582938146)"
2161363,06/07/2016,6:50 a.m.,martes,AUTOMOVIL,PARTICULAR,Conductor,Masculino,No,N/A,SOLO DAÑOS,Choque,No mantener distancia de seguridad,Calle 26  Sur Carrera 43 A,AVENIDA EL POBLADO,Urbana,"(6.180841534, -75.582938146)"
2161371,06/07/2016,7:30 a.m.,martes,CAMION,PUBLICO,Conductor,Masculino,No,N/A,SOLO DAÑOS,Choque,Reverso imprudente,Calle 39  Sur Carrera 25,EL CHINGU├ì,Urbana,"(6.157563812, -75.579224131)"
2161371,06/07/2016,7:30 a.m.,martes,CAMIONETA,PARTICULAR,Conductor,Masculino,No,N/A,SOLO DAÑOS,Choque,Reverso imprudente,Calle 39  Sur Carrera 25,EL CHINGU├ì,Urbana,"(6.157563812, -75.579224131)"
2161369,06/07/2016,11:20 a.m.,martes,CAMION,PUBLICO,Conductor,Masculino,No,N/A,SOLO DAÑOS,Choque,No mantener distancia de seguridad,Calle 46 A Sur Carrera 50,LAS VEGAS,Urbana,
2161369,06/07/2016,11:20 a.m.,martes,MICROBUS,PUBLICO,Conductor,Masculino,No,N/A,SOLO DAÑOS,Choque,No mantener distancia de seguridad,Calle 46 A Sur Carrera 50,LAS VEGAS,Urbana,
2161394,06/07/2016,12:00 p.m.,martes,AUTOMOVIL,PARTICULAR,Conductor,Femenino,No,N/A,SOLO DAÑOS,Choque,Adelantar cerrando,Calle 25 B Sur Carrera 48,LAS VEGAS,Urbana,"(6.182085855, -75.585029253)"
2161394,06/07/2016,12:00 p.m.,martes,CAMION,PUBLICO,Conductor,Masculino,No,N/A,SOLO DAÑOS,Choque,Adelantar cerrando,Calle 25 B Sur Carrera 48,LAS VEGAS,Urbana,"(6.182085855, -75.585029253)"
2161370,06/07/2016,12:40 p.m.,martes,AUTOMOVIL,PARTICULAR,Conductor,Masculino,No,N/A,SOLO DAÑOS,Choque,No respetar prelacion,Calle 35  Sur Carrera 42,ZONA CENTRO,Urbana,"(6.17174158, -75.586068572)"
2161370,06/07/2016,12:40 p.m.,martes,AUTOMOVIL,PARTICULAR,Conductor,Masculino,No,N/A,SOLO DAÑOS,Choque,No respetar prelacion,Calle 35  Sur Carrera 42,ZONA CENTRO,Urbana,"(6.17174158, -75.586068572)"
2161347,06/07/2016,12:50 p.m.,martes,AUTOMOVIL,PARTICULAR,Conductor,Masculino,No,N/A,HERIDO,Choque,Desobedecer senales,Calle 44 B Sur Carrera 42 B,LA PAZ,Urbana,"(6.164617098, -75.59342426)"
2161347,06/07/2016,12:50 p.m.,martes,BICICLETA,PARTICULAR,Ciclista,Masculino,No,N/A,HERIDO,Choque,Desobedecer senales,Calle 44 B Sur Carrera 42 B,LA PAZ,Urbana,"(6.164617098, -75.59342426)"
2161354,06/07/2016,1:30 p.m.,martes,AUTOMOVIL,PARTICULAR,Conductor,Masculino,No,N/A,SOLO DAÑOS,Choque,No respetar prelacion,Calle 22  Sur Carrera 46,ZU├æIGA,Urbana,
2161354,06/07/2016,1:30 p.m.,martes,CAMION,PUBLICO,Conductor,Masculino,No,N/A,SOLO DAÑOS,Choque,No respetar prelacion,Calle 22  Sur Carrera 46,ZU├æIGA,Urbana,
2161354,06/07/2016,1:30 p.m.,martes,MOTOCICLETA,PARTICULAR,Motociclista,Masculino,No,N/A,SOLO DAÑOS,Choque,No respetar prelacion,Calle 22  Sur Carrera 46,ZU├æIGA,Urbana,
2161367,06/07/2016,1:30 p.m.,martes,CAMIONETA,PARTICULAR,Conductor,Masculino,No,N/A,SOLO DAÑOS,Choque,Reverso imprudente,Diagonal 31 Transversal 36 A,N/R,Urbana,"(6.167967817, -75.580281768)"
2161367,06/07/2016,1:30 p.m.,martes,CAMIONETA,PARTICULAR,Conductor,Masculino,No,N/A,SOLO DAÑOS,Choque,Reverso imprudente,Diagonal 31 Transversal 36 A,N/R,Urbana,"(6.167967817, -75.580281768)"
2161374,06/07/2016,2:00 p.m.,martes,BUS,PUBLICO,Conductor,Masculino,No,N/A,SOLO DAÑOS,Choque,Adelantar cerrando,Calle 41 A Sur Carrera 43 A,AVENIDA EL POBLADO,Urbana,"(6.167002786, -75.592673515)"
2161374,06/07/2016,2:00 p.m.,martes,AUTOMOVIL,PARTICULAR,Conductor,Masculino,No,N/A,SOLO DAÑOS,Choque,Adelantar cerrando,Calle 41 A Sur Carrera 43 A,AVENIDA EL POBLADO,Urbana,"(6.167002786, -75.592673515)"
2161356,06/07/2016,3:00 p.m.,martes,CAMIONETA,PARTICULAR,Conductor,Masculino,No,N/A,SOLO DAÑOS,Choque,No mantener distancia de seguridad,Calle 29  Sur Carrera 43 A,N/R,Urbana,"(6.178121023, -75.584561222)"
2161356,06/07/2016,3:00 p.m.,martes,AUTOMOVIL,PARTICULAR,Conductor,Femenino,No,N/A,SOLO DAÑOS,Choque,No mantener distancia de seguridad,Calle 29  Sur Carrera 43 A,N/R,Urbana,"(6.178121023, -75.584561222)"
2161350,06/07/2016,3:30 p.m.,martes,AUTOMOVIL,PARTICULAR,Conductor,Femenino,No,N/A,SOLO DAÑOS,Choque,Reverso imprudente,Calle 46 A Sur Carrera 49,N/R,Urbana,"(6.167038176, -75.600817262)"
2161350,06/07/2016,3:30 p.m.,martes,BUS,PUBLICO,Conductor,Masculino,No,N/A,SOLO DAÑOS,Choque,Reverso imprudente,Calle 46 A Sur Carrera 49,N/R,Urbana,"(6.167038176, -75.600817262)"
2161772,06/07/2016,6:15 p.m.,martes,AUTOMOVIL,PARTICULAR,Conductor,Femenino,No,N/A,SOLO DAÑOS,Choque,Otra,Tramo 372 Kilometro  14,VEREDA PALMAS,Rural,
2161772,06/07/2016,6:15 p.m.,martes,AUTOMOVIL,PARTICULAR,Conductor,Sin registro,No,N/A,SOLO DAÑOS,Choque,Otra,Tramo 372 Kilometro  14,VEREDA PALMAS,Rural,