RADICADO,FECHA,HORA,DÍA DE LA SEMANA,CLASE DE VEHICULO,TIPO DE SERVICIO,TIPO DE VICTIMA,SEXO,ESTADO DE BEODEZ,RESULTADO DE BEODEZ,GRAVEDAD,CLASE DE ACCIDENTE,CAUSA,DIRECCIÓN,BARRIO,AREA,Coordenadas
2161403,06/11/2016,1:15 p.m.,sábado,MOTOCICLETA,PARTICULAR,Motociclista,Masculino,No,N/A,HERIDO,Choque,Transitar entre vehiculos,Calle 50  Sur Carrera 48,N/R,Urbana,
2161373,06/07/2016,8:40 p.m.,martes,AUTOMOVIL,PUBLICO,Conductor,Masculino,No,N/A,SOLO DAÑOS,Choque,Impericia en el manejo,Calle 37  Sur Carrera 48,LAS VEGAS,Urbana,"(6.17412211, -75.593061115)"
2161373,06/07/2016,8:40 p.m.,martes,MOTOCICLETA,PARTICULAR,Motociclista,Masculino,No,N/A,SOLO DAÑOS,Choque,Impericia en el manejo,Calle 37  Sur Carrera 48,LAS VEGAS,Urbana,"(6.17412211, -75.593061115)"
2161372,06/08/2016,5:55 a.m.,miércoles,AUTOMOVIL,PARTICULAR,Conductor,Masculino,No,N/A,SOLO DAÑOS,Choque,Semaforo en rojo,Calle 33 B Sur Carrera 43 A,SAN MARCOS,Urbana,"(6.173429457, -75.586716615)"
2161372,06/08/2016,5:55 a.m.,miércoles,CAMION,PUBLICO,Conductor,Masculino,No,N/A,SOLO DAÑOS,Choque,Semaforo en rojo,Calle 33 B Sur Carrera 43 A,SAN MARCOS,Urbana,"(6.173429457, -75.586716615)"
2161390,06/08/2016,6:40 a.m.,miércoles,BUS,PUBLICO,Conductor,Masculino,No,N/A,SOLO DAÑOS,Choque,No mantener distancia de seguridad,Calle 39 B Sur Carrera 48,LAS VEGAS,Urbana,"(6.170162601, -75.59457554)"
2161390,06/08/2016,6:40 a.m.,miércoles,AUTOMOVIL,PARTICULAR,Conductor,Masculino,No,N/A,SOLO DAÑOS,Choque,No mantener distancia de seguridad,Calle 39 B Sur Carrera 48,LAS VEGAS,Urbana,"(6.170162601, -75.59457554)"
2161379,06/08/2016,6:45 a.m.,miércoles,CAMIONETA,PARTICULAR,Conductor,Masculino,No,N/A,SOLO DAÑOS,Choque,No mantener distancia de seguridad,Calle 30  Sur Carrera 50,LAS VEGAS,Urbana,
2161379,06/08/2016,6:45 a.m.,miércoles,AUTOMOVIL,PARTICULAR,Conductor,Masculino,No,N/A,SOLO DAÑOS,Choque,No mantener distancia de seguridad,Calle 30  Sur Carrera 50,LAS VEGAS,Urbana,
2161375,06/08/2016,8:00 a.m.,miércoles,BUS,PUBLICO,Conductor,Masculino,No,N/A,SOLO DAÑOS,Choque,Impericia en el manejo,Diagonal 29 Transversal 34 A,ALTO DE MISAEL,Urbana,"(6.172575765, -75.577144157)"
2161375,06/08/2016,8:00 a.m.,miércoles,CAMIONETA,PARTICULAR,Conductor,Masculino,No,N/A,SOLO DAÑOS,Choque,Impericia en el manejo,Diagonal 29 Transversal 34 A,ALTO DE MISAEL,Urbana,"(6.172575765, -75.577144157)"
2161368,06/08/2016,8:50 a.m.,miércoles,MOTOCICLETA,PARTICULAR,Motociclista,Masculino,No,N/A,SOLO DAÑOS,Choque,No mantener distancia de seguridad,Calle 36  Sur Carrera 50,LAS VEGAS,Urbana,
2161368,06/08/2016,8:50 a.m.,miércoles,MOTOCICLETA,PARTICULAR,Motociclista,Masculino,No,N/A,SOLO DAÑOS,Choque,No mantener distancia de seguridad,Calle 36  Sur Carrera 50,LAS VEGAS,Urbana,
2161426,06/08/2016,9:05 a.m.,miércoles,CAMPERO,PARTICULAR,Conductor,Masculino,No,N/A,SOLO DAÑOS,Choque,No respetar prelacion,Calle 50  Sur Carrera 48,LAS VEGAS,Urbana,
2161426,06/08/2016,9:05 a.m.,miércoles,CAMION,PUBLICO,Conductor,Masculino,No,N/A,SOLO DAÑOS,Choque,No respetar prelacion,Calle 50  Sur Carrera 48,LAS VEGAS,Urbana,
2161424,06/08/2016,11:45 a.m.,miércoles,MICROBUS,PUBLICO,Conductor,Masculino,No,N/A,SOLO DAÑOS,Choque,Adelantar cerrando,Calle 37  Sur Carrera 28,LA MAGNOLIA,Urbana,"(6.165679454, -75.578340422)"
2161424,06/08/2016,11:45 a.m.,miércoles,CAMIONETA,PARTICULAR,Conductor,Femenino,No,N/A,SOLO DAÑOS,Choque,Adelantar cerrando,Calle 37  Sur Carrera 28,LA MAGNOLIA,Urbana,"(6.165679454, -75.578340422)"
2161382,06/08/2016,12:00 p.m.,miércoles,AUTOMOVIL,PARTICULAR,Conductor,Masculino,No,N/A,HERIDO,Choque,Transitar entre vehiculos,Calle 46  Sur Carrera 50,LAS VEGAS,Urbana,
2161382,06/08/2016,12:00 p.m.,miércoles,MOTOCICLETA,PARTICULAR,Motociclista,Masculino,No,N/A,HERIDO,Choque,Transitar entre vehiculos,Calle 46  Sur Carrera 50,LAS VEGAS,Urbana,
2161392,06/08/2016,12:00 p.m.,miércoles,MICROBUS,PUBLICO,Conductor,Masculino,No,N/A,SOLO DAÑOS,Choque,Impericia en el manejo,Calle 40 F Sur Carrera 29,SAN JOSE,Urbana,"(6.160257642, -75.584046412)"
2161392,06/08/2016,12:00 p.m.,miércoles,CAMPERO,PARTICULAR,Conductor,Masculino,No,N/A,SOLO DAÑOS,Choque,Impericia en el manejo,Calle 40 F Sur Carrera 29,SAN JOSE,Urbana,"(6.160257642, -75.584046412)"
2161386,06/08/2016,2:30 p.m.,miércoles,CAMION,PUBLICO,Conductor,Masculino,No,N/A,SOLO DAÑOS,Choque,No mantener distancia de seguridad,Calle 25  Sur Carrera 47,ZU├æIGA,Urbana,
2161386,06/08/2016,2:30 p.m.,miércoles,AUTOMOVIL,PARTICULAR,Conductor,Masculino,No,N/A,SOLO DAÑOS,Choque,No mantener distancia de seguridad,Calle 25  Sur Carrera 47,ZU├æIGA,Urbana,
2161377,06/08/2016,5:00 p.m.,miércoles,MOTOCICLETA,PARTICULAR,Motociclista,Masculino,No,N/A,HERIDO,Choque,Transitar entre vehiculos,Calle 21  Sur Carrera 43 A,N/R,Urbana,"(6.18399286, -75.579597643)"
2161450,06/14/2016,2:45 a.m.,martes,AUTOMOVIL,PARTICULAR,Conductor,Masculino,No,N/A,SOLO DAÑOS,Choque,Adelantar invadiendo carril de sentido contrario,Calle 25 C Sur Carrera 27,LA INMACULADA,Urbana,
2161377,06/08/2016,5:00 p.m.,miércoles,MOTOCICLETA,PARTICULAR,Motociclista,Masculino,No,N/A,HERIDO,Choque,Transitar entre vehiculos,Calle 21  Sur Carrera 43 A,N/R,Urbana,"(6.18399286, -75.579597643)"
2161377,06/08/2016,5:00 p.m.,miércoles,BICICLETA,PARTICULAR,Ciclista,Masculino,No,N/A,HERIDO,Choque,Transitar entre vehiculos,Calle 21  Sur Carrera 43 A,N/R,Urbana,"(6.18399286, -75.579597643)"
2161377,06/08/2016,5:00 p.m.,miércoles,BICICLETA,PARTICULAR,Ciclista,Masculino,No,N/A,HERIDO,Choque,Transitar entre vehiculos,Calle 21  Sur Carrera 43 A,N/R,Urbana,"(6.18399286, -75.579597643)"
2161393,06/08/2016,6:10 p.m.,miércoles,AUTOMOVIL,PARTICULAR,Conductor,Masculino,No,N/A,SOLO DAÑOS,Choque,Desobedecer senales,Calle 39  Sur Carrera 36,MESA,Urbana,"(6.165994343, -75.584581167)"
2161393,06/08/2016,6:10 p.m.,miércoles,AUTOMOVIL,PARTICULAR,Conductor,Masculino,No,N/A,SOLO DAÑOS,Choque,Desobedecer senales,Calle 39  Sur Carrera 36,MESA,Urbana,"(6.165994343, -75.584581167)"
2161389,06/08/2016,6:52 p.m.,miércoles,MOTOCICLETA,PARTICULAR,Motociclista,Sin registro,No,N/A,HERIDO,Atropello,Exceso de velocidad,Calle 39 B Sur Carrera 24 EE,EL CHINGU├ì,Urbana,"(6.150777241, -75.5751861)"
2161381,06/08/2016,7:30 p.m.,miércoles,AUTOMOVIL,PUBLICO,Conductor,Masculino,No,N/A,SOLO DAÑOS,Choque,Otra,Calle 39 B Sur Carrera 31,SAN JOSE,Urbana,"(6.163600542, -75.58243463)"
2161397,06/08/2016,7:42 p.m.,miércoles,BUSETA,PUBLICO,Conductor,Masculino,No,N/A,HERIDO,Choque,Transitar entre vehiculos,Calle 30  Sur Carrera 48,LAS VEGAS,Urbana,"(6.180376127, -75.590288049)"
2161397,06/08/2016,7:42 p.m.,miércoles,MOTOCICLETA,PARTICULAR,Motociclista,Masculino,No,N/A,HERIDO,Choque,Transitar entre vehiculos,Calle 30  Sur Carrera 48,LAS VEGAS,Urbana,"(6.180376127, -75.590288049)"
2161397,06/08/2016,7:42 p.m.,miércoles,MICROBUS,PUBLICO,Conductor,Masculino,No,N/A,HERIDO,Choque,Transitar entre vehiculos,Calle 30  Sur Carrera 48,LAS VEGAS,Urbana,"(6.180376127, -75.590288049)"
2161385,06/08/2016,8:00 p.m.,miércoles,AUTOMOVIL,PARTICULAR,Conductor,Masculino,No,N/A,SOLO DAÑOS,Choque,Exceso de velocidad,Calle 30  Sur Carrera 48,LAS VEGAS,Urbana,"(6.180376127, -75.590288049)"
2161380,06/09/2016,10:50 a.m.,jueves,CAMPERO,PARTICULAR,Conductor,Masculino,No,N/A,SOLO DAÑOS,Choque,Obstaculos en la via,Calle 48 F Sur Carrera 39 B,LOMA DEL BARRO,Urbana,"(6.156024221, -75.598072554)"
2161410,06/09/2016,12:35 p.m.,jueves,AUTOMOVIL,PARTICULAR,Conductor,Femenino,No,N/A,SOLO DAÑOS,Choque,Desobedecer senales,Calle 33 B Sur Carrera 42,N/R,Urbana,"(6.17255447, -75.585549568)"
2161410,06/09/2016,12:35 p.m.,jueves,MOTOCICLETA,PARTICULAR,Motociclista,Masculino,No,N/A,SOLO DAÑOS,Choque,Desobedecer senales,Calle 33 B Sur Carrera 42,N/R,Urbana,"(6.17255447, -75.585549568)"
2161387,06/09/2016,1:35 p.m.,jueves,AUTOMOVIL,PUBLICO,Conductor,Masculino,No,N/A,SOLO DAÑOS,Choque,Adelantar cerrando,Calle 25  Sur Carrera 46,ZU├æIGA,Urbana,"(6.183044029, -75.582618497)"
2161387,06/09/2016,1:35 p.m.,jueves,CAMPERO,PARTICULAR,Conductor,Masculino,No,N/A,SOLO DAÑOS,Choque,Adelantar cerrando,Calle 25  Sur Carrera 46,ZU├æIGA,Urbana,"(6.183044029, -75.582618497)"
2161395,06/09/2016,1:45 p.m.,jueves,AUTOMOVIL,PARTICULAR,Conductor,Masculino,No,N/A,SOLO DAÑOS,Choque,No mantener distancia de seguridad,Calle 36 D Sur Carrera 27 D,VEREDA EL ESCOBERO,Urbana,"(6.164970853, -75.574637268)"
2161395,06/09/2016,1:45 p.m.,jueves,CAMIONETA,PUBLICO,Conductor,Masculino,No,N/A,SOLO DAÑOS,Choque,No mantener distancia de seguridad,Calle 36 D Sur Carrera 27 D,VEREDA EL ESCOBERO,Urbana,"(6.164970853, -75.574637268)"
2161395,06/09/2016,1:45 p.m.,jueves,AUTOMOVIL,PARTICULAR,Conductor,Masculino,No,N/A,SOLO DAÑOS,Choque,No mantener distancia de seguridad,Calle 36 D Sur Carrera 27 D,VEREDA EL ESCOBERO,Urbana,"(6.164970853, -75.574637268)"
2161406,06/09/2016,1:50 p.m.,jueves,MOTOCICLETA,PARTICULAR,Motociclista,Femenino,No,N/A,HERIDO,Choque,Desobedecer senales,Calle 40  Sur Carrera 25 B,EL SALADO,Urbana,"(6.155114269, -75.578968941)"
2161406,06/09/2016,1:50 p.m.,jueves,AUTOMOVIL,PARTICULAR,Conductor,Femenino,No,N/A,HERIDO,Choque,Desobedecer senales,Calle 40  Sur Carrera 25 B,EL SALADO,Urbana,"(6.155114269, -75.578968941)"
2161384,06/09/2016,2:00 p.m.,jueves,MOTOCICLETA,PARTICULAR,Motociclista,Femenino,No,N/A,SOLO DAÑOS,Choque,Semaforo en rojo,Calle 38 A Sur Carrera 41,ZONA CENTRO,Urbana,"(6.168560755, -75.587015366)"
2161601,06/09/2016,4:00 p.m.,jueves,BUS,PUBLICO,Conductor,Masculino,No,N/A,SOLO DAÑOS,Choque,Otra,Calle 37  Sur Carrera 38,N/R,Urbana,"(6.168685416, -75.584291241)"
2161601,06/09/2016,4:00 p.m.,jueves,MOTOCICLETA,PARTICULAR,Motociclista,Sin registro,No,N/A,SOLO DAÑOS,Choque,Otra,Calle 37  Sur Carrera 38,N/R,Urbana,"(6.168685416, -75.584291241)"
2161396,06/09/2016,4:15 p.m.,jueves,AUTOMOVIL,DIPLOMATICO,Conductor,Masculino,No,N/A,SOLO DAÑOS,Choque,No mantener distancia de seguridad,Calle 46 A Sur Carrera 50,LAS VEGAS,Urbana,
2161396,06/09/2016,4:15 p.m.,jueves,CAMION,PUBLICO,Conductor,Masculino,No,N/A,SOLO DAÑOS,Choque,No mantener distancia de seguridad,Calle 46 A Sur Carrera 50,LAS VEGAS,Urbana,
2161391,06/09/2016,5:30 p.m.,jueves,AUTOMOVIL,PARTICULAR,Conductor,Femenino,No,N/A,HERIDO,Choque,No respetar prelacion,Calle 38  Sur Carrera 35,MESA,Urbana,"(6.167045877, -75.583168417)"
2161391,06/09/2016,5:30 p.m.,jueves,MOTOCICLETA,PARTICULAR,Motociclista,Masculino,No,N/A,HERIDO,Choque,No respetar prelacion,Calle 38  Sur Carrera 35,MESA,Urbana,"(6.167045877, -75.583168417)"
2161388,06/09/2016,5:40 p.m.,jueves,AUTOMOVIL,PARTICULAR,Conductor,Femenino,No,N/A,SOLO DAÑOS,Choque,No mantener distancia de seguridad,Calle 25 AA Sur Carrera 48,LAS VEGAS,Urbana,"(6.18405129, -75.584783826)"
2161409,06/09/2016,8:35 p.m.,jueves,MOTOCICLETA,PARTICULAR,Motociclista,Masculino,No,N/A,HERIDO,Choque,No mantener distancia de seguridad,Calle 46  Sur Carrera 48,LAS VEGAS,Urbana,"(6.162824447, -75.599686607)"
2161409,06/09/2016,8:35 p.m.,jueves,CAMPERO,PARTICULAR,Conductor,Masculino,No,N/A,HERIDO,Choque,No mantener distancia de seguridad,Calle 46  Sur Carrera 48,LAS VEGAS,Urbana,"(6.162824447, -75.599686607)"
2161383,06/09/2016,9:40 p.m.,jueves,CAMIONETA,PARTICULAR,Conductor,Femenino,No,N/A,SOLO DAÑOS,Choque,No mantener distancia de seguridad,Calle 46  Sur Carrera 48,PRIMAVERA,Urbana,"(6.162824447, -75.599686607)"
2161383,06/09/2016,9:40 p.m.,jueves,AUTOMOVIL,PARTICULAR,Conductor,Masculino,No,N/A,SOLO DAÑOS,Choque,No mantener distancia de seguridad,Calle 46  Sur Carrera 48,PRIMAVERA,Urbana,"(6.162824447, -75.599686607)"
2161414,06/10/2016,6:30 a.m.,viernes,AUTOMOVIL,PARTICULAR,Conductor,Femenino,No,N/A,SOLO DAÑOS,Choque,Desobedecer senales,Calle 39  Sur Carrera 27 B,N/R,Urbana,"(6.159217585, -75.578834618)"
2161414,06/10/2016,6:30 a.m.,viernes,MOTOCICLETA,PARTICULAR,Motociclista,Femenino,No,N/A,SOLO DAÑOS,Choque,Desobedecer senales,Calle 39  Sur Carrera 27 B,N/R,Urbana,"(6.159217585, -75.578834618)"
2161439,06/10/2016,7:40 a.m.,viernes,MOTOCICLETA,PARTICULAR,Motociclista,Masculino,No,N/A,SOLO DAÑOS,Choque,Adelantar cerrando,Calle 39 B Sur Carrera 50,LAS VEGAS,Urbana,
2161439,06/10/2016,7:40 a.m.,viernes,CAMIONETA,PUBLICO,Conductor,Masculino,No,N/A,SOLO DAÑOS,Choque,Adelantar cerrando,Calle 39 B Sur Carrera 50,LAS VEGAS,Urbana,
2161411,06/10/2016,8:00 a.m.,viernes,CAMIONETA,PARTICULAR,Conductor,Masculino,No,N/A,SOLO DAÑOS,Choque,No mantener distancia de seguridad,Tramo 372 Kilometro  11,VEREDA PALMAS,Rural,
2161411,06/10/2016,8:00 a.m.,viernes,CAMPERO,PARTICULAR,Conductor,Masculino,No,N/A,SOLO DAÑOS,Choque,No mantener distancia de seguridad,Tramo 372 Kilometro  11,VEREDA PALMAS,Rural,
2161402,06/10/2016,8:50 a.m.,viernes,MOTOCICLETA,PARTICULAR,Motociclista,Masculino,No,N/A,HERIDO,Choque,Transitar entre vehiculos,Calle 29  Sur Carrera 45 A,EL PORTAL,Urbana,"(6.179923549, -75.586256751)"
2161402,06/10/2016,8:50 a.m.,viernes,MOTOCICLETA,PARTICULAR,Motociclista,Masculino,No,N/A,HERIDO,Choque,Transitar entre vehiculos,Calle 29  Sur Carrera 45 A,EL PORTAL,Urbana,"(6.179923549, -75.586256751)"
2161419,06/10/2016,1:20 p.m.,viernes,BUS,PUBLICO,Conductor,Masculino,No,N/A,SOLO DAÑOS,Choque,Adelantar cerrando,Calle 32 A Sur Carrera 43,AVENIDA EL POBLADO,Urbana,"(6.174867987, -75.58533492)"
2161419,06/10/2016,1:20 p.m.,viernes,CAMIONETA,PARTICULAR,Conductor,Femenino,No,N/A,SOLO DAÑOS,Choque,Adelantar cerrando,Calle 32 A Sur Carrera 43,AVENIDA EL POBLADO,Urbana,"(6.174867987, -75.58533492)"
2161417,06/10/2016,3:20 p.m.,viernes,AUTOMOVIL,PARTICULAR,Conductor,Masculino,No,N/A,SOLO DAÑOS,Choque,Adelantar invadiendo carril de sentido contrario,Calle 38 A Sur Carrera 48,LAS VEGAS,Urbana,"(6.168560755, -75.587015366)"
2161417,06/10/2016,3:20 p.m.,viernes,CAMION,PUBLICO,Conductor,Masculino,No,N/A,SOLO DAÑOS,Choque,Adelantar invadiendo carril de sentido contrario,Calle 38 A Sur Carrera 48,LAS VEGAS,Urbana,"(6.168560755, -75.587015366)"
2161415,06/10/2016,4:45 p.m.,viernes,AUTOMOVIL,PARTICULAR,Conductor,Masculino,No,N/A,SOLO DAÑOS,Choque,No mantener distancia de seguridad,Calle 33 B Sur Carrera 48,LAS VEGAS,Urbana,"(6.172981087, -75.586076226)"
2161415,06/10/2016,4:45 p.m.,viernes,AUTOMOVIL,PUBLICO,Conductor,Masculino,No,N/A,SOLO DAÑOS,Choque,No mantener distancia de seguridad,Calle 33 B Sur Carrera 48,LAS VEGAS,Urbana,"(6.172981087, -75.586076226)"
2161434,06/10/2016,5:15 p.m.,viernes,BUS,PUBLICO,Conductor,Masculino,No,N/A,SOLO DAÑOS,Choque,No respetar prelacion,Calle 38  Sur Carrera 41,ZONA CENTRO,Urbana,"(6.169244976, -75.586588065)"
2161434,06/10/2016,5:15 p.m.,viernes,AUTOMOVIL,PARTICULAR,Conductor,Masculino,No,N/A,SOLO DAÑOS,Choque,No respetar prelacion,Calle 38  Sur Carrera 41,ZONA CENTRO,Urbana,"(6.169244976, -75.586588065)"
2161398,06/10/2016,6:30 p.m.,viernes,AUTOMOVIL,PARTICULAR,Conductor,Femenino,No,N/A,MUERTO,Choque,Transitar entre vehiculos,Calle 25 A Sur Carrera 48,LAS VEGAS,Urbana,"(6.185202689, -75.583587178)"
2161398,06/10/2016,6:30 p.m.,viernes,BUS,PUBLICO,Conductor,Masculino,No,N/A,MUERTO,Choque,Transitar entre vehiculos,Calle 25 A Sur Carrera 48,LAS VEGAS,Urbana,"(6.185202689, -75.583587178)"
2161398,06/10/2016,6:30 p.m.,viernes,MOTOCICLETA,PARTICULAR,Motociclista,Masculino,No,N/A,MUERTO,Choque,Transitar entre vehiculos,Calle 25 A Sur Carrera 48,LAS VEGAS,Urbana,"(6.185202689, -75.583587178)"
2161420,06/10/2016,6:50 p.m.,viernes,MOTOCICLETA,PARTICULAR,Motociclista,Masculino,No,N/A,SOLO DAÑOS,Choque,Adelantar por la derecha,Calle 25  Sur Carrera 20,N/R,Urbana,
2161420,06/10/2016,6:50 p.m.,viernes,CAMIONETA,PARTICULAR,Conductor,Masculino,No,N/A,SOLO DAÑOS,Choque,Adelantar por la derecha,Calle 25  Sur Carrera 20,N/R,Urbana,
2161437,06/10/2016,8:20 p.m.,viernes,AUTOMOVIL,PARTICULAR,Conductor,Femenino,No,N/A,SOLO DAÑOS,Choque,No mantener distancia de seguridad,Calle 27  Sur Carrera 28,EL ESMERALDAL,Urbana,"(6.175346318, -75.574583402)"
2161437,06/10/2016,8:20 p.m.,viernes,AUTOMOVIL,PARTICULAR,Conductor,Masculino,No,N/A,SOLO DAÑOS,Choque,No mantener distancia de seguridad,Calle 27  Sur Carrera 28,EL ESMERALDAL,Urbana,"(6.175346318, -75.574583402)"
2161422,06/10/2016,8:30 p.m.,viernes,BUSETA,PUBLICO,Conductor,Masculino,No,N/A,SOLO DAÑOS,Choque,No mantener distancia de seguridad,Calle 40  Sur Carrera 27,SAN JOSE,Urbana,"(6.158366235, -75.580807934)"
2161422,06/10/2016,8:30 p.m.,viernes,AUTOMOVIL,PARTICULAR,Conductor,Masculino,No,N/A,SOLO DAÑOS,Choque,No mantener distancia de seguridad,Calle 40  Sur Carrera 27,SAN JOSE,Urbana,"(6.158366235, -75.580807934)"
2161408,06/10/2016,10:30 p.m.,viernes,AUTOMOVIL,PARTICULAR,Conductor,Masculino,No,N/A,HERIDO,Choque,Exceso de velocidad,Tramo 181 Kilometro  3,EL SALADO,Rural,
2161405,06/10/2016,11:00 p.m.,viernes,MOTOCICLETA,PARTICULAR,Motociclista,Masculino,No,N/A,HERIDO,Choque,Desobedecer senales,Diagonal 32 D Transversal 34,LA MAGNOLIA,Urbana,"(6.172908151, -75.583144415)"
2161405,06/10/2016,11:00 p.m.,viernes,AUTOMOVIL,PARTICULAR,Conductor,Masculino,No,N/A,HERIDO,Choque,Desobedecer senales,Diagonal 32 D Transversal 34,LA MAGNOLIA,Urbana,"(6.172908151, -75.583144415)"
2161418,06/11/2016,10:40 a.m.,sábado,AUTOMOVIL,PARTICULAR,Conductor,Masculino,No,N/A,SOLO DAÑOS,Volcamiento,Exceso de velocidad,Tramo 371 Kilometro  4,VEREDA EL ESCOBERO,Rural,
2161427,06/11/2016,11:00 a.m.,sábado,AUTOMOVIL,PARTICULAR,Conductor,Femenino,No,N/A,SOLO DAÑOS,Choque,Transitar entre vehiculos,Calle 31  Sur Carrera 38,MESA,Urbana,"(6.165466746, -75.581111233)"
2161427,06/11/2016,11:00 a.m.,sábado,MOTOCICLETA,PARTICULAR,Motociclista,Masculino,No,N/A,SOLO DAÑOS,Choque,Transitar entre vehiculos,Calle 31  Sur Carrera 38,MESA,Urbana,"(6.165466746, -75.581111233)"
2161429,06/11/2016,12:00 p.m.,sábado,AUTOMOVIL,PARTICULAR,Conductor,Masculino,No,N/A,SOLO DAÑOS,Choque,No respetar prelacion,Calle 40  Sur Carrera 24 E,EL SALADO,Urbana,"(6.147263187, -75.576335752)"
2161429,06/11/2016,12:00 p.m.,sábado,AUTOMOVIL,PARTICULAR,Conductor,Masculino,No,N/A,SOLO DAÑOS,Choque,No respetar prelacion,Calle 40  Sur Carrera 24 E,EL SALADO,Urbana,"(6.147263187, -75.576335752)"
2161413,06/11/2016,12:30 p.m.,sábado,AUTOMOVIL,PUBLICO,Conductor,Masculino,No,N/A,SOLO DAÑOS,Choque,No mantener distancia de seguridad,Calle 37  Sur Carrera 50,LAS VEGAS,Urbana,
2161413,06/11/2016,12:30 p.m.,sábado,AUTOMOVIL,PARTICULAR,Conductor,Masculino,No,N/A,SOLO DAÑOS,Choque,No mantener distancia de seguridad,Calle 37  Sur Carrera 50,LAS VEGAS,Urbana,
2161416,06/11/2016,1:50 p.m.,sábado,AUTOMOVIL,PARTICULAR,Conductor,Femenino,No,N/A,SOLO DAÑOS,Choque,Poner en marcha un vehiculo sin precauci,Calle 39  Sur Carrera 41,EL DORADO,Urbana,"(6.167870042, -75.587448707)"
2161416,06/11/2016,1:50 p.m.,sábado,MOTOCICLETA,PARTICULAR,Motociclista,Masculino,No,N/A,SOLO DAÑOS,Choque,Transitar entre vehiculos,Calle 39  Sur Carrera 41,EL DORADO,Urbana,"(6.167870042, -75.587448707)"
2161416,06/11/2016,1:50 p.m.,sábado,MOTOCICLETA,PARTICULAR,Motociclista,Masculino,No,N/A,SOLO DAÑOS,Choque,Poner en marcha un vehiculo sin precauci,Calle 39  Sur Carrera 41,EL DORADO,Urbana,"(6.167870042, -75.587448707)"
2161416,06/11/2016,1:50 p.m.,sábado,AUTOMOVIL,PARTICULAR,Conductor,Femenino,No,N/A,SOLO DAÑOS,Choque,Transitar entre vehiculos,Calle 39  Sur Carrera 41,EL DORADO,Urbana,"(6.167870042, -75.587448707)"
2161416,06/11/2016,1:50 p.m.,sábado,AUTOMOVIL,PARTICULAR,Conductor,Femenino,No,N/A,SOLO DAÑOS,Choque,Poner en marcha un vehiculo sin precauci,Calle 39  Sur Carrera 41,EL DORADO,Urbana,"(6.167870042, -75.587448707)"
2161416,06/11/2016,1:50 p.m.,sábado,AUTOMOVIL,PARTICULAR,Conductor,Femenino,No,N/A,SOLO DAÑOS,Choque,Transitar entre vehiculos,Calle 39  Sur Carrera 41,EL DORADO,Urbana,"(6.167870042, -75.587448707)"
2161430,06/11/2016,3:30 p.m.,sábado,CAMION,PUBLICO,Conductor,Femenino,No,N/A,SOLO DAÑOS,Choque,Impericia en el manejo,Calle 37  Sur Carrera 43 A,ZONA CENTRO,Urbana,"(6.171151654, -75.58815663)"
2161430,06/11/2016,3:30 p.m.,sábado,MICROBUS,PUBLICO,Conductor,Femenino,No,N/A,SOLO DAÑOS,Choque,Impericia en el manejo,Calle 37  Sur Carrera 43 A,ZONA CENTRO,Urbana,"(6.171151654, -75.58815663)"
2161407,06/11/2016,4:30 p.m.,sábado,MOTOCICLETA,PARTICULAR,Motociclista,Masculino,No,N/A,HERIDO,Atropello,Cruzar sin observar,Calle 37  Sur Carrera 49,LAS VEGAS,Urbana,"(6.174789471, -75.594204243)"
2161425,06/11/2016,5:40 p.m.,sábado,MOTOCICLETA,PARTICULAR,Motociclista,Masculino,No,N/A,SOLO DAÑOS,Choque,Adelantar en zona prohibida,Calle 37 B Sur Carrera 28,LOMA DE LAS BRUJAS,Urbana,"(6.164360036, -75.578794609)"
2161425,06/11/2016,5:40 p.m.,sábado,CAMPERO,PARTICULAR,Conductor,Masculino,No,N/A,SOLO DAÑOS,Choque,Adelantar en zona prohibida,Calle 37 B Sur Carrera 28,LOMA DE LAS BRUJAS,Urbana,"(6.164360036, -75.578794609)"
2161421,06/11/2016,6:15 p.m.,sábado,AUTOMOVIL,PARTICULAR,Conductor,Masculino,No,N/A,SOLO DAÑOS,Choque,Adelantar cerrando,Calle 48  Sur Carrera 48,LAS VEGAS,Urbana,"(6.164595282, -75.601380414)"
2161421,06/11/2016,6:15 p.m.,sábado,MOTOCICLETA,PARTICULAR,Motociclista,Masculino,No,N/A,SOLO DAÑOS,Choque,Exceso de velocidad,Calle 48  Sur Carrera 48,LAS VEGAS,Urbana,"(6.164595282, -75.601380414)"
2161421,06/11/2016,6:15 p.m.,sábado,MOTOCICLETA,PARTICULAR,Motociclista,Masculino,No,N/A,SOLO DAÑOS,Choque,Adelantar cerrando,Calle 48  Sur Carrera 48,LAS VEGAS,Urbana,"(6.164595282, -75.601380414)"
2161421,06/11/2016,6:15 p.m.,sábado,AUTOMOVIL,PARTICULAR,Conductor,Masculino,No,N/A,SOLO DAÑOS,Choque,Exceso de velocidad,Calle 48  Sur Carrera 48,LAS VEGAS,Urbana,"(6.164595282, -75.601380414)"
2161401,06/11/2016,7:15 p.m.,sábado,AUTOMOVIL,PARTICULAR,Conductor,Masculino,No,N/A,HERIDO,Atropello,Cruzar sin observar,Calle 38  Sur Carrera 41,ZONA CENTRO,Urbana,"(6.169244976, -75.586588065)"