RADICADO,FECHA,HORA,DÍA DE LA SEMANA,CLASE DE VEHICULO,TIPO DE SERVICIO,TIPO DE VICTIMA,SEXO,ESTADO DE BEODEZ,RESULTADO DE BEODEZ,GRAVEDAD,CLASE DE ACCIDENTE,CAUSA,DIRECCIÓN,BARRIO,AREA,Coordenadas
2161607,06/29/2016,5:40 p.m.,miércoles,AUTOMOVIL,PARTICULAR,Conductor,Masculino,No,N/A,SOLO DAÑOS,Choque,Otra,Calle 37  Sur Carrera 31,MESA,Urbana,"(6.166120684, -75.580740605)"
2161602,06/29/2016,6:47 p.m.,miércoles,MOTOCICLETA,PARTICULAR,Motociclista,Masculino,No,N/A,HERIDO,Choque,Reverso imprudente,Diagonal 30 Transversal 34 A,MANUEL URIBE ANGEL,Urbana,"(6.173077967, -75.577713319)"
2161602,06/29/2016,6:47 p.m.,miércoles,MOTOCICLETA,DIPLOMATICO,Motociclista,Femenino,No,N/A,HERIDO,Choque,Reverso imprudente,Diagonal 30 Transversal 34 A,MANUEL URIBE ANGEL,Urbana,"(6.173077967, -75.577713319)"
2161609,06/29/2016,8:00 p.m.,miércoles,AUTOMOVIL,PARTICULAR,Conductor,Masculino,No,N/A,SOLO DAÑOS,Choque,Estacionar sin seguridad,Calle 36  Sur Carrera 27,LA INMACULADA,Urbana,"(6.167154903, -75.569336965)"
2161609,06/29/2016,8:00 p.m.,miércoles,AUTOMOVIL,PARTICULAR,Conductor,Masculino,No,N/A,SOLO DAÑOS,Choque,Estacionar sin seguridad,Calle 36  Sur Carrera 27,LA INMACULADA,Urbana,"(6.167154903, -75.569336965)"
2161610,06/30/2016,7:15 a.m.,jueves,AUTOMOVIL,PARTICULAR,Conductor,Masculino,No,N/A,SOLO DAÑOS,Choque,Otra,Calle 21  Sur Carrera 43,N/R,Urbana,"(6.18399286, -75.579597643)"
2161610,06/30/2016,7:15 a.m.,jueves,MOTOCICLETA,PARTICULAR,Motociclista,Masculino,No,N/A,SOLO DAÑOS,Choque,Otra,Calle 21  Sur Carrera 43,N/R,Urbana,"(6.18399286, -75.579597643)"
2161612,06/30/2016,7:20 a.m.,jueves,MOTOCICLETA,PARTICULAR,Motociclista,Masculino,No,N/A,SOLO DAÑOS,Choque,Otra,Calle 25 AA Sur Carrera 50,LAS VEGAS,Urbana,"(6.182478523, -75.583313359)"
2161612,06/30/2016,7:20 a.m.,jueves,MOTOCICLETA,PARTICULAR,Motociclista,Masculino,No,N/A,SOLO DAÑOS,Choque,Otra,Calle 25 AA Sur Carrera 50,LAS VEGAS,Urbana,"(6.182478523, -75.583313359)"
2161612,06/30/2016,7:20 a.m.,jueves,AUTOMOVIL,PARTICULAR,Conductor,Femenino,No,N/A,SOLO DAÑOS,Choque,Otra,Calle 25 AA Sur Carrera 50,LAS VEGAS,Urbana,"(6.182478523, -75.583313359)"
2161611,06/30/2016,8:00 a.m.,jueves,AUTOMOVIL,PUBLICO,Conductor,Masculino,No,N/A,SOLO DAÑOS,Choque,Otra,Calle 30  Sur Carrera 30,JARDINES,Urbana,
2161611,06/30/2016,8:00 a.m.,jueves,AUTOMOVIL,PARTICULAR,Conductor,Femenino,No,N/A,SOLO DAÑOS,Choque,Otra,Calle 30  Sur Carrera 30,JARDINES,Urbana,
2161629,06/30/2016,10:00 a.m.,jueves,AUTOMOVIL,PARTICULAR,Conductor,Masculino,No,N/A,SOLO DAÑOS,Choque,Otra,Calle 48  Sur Carrera 50,LAS VEGAS,Urbana,
2161629,06/30/2016,10:00 a.m.,jueves,CAMIONETA,PARTICULAR,Conductor,Masculino,No,N/A,SOLO DAÑOS,Choque,Otra,Calle 48  Sur Carrera 50,LAS VEGAS,Urbana,
2161629,06/30/2016,10:00 a.m.,jueves,CAMIONETA,PARTICULAR,Conductor,Masculino,No,N/A,SOLO DAÑOS,Choque,Otra,Calle 48  Sur Carrera 50,LAS VEGAS,Urbana,
2161629,06/30/2016,10:00 a.m.,jueves,AUTOMOVIL,PARTICULAR,Conductor,Masculino,No,N/A,SOLO DAÑOS,Choque,Otra,Calle 48  Sur Carrera 50,LAS VEGAS,Urbana,
2161606,06/30/2016,11:00 a.m.,jueves,AUTOMOVIL,PARTICULAR,Conductor,Femenino,No,N/A,SOLO DAÑOS,Choque,Otra,Calle 26  Sur Carrera 43 A,N/R,Urbana,"(6.180841534, -75.582938146)"
2161606,06/30/2016,11:00 a.m.,jueves,CAMIONETA,PARTICULAR,Conductor,Femenino,No,N/A,SOLO DAÑOS,Choque,Otra,Calle 26  Sur Carrera 43 A,N/R,Urbana,"(6.180841534, -75.582938146)"
2161616,06/30/2016,12:40 p.m.,jueves,MICROBUS,PUBLICO,Conductor,Masculino,No,N/A,SOLO DAÑOS,Choque,Otra,Diagonal 40 Carrera 41,OBRERO,Urbana,
2161616,06/30/2016,12:40 p.m.,jueves,AUTOMOVIL,PARTICULAR,Conductor,Masculino,No,N/A,SOLO DAÑOS,Choque,Otra,Diagonal 40 Carrera 41,OBRERO,Urbana,
2161648,06/30/2016,1:50 p.m.,jueves,MICROBUS,PUBLICO,Conductor,Masculino,No,N/A,SOLO DAÑOS,Choque,Otra,Calle 37  Sur Carrera 48,GLORIETA EXITO,Urbana,"(6.17412211, -75.593061115)"
2161648,06/30/2016,1:50 p.m.,jueves,AUTOMOVIL,PARTICULAR,Conductor,Masculino,No,N/A,SOLO DAÑOS,Choque,Otra,Calle 37  Sur Carrera 48,GLORIETA EXITO,Urbana,"(6.17412211, -75.593061115)"
2161650,06/30/2016,3:00 p.m.,jueves,BUSETA,PUBLICO,Conductor,Masculino,No,N/A,SOLO DAÑOS,Choque,Arrancar sin precaucion,Calle 40 B Sur Carrera 39 A,EL DORADO,Urbana,"(6.165386968, -75.587185007)"
2161650,06/30/2016,3:00 p.m.,jueves,BUS,PUBLICO,Conductor,Masculino,No,N/A,SOLO DAÑOS,Choque,Arrancar sin precaucion,Calle 40 B Sur Carrera 39 A,EL DORADO,Urbana,"(6.165386968, -75.587185007)"
2161614,06/30/2016,8:20 p.m.,jueves,MOTOCICLETA,DIPLOMATICO,Motociclista,Masculino,No,N/A,HERIDO,Choque,Otra,Calle 41 AA Sur Carrera 39,N/R,Urbana,"(6.15839206, -75.584955646)"
2161614,06/30/2016,8:20 p.m.,jueves,MOTOCICLETA,PARTICULAR,Motociclista,Masculino,No,N/A,HERIDO,Choque,Otra,Calle 41 AA Sur Carrera 39,N/R,Urbana,"(6.15839206, -75.584955646)"
2161626,06/30/2016,8:40 p.m.,jueves,AUTOMOVIL,PUBLICO,Conductor,Masculino,No,N/A,SOLO DAÑOS,Choque,Otra,Calle 38  Sur Carrera 35,N/R,Urbana,"(6.167045877, -75.583168417)"
2161626,06/30/2016,8:40 p.m.,jueves,AUTOMOVIL,PARTICULAR,Conductor,Masculino,No,N/A,SOLO DAÑOS,Choque,Otra,Calle 38  Sur Carrera 35,N/R,Urbana,"(6.167045877, -75.583168417)"
2161604,07/01/2016,1:00 a.m.,viernes,AUTOMOVIL,PARTICULAR,Conductor,Masculino,No,N/A,SOLO DAÑOS,Volcamiento,Exceso de velocidad,Calle 40 A Sur Carrera 24 B,LA MINA,Urbana,"(6.151984005, -75.58064483)"
2161604,07/01/2016,1:00 a.m.,viernes,AUTOMOVIL,PARTICULAR,Conductor,Masculino,No,N/A,SOLO DAÑOS,Volcamiento,Exceso de velocidad,Calle 40 A Sur Carrera 24 B,LA MINA,Urbana,"(6.151984005, -75.58064483)"
2161604,07/01/2016,1:00 a.m.,viernes,AUTOMOVIL,PARTICULAR,Conductor,Masculino,No,N/A,SOLO DAÑOS,Volcamiento,Exceso de velocidad,Calle 40 A Sur Carrera 24 B,LA MINA,Urbana,"(6.151984005, -75.58064483)"
2161645,07/01/2016,5:30 a.m.,viernes,AUTOMOVIL,PUBLICO,Conductor,Masculino,No,N/A,SOLO DAÑOS,Choque,No mantener distancia de seguridad,Calle 26 A Sur Carrera 42 B,LAS ORQUIDEAS,Urbana,"(6.177324883, -75.579423678)"
2161645,07/01/2016,5:30 a.m.,viernes,AUTOMOVIL,PARTICULAR,Conductor,Masculino,No,N/A,SOLO DAÑOS,Choque,No mantener distancia de seguridad,Calle 26 A Sur Carrera 42 B,LAS ORQUIDEAS,Urbana,"(6.177324883, -75.579423678)"
2161640,07/01/2016,7:00 a.m.,viernes,AUTOMOVIL,PARTICULAR,Conductor,Masculino,No,N/A,SOLO DAÑOS,Choque,Otra,Calle 37  Sur Carrera 48,GLORIETA EXITO,Urbana,"(6.17412211, -75.593061115)"
2161640,07/01/2016,7:00 a.m.,viernes,MOTOCICLETA,PARTICULAR,Motociclista,Masculino,No,N/A,SOLO DAÑOS,Choque,Otra,Calle 37  Sur Carrera 48,GLORIETA EXITO,Urbana,"(6.17412211, -75.593061115)"
2161620,07/01/2016,9:20 a.m.,viernes,MICROBUS,PUBLICO,Conductor,Masculino,No,N/A,HERIDO,Choque,Otra,Calle 37  Sur Carrera 49,LAS ORQUIDEAS,Urbana,"(6.174789471, -75.594204243)"
2161620,07/01/2016,9:20 a.m.,viernes,CAMION,PUBLICO,Conductor,Masculino,No,N/A,HERIDO,Choque,Otra,Calle 37  Sur Carrera 49,LAS ORQUIDEAS,Urbana,"(6.174789471, -75.594204243)"
2161620,07/01/2016,9:20 a.m.,viernes,CAMIONETA,PUBLICO,Conductor,Masculino,No,N/A,HERIDO,Choque,Otra,Calle 37  Sur Carrera 49,LAS ORQUIDEAS,Urbana,"(6.174789471, -75.594204243)"
2161620,07/01/2016,9:20 a.m.,viernes,AUTOMOVIL,PUBLICO,Conductor,Masculino,No,N/A,HERIDO,Choque,Otra,Calle 37  Sur Carrera 49,LAS ORQUIDEAS,Urbana,"(6.174789471, -75.594204243)"
2161632,07/01/2016,9:25 a.m.,viernes,BUS,PUBLICO,Conductor,Masculino,No,N/A,SOLO DAÑOS,Choque,Otra,Calle 38  Sur Carrera 46,ALCALA,Urbana,"(6.171966643, -75.591369743)"
2161632,07/01/2016,9:25 a.m.,viernes,AUTOMOVIL,PARTICULAR,Conductor,Femenino,No,N/A,SOLO DAÑOS,Choque,Otra,Calle 38  Sur Carrera 46,ALCALA,Urbana,"(6.171966643, -75.591369743)"
2161665,07/01/2016,11:20 a.m.,viernes,MOTOCICLETA,PARTICULAR,Motociclista,Masculino,No,N/A,SOLO DAÑOS,Choque,No mantener distancia de seguridad,Calle 37  Sur Carrera 43 A,ZONA CENTRO,Urbana,"(6.171151654, -75.58815663)"
2161665,07/01/2016,11:20 a.m.,viernes,AUTOMOVIL,PUBLICO,Conductor,Masculino,No,N/A,SOLO DAÑOS,Choque,No mantener distancia de seguridad,Calle 37  Sur Carrera 43 A,ZONA CENTRO,Urbana,"(6.171151654, -75.58815663)"
2161665,07/01/2016,11:20 a.m.,viernes,AUTOMOVIL,PUBLICO,Conductor,Masculino,No,N/A,SOLO DAÑOS,Choque,No mantener distancia de seguridad,Calle 37  Sur Carrera 43 A,ZONA CENTRO,Urbana,"(6.171151654, -75.58815663)"
2161641,07/01/2016,12:05 p.m.,viernes,AUTOMOVIL,PARTICULAR,Conductor,Masculino,No,N/A,SOLO DAÑOS,Choque,Otra,Calle 38  Sur Carrera 42,ZONA CENTRO,Urbana,"(6.16961293, -75.587384695)"
2161641,07/01/2016,12:05 p.m.,viernes,AUTOMOVIL,PARTICULAR,Conductor,Masculino,No,N/A,SOLO DAÑOS,Choque,Otra,Calle 38  Sur Carrera 42,ZONA CENTRO,Urbana,"(6.16961293, -75.587384695)"
2161619,07/01/2016,1:00 p.m.,viernes,BUS,PUBLICO,Conductor,Masculino,No,N/A,SOLO DAÑOS,Choque,No mantener distancia de seguridad,Calle 46 A Sur Carrera 49,LAS VEGAS,Urbana,"(6.167038176, -75.600817262)"
2161619,07/01/2016,1:00 p.m.,viernes,AUTOMOVIL,PARTICULAR,Conductor,Masculino,No,N/A,SOLO DAÑOS,Choque,No mantener distancia de seguridad,Calle 46 A Sur Carrera 49,LAS VEGAS,Urbana,"(6.167038176, -75.600817262)"
2161635,07/01/2016,1:00 p.m.,viernes,AUTOMOVIL,PARTICULAR,Conductor,Masculino,No,N/A,SOLO DAÑOS,Choque,Otra,Calle 35  Sur Carrera 41,ZONA CENTRO,Urbana,"(6.171300757, -75.585342241)"
2161635,07/01/2016,1:00 p.m.,viernes,AUTOMOVIL,PARTICULAR,Conductor,Femenino,No,N/A,SOLO DAÑOS,Choque,Otra,Calle 35  Sur Carrera 41,ZONA CENTRO,Urbana,"(6.171300757, -75.585342241)"
2161657,07/01/2016,1:50 p.m.,viernes,BUS,PUBLICO,Conductor,Masculino,No,N/A,SOLO DAÑOS,Choque,Otra,Calle 50  Sur Carrera 48,LAS VEGAS,Urbana,
2161657,07/01/2016,1:50 p.m.,viernes,AUTOMOVIL,PARTICULAR,Conductor,Masculino,No,N/A,SOLO DAÑOS,Choque,Otra,Calle 50  Sur Carrera 48,LAS VEGAS,Urbana,
2161660,07/01/2016,2:50 p.m.,viernes,MOTOCICLETA,PARTICULAR,Motociclista,Masculino,No,N/A,SOLO DAÑOS,Choque,Otra,Calle 48 C Sur Carrera 43 A,AVENIDA EL POBLADO,Urbana,"(6.162378903, -75.597630589)"
2161660,07/01/2016,2:50 p.m.,viernes,MOTOCICLETA,PARTICULAR,Motociclista,Masculino,No,N/A,SOLO DAÑOS,Choque,Otra,Calle 48 C Sur Carrera 43 A,AVENIDA EL POBLADO,Urbana,"(6.162378903, -75.597630589)"
2161625,07/01/2016,3:45 p.m.,viernes,CAMION,PUBLICO,Conductor,Masculino,No,N/A,SOLO DAÑOS,Choque,Otra,Calle 37 B Sur Carrera 27 B,LOMA DE LAS BRUJAS,Urbana,"(6.161472845, -75.576107866)"
2161625,07/01/2016,3:45 p.m.,viernes,AUTOMOVIL,PARTICULAR,Conductor,Masculino,No,N/A,SOLO DAÑOS,Choque,Otra,Calle 37 B Sur Carrera 27 B,LOMA DE LAS BRUJAS,Urbana,"(6.161472845, -75.576107866)"
2161628,07/01/2016,4:30 p.m.,viernes,AUTOMOVIL,PARTICULAR,Conductor,Femenino,No,N/A,SOLO DAÑOS,Choque,Otra,Calle 40 B Sur Carrera 38,N/R,Urbana,"(6.16165565, -75.583379356)"
2161628,07/01/2016,4:30 p.m.,viernes,MOTOCARRO,PARTICULAR,Motociclista,Masculino,No,N/A,SOLO DAÑOS,Choque,Otra,Calle 40 B Sur Carrera 38,N/R,Urbana,"(6.16165565, -75.583379356)"
2161634,07/01/2016,5:00 p.m.,viernes,AUTOMOVIL,PARTICULAR,Conductor,Masculino,No,N/A,HERIDO,Choque,Otra,Calle 37  Sur Carrera 50,LAS VEGAS,Urbana,
2161634,07/01/2016,5:00 p.m.,viernes,MOTOCICLETA,PARTICULAR,Motociclista,Masculino,No,N/A,HERIDO,Choque,Otra,Calle 37  Sur Carrera 50,LAS VEGAS,Urbana,
2161624,07/01/2016,5:50 p.m.,viernes,MOTOCICLETA,PARTICULAR,Motociclista,Masculino,No,N/A,SOLO DAÑOS,Choque,Otra,Calle 38  Sur Carrera 46,ALCALA,Urbana,"(6.171966643, -75.591369743)"
2161659,07/01/2016,6:30 p.m.,viernes,AUTOMOVIL,PARTICULAR,Conductor,Femenino,No,N/A,SOLO DAÑOS,Choque,Otra,Diagonal 40 Transversal 33 B Sur,N/R,Urbana,"(6.172318879, -75.585229618)"
2161758,07/15/2016,6:28 a.m.,viernes,MOTOCICLETA,PARTICULAR,Motociclista,Masculino,No,N/A,HERIDO,Caida Ocupante,Otra,Calle 36  Sur Carrera 50,LAS VEGAS,Urbana,
2161659,07/01/2016,6:30 p.m.,viernes,AUTOMOVIL,PUBLICO,Conductor,Masculino,No,N/A,SOLO DAÑOS,Choque,Otra,Diagonal 40 Transversal 33 B Sur,N/R,Urbana,"(6.172318879, -75.585229618)"
2161653,07/01/2016,7:30 p.m.,viernes,AUTOMOVIL,PARTICULAR,Conductor,Masculino,No,N/A,SOLO DAÑOS,Choque,No mantener distancia de seguridad,Tramo 375 Kilometro  7,VEREDA PANTANILLO,Rural,
2161653,07/01/2016,7:30 p.m.,viernes,AUTOMOVIL,PARTICULAR,Conductor,Femenino,No,N/A,SOLO DAÑOS,Choque,No mantener distancia de seguridad,Tramo 375 Kilometro  7,VEREDA PANTANILLO,Rural,
2161631,07/01/2016,8:15 p.m.,viernes,CAMIONETA,PARTICULAR,Conductor,Masculino,No,N/A,SOLO DAÑOS,Choque,Otra,Calle 39  Sur Carrera 40,ZONA CENTRO,Urbana,"(6.167409609, -75.586720978)"
2161631,07/01/2016,8:15 p.m.,viernes,AUTOMOVIL,PARTICULAR,Conductor,Femenino,No,N/A,SOLO DAÑOS,Choque,Otra,Calle 39  Sur Carrera 40,ZONA CENTRO,Urbana,"(6.167409609, -75.586720978)"
2161631,07/01/2016,8:15 p.m.,viernes,AUTOMOVIL,PARTICULAR,Conductor,Masculino,No,N/A,SOLO DAÑOS,Choque,Otra,Calle 39  Sur Carrera 40,ZONA CENTRO,Urbana,"(6.167409609, -75.586720978)"
2161636,07/02/2016,6:55 a.m.,sábado,AUTOMOVIL,PARTICULAR,Conductor,Masculino,No,N/A,HERIDO,Choque,Otra,Tramo 372 Kilometro  16,VEREDA PALMAS,Rural,
2161636,07/02/2016,6:55 a.m.,sábado,BICICLETA,PARTICULAR,Ciclista,Masculino,No,N/A,HERIDO,Choque,Otra,Tramo 372 Kilometro  16,VEREDA PALMAS,Rural,
2161623,07/02/2016,9:00 a.m.,sábado,AUTOMOVIL,PARTICULAR,Conductor,Femenino,No,N/A,HERIDO,Choque,Otra,Calle 34  Sur Carrera 49,LAS VEGAS,Urbana,
2161623,07/02/2016,9:00 a.m.,sábado,MOTOCICLETA,PARTICULAR,Motociclista,Masculino,No,N/A,HERIDO,Choque,Otra,Calle 34  Sur Carrera 49,LAS VEGAS,Urbana,
2161647,07/02/2016,10:00 a.m.,sábado,AUTOMOVIL,PARTICULAR,Conductor,Masculino,No,N/A,SOLO DAÑOS,Choque,Otra,Calle 39 D Sur Carrera 24 DD,EL SALADO,Urbana,"(6.154343948, -75.578021489)"
2161647,07/02/2016,10:00 a.m.,sábado,BUSETA,PUBLICO,Conductor,Masculino,No,N/A,SOLO DAÑOS,Choque,Otra,Calle 39 D Sur Carrera 24 DD,EL SALADO,Urbana,"(6.154343948, -75.578021489)"
2161622,07/02/2016,11:25 a.m.,sábado,CAMIONETA,PARTICULAR,Conductor,Masculino,No,N/A,SOLO DAÑOS,Choque,No mantener distancia de seguridad,Calle 46 A Sur Carrera 48,LAS VEGAS,Urbana,"(6.166989258, -75.600743118)"
2161622,07/02/2016,11:25 a.m.,sábado,AUTOMOVIL,PARTICULAR,Conductor,Masculino,No,N/A,SOLO DAÑOS,Choque,No mantener distancia de seguridad,Calle 46 A Sur Carrera 48,LAS VEGAS,Urbana,"(6.166989258, -75.600743118)"
2161669,07/02/2016,12:15 p.m.,sábado,CAMPERO,PARTICULAR,Conductor,Femenino,No,N/A,SOLO DAÑOS,Choque,Otra,Calle 30  Sur Carrera 50,LAS VEGAS,Urbana,
2161669,07/02/2016,12:15 p.m.,sábado,MOTOCICLETA,PARTICULAR,Motociclista,Masculino,No,N/A,SOLO DAÑOS,Choque,Otra,Calle 30  Sur Carrera 50,LAS VEGAS,Urbana,
2161617,07/02/2016,3:35 p.m.,sábado,MICROBUS,PUBLICO,Conductor,Masculino,No,N/A,SOLO DAÑOS,Choque,No mantener distancia de seguridad,Calle 50  Sur Carrera 48,LAS VEGAS,Urbana,
2161617,07/02/2016,3:35 p.m.,sábado,AUTOMOVIL,PARTICULAR,Conductor,Masculino,No,N/A,SOLO DAÑOS,Choque,No mantener distancia de seguridad,Calle 50  Sur Carrera 48,LAS VEGAS,Urbana,
2161655,07/02/2016,4:10 p.m.,sábado,AUTOMOVIL,PARTICULAR,Conductor,Femenino,No,N/A,SOLO DAÑOS,Choque,No mantener distancia de seguridad,Tramo 372 Kilometro  10,VEREDA PALMAS,Rural,
2161655,07/02/2016,4:10 p.m.,sábado,AUTOMOVIL,PARTICULAR,Conductor,Masculino,No,N/A,SOLO DAÑOS,Choque,No mantener distancia de seguridad,Tramo 372 Kilometro  10,VEREDA PALMAS,Rural,
2161621,07/02/2016,4:20 p.m.,sábado,MOTOCICLETA,PARTICULAR,Motociclista,Masculino,No,N/A,SOLO DAÑOS,Choque,Otra,Calle 38 A Sur Carrera 41,ZONA CENTRO,Urbana,"(6.168560755, -75.587015366)"
2161621,07/02/2016,4:20 p.m.,sábado,AUTOMOVIL,PUBLICO,Conductor,Masculino,No,N/A,SOLO DAÑOS,Choque,Otra,Calle 38 A Sur Carrera 41,ZONA CENTRO,Urbana,"(6.168560755, -75.587015366)"
2161637,07/02/2016,4:30 p.m.,sábado,CAMPERO,PARTICULAR,Conductor,Masculino,No,N/A,SOLO DAÑOS,Choque,Otra,Tramo 371 Kilometro  11,VEREDA EL ESCOBERO,Rural,
2161652,07/02/2016,4:45 p.m.,sábado,AUTOMOVIL,PARTICULAR,Conductor,Masculino,No,N/A,SOLO DAÑOS,Choque,No mantener distancia de seguridad,Tramo 372 Kilometro  12,VEREDA PALMAS,Rural,
2161652,07/02/2016,4:45 p.m.,sábado,AUTOMOVIL,PARTICULAR,Conductor,Masculino,No,N/A,SOLO DAÑOS,Choque,No mantener distancia de seguridad,Tramo 372 Kilometro  12,VEREDA PALMAS,Rural,
2161618,07/02/2016,9:00 p.m.,sábado,AUTOMOVIL,PARTICULAR,Conductor,Masculino,Si,3,SOLO DAÑOS,Choque,Embriaguez o droga,Calle 33 B Sur Carrera 43 A,ZONA CENTRO,Urbana,"(6.173429457, -75.586716615)"
2161618,07/02/2016,9:00 p.m.,sábado,BUS,PUBLICO,Conductor,Masculino,No,N/A,SOLO DAÑOS,Choque,Embriaguez o droga,Calle 33 B Sur Carrera 43 A,ZONA CENTRO,Urbana,"(6.173429457, -75.586716615)"
2161639,07/02/2016,9:30 p.m.,sábado,AUTOMOVIL,PUBLICO,Conductor,Masculino,No,N/A,SOLO DAÑOS,Choque,Otra,Calle 25 A Sur Carrera 43 A,AVENIDA EL POBLADO,Urbana,"(6.181689385, -75.582417986)"
2161643,07/02/2016,11:00 p.m.,sábado,MOTOCICLETA,PARTICULAR,Motociclista,Masculino,No,N/A,SOLO DAÑOS,Choque,No mantener distancia de seguridad,Calle 46 E Sur Carrera 42 B,LA PAZ,Urbana,"(6.162405159, -75.594349519)"
2161643,07/02/2016,11:00 p.m.,sábado,AUTOMOVIL,PARTICULAR,Conductor,Masculino,No,N/A,SOLO DAÑOS,Choque,No mantener distancia de seguridad,Calle 46 E Sur Carrera 42 B,LA PAZ,Urbana,"(6.162405159, -75.594349519)"
2161630,07/03/2016,8:45 a.m.,domingo,AUTOMOVIL,PARTICULAR,Conductor,Masculino,No,N/A,HERIDO,Choque,Superficie humeda,Tramo 371 Kilometro  6,VEREDA EL ESCOBERO,Rural,
2161630,07/03/2016,8:45 a.m.,domingo,MOTOCICLETA,DIPLOMATICO,Motociclista,Masculino,No,N/A,HERIDO,Choque,Superficie humeda,Tramo 371 Kilometro  6,VEREDA EL ESCOBERO,Rural,
2161633,07/03/2016,11:15 a.m.,domingo,CAMIONETA,PARTICULAR,Conductor,Masculino,No,N/A,HERIDO,Choque,Otra,Calle 37  Sur Carrera 50,LAS VEGAS,Urbana,
2161633,07/03/2016,11:15 a.m.,domingo,AUTOMOVIL,PARTICULAR,Conductor,Femenino,No,N/A,HERIDO,Choque,Otra,Calle 37  Sur Carrera 50,LAS VEGAS,Urbana,
2161649,07/03/2016,2:00 p.m.,domingo,AUTOMOVIL,PARTICULAR,Conductor,Femenino,No,N/A,SOLO DAÑOS,Choque,Otra,Calle 37  Sur Carrera 40,ZONA CENTRO,Urbana,"(6.169435767, -75.585507247)"
2161649,07/03/2016,2:00 p.m.,domingo,MOTOCICLETA,PARTICULAR,Motociclista,Masculino,No,N/A,SOLO DAÑOS,Choque,Otra,Calle 37  Sur Carrera 40,ZONA CENTRO,Urbana,"(6.169435767, -75.585507247)"
2161638,07/03/2016,9:40 p.m.,domingo,AUTOMOVIL,PUBLICO,Conductor,Masculino,No,N/A,SOLO DAÑOS,Choque,Otra,Calle 29  Sur Carrera 43 A,AVENIDA EL POBLADO,Urbana,"(6.178121023, -75.584561222)"
2161638,07/03/2016,9:40 p.m.,domingo,MOTOCICLETA,PARTICULAR,Motociclista,Masculino,No,N/A,SOLO DAÑOS,Choque,Otra,Calle 29  Sur Carrera 43 A,AVENIDA EL POBLADO,Urbana,"(6.178121023, -75.584561222)"
2161615,07/03/2016,10:00 p.m.,domingo,AUTOMOVIL,PUBLICO,Conductor,Masculino,No,N/A,SOLO DAÑOS,Choque,Embriaguez o droga,Calle 41 B Sur Carrera 42,EL DORADO,Urbana,"(6.165585181, -75.59159057)"
2161615,07/03/2016,10:00 p.m.,domingo,AUTOMOVIL,PARTICULAR,Conductor,Masculino,Si,3,SOLO DAÑOS,Choque,Embriaguez o droga,Calle 41 B Sur Carrera 42,EL DORADO,Urbana,"(6.165585181, -75.59159057)"
2161642,07/04/2016,5:00 a.m.,lunes,AUTOMOVIL,PUBLICO,Conductor,Masculino,No,N/A,SOLO DAÑOS,Choque,No mantener distancia de seguridad,Calle 25  Sur Carrera 42,LAS ORQUIDEAS,Urbana,"(6.179561127, -75.579866326)"
2161642,07/04/2016,5:00 a.m.,lunes,MOTOCICLETA,PARTICULAR,Motociclista,Masculino,No,N/A,SOLO DAÑOS,Choque,No mantener distancia de seguridad,Calle 25  Sur Carrera 42,LAS ORQUIDEAS,Urbana,"(6.179561127, -75.579866326)"
2161627,07/04/2016,12:10 p.m.,lunes,MOTOCICLETA,PARTICULAR,Motociclista,Masculino,No,N/A,SOLO DAÑOS,Choque,Otra,Diagonal 31 Transversal 33 A Sur,LAS FLORES,Urbana,"(6.173761816, -75.578919701)"
2161627,07/04/2016,12:10 p.m.,lunes,AUTOMOVIL,PUBLICO,Conductor,Masculino,No,N/A,SOLO DAÑOS,Choque,Otra,Diagonal 31 Transversal 33 A Sur,LAS FLORES,Urbana,"(6.173761816, -75.578919701)"
2161654,07/04/2016,12:35 p.m.,lunes,MOTOCICLETA,PARTICULAR,Motociclista,Masculino,No,N/A,HERIDO,Choque,Otra,Calle 37  Sur Carrera 50,LAS VEGAS,Urbana,
2161654,07/04/2016,12:35 p.m.,lunes,CAMIONETA,PARTICULAR,Conductor,Femenino,No,N/A,HERIDO,Choque,Otra,Calle 37  Sur Carrera 50,LAS VEGAS,Urbana,
2161644,07/04/2016,6:40 p.m.,lunes,CAMPERO,PARTICULAR,Conductor,Femenino,No,N/A,SOLO DAÑOS,Choque,Otra,Tramo 372 Kilometro  15,VEREDA PALMAS,Rural,
2161661,07/04/2016,11:30 p.m.,lunes,CAMIONETA,PARTICULAR,Conductor,Masculino,No,N/A,SOLO DAÑOS,Choque,Otra,Calle 38 A Sur Carrera 41,ZONA CENTRO,Urbana,"(6.168560755, -75.587015366)"
2161661,07/04/2016,11:30 p.m.,lunes,MOTOCICLETA,PARTICULAR,Motociclista,Masculino,No,N/A,SOLO DAÑOS,Choque,Otra,Calle 38 A Sur Carrera 41,ZONA CENTRO,Urbana,"(6.168560755, -75.587015366)"
2161646,07/05/2016,5:45 a.m.,martes,AUTOMOVIL,PUBLICO,Conductor,Masculino,No,N/A,HERIDO,Choque,Otra,Calle 39  Sur Carrera 48,LAS VEGAS,Urbana,"(6.17373153, -75.596883967)"
2161646,07/05/2016,5:45 a.m.,martes,MOTOCICLETA,PARTICULAR,Motociclista,Masculino,No,N/A,HERIDO,Choque,Otra,Calle 39  Sur Carrera 48,LAS VEGAS,Urbana,"(6.17373153, -75.596883967)"
2161658,07/05/2016,7:10 a.m.,martes,BUS,PUBLICO,Conductor,Masculino,No,N/A,SOLO DAÑOS,Choque,Otra,Calle 36 D Sur Carrera 25 A,VEREDA EL ESCOBERO,Urbana,"(6.158809572, -75.566637544)"
2161658,07/05/2016,7:10 a.m.,martes,AUTOMOVIL,PARTICULAR,Conductor,Masculino,No,N/A,SOLO DAÑOS,Choque,Otra,Calle 36 D Sur Carrera 25 A,VEREDA EL ESCOBERO,Urbana,"(6.158809572, -75.566637544)"
2161662,07/05/2016,1:20 p.m.,martes,MOTOCICLETA,PARTICULAR,Motociclista,Masculino,No,N/A,SOLO DAÑOS,Choque,Otra,Diagonal 36 Transversal 35 A Sur,N/R,Urbana,"(6.167677049, -75.582671784)"
2161662,07/05/2016,1:20 p.m.,martes,CAMIONETA,PARTICULAR,Conductor,Masculino,No,N/A,SOLO DAÑOS,Choque,Otra,Diagonal 36 Transversal 35 A Sur,N/R,Urbana,"(6.167677049, -75.582671784)"