RADICADO,FECHA,HORA,DÍA DE LA SEMANA,CLASE DE VEHICULO,TIPO DE SERVICIO,TIPO DE VICTIMA,SEXO,ESTADO DE BEODEZ,RESULTADO DE BEODEZ,GRAVEDAD,CLASE DE ACCIDENTE,CAUSA,DIRECCIÓN,BARRIO,AREA,Coordenadas
2161664,07/05/2016,1:20 p.m.,martes,AUTOMOVIL,PARTICULAR,Conductor,Masculino,No,N/A,SOLO DAÑOS,Choque,Otra,Calle 36  Sur Carrera 49,GLORIETA DE PELDAR,Urbana,
2161664,07/05/2016,1:20 p.m.,martes,AUTOMOVIL,PARTICULAR,Conductor,Masculino,No,N/A,SOLO DAÑOS,Choque,Otra,Calle 36  Sur Carrera 49,GLORIETA DE PELDAR,Urbana,
2161651,07/05/2016,4:40 p.m.,martes,CAMIONETA,PUBLICO,Conductor,Masculino,No,N/A,HERIDO,Choque,Otra,Tramo 372 Kilometro  9,VEREDA PALMAS,Rural,
2161651,07/05/2016,4:40 p.m.,martes,CAMIONETA,PARTICULAR,Conductor,Masculino,No,N/A,HERIDO,Choque,Otra,Tramo 372 Kilometro  9,VEREDA PALMAS,Rural,
2161668,07/05/2016,4:45 p.m.,martes,CAMPERO,PARTICULAR,Conductor,Masculino,No,N/A,SOLO DAÑOS,Choque,Otra,Calle 21  Sur Carrera 43 A,N/R,Urbana,"(6.18399286, -75.579597643)"
2161668,07/05/2016,4:45 p.m.,martes,CAMIONETA,PARTICULAR,Conductor,Masculino,No,N/A,SOLO DAÑOS,Choque,Otra,Calle 21  Sur Carrera 43 A,N/R,Urbana,"(6.18399286, -75.579597643)"
2161666,07/05/2016,4:50 p.m.,martes,AUTOMOVIL,PARTICULAR,Conductor,Masculino,No,N/A,SOLO DAÑOS,Choque,Otra,Calle 37  Sur Carrera 50,LAS VEGAS,Urbana,
2161666,07/05/2016,4:50 p.m.,martes,CAMIONETA,PARTICULAR,Conductor,Masculino,No,N/A,SOLO DAÑOS,Choque,Otra,Calle 37  Sur Carrera 50,LAS VEGAS,Urbana,
2161656,07/05/2016,5:00 p.m.,martes,BUS,PUBLICO,Conductor,Masculino,No,N/A,HERIDO,Choque,Otra,Calle 47  Sur Carrera 40,EL TRIANON,Urbana,"(6.15929595, -75.593774797)"
2161656,07/05/2016,5:00 p.m.,martes,MOTOCICLETA,PARTICULAR,Motociclista,Masculino,No,N/A,HERIDO,Choque,Otra,Calle 47  Sur Carrera 40,EL TRIANON,Urbana,"(6.15929595, -75.593774797)"
2161670,07/05/2016,5:10 p.m.,martes,MOTOCICLETA,PARTICULAR,Motociclista,Femenino,No,N/A,HERIDO,Choque,Otra,Calle 25  Sur Carrera 46,ZU├æIGA,Urbana,"(6.183044029, -75.582618497)"
2161670,07/05/2016,5:10 p.m.,martes,Sin registro,PUBLICO,Conductor,Masculino,No,N/A,HERIDO,Choque,Otra,Calle 25  Sur Carrera 46,ZU├æIGA,Urbana,"(6.183044029, -75.582618497)"
2161663,07/05/2016,5:25 p.m.,martes,MOTOCICLETA,PARTICULAR,Motociclista,Masculino,No,N/A,SOLO DAÑOS,Choque,Otra,Calle 38  Sur Carrera 41,ZONA CENTRO,Urbana,"(6.169244976, -75.586588065)"
2161663,07/05/2016,5:25 p.m.,martes,AUTOMOVIL,PUBLICO,Conductor,Masculino,No,N/A,SOLO DAÑOS,Choque,Otra,Calle 38  Sur Carrera 41,ZONA CENTRO,Urbana,"(6.169244976, -75.586588065)"
2161667,07/05/2016,6:10 p.m.,martes,AUTOMOVIL,PARTICULAR,Conductor,Femenino,No,N/A,SOLO DAÑOS,Choque,Otra,Calle 25  Sur Carrera 48,LAS VEGAS,Urbana,
2161667,07/05/2016,6:10 p.m.,martes,AUTOMOVIL,PUBLICO,Conductor,Masculino,No,N/A,SOLO DAÑOS,Choque,Otra,Calle 25  Sur Carrera 48,LAS VEGAS,Urbana,
2161672,07/06/2016,5:45 a.m.,miércoles,AUTOMOVIL,PARTICULAR,Conductor,Femenino,No,N/A,SOLO DAÑOS,Choque,Otra,Diagonal 31 A Transversal 35 B Sur,LA SEBASTIANA,Urbana,"(6.169608353, -75.580192677)"
2161672,07/06/2016,5:45 a.m.,miércoles,CAMION,PARTICULAR,Conductor,Masculino,No,N/A,SOLO DAÑOS,Choque,Otra,Diagonal 31 A Transversal 35 B Sur,LA SEBASTIANA,Urbana,"(6.169608353, -75.580192677)"
2161675,07/06/2016,6:40 a.m.,miércoles,CAMIONETA,PARTICULAR,Conductor,Masculino,No,N/A,SOLO DAÑOS,Choque,No mantener distancia de seguridad,Calle 24  Sur Carrera 40,N/R,Urbana,"(6.179387707, -75.575843414)"
2161675,07/06/2016,6:40 a.m.,miércoles,AUTOMOVIL,PARTICULAR,Conductor,Masculino,No,N/A,SOLO DAÑOS,Choque,No mantener distancia de seguridad,Calle 24  Sur Carrera 40,N/R,Urbana,"(6.179387707, -75.575843414)"
2161676,07/06/2016,7:15 a.m.,miércoles,MOTOCICLETA,PARTICULAR,Motociclista,Femenino,No,N/A,HERIDO,Choque,Otra,Calle 50  Sur Carrera 45,LAS CASITAS,Urbana,
2161671,07/06/2016,8:30 a.m.,miércoles,MOTOCICLETA,PARTICULAR,Motociclista,Masculino,No,N/A,SOLO DAÑOS,Choque,No mantener distancia de seguridad,Calle 50  Sur Carrera 48,N/R,Urbana,
2161671,07/06/2016,8:30 a.m.,miércoles,CAMION,PARTICULAR,Conductor,Masculino,No,N/A,SOLO DAÑOS,Choque,No mantener distancia de seguridad,Calle 50  Sur Carrera 48,N/R,Urbana,
2161678,07/06/2016,8:50 a.m.,miércoles,MOTOCICLETA,PARTICULAR,Motociclista,Masculino,No,N/A,SOLO DAÑOS,Choque,Otra,Tramo 372 Kilometro  12,VEREDA PALMAS,Rural,
2161678,07/06/2016,8:50 a.m.,miércoles,AUTOMOVIL,PARTICULAR,Conductor,Masculino,No,N/A,SOLO DAÑOS,Choque,Otra,Tramo 372 Kilometro  12,VEREDA PALMAS,Rural,
2161681,07/06/2016,9:20 a.m.,miércoles,CAMIONETA,PUBLICO,Conductor,Masculino,No,N/A,SOLO DAÑOS,Choque,Otra,Tramo 372 Kilometro  5,VEREDA PALMAS,Rural,
2161681,07/06/2016,9:20 a.m.,miércoles,AUTOMOVIL,PARTICULAR,Conductor,Masculino,No,N/A,SOLO DAÑOS,Choque,Otra,Tramo 372 Kilometro  5,VEREDA PALMAS,Rural,
2161677,07/06/2016,9:30 a.m.,miércoles,AUTOMOVIL,PARTICULAR,Conductor,Femenino,No,N/A,SOLO DAÑOS,Otro,Otra,Calle 33  Sur Carrera 45,EL PORTAL,Urbana,"(6.174490456, -75.587547243)"
2161677,07/06/2016,9:30 a.m.,miércoles,MOTOCICLETA,PARTICULAR,Motociclista,Masculino,No,N/A,SOLO DAÑOS,Otro,Otra,Calle 33  Sur Carrera 45,EL PORTAL,Urbana,"(6.174490456, -75.587547243)"
2161701,07/06/2016,11:50 a.m.,miércoles,CAMIONETA,PUBLICO,Conductor,Masculino,No,N/A,SOLO DAÑOS,Choque,Otra,Calle 35  Sur Carrera 43 A,N/R,Urbana,"(6.17249645, -75.587328326)"
2161701,07/06/2016,11:50 a.m.,miércoles,CAMPERO,PARTICULAR,Conductor,Masculino,No,N/A,SOLO DAÑOS,Choque,Otra,Calle 35  Sur Carrera 43 A,N/R,Urbana,"(6.17249645, -75.587328326)"
2161679,07/06/2016,12:15 p.m.,miércoles,AUTOMOVIL,PARTICULAR,Conductor,Femenino,No,N/A,SOLO DAÑOS,Choque,Otra,Calle 50  Sur Carrera 48,N/R,Urbana,
2161679,07/06/2016,12:15 p.m.,miércoles,CAMIONETA,PUBLICO,Conductor,Masculino,No,N/A,SOLO DAÑOS,Choque,Otra,Calle 50  Sur Carrera 48,N/R,Urbana,
2161680,07/06/2016,3:20 p.m.,miércoles,AUTOMOVIL,PARTICULAR,Conductor,Masculino,No,N/A,SOLO DAÑOS,Choque,Otra,Calle 37  Sur Carrera 42,ZONA CENTRO,Urbana,"(6.17029993, -75.586935484)"
2161680,07/06/2016,3:20 p.m.,miércoles,CAMION,PARTICULAR,Conductor,Masculino,No,N/A,SOLO DAÑOS,Choque,Otra,Calle 37  Sur Carrera 42,ZONA CENTRO,Urbana,"(6.17029993, -75.586935484)"
2161684,07/06/2016,4:30 p.m.,miércoles,MOTOCICLETA,PARTICULAR,Motociclista,Masculino,No,N/A,SOLO DAÑOS,Choque,Otra,Calle 32 A Sur Carrera 43 A,SAN MARCOS,Urbana,"(6.174867987, -75.58533492)"
2161684,07/06/2016,4:30 p.m.,miércoles,AUTOMOVIL,PARTICULAR,Conductor,Masculino,No,N/A,SOLO DAÑOS,Choque,Otra,Calle 32 A Sur Carrera 43 A,SAN MARCOS,Urbana,"(6.174867987, -75.58533492)"
2161685,07/06/2016,5:10 p.m.,miércoles,AUTOMOVIL,PARTICULAR,Conductor,Femenino,No,N/A,SOLO DAÑOS,Choque,Otra,Calle 39  Sur Carrera 48  Sur,LAS VEGAS,Urbana,"(6.17373153, -75.596883967)"
2161685,07/06/2016,5:10 p.m.,miércoles,MOTOCICLETA,PARTICULAR,Motociclista,Masculino,No,N/A,SOLO DAÑOS,Choque,Otra,Calle 39  Sur Carrera 48  Sur,LAS VEGAS,Urbana,"(6.17373153, -75.596883967)"
2161674,07/06/2016,5:20 p.m.,miércoles,AUTOMOVIL,PARTICULAR,Conductor,Masculino,No,N/A,SOLO DAÑOS,Choque,No mantener distancia de seguridad,Calle 48 C Sur Carrera 48,LAS CASITAS,Urbana,"(6.159138282, -75.596259706)"
2161674,07/06/2016,5:20 p.m.,miércoles,CAMIONETA,PARTICULAR,Conductor,Masculino,No,N/A,SOLO DAÑOS,Choque,No mantener distancia de seguridad,Calle 48 C Sur Carrera 48,LAS CASITAS,Urbana,"(6.159138282, -75.596259706)"
2161683,07/06/2016,5:35 p.m.,miércoles,AUTOMOVIL,PUBLICO,Conductor,Masculino,No,N/A,SOLO DAÑOS,Choque,Otra,Calle 36 A Sur Carrera 48,LAS VEGAS,Urbana,"(6.173604362, -75.591284932)"
2161683,07/06/2016,5:35 p.m.,miércoles,AUTOMOVIL,PARTICULAR,Conductor,Masculino,No,N/A,SOLO DAÑOS,Choque,Otra,Calle 36 A Sur Carrera 48,LAS VEGAS,Urbana,"(6.173604362, -75.591284932)"
2161683,07/06/2016,5:35 p.m.,miércoles,AUTOMOVIL,PARTICULAR,Conductor,Masculino,No,N/A,SOLO DAÑOS,Choque,Otra,Calle 36 A Sur Carrera 48,LAS VEGAS,Urbana,"(6.173604362, -75.591284932)"
2161702,07/06/2016,6:40 p.m.,miércoles,AUTOMOVIL,PARTICULAR,Conductor,Masculino,No,N/A,SOLO DAÑOS,Choque,Otra,Tramo 372 Kilometro  12,VEREDA PALMAS,Rural,
2161702,07/06/2016,6:40 p.m.,miércoles,AUTOMOVIL,PUBLICO,Conductor,Masculino,No,N/A,SOLO DAÑOS,Choque,Otra,Tramo 372 Kilometro  12,VEREDA PALMAS,Rural,
2161690,07/06/2016,10:10 p.m.,miércoles,CAMIONETA,PARTICULAR,Conductor,Masculino,No,N/A,HERIDO,Atropello,Otra,Calle 36  Sur Carrera 27 AA,N/R,Urbana,"(6.167592229, -75.570654593)"
2161673,07/06/2016,10:30 p.m.,miércoles,AUTOMOVIL,PARTICULAR,Conductor,Masculino,No,N/A,SOLO DAÑOS,Choque,Exceso de velocidad,Calle 48 C Sur Carrera 43 A,LAS CASITAS,Urbana,"(6.162378903, -75.597630589)"
2161686,07/07/2016,6:20 a.m.,jueves,AUTOMOVIL,PARTICULAR,Conductor,Femenino,No,N/A,SOLO DAÑOS,Choque,Otra,Calle 45 A Sur Carrera 42 B,LA PAZ,Urbana,"(6.164010693, -75.593952112)"
2161704,07/07/2016,7:50 a.m.,jueves,MOTOCICLETA,PARTICULAR,Motociclista,Masculino,No,N/A,HERIDO,Choque,Otra,Calle 39  Sur Carrera 27 B,N/R,Urbana,"(6.159217585, -75.578834618)"
2161704,07/07/2016,7:50 a.m.,jueves,MICROBUS,PUBLICO,Conductor,Masculino,No,N/A,HERIDO,Choque,Otra,Calle 39  Sur Carrera 27 B,N/R,Urbana,"(6.159217585, -75.578834618)"
2161707,07/07/2016,8:15 a.m.,jueves,AUTOMOVIL,PARTICULAR,Conductor,Femenino,No,N/A,HERIDO,Atropello,Otra,Calle 28  Sur Carrera 26,LA INMACULADA,Urbana,
2162555,07/07/2016,8:40 a.m.,jueves,AUTOMOVIL,PARTICULAR,Conductor,Masculino,No,N/A,SOLO DAÑOS,Choque,Otra,Calle 40 H Sur Carrera 42 A,N/R,Urbana,"(6.166469625, -75.590677071)"
2162555,07/07/2016,8:40 a.m.,jueves,CAMIONETA,PARTICULAR,Conductor,Masculino,No,N/A,SOLO DAÑOS,Choque,Otra,Calle 40 H Sur Carrera 42 A,N/R,Urbana,"(6.166469625, -75.590677071)"
2161708,07/07/2016,11:50 a.m.,jueves,CAMION,PUBLICO,Conductor,Masculino,No,N/A,SOLO DAÑOS,Choque,Otra,Tramo 181 Kilometro  8,N/R,Rural,
2161708,07/07/2016,11:50 a.m.,jueves,CAMIONETA,PUBLICO,Conductor,Masculino,No,N/A,SOLO DAÑOS,Choque,Otra,Tramo 181 Kilometro  8,N/R,Rural,
2161692,07/07/2016,2:30 p.m.,jueves,AUTOMOVIL,PUBLICO,Conductor,Masculino,No,N/A,SOLO DAÑOS,Choque,No mantener distancia de seguridad,Calle 32 B Sur Carrera 48,LAS VEGAS,Urbana,"(6.177255701, -75.590031365)"
2161692,07/07/2016,2:30 p.m.,jueves,AUTOMOVIL,PARTICULAR,Conductor,Masculino,No,N/A,SOLO DAÑOS,Choque,No mantener distancia de seguridad,Calle 32 B Sur Carrera 48,LAS VEGAS,Urbana,"(6.177255701, -75.590031365)"
2161687,07/07/2016,2:50 p.m.,jueves,MOTOCICLETA,PARTICULAR,Motociclista,Masculino,No,N/A,HERIDO,Atropello,Otra,Calle 36  Sur Carrera 42,ZONA CENTRO,Urbana,"(6.17108429, -75.586487414)"
2161687,07/07/2016,2:50 p.m.,jueves,CAMPERO,PARTICULAR,Conductor,Femenino,No,N/A,HERIDO,Atropello,Otra,Calle 36  Sur Carrera 42,ZONA CENTRO,Urbana,"(6.17108429, -75.586487414)"
2161689,07/07/2016,3:45 p.m.,jueves,AUTOMOVIL,PARTICULAR,Conductor,Masculino,No,N/A,SOLO DAÑOS,Choque,No mantener distancia de seguridad,Calle 43 A Sur Carrera 50,LAS CASITAS,Urbana,"(6.160125495, -75.602078994)"
2161689,07/07/2016,3:45 p.m.,jueves,CAMPERO,PARTICULAR,Conductor,Masculino,No,N/A,SOLO DAÑOS,Choque,No mantener distancia de seguridad,Calle 43 A Sur Carrera 50,LAS CASITAS,Urbana,"(6.160125495, -75.602078994)"
2161688,07/07/2016,4:00 p.m.,jueves,CAMIONETA,PARTICULAR,Conductor,Masculino,No,N/A,SOLO DAÑOS,Choque,Otra,Calle 37  Sur Carrera 48,GLORIETA EXITO,Urbana,"(6.17412211, -75.593061115)"
2161688,07/07/2016,4:00 p.m.,jueves,AUTOMOVIL,PARTICULAR,Conductor,Masculino,No,N/A,SOLO DAÑOS,Choque,Otra,Calle 37  Sur Carrera 48,GLORIETA EXITO,Urbana,"(6.17412211, -75.593061115)"
2161725,07/07/2016,9:15 p.m.,jueves,CAMIONETA,PUBLICO,Conductor,Masculino,No,N/A,SOLO DAÑOS,Choque,Otra,Calle 37  Sur Carrera 50,LAS VEGAS,Urbana,
2161725,07/07/2016,9:15 p.m.,jueves,MOTOCICLETA,PARTICULAR,Motociclista,Masculino,No,N/A,SOLO DAÑOS,Choque,Otra,Calle 37  Sur Carrera 50,LAS VEGAS,Urbana,
2161691,07/07/2016,11:34 p.m.,jueves,MOTOCICLETA,PARTICULAR,Motociclista,Masculino,No,N/A,HERIDO,Choque,Embriaguez aparente,Tramo 371 Kilometro  3,VEREDA EL ESCOBERO,Rural,
2161691,07/07/2016,11:34 p.m.,jueves,MOTOCICLETA,PARTICULAR,Motociclista,Masculino,No,N/A,HERIDO,Choque,Exceso de velocidad,Tramo 371 Kilometro  3,VEREDA EL ESCOBERO,Rural,
2161705,07/08/2016,6:20 a.m.,viernes,AUTOMOVIL,PARTICULAR,Conductor,Masculino,No,N/A,SOLO DAÑOS,Choque,Otra,Calle 39  Sur Carrera 43 A,ALCALA,Urbana,"(6.169120914, -75.589530358)"
2161705,07/08/2016,6:20 a.m.,viernes,MOTOCICLETA,PARTICULAR,Motociclista,Masculino,No,N/A,SOLO DAÑOS,Choque,Otra,Calle 39  Sur Carrera 43 A,ALCALA,Urbana,"(6.169120914, -75.589530358)"
2161710,07/08/2016,6:50 a.m.,viernes,CAMPERO,PARTICULAR,Conductor,Masculino,No,N/A,HERIDO,Choque,Otra,Calle 39 A Sur Carrera 48,LAS VEGAS,Urbana,"(6.168916704, -75.59147177)"
2161710,07/08/2016,6:50 a.m.,viernes,MOTOCICLETA,PARTICULAR,Motociclista,Masculino,No,N/A,HERIDO,Choque,Otra,Calle 39 A Sur Carrera 48,LAS VEGAS,Urbana,"(6.168916704, -75.59147177)"
2161695,07/08/2016,9:35 a.m.,viernes,AUTOMOVIL,PARTICULAR,Conductor,Femenino,No,N/A,SOLO DAÑOS,Choque,No mantener distancia de seguridad,Calle 30  Sur Carrera 50,LAS VEGAS,Urbana,
2161695,07/08/2016,9:35 a.m.,viernes,TRACTOCAMION,PARTICULAR,Conductor,Masculino,No,N/A,SOLO DAÑOS,Choque,No mantener distancia de seguridad,Calle 30  Sur Carrera 50,LAS VEGAS,Urbana,
2161718,07/08/2016,10:20 a.m.,viernes,AUTOMOVIL,PARTICULAR,Conductor,Masculino,No,N/A,SOLO DAÑOS,Choque,Otra,Calle 40 B Sur Carrera 37,EL DORADO,Urbana,"(6.164256506, -75.586419998)"
2161718,07/08/2016,10:20 a.m.,viernes,MOTOCICLETA,PARTICULAR,Motociclista,Masculino,No,N/A,SOLO DAÑOS,Choque,Otra,Calle 40 B Sur Carrera 37,EL DORADO,Urbana,"(6.164256506, -75.586419998)"
2161720,07/08/2016,10:30 a.m.,viernes,CAMION,PUBLICO,Conductor,Masculino,No,N/A,SOLO DAÑOS,Choque,Adelantar cerrando,Calle 50  Sur Carrera 48,LAS VEGAS,Urbana,
2161720,07/08/2016,10:30 a.m.,viernes,CAMION,PUBLICO,Conductor,Masculino,No,N/A,SOLO DAÑOS,Choque,Adelantar cerrando,Calle 50  Sur Carrera 48,LAS VEGAS,Urbana,
2161709,07/08/2016,10:45 a.m.,viernes,AUTOMOVIL,PARTICULAR,Conductor,Masculino,No,N/A,HERIDO,Choque,Otra,Diagonal 32 B Transversal 32 C Sur,LA MAGNOLIA,Urbana,"(6.174833303, -75.583064259)"
2161709,07/08/2016,10:45 a.m.,viernes,MOTOCICLETA,PARTICULAR,Motociclista,Femenino,No,N/A,HERIDO,Choque,Otra,Diagonal 32 B Transversal 32 C Sur,LA MAGNOLIA,Urbana,"(6.174833303, -75.583064259)"
2161731,07/08/2016,12:40 p.m.,viernes,CAMPERO,PARTICULAR,Conductor,Masculino,No,N/A,SOLO DAÑOS,Choque,Reverso imprudente,Calle 38 A Sur Carrera 42,ZONA CENTRO,Urbana,"(6.169022232, -75.587722385)"
2161731,07/08/2016,12:40 p.m.,viernes,CAMIONETA,PARTICULAR,Conductor,Masculino,No,N/A,SOLO DAÑOS,Choque,Reverso imprudente,Calle 38 A Sur Carrera 42,ZONA CENTRO,Urbana,"(6.169022232, -75.587722385)"
2161706,07/08/2016,1:35 p.m.,viernes,CAMIONETA,PARTICULAR,Conductor,Masculino,No,N/A,SOLO DAÑOS,Choque,Otra,Tramo 372 Kilometro  11,VEREDA PALMAS,Rural,
2161706,07/08/2016,1:35 p.m.,viernes,MOTOCICLETA,PARTICULAR,Motociclista,Masculino,No,N/A,SOLO DAÑOS,Choque,Otra,Tramo 372 Kilometro  11,VEREDA PALMAS,Rural,
2161698,07/08/2016,2:00 p.m.,viernes,AUTOMOVIL,PARTICULAR,Conductor,Masculino,No,N/A,SOLO DAÑOS,Choque,Otra,Tramo 372 Kilometro  11,VEREDA PALMAS,Rural,
2161723,07/08/2016,4:30 p.m.,viernes,AUTOMOVIL,PUBLICO,Conductor,Masculino,No,N/A,SOLO DAÑOS,Choque,No mantener distancia de seguridad,Calle 34  Sur Carrera 43 A,N/R,Urbana,"(6.173041737, -75.586969821)"
2161723,07/08/2016,4:30 p.m.,viernes,AUTOMOVIL,PARTICULAR,Conductor,Femenino,No,N/A,SOLO DAÑOS,Choque,No mantener distancia de seguridad,Calle 34  Sur Carrera 43 A,N/R,Urbana,"(6.173041737, -75.586969821)"
2161721,07/08/2016,8:25 p.m.,viernes,AUTOMOVIL,PUBLICO,Conductor,Masculino,No,N/A,SOLO DAÑOS,Choque,Otra,Calle 40  Sur Carrera 43 A,EL DORADO,Urbana,"(6.167965983, -75.590242146)"
2161721,07/08/2016,8:25 p.m.,viernes,AUTOMOVIL,PARTICULAR,Conductor,Masculino,No,N/A,SOLO DAÑOS,Choque,Otra,Calle 40  Sur Carrera 43 A,EL DORADO,Urbana,"(6.167965983, -75.590242146)"
2161721,07/08/2016,8:25 p.m.,viernes,AUTOMOVIL,PARTICULAR,Conductor,Femenino,No,N/A,SOLO DAÑOS,Choque,Otra,Calle 40  Sur Carrera 43 A,EL DORADO,Urbana,"(6.167965983, -75.590242146)"
2161732,07/09/2016,6:15 a.m.,sábado,AUTOMOVIL,PUBLICO,Conductor,Masculino,Si,3,SOLO DAÑOS,Choque,No mantener distancia de seguridad,Diagonal 31 Transversal 32,LAS ORQUIDEAS,Urbana,"(6.174681134, -75.578471041)"
2161732,07/09/2016,6:15 a.m.,sábado,AUTOMOVIL,PUBLICO,Conductor,Masculino,No,N/A,SOLO DAÑOS,Choque,No mantener distancia de seguridad,Diagonal 31 Transversal 32,LAS ORQUIDEAS,Urbana,"(6.174681134, -75.578471041)"
2161713,07/09/2016,9:20 a.m.,sábado,AUTOMOVIL,PARTICULAR,Conductor,Masculino,No,N/A,SOLO DAÑOS,Choque,Otra,Calle 37  Sur Carrera 50,LAS VEGAS,Urbana,
2161713,07/09/2016,9:20 a.m.,sábado,AUTOMOVIL,PARTICULAR,Conductor,Masculino,No,N/A,SOLO DAÑOS,Choque,Otra,Calle 37  Sur Carrera 50,LAS VEGAS,Urbana,
2161696,07/09/2016,9:30 a.m.,sábado,AUTOMOVIL,PARTICULAR,Conductor,Femenino,No,N/A,SOLO DAÑOS,Choque,Otra,Calle 37  Sur Carrera 47,ALCALA,Urbana,"(6.173046979, -75.591652858)"
2161712,07/09/2016,11:50 a.m.,sábado,AUTOMOVIL,PARTICULAR,Conductor,Masculino,No,N/A,SOLO DAÑOS,Choque,Otra,Tramo 372 Kilometro  13,VEREDA PALMAS,Rural,
2161712,07/09/2016,11:50 a.m.,sábado,CAMIONETA,PARTICULAR,Conductor,Femenino,No,N/A,SOLO DAÑOS,Choque,Otra,Tramo 372 Kilometro  13,VEREDA PALMAS,Rural,
2161733,07/09/2016,12:00 p.m.,sábado,AUTOMOVIL,PARTICULAR,Conductor,Femenino,No,N/A,SOLO DAÑOS,Choque,No mantener distancia de seguridad,Calle 23  Sur Carrera 44,ZU├æIGA,Urbana,"(6.183050487, -75.580976279)"
2161733,07/09/2016,12:00 p.m.,sábado,AUTOMOVIL,PARTICULAR,Conductor,Femenino,No,N/A,SOLO DAÑOS,Choque,No mantener distancia de seguridad,Calle 23  Sur Carrera 44,ZU├æIGA,Urbana,"(6.183050487, -75.580976279)"
2161711,07/09/2016,12:20 p.m.,sábado,AUTOMOVIL,PUBLICO,Conductor,Masculino,No,N/A,SOLO DAÑOS,Choque,Adelantar cerrando,Calle 37  Sur Carrera 50,LAS VEGAS,Urbana,
2161711,07/09/2016,12:20 p.m.,sábado,CAMION,PUBLICO,Conductor,Masculino,No,N/A,SOLO DAÑOS,Choque,Adelantar cerrando,Calle 37  Sur Carrera 50,LAS VEGAS,Urbana,
2161700,07/09/2016,2:50 p.m.,sábado,AUTOMOVIL,PARTICULAR,Conductor,Masculino,No,N/A,SOLO DAÑOS,Choque,Otra,Tramo 372 Kilometro  12,VEREDA PALMAS,Rural,
2161700,07/09/2016,2:50 p.m.,sábado,AUTOMOVIL,PARTICULAR,Conductor,Femenino,No,N/A,SOLO DAÑOS,Choque,Otra,Tramo 372 Kilometro  12,VEREDA PALMAS,Rural,
2161717,07/09/2016,3:15 p.m.,sábado,AUTOMOVIL,PARTICULAR,Conductor,Masculino,No,N/A,SOLO DAÑOS,Choque,Otra,Calle 21  Sur Carrera 43 A,N/R,Urbana,"(6.18399286, -75.579597643)"
2161717,07/09/2016,3:15 p.m.,sábado,CAMPERO,PARTICULAR,Conductor,Masculino,No,N/A,SOLO DAÑOS,Choque,Otra,Calle 21  Sur Carrera 43 A,N/R,Urbana,"(6.18399286, -75.579597643)"
2161717,07/09/2016,3:15 p.m.,sábado,AUTOMOVIL,PARTICULAR,Conductor,Masculino,No,N/A,SOLO DAÑOS,Choque,Otra,Calle 21  Sur Carrera 43 A,N/R,Urbana,"(6.18399286, -75.579597643)"
2161699,07/09/2016,8:20 p.m.,sábado,AUTOMOVIL,PARTICULAR,Conductor,Masculino,No,N/A,SOLO DAÑOS,Choque,Otra,Diagonal 31 Transversal 34 D Sur,LOS NARANJOS,Urbana,"(6.17201459, -75.579216112)"
2161699,07/09/2016,8:20 p.m.,sábado,AUTOMOVIL,PARTICULAR,Conductor,Masculino,No,N/A,SOLO DAÑOS,Choque,Otra,Diagonal 31 Transversal 34 D Sur,LOS NARANJOS,Urbana,"(6.17201459, -75.579216112)"
2161703,07/09/2016,9:30 p.m.,sábado,MOTOCICLETA,PARTICULAR,Motociclista,Masculino,No,N/A,SOLO DAÑOS,Choque,Otra,Calle 39  Sur Carrera 32,MESA,Urbana,"(6.164669196, -75.582458648)"
2161703,07/09/2016,9:30 p.m.,sábado,AUTOMOVIL,PARTICULAR,Conductor,Masculino,No,N/A,SOLO DAÑOS,Choque,Otra,Calle 39  Sur Carrera 32,MESA,Urbana,"(6.164669196, -75.582458648)"
2161694,07/10/2016,3:00 p.m.,domingo,AUTOMOVIL,PARTICULAR,Conductor,Femenino,No,N/A,SOLO DAÑOS,Choque,Otra,Calle 36 D Sur Carrera 27,VEREDA EL ESCOBERO,Urbana,"(6.162479576, -75.570222573)"
2161694,07/10/2016,3:00 p.m.,domingo,MOTOCICLETA,PARTICULAR,Motociclista,Masculino,No,N/A,SOLO DAÑOS,Choque,Otra,Calle 36 D Sur Carrera 27,VEREDA EL ESCOBERO,Urbana,"(6.162479576, -75.570222573)"
2161722,07/10/2016,3:50 p.m.,domingo,AUTOMOVIL,PARTICULAR,Conductor,Masculino,No,N/A,SOLO DAÑOS,Choque,No mantener distancia de seguridad,Calle 25  Sur Carrera 43 A,AVENIDA EL POBLADO,Urbana,"(6.181560189, -75.582016491)"
2161722,07/10/2016,3:50 p.m.,domingo,CAMIONETA,PARTICULAR,Conductor,Masculino,No,N/A,SOLO DAÑOS,Choque,No mantener distancia de seguridad,Calle 25  Sur Carrera 43 A,AVENIDA EL POBLADO,Urbana,"(6.181560189, -75.582016491)"
2161722,07/10/2016,3:50 p.m.,domingo,AUTOMOVIL,PARTICULAR,Conductor,Femenino,No,N/A,SOLO DAÑOS,Choque,No mantener distancia de seguridad,Calle 25  Sur Carrera 43 A,AVENIDA EL POBLADO,Urbana,"(6.181560189, -75.582016491)"
2161727,07/10/2016,6:25 p.m.,domingo,AUTOMOVIL,DIPLOMATICO,Conductor,Masculino,No,N/A,SOLO DAÑOS,Choque,Poner en marcha un vehiculo sin precauci,Calle 38  Sur Carrera 47 A,ALCALA,Urbana,"(6.172609491, -75.592299613)"
2161727,07/10/2016,6:25 p.m.,domingo,AUTOMOVIL,PUBLICO,Conductor,Masculino,No,N/A,SOLO DAÑOS,Choque,Poner en marcha un vehiculo sin precauci,Calle 38  Sur Carrera 47 A,ALCALA,Urbana,"(6.172609491, -75.592299613)"
2161724,07/10/2016,6:30 p.m.,domingo,AUTOMOVIL,PARTICULAR,Conductor,Masculino,No,N/A,HERIDO,Choque,Otra,Calle 38 A Sur Carrera 25 A,EL CHINGU├ì,Urbana,
2161724,07/10/2016,6:30 p.m.,domingo,MOTOCICLETA,PARTICULAR,Motociclista,Masculino,No,N/A,HERIDO,Choque,Otra,Calle 38 A Sur Carrera 25 A,EL CHINGU├ì,Urbana,