RADICADO,FECHA,HORA,DÍA DE LA SEMANA,CLASE DE VEHICULO,TIPO DE SERVICIO,TIPO DE VICTIMA,SEXO,ESTADO DE BEODEZ,RESULTADO DE BEODEZ,GRAVEDAD,CLASE DE ACCIDENTE,CAUSA,DIRECCIÓN,BARRIO,AREA,Coordenadas
2161821,07/20/2016,4:10 p.m.,miércoles,BICICLETA,PARTICULAR,Ciclista,Masculino,No,N/A,HERIDO,Choque,Otra,Tramo 181  Noreste Kilometro  13,N/R,Rural,
2161766,07/16/2016,10:50 a.m.,sábado,CAMIONETA,PARTICULAR,Conductor,Masculino,No,N/A,SOLO DAÑOS,Choque,Adelantar cerrando,Calle 33 B Sur Carrera 48,LAS VEGAS,Urbana,"(6.172981087, -75.586076226)"
2161766,07/16/2016,10:50 a.m.,sábado,CAMPERO,PARTICULAR,Conductor,Masculino,No,N/A,SOLO DAÑOS,Choque,Adelantar cerrando,Calle 33 B Sur Carrera 48,LAS VEGAS,Urbana,"(6.172981087, -75.586076226)"
2161764,07/16/2016,11:10 a.m.,sábado,AUTOMOVIL,PARTICULAR,Conductor,Masculino,No,N/A,SOLO DAÑOS,Choque,Adelantar en zona prohibida,Calle 48 C Sur Carrera 46,LAS VEGAS,Urbana,"(6.162854875, -75.599744367)"
2161764,07/16/2016,11:10 a.m.,sábado,MOTOCICLETA,PARTICULAR,Motociclista,Masculino,No,N/A,SOLO DAÑOS,Choque,Adelantar en zona prohibida,Calle 48 C Sur Carrera 46,LAS VEGAS,Urbana,"(6.162854875, -75.599744367)"
2161788,07/16/2016,11:35 a.m.,sábado,AUTOMOVIL,PARTICULAR,Conductor,Femenino,No,N/A,HERIDO,Choque,Desobedecer senales,Calle 36  Sur Carrera 45 A,EL PORTAL,Urbana,"(6.172557903, -75.588902519)"
2161788,07/16/2016,11:35 a.m.,sábado,BICICLETA,PARTICULAR,Ciclista,Masculino,No,N/A,HERIDO,Choque,Desobedecer senales,Calle 36  Sur Carrera 45 A,EL PORTAL,Urbana,"(6.172557903, -75.588902519)"
2161769,07/16/2016,12:00 p.m.,sábado,AUTOMOVIL,PARTICULAR,Conductor,Masculino,No,N/A,SOLO DAÑOS,Choque,No mantener distancia de seguridad,Calle 23  Sur Carrera 43 A,AVENIDA EL POBLADO,Urbana,"(6.182706228, -75.580329956)"
2161769,07/16/2016,12:00 p.m.,sábado,MOTOCICLETA,PARTICULAR,Motociclista,Masculino,No,N/A,SOLO DAÑOS,Choque,No mantener distancia de seguridad,Calle 23  Sur Carrera 43 A,AVENIDA EL POBLADO,Urbana,"(6.182706228, -75.580329956)"
2161762,07/16/2016,12:30 p.m.,sábado,CAMIONETA,PUBLICO,Conductor,Masculino,No,N/A,HERIDO,Choque,Transitar entre vehiculos,Calle 43  Sur Carrera 50,LAS VEGAS,Urbana,"(6.159203801, -75.602594962)"
2161762,07/16/2016,12:30 p.m.,sábado,MOTOCICLETA,PARTICULAR,Motociclista,Masculino,No,N/A,HERIDO,Choque,Transitar entre vehiculos,Calle 43  Sur Carrera 50,LAS VEGAS,Urbana,"(6.159203801, -75.602594962)"
2161776,07/16/2016,2:20 p.m.,sábado,AUTOMOVIL,PARTICULAR,Conductor,Femenino,No,N/A,SOLO DAÑOS,Choque,No mantener distancia de seguridad,Calle 36 D Sur Carrera 27,VEREDA EL ESCOBERO,Urbana,"(6.162479576, -75.570222573)"
2161776,07/16/2016,2:20 p.m.,sábado,AUTOMOVIL,PUBLICO,Conductor,Masculino,No,N/A,SOLO DAÑOS,Choque,No mantener distancia de seguridad,Calle 36 D Sur Carrera 27,VEREDA EL ESCOBERO,Urbana,"(6.162479576, -75.570222573)"
2161796,07/16/2016,3:00 p.m.,sábado,AUTOMOVIL,PARTICULAR,Conductor,Masculino,No,N/A,SOLO DAÑOS,Choque,No mantener distancia de seguridad,Calle 37  Sur Carrera 48,N/R,Urbana,"(6.17412211, -75.593061115)"
2161796,07/16/2016,3:00 p.m.,sábado,CAMIONETA,PARTICULAR,Conductor,Masculino,No,N/A,SOLO DAÑOS,Choque,No mantener distancia de seguridad,Calle 37  Sur Carrera 48,N/R,Urbana,"(6.17412211, -75.593061115)"
2161779,07/16/2016,3:20 p.m.,sábado,MOTOCICLETA,PARTICULAR,Motociclista,Masculino,No,N/A,SOLO DAÑOS,Choque,Adelantar cerrando,Calle 37  Sur Carrera 48,N/R,Urbana,"(6.17412211, -75.593061115)"
2161779,07/16/2016,3:20 p.m.,sábado,AUTOMOVIL,PUBLICO,Conductor,Masculino,No,N/A,SOLO DAÑOS,Choque,Adelantar cerrando,Calle 37  Sur Carrera 48,N/R,Urbana,"(6.17412211, -75.593061115)"
2161768,07/16/2016,4:00 p.m.,sábado,AUTOMOVIL,PARTICULAR,Conductor,Masculino,No,N/A,HERIDO,Choque,Transitar entre vehiculos,Calle 30  Sur Carrera 48,N/R,Urbana,"(6.180376127, -75.590288049)"
2161768,07/16/2016,4:00 p.m.,sábado,MOTOCICLETA,PARTICULAR,Motociclista,Masculino,No,N/A,HERIDO,Choque,Transitar entre vehiculos,Calle 30  Sur Carrera 48,N/R,Urbana,"(6.180376127, -75.590288049)"
2161759,07/16/2016,5:50 p.m.,sábado,AUTOMOVIL,PARTICULAR,Conductor,Masculino,No,N/A,SOLO DAÑOS,Choque,No mantener distancia de seguridad,Calle 46  Sur Carrera 46 AA,PRIMAVERA,Urbana,"(6.164899577, -75.597072165)"
2161792,07/17/2016,11:00 a.m.,domingo,AUTOMOVIL,PARTICULAR,Conductor,Femenino,No,N/A,SOLO DAÑOS,Choque,No mantener distancia de seguridad,Calle 39  Sur Carrera 42,ZONA CENTRO,Urbana,"(6.168300638, -75.588159271)"
2161792,07/17/2016,11:00 a.m.,domingo,BUS,PUBLICO,Conductor,Masculino,No,N/A,SOLO DAÑOS,Choque,No mantener distancia de seguridad,Calle 39  Sur Carrera 42,ZONA CENTRO,Urbana,"(6.168300638, -75.588159271)"
2161790,07/17/2016,4:00 p.m.,domingo,MOTOCICLETA,PARTICULAR,Motociclista,Masculino,No,N/A,SOLO DAÑOS,Choque,No respetar prelacion,Tramo 372 Kilometro  17,VEREDA PALMAS,Rural,
2161784,07/17/2016,5:00 p.m.,domingo,AUTOMOVIL,PARTICULAR,Conductor,Masculino,Si,2,SOLO DAÑOS,Choque,Desobedecer senales,Calle 40  Sur Carrera 29,SAN JOSE,Urbana,"(6.159832302, -75.582595296)"
2161784,07/17/2016,5:00 p.m.,domingo,BICICLETA,PARTICULAR,Ciclista,Masculino,No,N/A,SOLO DAÑOS,Choque,Embriaguez o droga,Calle 40  Sur Carrera 29,SAN JOSE,Urbana,"(6.159832302, -75.582595296)"
2161784,07/17/2016,5:00 p.m.,domingo,BICICLETA,PARTICULAR,Ciclista,Masculino,No,N/A,SOLO DAÑOS,Choque,Desobedecer senales,Calle 40  Sur Carrera 29,SAN JOSE,Urbana,"(6.159832302, -75.582595296)"
2161784,07/17/2016,5:00 p.m.,domingo,AUTOMOVIL,PARTICULAR,Conductor,Masculino,Si,2,SOLO DAÑOS,Choque,Embriaguez o droga,Calle 40  Sur Carrera 29,SAN JOSE,Urbana,"(6.159832302, -75.582595296)"
2161786,07/18/2016,10:45 a.m.,lunes,MOTOCICLETA,PARTICULAR,Motociclista,Masculino,No,N/A,HERIDO,Choque,Desobedecer senales,Calle 38 A Sur Carrera 46,ALCALA,Urbana,"(6.171457357, -75.591576633)"
2161786,07/18/2016,10:45 a.m.,lunes,AUTOMOVIL,PARTICULAR,Conductor,Femenino,No,N/A,HERIDO,Choque,Desobedecer senales,Calle 38 A Sur Carrera 46,ALCALA,Urbana,"(6.171457357, -75.591576633)"
2161803,07/18/2016,1:45 p.m.,lunes,AUTOMOVIL,PARTICULAR,Conductor,Femenino,No,N/A,SOLO DAÑOS,Choque,No mantener distancia de seguridad,Diagonal 31 Transversal 31,N/R,Urbana,
2161803,07/18/2016,1:45 p.m.,lunes,AUTOMOVIL,PARTICULAR,Conductor,Femenino,No,N/A,SOLO DAÑOS,Choque,No mantener distancia de seguridad,Diagonal 31 Transversal 31,N/R,Urbana,
2161794,07/18/2016,3:15 p.m.,lunes,AUTOMOVIL,PUBLICO,Conductor,Masculino,No,N/A,SOLO DAÑOS,Choque,Impericia en el manejo,Calle 43  Sur Carrera 36 D,N/R,Urbana,"(6.171314659, -75.587007533)"
2161787,07/18/2016,4:00 p.m.,lunes,AUTOMOVIL,PUBLICO,Conductor,Masculino,No,N/A,SOLO DAÑOS,Choque,Adelantar cerrando,Calle 30  Sur Carrera 48,LAS VEGAS,Urbana,"(6.180376127, -75.590288049)"
2161787,07/18/2016,4:00 p.m.,lunes,CAMIONETA,PARTICULAR,Conductor,Masculino,No,N/A,SOLO DAÑOS,Choque,Adelantar cerrando,Calle 30  Sur Carrera 48,LAS VEGAS,Urbana,"(6.180376127, -75.590288049)"
2161789,07/18/2016,5:45 p.m.,lunes,BUS,PUBLICO,Conductor,Masculino,No,N/A,HERIDO,Caida Ocupante,Transitar con las puertas abiertas,Calle 41 B Sur Carrera 34,EL DORADO,Urbana,"(6.16121571, -75.587769348)"
2161805,07/18/2016,8:50 p.m.,lunes,MOTOCICLETA,PARTICULAR,Motociclista,Masculino,No,N/A,SOLO DAÑOS,Choque,Poner en marcha un vehiculo sin precauci,Calle 26  Sur Carrera 43 A,N/R,Urbana,"(6.180841534, -75.582938146)"
2161805,07/18/2016,8:50 p.m.,lunes,CAMIONETA,PARTICULAR,Conductor,Masculino,No,N/A,SOLO DAÑOS,Choque,Poner en marcha un vehiculo sin precauci,Calle 26  Sur Carrera 43 A,N/R,Urbana,"(6.180841534, -75.582938146)"
2161801,07/18/2016,9:20 p.m.,lunes,AUTOMOVIL,PUBLICO,Conductor,Masculino,No,N/A,SOLO DAÑOS,Choque,Estacionar sin seguridad,Calle 36  Sur Carrera 42,ZONA CENTRO,Urbana,"(6.17108429, -75.586487414)"
2161801,07/18/2016,9:20 p.m.,lunes,AUTOMOVIL,PARTICULAR,Conductor,Masculino,No,N/A,SOLO DAÑOS,Choque,Impericia en el manejo,Calle 36  Sur Carrera 42,ZONA CENTRO,Urbana,"(6.17108429, -75.586487414)"
2161801,07/18/2016,9:20 p.m.,lunes,AUTOMOVIL,PARTICULAR,Conductor,Masculino,No,N/A,SOLO DAÑOS,Choque,Estacionar sin seguridad,Calle 36  Sur Carrera 42,ZONA CENTRO,Urbana,"(6.17108429, -75.586487414)"
2161801,07/18/2016,9:20 p.m.,lunes,AUTOMOVIL,PUBLICO,Conductor,Masculino,No,N/A,SOLO DAÑOS,Choque,Impericia en el manejo,Calle 36  Sur Carrera 42,ZONA CENTRO,Urbana,"(6.17108429, -75.586487414)"
2161802,07/19/2016,6:30 a.m.,martes,CAMPERO,PARTICULAR,Conductor,Masculino,No,N/A,SOLO DAÑOS,Choque,No mantener distancia de seguridad,Calle 37  Sur Carrera 49,LAS VEGAS,Urbana,"(6.174789471, -75.594204243)"
2161802,07/19/2016,6:30 a.m.,martes,MOTOCICLETA,PARTICULAR,Motociclista,Masculino,No,N/A,SOLO DAÑOS,Choque,No mantener distancia de seguridad,Calle 37  Sur Carrera 49,LAS VEGAS,Urbana,"(6.174789471, -75.594204243)"
2161797,07/19/2016,6:35 a.m.,martes,AUTOMOVIL,PARTICULAR,Conductor,Masculino,No,N/A,SOLO DAÑOS,Choque,No mantener distancia de seguridad,Calle 40 A Sur Carrera 24 B,LA MINA,Urbana,"(6.151984005, -75.58064483)"
2161797,07/19/2016,6:35 a.m.,martes,AUTOMOVIL,PARTICULAR,Conductor,Femenino,No,N/A,SOLO DAÑOS,Choque,No mantener distancia de seguridad,Calle 40 A Sur Carrera 24 B,LA MINA,Urbana,"(6.151984005, -75.58064483)"
2161949,08/01/2016,7:40 p.m.,lunes,CAMION,PUBLICO,Conductor,Masculino,No,N/A,SOLO DAÑOS,Choque,No mantener distancia de seguridad,Calle 37  Sur Carrera 50,N/R,Urbana,
2161807,07/19/2016,8:20 a.m.,martes,AUTOMOVIL,PARTICULAR,Conductor,Masculino,No,N/A,HERIDO,Choque,No mantener distancia de seguridad,Calle 32  Sur Carrera 50,LAS VEGAS,Urbana,
2161807,07/19/2016,8:20 a.m.,martes,MOTOCICLETA,PARTICULAR,Motociclista,Femenino,No,N/A,HERIDO,Choque,No mantener distancia de seguridad,Calle 32  Sur Carrera 50,LAS VEGAS,Urbana,
2161809,07/19/2016,8:45 a.m.,martes,MOTOCICLETA,PARTICULAR,Motociclista,Masculino,No,N/A,SOLO DAÑOS,Choque,Transitar entre vehiculos,Calle 39  Sur Carrera 27 B,EL CHINGU├ì,Urbana,"(6.159217585, -75.578834618)"
2161809,07/19/2016,8:45 a.m.,martes,MOTOCICLETA,PARTICULAR,Motociclista,Masculino,Si,2,SOLO DAÑOS,Choque,Transitar entre vehiculos,Calle 39  Sur Carrera 27 B,EL CHINGU├ì,Urbana,"(6.159217585, -75.578834618)"
2161814,07/19/2016,9:00 a.m.,martes,AUTOMOVIL,PARTICULAR,Conductor,Femenino,No,N/A,SOLO DAÑOS,Choque,Adelantar en zona prohibida,Calle 34 D Sur Carrera 39,OBRERO,Urbana,"(6.170687237, -75.583838389)"
2161814,07/19/2016,9:00 a.m.,martes,MOTOCICLETA,PARTICULAR,Motociclista,Masculino,No,N/A,SOLO DAÑOS,Choque,Adelantar en zona prohibida,Calle 34 D Sur Carrera 39,OBRERO,Urbana,"(6.170687237, -75.583838389)"
2161799,07/19/2016,11:40 a.m.,martes,MOTOCICLETA,OFICIAL,Motociclista,Masculino,No,N/A,HERIDO,Caida Ocupante,Otra,Diagonal 30 A Transversal 34 DD,LA SEBASTIANA,Urbana,"(6.171449044, -75.578843754)"
2161813,07/19/2016,1:15 p.m.,martes,BUSETA,PUBLICO,Conductor,Masculino,No,N/A,SOLO DAÑOS,Choque,Reverso imprudente,Calle 22  Sur Carrera 44,ZU├æIGA,Urbana,"(6.18394153, -75.580552968)"
2161813,07/19/2016,1:15 p.m.,martes,AUTOMOVIL,PARTICULAR,Conductor,Masculino,No,N/A,SOLO DAÑOS,Choque,Reverso imprudente,Calle 22  Sur Carrera 44,ZU├æIGA,Urbana,"(6.18394153, -75.580552968)"
2161804,07/19/2016,1:30 p.m.,martes,BUSETA,PUBLICO,Conductor,Masculino,No,N/A,SOLO DAÑOS,Choque,No mantener distancia de seguridad,Calle 25  Sur Carrera 48,LAS VEGAS,Urbana,
2161804,07/19/2016,1:30 p.m.,martes,AUTOMOVIL,PUBLICO,Conductor,Masculino,No,N/A,SOLO DAÑOS,Choque,No mantener distancia de seguridad,Calle 25  Sur Carrera 48,LAS VEGAS,Urbana,
2161816,07/19/2016,3:30 p.m.,martes,AUTOMOVIL,PARTICULAR,Conductor,Masculino,No,N/A,SOLO DAÑOS,Choque,No respetar prelacion,Calle 50  Sur Carrera 48,N/R,Urbana,
2161816,07/19/2016,3:30 p.m.,martes,MOTOCICLETA,PARTICULAR,Motociclista,Masculino,No,N/A,SOLO DAÑOS,Choque,No respetar prelacion,Calle 50  Sur Carrera 48,N/R,Urbana,
2161806,07/19/2016,4:30 p.m.,martes,AUTOMOVIL,PARTICULAR,Conductor,Femenino,No,N/A,SOLO DAÑOS,Choque,Adelantar cerrando,Calle 25  Sur Carrera 49,N/R,Urbana,
2161806,07/19/2016,4:30 p.m.,martes,AUTOMOVIL,PARTICULAR,Conductor,Masculino,No,N/A,SOLO DAÑOS,Choque,Adelantar cerrando,Calle 25  Sur Carrera 49,N/R,Urbana,
2161815,07/19/2016,4:55 p.m.,martes,AUTOMOVIL,PARTICULAR,Conductor,Femenino,No,N/A,SOLO DAÑOS,Choque,No mantener distancia de seguridad,Calle 37  Sur Carrera 28,VEREDA EL ESCOBERO,Urbana,"(6.165679454, -75.578340422)"
2161810,07/19/2016,6:00 p.m.,martes,AUTOMOVIL,PARTICULAR,Conductor,Femenino,No,N/A,HERIDO,Choque,Semaforo en rojo,Calle 38  Sur Carrera 32,MESA,Urbana,"(6.166011939, -75.581581213)"
2161810,07/19/2016,6:00 p.m.,martes,MOTOCICLETA,PARTICULAR,Motociclista,Femenino,No,N/A,HERIDO,Choque,Semaforo en rojo,Calle 38  Sur Carrera 32,MESA,Urbana,"(6.166011939, -75.581581213)"
2161800,07/19/2016,11:00 p.m.,martes,AUTOMOVIL,PARTICULAR,Conductor,Masculino,No,N/A,HERIDO,Choque,Exceso de velocidad,Tramo 372 Kilometro  12,VEREDA PALMAS,Rural,
2161798,07/20/2016,12:05 a.m.,miércoles,MOTOCICLETA,PARTICULAR,Motociclista,Masculino,No,N/A,HERIDO,Caida Ocupante,Exceso de velocidad,Tramo 13 Kilometro  13,VEREDA PALMAS,Rural,
2161812,07/20/2016,12:40 p.m.,miércoles,AUTOMOVIL,PARTICULAR,Conductor,Masculino,No,N/A,SOLO DAÑOS,Choque,Poner en marcha un vehiculo sin precauci,Calle 37  Sur Carrera 49,N/R,Urbana,"(6.174789471, -75.594204243)"
2161812,07/20/2016,12:40 p.m.,miércoles,BUS,PUBLICO,Conductor,Masculino,No,N/A,SOLO DAÑOS,Choque,Poner en marcha un vehiculo sin precauci,Calle 37  Sur Carrera 49,N/R,Urbana,"(6.174789471, -75.594204243)"
2161808,07/20/2016,2:50 p.m.,miércoles,CAMIONETA,PARTICULAR,Conductor,Masculino,No,N/A,HERIDO,Atropello,Poner en marcha un vehiculo sin precauci,Calle 37  Sur Carrera 40 A,ZONA CENTRO,Urbana,"(6.16965782, -75.585873389)"
2161820,07/20/2016,4:00 p.m.,miércoles,BICICLETA,PARTICULAR,Ciclista,Sin registro,No,N/A,HERIDO,Choque,Otra,Tramo 372 Kilometro  13,VEREDA PALMAS,Rural,
2161822,07/20/2016,7:00 p.m.,miércoles,MICROBUS,PUBLICO,Conductor,Masculino,No,N/A,SOLO DAÑOS,Choque,Otra,Calle 40  Sur Carrera 24,EL SALADO,Urbana,"(6.147263187, -75.576335752)"
2161819,07/20/2016,7:30 p.m.,miércoles,AUTOMOVIL,PUBLICO,Conductor,Masculino,No,N/A,SOLO DAÑOS,Choque,Adelantar cerrando,Calle 40  Sur Carrera 43 A,EL DORADO,Urbana,"(6.167965983, -75.590242146)"
2161819,07/20/2016,7:30 p.m.,miércoles,AUTOMOVIL,PARTICULAR,Conductor,Femenino,No,N/A,SOLO DAÑOS,Choque,Adelantar cerrando,Calle 40  Sur Carrera 43 A,EL DORADO,Urbana,"(6.167965983, -75.590242146)"
2161811,07/21/2016,10:45 a.m.,jueves,AUTOMOVIL,PUBLICO,Conductor,Masculino,No,N/A,HERIDO,Choque,Adelantar cerrando,Calle 25 A Sur Carrera 42 B,N/R,Urbana,"(6.181402463, -75.58167941)"
2161811,07/21/2016,10:45 a.m.,jueves,MOTOCICLETA,PARTICULAR,Motociclista,Masculino,No,N/A,HERIDO,Choque,Adelantar cerrando,Calle 25 A Sur Carrera 42 B,N/R,Urbana,"(6.181402463, -75.58167941)"
2161817,07/21/2016,11:50 a.m.,jueves,CAMIONETA,PARTICULAR,Conductor,Femenino,No,N/A,SOLO DAÑOS,Choque,Exceso de velocidad,Calle 29  Sur Carrera 25,VEREDA EL ESCOBERO,Urbana,"(6.167240191, -75.564674215)"
2161842,07/21/2016,12:30 p.m.,jueves,AUTOMOVIL,DIPLOMATICO,Conductor,Femenino,No,N/A,SOLO DAÑOS,Choque,No mantener distancia de seguridad,Calle 22  Sur Carrera 50,LAS VEGAS,Urbana,
2161842,07/21/2016,12:30 p.m.,jueves,AUTOMOVIL,PARTICULAR,Conductor,Masculino,No,N/A,SOLO DAÑOS,Choque,No mantener distancia de seguridad,Calle 22  Sur Carrera 50,LAS VEGAS,Urbana,
2161818,07/21/2016,2:40 p.m.,jueves,AUTOMOVIL,PARTICULAR,Conductor,Femenino,No,N/A,SOLO DAÑOS,Choque,No mantener distancia de seguridad,Calle 46  Sur Carrera 48,LAS VEGAS,Urbana,"(6.162824447, -75.599686607)"
2161818,07/21/2016,2:40 p.m.,jueves,AUTOMOVIL,PARTICULAR,Conductor,Femenino,No,N/A,SOLO DAÑOS,Choque,No mantener distancia de seguridad,Calle 46  Sur Carrera 48,LAS VEGAS,Urbana,"(6.162824447, -75.599686607)"
2161823,07/21/2016,5:20 p.m.,jueves,MOTOCICLETA,PARTICULAR,Motociclista,Masculino,No,N/A,HERIDO,Choque,Transitar entre vehiculos,Calle 26  Sur Carrera 50,LAS VEGAS,Urbana,
2161823,07/21/2016,5:20 p.m.,jueves,MOTOCICLETA,PARTICULAR,Motociclista,Masculino,No,N/A,HERIDO,Choque,Transitar entre vehiculos,Calle 26  Sur Carrera 50,LAS VEGAS,Urbana,
2161847,07/22/2016,9:00 a.m.,viernes,AUTOMOVIL,PARTICULAR,Conductor,Masculino,No,N/A,SOLO DAÑOS,Choque,No mantener distancia de seguridad,Calle 33 B Sur Carrera 43 A,SAN MARCOS,Urbana,"(6.173429457, -75.586716615)"
2161847,07/22/2016,9:00 a.m.,viernes,AUTOMOVIL,PARTICULAR,Conductor,Masculino,No,N/A,SOLO DAÑOS,Choque,No mantener distancia de seguridad,Calle 33 B Sur Carrera 43 A,SAN MARCOS,Urbana,"(6.173429457, -75.586716615)"
2161862,07/22/2016,9:00 a.m.,viernes,CAMIONETA,PARTICULAR,Conductor,Masculino,No,N/A,SOLO DAÑOS,Choque,No mantener distancia de seguridad,Diagonal 31 Transversal 37,LA SEBASTIANA,Urbana,"(6.165165175, -75.580268963)"
2161862,07/22/2016,9:00 a.m.,viernes,AUTOMOVIL,PARTICULAR,Conductor,Masculino,No,N/A,SOLO DAÑOS,Choque,No mantener distancia de seguridad,Diagonal 31 Transversal 37,LA SEBASTIANA,Urbana,"(6.165165175, -75.580268963)"
2161833,07/22/2016,9:50 a.m.,viernes,CAMION,PUBLICO,Conductor,Masculino,No,N/A,SOLO DAÑOS,Choque,No mantener distancia de seguridad,Calle 37  Sur Carrera 50,LAS VEGAS,Urbana,
2161833,07/22/2016,9:50 a.m.,viernes,AUTOMOVIL,PARTICULAR,Conductor,Masculino,No,N/A,SOLO DAÑOS,Choque,No mantener distancia de seguridad,Calle 37  Sur Carrera 50,LAS VEGAS,Urbana,
2161826,07/22/2016,12:55 p.m.,viernes,CAMIONETA,PARTICULAR,Conductor,Masculino,No,N/A,SOLO DAÑOS,Choque,Reverso imprudente,Tramo 372 Kilometro  5,VEREDA PALMAS,Rural,
2161826,07/22/2016,12:55 p.m.,viernes,AUTOMOVIL,PARTICULAR,Conductor,Masculino,No,N/A,SOLO DAÑOS,Choque,Reverso imprudente,Tramo 372 Kilometro  5,VEREDA PALMAS,Rural,
2161837,07/22/2016,5:30 p.m.,viernes,AUTOMOVIL,PARTICULAR,Conductor,Masculino,No,N/A,SOLO DAÑOS,Choque,No mantener distancia de seguridad,Calle 40  Sur Carrera 42 B,LA PAZ,Urbana,
2161837,07/22/2016,5:30 p.m.,viernes,AUTOMOVIL,PARTICULAR,Conductor,Femenino,No,N/A,SOLO DAÑOS,Choque,No mantener distancia de seguridad,Calle 40  Sur Carrera 42 B,LA PAZ,Urbana,
2161824,07/22/2016,6:40 p.m.,viernes,AUTOMOVIL,PARTICULAR,Conductor,Femenino,No,N/A,HERIDO,Choque,Desobedecer senales,Calle 40 F Sur Carrera 40 A,EL DORADO,Urbana,"(6.164811069, -75.58956509)"
2161824,07/22/2016,6:40 p.m.,viernes,BICICLETA,PARTICULAR,Ciclista,Masculino,No,N/A,HERIDO,Choque,Desobedecer senales,Calle 40 F Sur Carrera 40 A,EL DORADO,Urbana,"(6.164811069, -75.58956509)"
2161843,07/23/2016,10:40 a.m.,sábado,AUTOMOVIL,PARTICULAR,Conductor,Masculino,No,N/A,SOLO DAÑOS,Choque,Exceso de velocidad,Tramo 372 Kilometro  32,VEREDA PALMAS,Rural,
2161846,07/23/2016,11:00 a.m.,sábado,AUTOMOVIL,PARTICULAR,Conductor,Femenino,No,N/A,HERIDO,Choque,Exceso de velocidad,Tramo 377 Kilometro  600,VEREDA LA ESPERANZA,Rural,
2161846,07/23/2016,11:00 a.m.,sábado,MOTOCICLETA,PARTICULAR,Motociclista,Masculino,No,N/A,HERIDO,Choque,Exceso de velocidad,Tramo 377 Kilometro  600,VEREDA LA ESPERANZA,Rural,
2161834,07/23/2016,11:30 a.m.,sábado,AUTOMOVIL,PARTICULAR,Conductor,Masculino,No,N/A,SOLO DAÑOS,Choque,No mantener distancia de seguridad,Calle 21  Sur Carrera 43 A,ZU├æIGA,Urbana,"(6.18399286, -75.579597643)"
2161834,07/23/2016,11:30 a.m.,sábado,MOTOCICLETA,OFICIAL,Motociclista,Masculino,No,N/A,SOLO DAÑOS,Choque,No mantener distancia de seguridad,Calle 21  Sur Carrera 43 A,ZU├æIGA,Urbana,"(6.18399286, -75.579597643)"
2161841,07/23/2016,12:30 p.m.,sábado,AUTOMOVIL,PARTICULAR,Conductor,Masculino,No,N/A,SOLO DAÑOS,Choque,No mantener distancia de seguridad,Calle 21  Sur Carrera 43 A,ZU├æIGA,Urbana,"(6.18399286, -75.579597643)"
2161841,07/23/2016,12:30 p.m.,sábado,AUTOMOVIL,PUBLICO,Conductor,Masculino,No,N/A,SOLO DAÑOS,Choque,No mantener distancia de seguridad,Calle 21  Sur Carrera 43 A,ZU├æIGA,Urbana,"(6.18399286, -75.579597643)"
2161830,07/23/2016,1:30 p.m.,sábado,AUTOMOVIL,PARTICULAR,Conductor,Femenino,No,N/A,SOLO DAÑOS,Choque,Poner en marcha un vehiculo sin precauci,Calle 39  Sur Carrera 33,MESA,Urbana,"(6.164989355, -75.58296685)"
2161830,07/23/2016,1:30 p.m.,sábado,CAMION,PUBLICO,Conductor,Masculino,No,N/A,SOLO DAÑOS,Choque,Poner en marcha un vehiculo sin precauci,Calle 39  Sur Carrera 33,MESA,Urbana,"(6.164989355, -75.58296685)"
2161835,07/23/2016,1:40 p.m.,sábado,CAMIONETA,PARTICULAR,Conductor,Masculino,No,N/A,SOLO DAÑOS,Choque,Reverso imprudente,Calle 40 DD Sur Carrera 38,EL DORADO,Urbana,"(6.163340481, -75.588362463)"
2161835,07/23/2016,1:40 p.m.,sábado,AUTOMOVIL,PUBLICO,Conductor,Masculino,No,N/A,SOLO DAÑOS,Choque,Reverso imprudente,Calle 40 DD Sur Carrera 38,EL DORADO,Urbana,"(6.163340481, -75.588362463)"
2161829,07/23/2016,3:20 p.m.,sábado,MOTOCICLETA,PARTICULAR,Motociclista,Masculino,No,N/A,HERIDO,Atropello,Transitar entre vehiculos,Calle 35  Sur Carrera 43 A,ZONA CENTRO,Urbana,"(6.17249645, -75.587328326)"
2161829,07/23/2016,3:20 p.m.,sábado,AUTOMOVIL,PARTICULAR,Conductor,Femenino,No,N/A,HERIDO,Atropello,Transitar entre vehiculos,Calle 35  Sur Carrera 43 A,ZONA CENTRO,Urbana,"(6.17249645, -75.587328326)"
2161827,07/23/2016,4:00 p.m.,sábado,CAMIONETA,PARTICULAR,Conductor,Masculino,No,N/A,SOLO DAÑOS,Choque,No mantener distancia de seguridad,Diagonal 32 D Transversal 34,LA MAGNOLIA,Urbana,"(6.172908151, -75.583144415)"
2161827,07/23/2016,4:00 p.m.,sábado,CAMIONETA,PARTICULAR,Conductor,Masculino,No,N/A,SOLO DAÑOS,Choque,No mantener distancia de seguridad,Diagonal 32 D Transversal 34,LA MAGNOLIA,Urbana,"(6.172908151, -75.583144415)"
2161825,07/23/2016,5:20 p.m.,sábado,CAMIONETA,PUBLICO,Conductor,Masculino,No,N/A,HERIDO,Atropello,Cruzar sin observar,Tramo 181 Kilometro  14,N/R,Rural,