RADICADO,FECHA,HORA,DÍA DE LA SEMANA,CLASE DE VEHICULO,TIPO DE SERVICIO,TIPO DE VICTIMA,SEXO,ESTADO DE BEODEZ,RESULTADO DE BEODEZ,GRAVEDAD,CLASE DE ACCIDENTE,CAUSA,DIRECCIÓN,BARRIO,AREA,Coordenadas
2161910,07/28/2016,1:30 p.m.,jueves,MOTOCICLETA,PARTICULAR,Motociclista,Masculino,No,N/A,SOLO DAÑOS,Choque,Transitar entre vehiculos,Diagonal 31 E Transversal 34 B,OBRERO,Urbana,"(6.172689669, -75.578827286)"
2161895,07/28/2016,4:40 p.m.,jueves,CAMION,PUBLICO,Conductor,Masculino,No,N/A,SOLO DAÑOS,Choque,Otra,Calle 48  Sur Carrera 48,LAS VEGAS,Urbana,"(6.164595282, -75.601380414)"
2161915,07/28/2016,4:50 p.m.,jueves,CAMIONETA,PARTICULAR,Conductor,Femenino,No,N/A,SOLO DAÑOS,Choque,No mantener distancia de seguridad,Tramo 372 Kilometro  12,VEREDA PALMAS,Rural,
2161915,07/28/2016,4:50 p.m.,jueves,AUTOMOVIL,PARTICULAR,Conductor,Masculino,No,N/A,SOLO DAÑOS,Choque,No mantener distancia de seguridad,Tramo 372 Kilometro  12,VEREDA PALMAS,Rural,
2161915,07/28/2016,4:50 p.m.,jueves,AUTOMOVIL,PUBLICO,Conductor,Masculino,No,N/A,SOLO DAÑOS,Choque,No mantener distancia de seguridad,Tramo 372 Kilometro  12,VEREDA PALMAS,Rural,
2161892,07/28/2016,5:45 p.m.,jueves,AUTOMOVIL,PARTICULAR,Conductor,Masculino,No,N/A,SOLO DAÑOS,Choque,No mantener distancia de seguridad,Tramo 372 Kilometro  10,VEREDA PALMAS,Rural,
2161892,07/28/2016,5:45 p.m.,jueves,CAMION,PUBLICO,Conductor,Masculino,No,N/A,SOLO DAÑOS,Choque,No mantener distancia de seguridad,Tramo 372 Kilometro  10,VEREDA PALMAS,Rural,
2161907,07/28/2016,7:50 p.m.,jueves,AUTOMOVIL,PARTICULAR,Conductor,Masculino,No,N/A,HERIDO,Atropello,Cruzar sin observar,Diagonal 33 Transversal 35,LOS NARANJOS,Urbana,"(6.169487409, -75.582046839)"
2161933,07/29/2016,6:50 a.m.,viernes,AUTOMOVIL,PUBLICO,Conductor,Masculino,No,N/A,SOLO DAÑOS,Choque,Desobedecer senales,Calle 32 B Sur Carrera 43 B,SAN MARCOS,Urbana,"(6.175124981, -75.586515473)"
2161933,07/29/2016,6:50 a.m.,viernes,MOTOCICLETA,PARTICULAR,Motociclista,Femenino,No,N/A,SOLO DAÑOS,Choque,Desobedecer senales,Calle 32 B Sur Carrera 43 B,SAN MARCOS,Urbana,"(6.175124981, -75.586515473)"
2161906,07/29/2016,8:10 a.m.,viernes,BUSETA,PUBLICO,Conductor,Masculino,No,N/A,SOLO DAÑOS,Choque,No mantener distancia de seguridad,Calle 46 A Sur Carrera 43 A,AVENIDA EL POBLADO,Urbana,"(6.163929718, -75.598167455)"
2161906,07/29/2016,8:10 a.m.,viernes,MICROBUS,PUBLICO,Conductor,Masculino,No,N/A,SOLO DAÑOS,Choque,No mantener distancia de seguridad,Calle 46 A Sur Carrera 43 A,AVENIDA EL POBLADO,Urbana,"(6.163929718, -75.598167455)"
2161914,07/29/2016,9:40 a.m.,viernes,AUTOMOVIL,PUBLICO,Conductor,Masculino,No,N/A,SOLO DAÑOS,Choque,No mantener distancia de seguridad,Calle 38  Sur Carrera 43,ZONA CENTRO,Urbana,"(6.170061667, -75.587839128)"
2161914,07/29/2016,9:40 a.m.,viernes,MOTOCICLETA,PARTICULAR,Motociclista,Masculino,No,N/A,SOLO DAÑOS,Choque,No mantener distancia de seguridad,Calle 38  Sur Carrera 43,ZONA CENTRO,Urbana,"(6.170061667, -75.587839128)"
2161914,07/29/2016,9:40 a.m.,viernes,CAMION,PUBLICO,Conductor,Masculino,No,N/A,SOLO DAÑOS,Choque,No mantener distancia de seguridad,Calle 38  Sur Carrera 43,ZONA CENTRO,Urbana,"(6.170061667, -75.587839128)"
2161905,07/29/2016,11:00 a.m.,viernes,CAMION,PUBLICO,Conductor,Masculino,No,N/A,SOLO DAÑOS,Choque,No mantener distancia de seguridad,Calle 37  Sur Carrera 50,LAS VEGAS,Urbana,
2161905,07/29/2016,11:00 a.m.,viernes,MOTOCICLETA,PARTICULAR,Motociclista,Masculino,No,N/A,SOLO DAÑOS,Choque,No mantener distancia de seguridad,Calle 37  Sur Carrera 50,LAS VEGAS,Urbana,
2161934,07/29/2016,12:30 p.m.,viernes,AUTOMOVIL,PARTICULAR,Conductor,Femenino,No,N/A,SOLO DAÑOS,Choque,Impericia en el manejo,Calle 39  Sur Carrera 28,N/R,Urbana,"(6.160790572, -75.579428456)"
2161934,07/29/2016,12:30 p.m.,viernes,CAMPERO,PARTICULAR,Conductor,Femenino,No,N/A,SOLO DAÑOS,Choque,Impericia en el manejo,Calle 39  Sur Carrera 28,N/R,Urbana,"(6.160790572, -75.579428456)"
2161929,07/29/2016,2:00 p.m.,viernes,MOTOCICLETA,PARTICULAR,Motociclista,Masculino,No,N/A,SOLO DAÑOS,Choque,Poner en marcha un vehiculo sin precauci,Calle 33  Sur Carrera 45,N/R,Urbana,"(6.174490456, -75.587547243)"
2161929,07/29/2016,2:00 p.m.,viernes,AUTOMOVIL,PARTICULAR,Conductor,Femenino,No,N/A,SOLO DAÑOS,Choque,Poner en marcha un vehiculo sin precauci,Calle 33  Sur Carrera 45,N/R,Urbana,"(6.174490456, -75.587547243)"
2161913,07/29/2016,2:10 p.m.,viernes,CAMPERO,PARTICULAR,Conductor,Femenino,No,N/A,SOLO DAÑOS,Choque,Transitar entre vehiculos,Calle 25 AA Sur Carrera 48,LAS VEGAS,Urbana,"(6.18405129, -75.584783826)"
2161913,07/29/2016,2:10 p.m.,viernes,CAMIONETA,PARTICULAR,Conductor,Masculino,No,N/A,SOLO DAÑOS,Choque,No mantener distancia de seguridad,Calle 25 AA Sur Carrera 48,LAS VEGAS,Urbana,"(6.18405129, -75.584783826)"
2161913,07/29/2016,2:10 p.m.,viernes,CAMIONETA,PARTICULAR,Conductor,Masculino,No,N/A,SOLO DAÑOS,Choque,Transitar entre vehiculos,Calle 25 AA Sur Carrera 48,LAS VEGAS,Urbana,"(6.18405129, -75.584783826)"
2161913,07/29/2016,2:10 p.m.,viernes,MOTOCICLETA,PARTICULAR,Motociclista,Masculino,No,N/A,SOLO DAÑOS,Choque,No mantener distancia de seguridad,Calle 25 AA Sur Carrera 48,LAS VEGAS,Urbana,"(6.18405129, -75.584783826)"
2161913,07/29/2016,2:10 p.m.,viernes,MOTOCICLETA,PARTICULAR,Motociclista,Masculino,No,N/A,SOLO DAÑOS,Choque,Transitar entre vehiculos,Calle 25 AA Sur Carrera 48,LAS VEGAS,Urbana,"(6.18405129, -75.584783826)"
2161913,07/29/2016,2:10 p.m.,viernes,AUTOMOVIL,PARTICULAR,Conductor,Masculino,No,N/A,SOLO DAÑOS,Choque,No mantener distancia de seguridad,Calle 25 AA Sur Carrera 48,LAS VEGAS,Urbana,"(6.18405129, -75.584783826)"
2161913,07/29/2016,2:10 p.m.,viernes,AUTOMOVIL,PARTICULAR,Conductor,Masculino,No,N/A,SOLO DAÑOS,Choque,Transitar entre vehiculos,Calle 25 AA Sur Carrera 48,LAS VEGAS,Urbana,"(6.18405129, -75.584783826)"
2161913,07/29/2016,2:10 p.m.,viernes,CAMPERO,PARTICULAR,Conductor,Femenino,No,N/A,SOLO DAÑOS,Choque,No mantener distancia de seguridad,Calle 25 AA Sur Carrera 48,LAS VEGAS,Urbana,"(6.18405129, -75.584783826)"
2161911,07/29/2016,2:30 p.m.,viernes,AUTOMOVIL,PARTICULAR,Conductor,Masculino,No,N/A,HERIDO,Choque,No mantener distancia de seguridad,Calle 30  Sur Carrera 50,LAS VEGAS,Urbana,
2161911,07/29/2016,2:30 p.m.,viernes,MOTOCICLETA,PARTICULAR,Motociclista,Masculino,No,N/A,HERIDO,Choque,No mantener distancia de seguridad,Calle 30  Sur Carrera 50,LAS VEGAS,Urbana,
2161911,07/29/2016,2:30 p.m.,viernes,CAMIONETA,PARTICULAR,Conductor,Masculino,No,N/A,HERIDO,Choque,No mantener distancia de seguridad,Calle 30  Sur Carrera 50,LAS VEGAS,Urbana,
2161912,07/29/2016,2:45 p.m.,viernes,CAMPERO,PARTICULAR,Conductor,Masculino,No,N/A,SOLO DAÑOS,Choque,No mantener distancia de seguridad,Calle 49  Sur Carrera 50,LAS VEGAS,Urbana,
2161912,07/29/2016,2:45 p.m.,viernes,MOTOCICLETA,PARTICULAR,Motociclista,Masculino,No,N/A,SOLO DAÑOS,Choque,No mantener distancia de seguridad,Calle 49  Sur Carrera 50,LAS VEGAS,Urbana,
2161921,07/29/2016,2:45 p.m.,viernes,BUS,PUBLICO,Conductor,Masculino,No,N/A,SOLO DAÑOS,Choque,Poner en marcha un vehiculo sin precauci,Calle 36  Sur Carrera 42,ZONA CENTRO,Urbana,"(6.17108429, -75.586487414)"
2161921,07/29/2016,2:45 p.m.,viernes,AUTOMOVIL,PUBLICO,Conductor,Masculino,No,N/A,SOLO DAÑOS,Choque,Poner en marcha un vehiculo sin precauci,Calle 36  Sur Carrera 42,ZONA CENTRO,Urbana,"(6.17108429, -75.586487414)"
2161900,07/29/2016,5:30 p.m.,viernes,MOTOCICLETA,PARTICULAR,Motociclista,Masculino,No,N/A,SOLO DAÑOS,Choque,Adelantar por la derecha,Calle 48 F Sur Carrera 42 B,N/R,Urbana,"(6.157476884, -75.598032245)"
2161900,07/29/2016,5:30 p.m.,viernes,AUTOMOVIL,PARTICULAR,Conductor,Masculino,No,N/A,SOLO DAÑOS,Choque,Adelantar por la derecha,Calle 48 F Sur Carrera 42 B,N/R,Urbana,"(6.157476884, -75.598032245)"
2161920,07/29/2016,6:30 p.m.,viernes,AUTOMOVIL,PARTICULAR,Conductor,Femenino,No,N/A,SOLO DAÑOS,Choque,No mantener distancia de seguridad,Calle 25  Sur Carrera 48,LAS VEGAS,Urbana,
2161920,07/29/2016,6:30 p.m.,viernes,AUTOMOVIL,PARTICULAR,Conductor,Femenino,No,N/A,SOLO DAÑOS,Choque,No mantener distancia de seguridad,Calle 25  Sur Carrera 48,LAS VEGAS,Urbana,
2161919,07/29/2016,6:50 p.m.,viernes,AUTOMOVIL,PUBLICO,Conductor,Masculino,No,N/A,SOLO DAÑOS,Choque,No mantener distancia de seguridad,Calle 36  Sur Carrera 27,EL CHOCHO,Urbana,"(6.167154903, -75.569336965)"
2161919,07/29/2016,6:50 p.m.,viernes,CAMIONETA,PARTICULAR,Conductor,Masculino,No,N/A,SOLO DAÑOS,Choque,No mantener distancia de seguridad,Calle 36  Sur Carrera 27,EL CHOCHO,Urbana,"(6.167154903, -75.569336965)"
2161909,07/29/2016,9:30 p.m.,viernes,CAMIONETA,PARTICULAR,Conductor,Masculino,No,N/A,SOLO DAÑOS,Choque,Exceso de velocidad,Calle 38  Sur Carrera 34,MESA,Urbana,"(6.166700674, -75.58264033)"
2161926,07/29/2016,11:00 p.m.,viernes,AUTOMOVIL,PARTICULAR,Conductor,Masculino,No,N/A,HERIDO,Choque,Exceso de velocidad,Tramo 372 Kilometro  12,VEREDA PALMAS,Rural,
2161901,07/29/2016,11:30 p.m.,viernes,MOTOCICLETA,PARTICULAR,Motociclista,Masculino,No,N/A,HERIDO,Choque,Exceso de velocidad,Tramo 372 Kilometro  11,VEREDA PALMAS,Rural,
2161901,07/29/2016,11:30 p.m.,viernes,CAMION,PUBLICO,Conductor,Masculino,No,N/A,HERIDO,Choque,Exceso de velocidad,Tramo 372 Kilometro  11,VEREDA PALMAS,Rural,
2161917,07/30/2016,7:10 a.m.,sábado,AUTOMOVIL,PARTICULAR,Conductor,Femenino,No,N/A,SOLO DAÑOS,Choque,No mantener distancia de seguridad,Calle 30  Sur Carrera 48,LAS VEGAS,Urbana,"(6.180376127, -75.590288049)"
2161917,07/30/2016,7:10 a.m.,sábado,AUTOMOVIL,PARTICULAR,Conductor,Femenino,No,N/A,SOLO DAÑOS,Choque,No mantener distancia de seguridad,Calle 30  Sur Carrera 48,LAS VEGAS,Urbana,"(6.180376127, -75.590288049)"
2161917,07/30/2016,7:10 a.m.,sábado,AUTOMOVIL,PARTICULAR,Conductor,Femenino,No,N/A,SOLO DAÑOS,Choque,No mantener distancia de seguridad,Calle 30  Sur Carrera 48,LAS VEGAS,Urbana,"(6.180376127, -75.590288049)"
2161916,07/30/2016,11:25 a.m.,sábado,CAMIONETA,PUBLICO,Conductor,Masculino,No,N/A,SOLO DAÑOS,Choque,No mantener distancia de seguridad,Calle 39  Sur Carrera 50,LAS VEGAS,Urbana,
2161916,07/30/2016,11:25 a.m.,sábado,AUTOMOVIL,PARTICULAR,Conductor,Masculino,No,N/A,SOLO DAÑOS,Choque,No mantener distancia de seguridad,Calle 39  Sur Carrera 50,LAS VEGAS,Urbana,
2161939,07/30/2016,11:25 a.m.,sábado,CAMIONETA,PUBLICO,Conductor,Masculino,No,N/A,SOLO DAÑOS,Choque,No respetar prelacion,Calle 37  Sur Carrera 48,LAS VEGAS,Urbana,"(6.17412211, -75.593061115)"
2161939,07/30/2016,11:25 a.m.,sábado,MOTOCICLETA,PARTICULAR,Motociclista,Masculino,No,N/A,SOLO DAÑOS,Choque,No respetar prelacion,Calle 37  Sur Carrera 48,LAS VEGAS,Urbana,"(6.17412211, -75.593061115)"
2161932,07/30/2016,11:35 a.m.,sábado,AUTOMOVIL,PARTICULAR,Conductor,Masculino,No,N/A,SOLO DAÑOS,Choque,Adelantar cerrando,Calle 39 A Sur Carrera 50,LAS VEGAS,Urbana,
2161932,07/30/2016,11:35 a.m.,sábado,VOLQUETA,PUBLICO,Conductor,Masculino,No,N/A,SOLO DAÑOS,Choque,Adelantar cerrando,Calle 39 A Sur Carrera 50,LAS VEGAS,Urbana,
2161908,07/30/2016,11:40 a.m.,sábado,AUTOMOVIL,PUBLICO,Conductor,Masculino,No,N/A,SOLO DAÑOS,Choque,No mantener distancia de seguridad,Calle 37  Sur Carrera 50,LAS VEGAS,Urbana,
2161908,07/30/2016,11:40 a.m.,sábado,CAMION,PUBLICO,Conductor,Masculino,No,N/A,SOLO DAÑOS,Choque,No mantener distancia de seguridad,Calle 37  Sur Carrera 50,LAS VEGAS,Urbana,
2162179,07/30/2016,12:45 p.m.,sábado,MOTOCICLETA,PARTICULAR,Motociclista,Masculino,No,N/A,SOLO DAÑOS,Choque,Otra,Calle 39  Sur Carrera 25,EL CHINGU├ì,Urbana,"(6.157563812, -75.579224131)"
2162179,07/30/2016,12:45 p.m.,sábado,CAMPERO,PARTICULAR,Conductor,Sin registro,No,N/A,SOLO DAÑOS,Choque,Otra,Calle 39  Sur Carrera 25,EL CHINGU├ì,Urbana,"(6.157563812, -75.579224131)"
2161923,07/30/2016,2:10 p.m.,sábado,CAMIONETA,PARTICULAR,Conductor,Masculino,No,N/A,SOLO DAÑOS,Choque,No mantener distancia de seguridad,Calle 30  Sur Carrera 48,LAS VEGAS,Urbana,"(6.180376127, -75.590288049)"
2161923,07/30/2016,2:10 p.m.,sábado,AUTOMOVIL,PUBLICO,Conductor,Masculino,No,N/A,SOLO DAÑOS,Choque,No mantener distancia de seguridad,Calle 30  Sur Carrera 48,LAS VEGAS,Urbana,"(6.180376127, -75.590288049)"
2161899,07/30/2016,3:00 p.m.,sábado,AUTOMOVIL,PARTICULAR,Conductor,Masculino,No,N/A,SOLO DAÑOS,Choque,No mantener distancia de seguridad,Calle 43  Sur Carrera 50,LAS VEGAS,Urbana,"(6.159203801, -75.602594962)"
2161899,07/30/2016,3:00 p.m.,sábado,AUTOMOVIL,PARTICULAR,Conductor,Masculino,No,N/A,SOLO DAÑOS,Choque,No mantener distancia de seguridad,Calle 43  Sur Carrera 50,LAS VEGAS,Urbana,"(6.159203801, -75.602594962)"
2161897,07/30/2016,7:45 p.m.,sábado,AUTOMOVIL,PARTICULAR,Conductor,Masculino,No,N/A,SOLO DAÑOS,Choque,No respetar prelacion,Calle 39  Sur Carrera 44,ALCALA,Urbana,"(6.169314183, -75.5901252)"
2161897,07/30/2016,7:45 p.m.,sábado,AUTOMOVIL,PARTICULAR,Conductor,Masculino,No,N/A,SOLO DAÑOS,Choque,No respetar prelacion,Calle 39  Sur Carrera 44,ALCALA,Urbana,"(6.169314183, -75.5901252)"
2161896,07/30/2016,8:20 p.m.,sábado,MOTOCICLETA,PARTICULAR,Motociclista,Masculino,No,N/A,SOLO DAÑOS,Choque,Adelantar en zona prohibida,Calle 36 D Sur Carrera 27,N/R,Urbana,"(6.162479576, -75.570222573)"
2161896,07/30/2016,8:20 p.m.,sábado,AUTOMOVIL,PARTICULAR,Conductor,Masculino,No,N/A,SOLO DAÑOS,Choque,Adelantar en zona prohibida,Calle 36 D Sur Carrera 27,N/R,Urbana,"(6.162479576, -75.570222573)"
2161918,07/30/2016,9:00 p.m.,sábado,AUTOMOVIL,PARTICULAR,Conductor,Masculino,No,N/A,SOLO DAÑOS,Choque,No mantener distancia de seguridad,Calle 31  Sur Carrera 50,LAS VEGAS,Urbana,
2161918,07/30/2016,9:00 p.m.,sábado,MICROBUS,PUBLICO,Conductor,Masculino,No,N/A,SOLO DAÑOS,Choque,No mantener distancia de seguridad,Calle 31  Sur Carrera 50,LAS VEGAS,Urbana,
2161902,07/30/2016,10:15 p.m.,sábado,AUTOMOVIL,PARTICULAR,Conductor,Masculino,No,N/A,SOLO DAÑOS,Choque,Reverso imprudente,Calle 41 B Sur Carrera 43 A,N/R,Urbana,"(6.166600677, -75.593257657)"
2161902,07/30/2016,10:15 p.m.,sábado,AUTOMOVIL,PARTICULAR,Conductor,Femenino,No,N/A,SOLO DAÑOS,Choque,Reverso imprudente,Calle 41 B Sur Carrera 43 A,N/R,Urbana,"(6.166600677, -75.593257657)"
2161898,07/31/2016,10:15 a.m.,domingo,AUTOMOVIL,PARTICULAR,Conductor,Femenino,No,N/A,SOLO DAÑOS,Choque,Desobedecer senales,Calle 39  Sur Carrera 32,MESA,Urbana,"(6.164669196, -75.582458648)"
2161898,07/31/2016,10:15 a.m.,domingo,AUTOMOVIL,PARTICULAR,Conductor,Masculino,No,N/A,SOLO DAÑOS,Choque,Desobedecer senales,Calle 39  Sur Carrera 32,MESA,Urbana,"(6.164669196, -75.582458648)"
2161928,07/31/2016,1:00 p.m.,domingo,CAMIONETA,PARTICULAR,Conductor,Femenino,No,N/A,SOLO DAÑOS,Choque,Exceso de velocidad,Calle 48 D Sur Carrera 39 B,EL TRIANON,Urbana,
2161928,07/31/2016,1:00 p.m.,domingo,CAMIONETA,PARTICULAR,Conductor,Masculino,No,N/A,SOLO DAÑOS,Choque,Exceso de velocidad,Calle 48 D Sur Carrera 39 B,EL TRIANON,Urbana,
2161928,07/31/2016,1:00 p.m.,domingo,AUTOMOVIL,PARTICULAR,Conductor,Sin registro,No,N/A,SOLO DAÑOS,Choque,Exceso de velocidad,Calle 48 D Sur Carrera 39 B,EL TRIANON,Urbana,
2161928,07/31/2016,1:00 p.m.,domingo,AUTOMOVIL,PARTICULAR,Conductor,Femenino,No,N/A,SOLO DAÑOS,Choque,Exceso de velocidad,Calle 48 D Sur Carrera 39 B,EL TRIANON,Urbana,
2161925,07/31/2016,3:45 p.m.,domingo,AUTOMOVIL,PUBLICO,Conductor,Masculino,No,N/A,SOLO DAÑOS,Choque,Adelantar cerrando,Calle 37  Sur Carrera 40,ZONA CENTRO,Urbana,"(6.169435767, -75.585507247)"
2161925,07/31/2016,3:45 p.m.,domingo,CAMION,PUBLICO,Conductor,Masculino,No,N/A,SOLO DAÑOS,Choque,Adelantar cerrando,Calle 37  Sur Carrera 40,ZONA CENTRO,Urbana,"(6.169435767, -75.585507247)"
2161948,07/31/2016,8:00 p.m.,domingo,MOTOCICLETA,PARTICULAR,Motociclista,Masculino,No,N/A,HERIDO,Choque,Exceso de velocidad,Tramo 372 Kilometro  13,VEREDA PALMAS,Rural,
2161922,07/31/2016,9:15 p.m.,domingo,CAMION,PUBLICO,Conductor,Masculino,No,N/A,SOLO DAÑOS,Choque,Adelantar en zona prohibida,Tramo 372 Kilometro  11,VEREDA PALMAS,Rural,
2161922,07/31/2016,9:15 p.m.,domingo,MOTOCICLETA,PARTICULAR,Motociclista,Masculino,No,N/A,SOLO DAÑOS,Choque,Adelantar en zona prohibida,Tramo 372 Kilometro  11,VEREDA PALMAS,Rural,
2161949,08/01/2016,7:40 p.m.,lunes,AUTOMOVIL,PARTICULAR,Conductor,Femenino,No,N/A,SOLO DAÑOS,Choque,No mantener distancia de seguridad,Calle 37  Sur Carrera 50,N/R,Urbana,
2161930,08/01/2016,7:10 a.m.,lunes,BUS,PUBLICO,Conductor,Masculino,No,N/A,SOLO DAÑOS,Choque,No mantener distancia de seguridad,Calle 30  Sur Carrera 48,LAS VEGAS,Urbana,"(6.180376127, -75.590288049)"
2161930,08/01/2016,7:10 a.m.,lunes,CAMION,PUBLICO,Conductor,Masculino,No,N/A,SOLO DAÑOS,Choque,No mantener distancia de seguridad,Calle 30  Sur Carrera 48,LAS VEGAS,Urbana,"(6.180376127, -75.590288049)"
2161927,08/01/2016,7:14 a.m.,lunes,MOTOCICLETA,PARTICULAR,Motociclista,Masculino,No,N/A,SOLO DAÑOS,Choque,Exceso de velocidad,Tramo 372 Kilometro  2,VEREDA PALMAS,Rural,
2161927,08/01/2016,7:14 a.m.,lunes,MOTOCICLETA,PARTICULAR,Motociclista,Masculino,No,N/A,SOLO DAÑOS,Choque,Exceso de velocidad,Tramo 372 Kilometro  2,VEREDA PALMAS,Rural,
2161927,08/01/2016,7:14 a.m.,lunes,MOTOCICLETA,PARTICULAR,Motociclista,Masculino,No,N/A,SOLO DAÑOS,Choque,Exceso de velocidad,Tramo 372 Kilometro  2,VEREDA PALMAS,Rural,
2161927,08/01/2016,7:14 a.m.,lunes,MOTOCICLETA,PARTICULAR,Motociclista,Masculino,No,N/A,SOLO DAÑOS,Choque,Exceso de velocidad,Tramo 372 Kilometro  2,VEREDA PALMAS,Rural,
2161927,08/01/2016,7:14 a.m.,lunes,AUTOMOVIL,PARTICULAR,Conductor,Femenino,No,N/A,SOLO DAÑOS,Choque,Exceso de velocidad,Tramo 372 Kilometro  2,VEREDA PALMAS,Rural,
2161931,08/01/2016,9:10 a.m.,lunes,AUTOMOVIL,PARTICULAR,Conductor,Masculino,No,N/A,SOLO DAÑOS,Choque,Transitar entre vehiculos,Calle 30  Sur Carrera 50,LAS VEGAS,Urbana,
2161931,08/01/2016,9:10 a.m.,lunes,MOTOCICLETA,PARTICULAR,Motociclista,Masculino,No,N/A,SOLO DAÑOS,Choque,Transitar entre vehiculos,Calle 30  Sur Carrera 50,LAS VEGAS,Urbana,
2161942,08/01/2016,10:05 a.m.,lunes,MICROBUS,PUBLICO,Conductor,Masculino,No,N/A,SOLO DAÑOS,Choque,Desobedecer senales,Calle 39  Sur Carrera 46,ALCALA,Urbana,"(6.170549172, -75.592418207)"
2161942,08/01/2016,10:05 a.m.,lunes,MOTOCICLETA,PARTICULAR,Motociclista,Femenino,No,N/A,SOLO DAÑOS,Choque,Desobedecer senales,Calle 39  Sur Carrera 46,ALCALA,Urbana,"(6.170549172, -75.592418207)"
2161936,08/01/2016,1:15 p.m.,lunes,AUTOMOVIL,PARTICULAR,Conductor,Masculino,No,N/A,SOLO DAÑOS,Choque,Transitar entre vehiculos,Calle 30  Sur Carrera 50,LAS VEGAS,Urbana,
2161936,08/01/2016,1:15 p.m.,lunes,MOTOCICLETA,PARTICULAR,Motociclista,Masculino,No,N/A,SOLO DAÑOS,Choque,Transitar entre vehiculos,Calle 30  Sur Carrera 50,LAS VEGAS,Urbana,
2161940,08/01/2016,3:00 p.m.,lunes,MICROBUS,PUBLICO,Conductor,Masculino,No,N/A,SOLO DAÑOS,Choque,Adelantar por la derecha,Calle 39  Sur Carrera 43 A,ZONA CENTRO,Urbana,"(6.169120914, -75.589530358)"
2161940,08/01/2016,3:00 p.m.,lunes,BICICLETA,PARTICULAR,Ciclista,Masculino,No,N/A,SOLO DAÑOS,Choque,Adelantar por la derecha,Calle 39  Sur Carrera 43 A,ZONA CENTRO,Urbana,"(6.169120914, -75.589530358)"
2161935,08/01/2016,3:20 p.m.,lunes,AUTOMOVIL,PARTICULAR,Conductor,Masculino,No,N/A,SOLO DAÑOS,Choque,Adelantar cerrando,Calle 37  Sur Carrera 48,LAS VEGAS,Urbana,"(6.17412211, -75.593061115)"
2161935,08/01/2016,3:20 p.m.,lunes,CAMION,PUBLICO,Conductor,Masculino,No,N/A,SOLO DAÑOS,Choque,Adelantar cerrando,Calle 37  Sur Carrera 48,LAS VEGAS,Urbana,"(6.17412211, -75.593061115)"
2161952,08/01/2016,4:40 p.m.,lunes,MOTOCICLETA,PARTICULAR,Motociclista,Masculino,No,N/A,SOLO DAÑOS,Choque,No respetar prelacion,Calle 28  Sur Carrera 27,LA INMACULADA,Urbana,"(6.175270544, -75.573686934)"
2161952,08/01/2016,4:40 p.m.,lunes,CAMPERO,PARTICULAR,Conductor,Femenino,No,N/A,SOLO DAÑOS,Choque,No respetar prelacion,Calle 28  Sur Carrera 27,LA INMACULADA,Urbana,"(6.175270544, -75.573686934)"
2161937,08/01/2016,5:00 p.m.,lunes,AUTOMOVIL,PARTICULAR,Conductor,Masculino,No,N/A,SOLO DAÑOS,Choque,No respetar prelacion,Calle 27  Sur Carrera 28,N/R,Urbana,"(6.175346318, -75.574583402)"
2161937,08/01/2016,5:00 p.m.,lunes,AUTOMOVIL,PARTICULAR,Conductor,Masculino,No,N/A,SOLO DAÑOS,Choque,No respetar prelacion,Calle 27  Sur Carrera 28,N/R,Urbana,"(6.175346318, -75.574583402)"
2161944,08/01/2016,5:40 p.m.,lunes,MOTOCICLETA,PARTICULAR,Motociclista,Masculino,No,N/A,HERIDO,Atropello,Exceso de velocidad,Calle 41  Sur Carrera 24 DD,LA MINA,Urbana,"(6.152747542, -75.584448201)"
2161938,08/01/2016,7:20 p.m.,lunes,MICROBUS,PUBLICO,Conductor,Masculino,No,N/A,SOLO DAÑOS,Choque,Impericia en el manejo,Calle 41 B Sur Carrera 25 A,SAN RAFAEL,Urbana,"(6.155059952, -75.584861406)"
2161938,08/01/2016,7:20 p.m.,lunes,AUTOMOVIL,PARTICULAR,Conductor,Masculino,No,N/A,SOLO DAÑOS,Choque,Impericia en el manejo,Calle 41 B Sur Carrera 25 A,SAN RAFAEL,Urbana,"(6.155059952, -75.584861406)"
2161949,08/01/2016,7:40 p.m.,lunes,AUTOMOVIL,PARTICULAR,Conductor,Masculino,No,N/A,SOLO DAÑOS,Choque,No mantener distancia de seguridad,Calle 37  Sur Carrera 50,N/R,Urbana,
2161949,08/01/2016,7:40 p.m.,lunes,CAMPERO,PARTICULAR,Conductor,Masculino,No,N/A,SOLO DAÑOS,Choque,No mantener distancia de seguridad,Calle 37  Sur Carrera 50,N/R,Urbana,
2161943,08/02/2016,7:15 a.m.,martes,MICROBUS,PUBLICO,Conductor,Masculino,No,N/A,SOLO DAÑOS,Choque,Poner en marcha un vehiculo sin precauci,Calle 25 A Sur Carrera 49,N/R,Urbana,"(6.181898839, -75.582641556)"
2161943,08/02/2016,7:15 a.m.,martes,AUTOMOVIL,PUBLICO,Conductor,Masculino,No,N/A,SOLO DAÑOS,Choque,Poner en marcha un vehiculo sin precauci,Calle 25 A Sur Carrera 49,N/R,Urbana,"(6.181898839, -75.582641556)"
2161946,08/02/2016,8:45 a.m.,martes,MOTOCICLETA,PARTICULAR,Motociclista,Masculino,No,N/A,SOLO DAÑOS,Choque,Adelantar cerrando,Calle 30  Sur Carrera 48,LAS VEGAS,Urbana,"(6.180376127, -75.590288049)"