RADICADO,FECHA,HORA,DÍA DE LA SEMANA,CLASE DE VEHICULO,TIPO DE SERVICIO,TIPO DE VICTIMA,SEXO,ESTADO DE BEODEZ,RESULTADO DE BEODEZ,GRAVEDAD,CLASE DE ACCIDENTE,CAUSA,DIRECCIÓN,BARRIO,AREA,Coordenadas
2162041,08/10/2016,9:40 p.m.,miércoles,AUTOMOVIL,PUBLICO,Conductor,Masculino,No,N/A,HERIDO,Choque,No mantener distancia de seguridad,Calle 25  Sur Carrera 48,LAS VEGAS,Urbana,
2162041,08/10/2016,9:40 p.m.,miércoles,AUTOMOVIL,PARTICULAR,Conductor,Masculino,No,N/A,HERIDO,Choque,No mantener distancia de seguridad,Calle 25  Sur Carrera 48,LAS VEGAS,Urbana,
2162056,08/11/2016,6:40 a.m.,jueves,BUS,PUBLICO,Conductor,Masculino,No,N/A,SOLO DAÑOS,Choque,Exceso de velocidad,Calle 48 C Sur Carrera 42 A,N/R,Urbana,"(6.159138282, -75.596259706)"
2162056,08/11/2016,6:40 a.m.,jueves,AUTOMOVIL,PUBLICO,Conductor,Masculino,No,N/A,SOLO DAÑOS,Choque,Exceso de velocidad,Calle 48 C Sur Carrera 42 A,N/R,Urbana,"(6.159138282, -75.596259706)"
2162066,08/11/2016,7:30 a.m.,jueves,AUTOMOVIL,PARTICULAR,Conductor,Masculino,No,N/A,SOLO DAÑOS,Choque,No respetar prelacion,Calle 48 C Sur Carrera 43 A,N/R,Urbana,"(6.162378903, -75.597630589)"
2162066,08/11/2016,7:30 a.m.,jueves,AUTOMOVIL,PARTICULAR,Conductor,Masculino,No,N/A,SOLO DAÑOS,Choque,No respetar prelacion,Calle 48 C Sur Carrera 43 A,N/R,Urbana,"(6.162378903, -75.597630589)"
2162052,08/11/2016,8:40 a.m.,jueves,BUS,PUBLICO,Conductor,Masculino,No,N/A,SOLO DAÑOS,Choque,Desobedecer senales,Calle 38  Sur Carrera 32,MESA,Urbana,"(6.166011939, -75.581581213)"
2162052,08/11/2016,8:40 a.m.,jueves,AUTOMOVIL,PARTICULAR,Conductor,Masculino,No,N/A,SOLO DAÑOS,Choque,Desobedecer senales,Calle 38  Sur Carrera 32,MESA,Urbana,"(6.166011939, -75.581581213)"
2162099,08/11/2016,8:50 a.m.,jueves,BUS,PUBLICO,Conductor,Masculino,No,N/A,HERIDO,Caida Ocupante,Frenar bruscamente,Calle 27 A Sur Carrera 27 A,EL ESMERALDAL,Urbana,"(6.168684513, -75.569950443)"
2162049,08/11/2016,8:55 a.m.,jueves,MICROBUS,PUBLICO,Conductor,Masculino,No,N/A,SOLO DAÑOS,Choque,Otra,Calle 27  Sur Carrera 27,LA INMACULADA,Urbana,"(6.17243521, -75.567871917)"
2162049,08/11/2016,8:55 a.m.,jueves,AUTOMOVIL,PARTICULAR,Conductor,Femenino,No,N/A,SOLO DAÑOS,Choque,Otra,Calle 27  Sur Carrera 27,LA INMACULADA,Urbana,"(6.17243521, -75.567871917)"
2162050,08/11/2016,9:00 a.m.,jueves,CAMPERO,PARTICULAR,Conductor,Femenino,No,N/A,SOLO DAÑOS,Choque,No mantener distancia de seguridad,Calle 40  Sur Carrera 50,LAS VEGAS,Urbana,
2162050,08/11/2016,9:00 a.m.,jueves,CAMIONETA,PUBLICO,Conductor,Masculino,No,N/A,SOLO DAÑOS,Choque,No mantener distancia de seguridad,Calle 40  Sur Carrera 50,LAS VEGAS,Urbana,
2162054,08/11/2016,9:20 a.m.,jueves,AUTOMOVIL,PUBLICO,Conductor,Masculino,No,N/A,SOLO DAÑOS,Choque,Desobedecer senales,Calle 38  Sur Carrera 40,ZONA CENTRO,Urbana,"(6.16879573, -75.585889779)"
2162054,08/11/2016,9:20 a.m.,jueves,CAMIONETA,PARTICULAR,Conductor,Masculino,No,N/A,SOLO DAÑOS,Choque,Desobedecer senales,Calle 38  Sur Carrera 40,ZONA CENTRO,Urbana,"(6.16879573, -75.585889779)"
2162053,08/11/2016,10:20 a.m.,jueves,AUTOMOVIL,PARTICULAR,Conductor,Masculino,No,N/A,SOLO DAÑOS,Choque,No respetar prelacion,Calle 21  Sur Carrera 41,N/R,Urbana,"(6.182165945, -75.576776678)"
2162053,08/11/2016,10:20 a.m.,jueves,AUTOMOVIL,PARTICULAR,Conductor,Masculino,No,N/A,SOLO DAÑOS,Choque,No respetar prelacion,Calle 21  Sur Carrera 41,N/R,Urbana,"(6.182165945, -75.576776678)"
2162057,08/11/2016,11:55 a.m.,jueves,AUTOMOVIL,PARTICULAR,Conductor,Femenino,No,N/A,HERIDO,Choque,Desobedecer senales,Calle 38  Sur Carrera 35,MESA,Urbana,"(6.167045877, -75.583168417)"
2162057,08/11/2016,11:55 a.m.,jueves,MOTOCICLETA,PARTICULAR,Motociclista,Masculino,No,N/A,HERIDO,Choque,Desobedecer senales,Calle 38  Sur Carrera 35,MESA,Urbana,"(6.167045877, -75.583168417)"
2162062,08/11/2016,12:45 p.m.,jueves,AUTOMOVIL,PARTICULAR,Conductor,Masculino,No,N/A,SOLO DAÑOS,Choque,No respetar prelacion,Calle 26 A Sur Carrera 42 A,LAS ORQUIDEAS,Urbana,"(6.177324883, -75.579423678)"
2162062,08/11/2016,12:45 p.m.,jueves,MOTOCICLETA,PARTICULAR,Motociclista,Masculino,No,N/A,SOLO DAÑOS,Choque,No respetar prelacion,Calle 26 A Sur Carrera 42 A,LAS ORQUIDEAS,Urbana,"(6.177324883, -75.579423678)"
2162055,08/11/2016,1:35 p.m.,jueves,BICICLETA,PARTICULAR,Ciclista,Masculino,No,N/A,HERIDO,Atropello,Exceso de velocidad,Calle 37  Sur Carrera 29 A,MANUEL URIBE ANGEL,Urbana,"(6.166159821, -75.580618636)"
2162068,08/11/2016,4:40 p.m.,jueves,CAMPERO,PARTICULAR,Conductor,Masculino,No,N/A,SOLO DAÑOS,Choque,No mantener distancia de seguridad,Tramo 372 Kilometro  15,VEREDA PALMAS,Rural,
2162068,08/11/2016,4:40 p.m.,jueves,AUTOMOVIL,PARTICULAR,Conductor,Masculino,No,N/A,SOLO DAÑOS,Choque,No mantener distancia de seguridad,Tramo 372 Kilometro  15,VEREDA PALMAS,Rural,
2162063,08/11/2016,4:45 p.m.,jueves,BUS,PUBLICO,Conductor,Masculino,No,N/A,SOLO DAÑOS,Choque,Adelantar cerrando,Calle 33 B Sur Carrera 43,ZONA CENTRO,Urbana,"(6.172981087, -75.586076226)"
2162063,08/11/2016,4:45 p.m.,jueves,AUTOMOVIL,PARTICULAR,Conductor,Femenino,No,N/A,SOLO DAÑOS,Choque,Adelantar cerrando,Calle 33 B Sur Carrera 43,ZONA CENTRO,Urbana,"(6.172981087, -75.586076226)"
2162060,08/11/2016,4:55 p.m.,jueves,AUTOMOVIL,PARTICULAR,Conductor,Masculino,No,N/A,SOLO DAÑOS,Choque,Desobedecer senales,Calle 36 D Sur Carrera 27,LA INMACULADA,Urbana,"(6.162479576, -75.570222573)"
2162060,08/11/2016,4:55 p.m.,jueves,MOTOCICLETA,PARTICULAR,Motociclista,Masculino,No,N/A,SOLO DAÑOS,Choque,Desobedecer senales,Calle 36 D Sur Carrera 27,LA INMACULADA,Urbana,"(6.162479576, -75.570222573)"
2162069,08/11/2016,5:00 p.m.,jueves,CAMPERO,PARTICULAR,Conductor,Femenino,No,N/A,SOLO DAÑOS,Choque,No mantener distancia de seguridad,Tramo 372 Kilometro  15,VEREDA PALMAS,Rural,
2162064,08/11/2016,5:05 p.m.,jueves,AUTOMOVIL,PUBLICO,Conductor,Masculino,No,N/A,SOLO DAÑOS,Choque,No mantener distancia de seguridad,Calle 44  Sur Carrera 48,LAS VEGAS,Urbana,"(6.168560051, -75.598981288)"
2162064,08/11/2016,5:05 p.m.,jueves,AUTOMOVIL,PARTICULAR,Conductor,Femenino,No,N/A,SOLO DAÑOS,Choque,No mantener distancia de seguridad,Calle 44  Sur Carrera 48,LAS VEGAS,Urbana,"(6.168560051, -75.598981288)"
2162061,08/11/2016,6:40 p.m.,jueves,BUS,PUBLICO,Conductor,Masculino,No,N/A,SOLO DAÑOS,Choque,Adelantar cerrando,Calle 39  Sur Carrera 49,LAS VEGAS,Urbana,
2162061,08/11/2016,6:40 p.m.,jueves,TRACTOCAMION,PUBLICO,Conductor,Masculino,No,N/A,SOLO DAÑOS,Choque,Adelantar cerrando,Calle 39  Sur Carrera 49,LAS VEGAS,Urbana,
2162067,08/11/2016,8:00 p.m.,jueves,AUTOMOVIL,PARTICULAR,Conductor,Masculino,No,N/A,SOLO DAÑOS,Choque,No mantener distancia de seguridad,Calle 32 B Sur Carrera 49,LAS VEGAS,Urbana,"(6.176640341, -75.589187574)"
2162067,08/11/2016,8:00 p.m.,jueves,AUTOMOVIL,PARTICULAR,Conductor,Masculino,No,N/A,SOLO DAÑOS,Choque,No mantener distancia de seguridad,Calle 32 B Sur Carrera 49,LAS VEGAS,Urbana,"(6.176640341, -75.589187574)"
2162107,08/11/2016,8:00 p.m.,jueves,CAMIONETA,PARTICULAR,Conductor,Masculino,No,N/A,SOLO DAÑOS,Choque,No mantener distancia de seguridad,Calle 49  Sur Carrera 50,LAS VEGAS,Urbana,
2162107,08/11/2016,8:00 p.m.,jueves,MOTOCICLETA,PARTICULAR,Motociclista,Masculino,No,N/A,SOLO DAÑOS,Choque,No mantener distancia de seguridad,Calle 49  Sur Carrera 50,LAS VEGAS,Urbana,
2162140,08/11/2016,9:40 p.m.,jueves,CAMPERO,PARTICULAR,Conductor,Masculino,No,N/A,SOLO DAÑOS,Choque,No respetar prelacion,Calle 26  Sur Carrera 48,LAS VEGAS,Urbana,"(6.183423583, -75.585428952)"
2162140,08/11/2016,9:40 p.m.,jueves,CAMPERO,PARTICULAR,Conductor,Masculino,No,N/A,SOLO DAÑOS,Choque,No respetar prelacion,Calle 26  Sur Carrera 48,LAS VEGAS,Urbana,"(6.183423583, -75.585428952)"
2162091,08/12/2016,6:40 a.m.,viernes,AUTOMOVIL,PARTICULAR,Conductor,Femenino,No,N/A,SOLO DAÑOS,Choque,No mantener distancia de seguridad,Calle 37  Sur Carrera 41,ZONA CENTRO,Urbana,"(6.169855492, -75.586196006)"
2162091,08/12/2016,6:40 a.m.,viernes,AUTOMOVIL,PARTICULAR,Conductor,Masculino,No,N/A,SOLO DAÑOS,Choque,No mantener distancia de seguridad,Calle 37  Sur Carrera 41,ZONA CENTRO,Urbana,"(6.169855492, -75.586196006)"
2162101,08/12/2016,6:50 a.m.,viernes,BUS,PUBLICO,Conductor,Masculino,No,N/A,SOLO DAÑOS,Choque,Desobedecer senales,Calle 23  Sur Carrera 43 A,LAS ORQUIDEAS,Urbana,"(6.182706228, -75.580329956)"
2162101,08/12/2016,6:50 a.m.,viernes,AUTOMOVIL,PARTICULAR,Conductor,Masculino,No,N/A,SOLO DAÑOS,Choque,Desobedecer senales,Calle 23  Sur Carrera 43 A,LAS ORQUIDEAS,Urbana,"(6.182706228, -75.580329956)"
2162100,08/12/2016,7:10 a.m.,viernes,BUSETA,PUBLICO,Conductor,Masculino,No,N/A,SOLO DAÑOS,Choque,Poner en marcha un vehiculo sin precauci,Calle 48 E Sur Carrera 42,N/R,Urbana,"(6.159800047, -75.595095327)"
2162100,08/12/2016,7:10 a.m.,viernes,BUS,PUBLICO,Conductor,Masculino,No,N/A,SOLO DAÑOS,Choque,Poner en marcha un vehiculo sin precauci,Calle 48 E Sur Carrera 42,N/R,Urbana,"(6.159800047, -75.595095327)"
2162093,08/12/2016,7:35 a.m.,viernes,MOTOCICLETA,PARTICULAR,Motociclista,Masculino,No,N/A,HERIDO,Atropello,Semaforo en rojo,Calle 37  Sur Carrera 43,ZONA CENTRO,Urbana,"(6.170662973, -75.587448517)"
2162102,08/12/2016,10:50 a.m.,viernes,CAMION,OFICIAL,Conductor,Masculino,No,N/A,SOLO DAÑOS,Choque,Impericia en el manejo,Calle 26  Sur Carrera 48,LAS VEGAS,Urbana,"(6.183423583, -75.585428952)"
2162102,08/12/2016,10:50 a.m.,viernes,AUTOMOVIL,PARTICULAR,Conductor,Femenino,No,N/A,SOLO DAÑOS,Choque,Impericia en el manejo,Calle 26  Sur Carrera 48,LAS VEGAS,Urbana,"(6.183423583, -75.585428952)"
2162097,08/12/2016,11:10 a.m.,viernes,Sin registro,OFICIAL,Conductor,Masculino,No,N/A,SOLO DAÑOS,Choque,Impericia en el manejo,Calle 25  Sur Carrera 46,N/R,Urbana,"(6.183044029, -75.582618497)"
2162097,08/12/2016,11:10 a.m.,viernes,AUTOMOVIL,PARTICULAR,Conductor,Femenino,No,N/A,SOLO DAÑOS,Choque,Impericia en el manejo,Calle 25  Sur Carrera 46,N/R,Urbana,"(6.183044029, -75.582618497)"
2162092,08/12/2016,12:05 p.m.,viernes,CAMION,PARTICULAR,Conductor,Masculino,No,N/A,SOLO DAÑOS,Choque,Otra,Calle 49  Sur Carrera 43 A,AVENIDA EL POBLADO,Urbana,"(6.160925818, -75.599980088)"
2162092,08/12/2016,12:05 p.m.,viernes,AUTOMOVIL,PUBLICO,Conductor,Masculino,No,N/A,SOLO DAÑOS,Choque,Otra,Calle 49  Sur Carrera 43 A,AVENIDA EL POBLADO,Urbana,"(6.160925818, -75.599980088)"
2162085,08/12/2016,1:40 p.m.,viernes,AUTOMOVIL,PARTICULAR,Conductor,Femenino,No,N/A,HERIDO,Choque,Estacionar sin seguridad,Calle 45 B Sur Carrera 42 A,LAS ANTILLAS,Urbana,"(6.163155121, -75.593708386)"
2162085,08/12/2016,1:40 p.m.,viernes,CAMIONETA,PARTICULAR,Conductor,Masculino,No,N/A,HERIDO,Choque,Estacionar sin seguridad,Calle 45 B Sur Carrera 42 A,LAS ANTILLAS,Urbana,"(6.163155121, -75.593708386)"
2162085,08/12/2016,1:40 p.m.,viernes,AUTOMOVIL,PARTICULAR,Conductor,Masculino,No,N/A,HERIDO,Choque,Estacionar sin seguridad,Calle 45 B Sur Carrera 42 A,LAS ANTILLAS,Urbana,"(6.163155121, -75.593708386)"
2162094,08/12/2016,2:45 p.m.,viernes,MICROBUS,PUBLICO,Conductor,Masculino,No,N/A,SOLO DAÑOS,Choque,No mantener distancia de seguridad,Calle 39 B Sur Carrera 25,EL CHINGU├ì,Urbana,"(6.154772856, -75.574886148)"
2162094,08/12/2016,2:45 p.m.,viernes,CAMIONETA,PUBLICO,Conductor,Masculino,No,N/A,SOLO DAÑOS,Choque,No mantener distancia de seguridad,Calle 39 B Sur Carrera 25,EL CHINGU├ì,Urbana,"(6.154772856, -75.574886148)"
2162095,08/12/2016,3:15 p.m.,viernes,AUTOMOVIL,PARTICULAR,Conductor,Femenino,No,N/A,SOLO DAÑOS,Choque,No mantener distancia de seguridad,Calle 30  Sur Carrera 43 A,AVENIDA EL POBLADO,Urbana,"(6.177126039, -75.585250895)"
2162095,08/12/2016,3:15 p.m.,viernes,CAMIONETA,PARTICULAR,Conductor,Masculino,No,N/A,SOLO DAÑOS,Choque,No mantener distancia de seguridad,Calle 30  Sur Carrera 43 A,AVENIDA EL POBLADO,Urbana,"(6.177126039, -75.585250895)"
2162111,08/12/2016,3:15 p.m.,viernes,AUTOMOVIL,PARTICULAR,Conductor,Masculino,No,N/A,SOLO DAÑOS,Choque,Transitar entre vehiculos,Calle 37 B Sur Carrera 28,LOMA DE LAS BRUJAS,Urbana,"(6.164360036, -75.578794609)"
2162111,08/12/2016,3:15 p.m.,viernes,MOTOCICLETA,PARTICULAR,Motociclista,Masculino,No,N/A,SOLO DAÑOS,Choque,Transitar entre vehiculos,Calle 37 B Sur Carrera 28,LOMA DE LAS BRUJAS,Urbana,"(6.164360036, -75.578794609)"
2162089,08/12/2016,4:15 p.m.,viernes,AUTOMOVIL,PARTICULAR,Conductor,Masculino,No,N/A,SOLO DAÑOS,Choque,No respetar prelacion,Calle 46 D Sur Carrera 42 D,N/R,Urbana,"(6.161005965, -75.595094671)"
2162089,08/12/2016,4:15 p.m.,viernes,TRACTOCAMION,PUBLICO,Conductor,Masculino,No,N/A,SOLO DAÑOS,Choque,No respetar prelacion,Calle 46 D Sur Carrera 42 D,N/R,Urbana,"(6.161005965, -75.595094671)"
2162110,08/12/2016,4:40 p.m.,viernes,AUTOMOVIL,PARTICULAR,Conductor,Masculino,No,N/A,SOLO DAÑOS,Choque,No respetar prelacion,Calle 33  Sur Carrera 43 A,SAN MARCOS,Urbana,"(6.173912569, -75.586974728)"
2162110,08/12/2016,4:40 p.m.,viernes,MOTOCICLETA,PARTICULAR,Motociclista,Masculino,No,N/A,SOLO DAÑOS,Choque,No respetar prelacion,Calle 33  Sur Carrera 43 A,SAN MARCOS,Urbana,"(6.173912569, -75.586974728)"
2162103,08/12/2016,6:40 p.m.,viernes,MOTOCICLETA,PARTICULAR,Motociclista,Masculino,No,N/A,SOLO DAÑOS,Choque,No mantener distancia de seguridad,Calle 50  Sur Carrera 48,LAS CASITAS,Urbana,
2162103,08/12/2016,6:40 p.m.,viernes,AUTOMOVIL,PARTICULAR,Conductor,Masculino,No,N/A,SOLO DAÑOS,Choque,No mantener distancia de seguridad,Calle 50  Sur Carrera 48,LAS CASITAS,Urbana,
2162104,08/12/2016,7:10 p.m.,viernes,CAMIONETA,DIPLOMATICO,Conductor,Masculino,No,N/A,SOLO DAÑOS,Choque,Adelantar cerrando,Calle 33 B Sur Carrera 48,LAS VEGAS,Urbana,"(6.172981087, -75.586076226)"
2162104,08/12/2016,7:10 p.m.,viernes,BUSETA,PUBLICO,Conductor,Masculino,No,N/A,SOLO DAÑOS,Choque,Adelantar cerrando,Calle 33 B Sur Carrera 48,LAS VEGAS,Urbana,"(6.172981087, -75.586076226)"
2162109,08/12/2016,8:00 p.m.,viernes,TRACTOCAMION,PUBLICO,Conductor,Masculino,No,N/A,SOLO DAÑOS,Choque,Adelantar por la derecha,Calle 37  Sur Carrera 50,LAS VEGAS,Urbana,
2162109,08/12/2016,8:00 p.m.,viernes,AUTOMOVIL,PARTICULAR,Conductor,Femenino,No,N/A,SOLO DAÑOS,Choque,Adelantar por la derecha,Calle 37  Sur Carrera 50,LAS VEGAS,Urbana,
2162096,08/12/2016,8:50 p.m.,viernes,AUTOMOVIL,PARTICULAR,Conductor,Masculino,No,N/A,SOLO DAÑOS,Choque,Reverso imprudente,Calle 43  Sur Carrera 47,MILAN VALLEJUELOS,Urbana,"(6.167717539, -75.596435974)"
2162096,08/12/2016,8:50 p.m.,viernes,CAMIONETA,PARTICULAR,Conductor,Masculino,No,N/A,SOLO DAÑOS,Choque,Reverso imprudente,Calle 43  Sur Carrera 47,MILAN VALLEJUELOS,Urbana,"(6.167717539, -75.596435974)"
2162112,08/12/2016,9:20 p.m.,viernes,CAMIONETA,PARTICULAR,Conductor,Masculino,No,N/A,SOLO DAÑOS,Choque,Salirse de la calzada,Calle 46  Sur Carrera 42 D,LA PAZ,Urbana,"(6.161931332, -75.593584955)"
2162112,08/12/2016,9:20 p.m.,viernes,CAMIONETA,PARTICULAR,Conductor,Masculino,No,N/A,SOLO DAÑOS,Choque,Salirse de la calzada,Calle 46  Sur Carrera 42 D,LA PAZ,Urbana,"(6.161931332, -75.593584955)"
2162115,08/12/2016,10:15 p.m.,viernes,AUTOMOVIL,PARTICULAR,Conductor,Masculino,No,N/A,SOLO DAÑOS,Choque,Exceso de velocidad,Tramo 371 Kilometro  10,VEREDA EL ESCOBERO,Rural,
2162115,08/12/2016,10:15 p.m.,viernes,AUTOMOVIL,PARTICULAR,Conductor,Masculino,No,N/A,SOLO DAÑOS,Choque,Exceso de velocidad,Tramo 371 Kilometro  10,VEREDA EL ESCOBERO,Rural,
2162098,08/12/2016,10:45 p.m.,viernes,MOTOCICLETA,PARTICULAR,Motociclista,Masculino,No,N/A,HERIDO,Choque,Adelantar cerrando,Calle 27  Sur Carrera 48,LAS VEGAS,Urbana,
2162098,08/12/2016,10:45 p.m.,viernes,AUTOMOVIL,PARTICULAR,Conductor,Sin registro,No,N/A,HERIDO,Choque,Adelantar cerrando,Calle 27  Sur Carrera 48,LAS VEGAS,Urbana,
2162087,08/13/2016,4:00 a.m.,sábado,AUTOMOVIL,PUBLICO,Conductor,Masculino,No,N/A,SOLO DAÑOS,Choque,Desobedecer senales,Calle 41  Sur Carrera 30,N/R,Urbana,
2162087,08/13/2016,4:00 a.m.,sábado,AUTOMOVIL,PUBLICO,Conductor,Masculino,No,N/A,SOLO DAÑOS,Choque,Desobedecer senales,Calle 41  Sur Carrera 30,N/R,Urbana,
2162079,08/13/2016,4:20 a.m.,sábado,AUTOMOVIL,PUBLICO,Conductor,Masculino,No,N/A,SOLO DAÑOS,Choque,No mantener distancia de seguridad,Calle 36 D Sur Carrera 27,LA INMACULADA,Urbana,"(6.162479576, -75.570222573)"
2162079,08/13/2016,4:20 a.m.,sábado,AUTOMOVIL,PARTICULAR,Conductor,Masculino,No,N/A,SOLO DAÑOS,Choque,No mantener distancia de seguridad,Calle 36 D Sur Carrera 27,LA INMACULADA,Urbana,"(6.162479576, -75.570222573)"
2162090,08/13/2016,6:20 a.m.,sábado,MOTOCICLETA,PARTICULAR,Motociclista,Masculino,No,N/A,HERIDO,Choque,Semaforo en rojo,Calle 38  Sur Carrera 41,ZONA CENTRO,Urbana,"(6.169244976, -75.586588065)"
2162090,08/13/2016,6:20 a.m.,sábado,CAMPERO,PARTICULAR,Conductor,Masculino,No,N/A,HERIDO,Choque,Semaforo en rojo,Calle 38  Sur Carrera 41,ZONA CENTRO,Urbana,"(6.169244976, -75.586588065)"
2162081,08/13/2016,7:00 a.m.,sábado,BUS,PUBLICO,Conductor,Masculino,No,N/A,SOLO DAÑOS,Choque,Otra,Calle 40 F Sur Carrera 25 B,LA MINA,Urbana,"(6.156115722, -75.582407469)"
2162081,08/13/2016,7:00 a.m.,sábado,MICROBUS,PUBLICO,Conductor,Masculino,No,N/A,SOLO DAÑOS,Choque,Otra,Calle 40 F Sur Carrera 25 B,LA MINA,Urbana,"(6.156115722, -75.582407469)"
2162080,08/13/2016,7:20 a.m.,sábado,MICROBUS,PUBLICO,Conductor,Masculino,No,N/A,SOLO DAÑOS,Choque,Exceso de velocidad,Tramo 181 Kilometro  200,N/R,Rural,
2162080,08/13/2016,7:20 a.m.,sábado,CAMIONETA,PUBLICO,Conductor,Masculino,No,N/A,SOLO DAÑOS,Choque,Exceso de velocidad,Tramo 181 Kilometro  200,N/R,Rural,
2162086,08/13/2016,8:40 a.m.,sábado,AUTOMOVIL,PARTICULAR,Conductor,Masculino,No,N/A,SOLO DAÑOS,Choque,No respetar prelacion,Tramo 181 Kilometro  1,N/R,Rural,
2162086,08/13/2016,8:40 a.m.,sábado,AUTOMOVIL,PARTICULAR,Conductor,Masculino,No,N/A,SOLO DAÑOS,Choque,No respetar prelacion,Tramo 181 Kilometro  1,N/R,Rural,
2162088,08/13/2016,10:00 a.m.,sábado,MOTOCICLETA,PARTICULAR,Motociclista,Masculino,No,N/A,SOLO DAÑOS,Choque,No mantener distancia de seguridad,Calle 37 B Sur Carrera 28,LOMA DE LAS BRUJAS,Urbana,"(6.164360036, -75.578794609)"
2162088,08/13/2016,10:00 a.m.,sábado,AUTOMOVIL,PARTICULAR,Conductor,Masculino,No,N/A,SOLO DAÑOS,Choque,No mantener distancia de seguridad,Calle 37 B Sur Carrera 28,LOMA DE LAS BRUJAS,Urbana,"(6.164360036, -75.578794609)"
2162105,08/13/2016,1:00 p.m.,sábado,MOTOCICLETA,PARTICULAR,Motociclista,Masculino,No,N/A,HERIDO,Choque,Desobedecer senales,Calle 38 A Sur Carrera 48,LAS VEGAS,Urbana,"(6.168560755, -75.587015366)"
2162105,08/13/2016,1:00 p.m.,sábado,CAMIONETA,PARTICULAR,Conductor,Masculino,No,N/A,HERIDO,Choque,Desobedecer senales,Calle 38 A Sur Carrera 48,LAS VEGAS,Urbana,"(6.168560755, -75.587015366)"
2162082,08/13/2016,2:30 p.m.,sábado,AUTOMOVIL,PARTICULAR,Conductor,Masculino,No,N/A,SOLO DAÑOS,Choque,No mantener distancia de seguridad,Tramo 372 Kilometro  980,VEREDA PALMAS,Rural,
2162082,08/13/2016,2:30 p.m.,sábado,CAMIONETA,PARTICULAR,Conductor,Masculino,No,N/A,SOLO DAÑOS,Choque,No mantener distancia de seguridad,Tramo 372 Kilometro  980,VEREDA PALMAS,Rural,
2162083,08/13/2016,4:00 p.m.,sábado,MOTOCICLETA,PARTICULAR,Motociclista,Masculino,No,N/A,SOLO DAÑOS,Choque,Transitar entre vehiculos,Calle 21  Sur Carrera 43 A,ZU├æIGA,Urbana,"(6.18399286, -75.579597643)"
2162083,08/13/2016,4:00 p.m.,sábado,AUTOMOVIL,PARTICULAR,Conductor,Masculino,No,N/A,SOLO DAÑOS,Choque,Transitar entre vehiculos,Calle 21  Sur Carrera 43 A,ZU├æIGA,Urbana,"(6.18399286, -75.579597643)"
2162084,08/13/2016,7:15 p.m.,sábado,AUTOMOVIL,PUBLICO,Conductor,Masculino,No,N/A,SOLO DAÑOS,Choque,No mantener distancia de seguridad,Calle 37  Sur Carrera 38,ZONA CENTRO,Urbana,"(6.168685416, -75.584291241)"
2162084,08/13/2016,7:15 p.m.,sábado,AUTOMOVIL,PARTICULAR,Conductor,Femenino,No,N/A,SOLO DAÑOS,Choque,No mantener distancia de seguridad,Calle 37  Sur Carrera 38,ZONA CENTRO,Urbana,"(6.168685416, -75.584291241)"
2162536,08/13/2016,11:15 p.m.,sábado,AUTOMOVIL,PARTICULAR,Conductor,Femenino,No,N/A,SOLO DAÑOS,Choque,Otra,Calle 27  Sur Carrera 27 D,EL ESMERALDAL,Urbana,"(6.174986227, -75.572284026)"
2162073,08/14/2016,1:30 a.m.,domingo,AUTOMOVIL,PARTICULAR,Conductor,Masculino,No,N/A,SOLO DAÑOS,Choque,Desobedecer senales,Calle 38  Sur Carrera 39,MESA,Urbana,"(6.16839174, -75.585247797)"
2162073,08/14/2016,1:30 a.m.,domingo,AUTOMOVIL,PARTICULAR,Conductor,Femenino,No,N/A,SOLO DAÑOS,Choque,Semaforo en rojo,Calle 38  Sur Carrera 39,MESA,Urbana,"(6.16839174, -75.585247797)"
2162073,08/14/2016,1:30 a.m.,domingo,AUTOMOVIL,PARTICULAR,Conductor,Femenino,No,N/A,SOLO DAÑOS,Choque,Desobedecer senales,Calle 38  Sur Carrera 39,MESA,Urbana,"(6.16839174, -75.585247797)"
2162073,08/14/2016,1:30 a.m.,domingo,AUTOMOVIL,PARTICULAR,Conductor,Masculino,No,N/A,SOLO DAÑOS,Choque,Semaforo en rojo,Calle 38  Sur Carrera 39,MESA,Urbana,"(6.16839174, -75.585247797)"
2162075,08/14/2016,8:40 a.m.,domingo,AUTOMOVIL,PARTICULAR,Conductor,Femenino,No,N/A,SOLO DAÑOS,Choque,No mantener distancia de seguridad,Calle 30  Sur Carrera 50,LAS VEGAS,Urbana,
2162075,08/14/2016,8:40 a.m.,domingo,CAMIONETA,PARTICULAR,Conductor,Masculino,No,N/A,SOLO DAÑOS,Choque,No mantener distancia de seguridad,Calle 30  Sur Carrera 50,LAS VEGAS,Urbana,
2162075,08/14/2016,8:40 a.m.,domingo,AUTOMOVIL,PUBLICO,Conductor,Masculino,No,N/A,SOLO DAÑOS,Choque,No mantener distancia de seguridad,Calle 30  Sur Carrera 50,LAS VEGAS,Urbana,
2162076,08/14/2016,1:40 p.m.,domingo,MOTOCICLETA,PARTICULAR,Motociclista,Masculino,No,N/A,SOLO DAÑOS,Choque,Desobedecer senales,Diagonal 31  Noreste Transversal 34 B,N/R,Urbana,"(6.172689669, -75.578827286)"
2162076,08/14/2016,1:40 p.m.,domingo,MOTOCICLETA,PARTICULAR,Motociclista,Masculino,No,N/A,SOLO DAÑOS,Choque,Desobedecer senales,Diagonal 31  Noreste Transversal 34 B,N/R,Urbana,"(6.172689669, -75.578827286)"