RADICADO,FECHA,HORA,DÍA DE LA SEMANA,CLASE DE VEHICULO,TIPO DE SERVICIO,TIPO DE VICTIMA,SEXO,ESTADO DE BEODEZ,RESULTADO DE BEODEZ,GRAVEDAD,CLASE DE ACCIDENTE,CAUSA,DIRECCIÓN,BARRIO,AREA,Coordenadas
2163432,08/27/2016,1:20 p.m.,sábado,CAMPERO,PARTICULAR,Conductor,Femenino,No,N/A,SOLO DAÑOS,Choque,Otra,Calle 36 D Sur Carrera 27,LAS VEGAS,Urbana,"(6.162479576, -75.570222573)"
2162206,08/27/2016,4:00 p.m.,sábado,CAMIONETA,PARTICULAR,Conductor,Femenino,No,N/A,SOLO DAÑOS,Choque,Desobedecer senales,Tramo 12 Kilometro  13,VEREDA PALMAS,Rural,
2162206,08/27/2016,4:00 p.m.,sábado,CAMIONETA,PARTICULAR,Conductor,Masculino,No,N/A,SOLO DAÑOS,Choque,Desobedecer senales,Tramo 12 Kilometro  13,VEREDA PALMAS,Rural,
2162210,08/27/2016,4:45 p.m.,sábado,AUTOMOVIL,PARTICULAR,Conductor,Femenino,No,N/A,SOLO DAÑOS,Choque,Adelantar en zona prohibida,Calle 36 D Sur Carrera 27,VEREDA EL ESCOBERO,Urbana,"(6.162479576, -75.570222573)"
2162210,08/27/2016,4:45 p.m.,sábado,MOTOCICLETA,PARTICULAR,Motociclista,Masculino,No,N/A,SOLO DAÑOS,Choque,Adelantar en zona prohibida,Calle 36 D Sur Carrera 27,VEREDA EL ESCOBERO,Urbana,"(6.162479576, -75.570222573)"
2162230,08/27/2016,7:15 p.m.,sábado,AUTOMOVIL,PARTICULAR,Conductor,Masculino,No,N/A,SOLO DAÑOS,Choque,Transitar entre vehiculos,Calle 46  Sur Carrera 48,LAS VEGAS,Urbana,"(6.162824447, -75.599686607)"
2162230,08/27/2016,7:15 p.m.,sábado,MOTOCICLETA,PARTICULAR,Motociclista,Masculino,Si,3,SOLO DAÑOS,Choque,Transitar entre vehiculos,Calle 46  Sur Carrera 48,LAS VEGAS,Urbana,"(6.162824447, -75.599686607)"
2162218,08/27/2016,8:00 p.m.,sábado,CAMIONETA,PARTICULAR,Conductor,Femenino,No,N/A,HERIDO,Choque,Exceso de velocidad,Calle 38 A Sur Carrera 36,MESA,Urbana,"(6.166666222, -75.584118268)"
2162218,08/27/2016,8:00 p.m.,sábado,MOTOCICLETA,PARTICULAR,Motociclista,Masculino,No,N/A,HERIDO,Choque,Exceso de velocidad,Calle 38 A Sur Carrera 36,MESA,Urbana,"(6.166666222, -75.584118268)"
2162218,08/27/2016,8:00 p.m.,sábado,AUTOMOVIL,PARTICULAR,Conductor,Masculino,No,N/A,HERIDO,Choque,Exceso de velocidad,Calle 38 A Sur Carrera 36,MESA,Urbana,"(6.166666222, -75.584118268)"
2162200,08/27/2016,9:00 p.m.,sábado,AUTOMOVIL,PARTICULAR,Conductor,Masculino,No,N/A,SOLO DAÑOS,Choque,No respetar prelacion,Calle 37  Sur Carrera 48,LAS VEGAS,Urbana,"(6.17412211, -75.593061115)"
2162200,08/27/2016,9:00 p.m.,sábado,AUTOMOVIL,PARTICULAR,Conductor,Masculino,No,N/A,SOLO DAÑOS,Choque,No respetar prelacion,Calle 37  Sur Carrera 48,LAS VEGAS,Urbana,"(6.17412211, -75.593061115)"
2162204,08/27/2016,9:10 p.m.,sábado,AUTOMOVIL,PARTICULAR,Conductor,Masculino,No,N/A,SOLO DAÑOS,Choque,Exceso de velocidad,Tramo 371 Kilometro  1,VEREDA EL ESCOBERO,Rural,
2162204,08/27/2016,9:10 p.m.,sábado,MOTOCICLETA,PARTICULAR,Motociclista,Masculino,No,N/A,SOLO DAÑOS,Choque,Exceso de velocidad,Tramo 371 Kilometro  1,VEREDA EL ESCOBERO,Rural,
2162214,08/27/2016,9:30 p.m.,sábado,MOTOCICLETA,PARTICULAR,Motociclista,Masculino,No,N/A,HERIDO,Choque,No mantener distancia de seguridad,Calle 38  Sur Carrera 47 A,ZONA CENTRO,Urbana,"(6.172609491, -75.592299613)"
2162214,08/27/2016,9:30 p.m.,sábado,AUTOMOVIL,PARTICULAR,Conductor,Masculino,No,N/A,HERIDO,Choque,No mantener distancia de seguridad,Calle 38  Sur Carrera 47 A,ZONA CENTRO,Urbana,"(6.172609491, -75.592299613)"
2162205,08/27/2016,10:05 p.m.,sábado,MOTOCICLETA,PARTICULAR,Motociclista,Masculino,No,N/A,SOLO DAÑOS,Choque,Desobedecer senales,Diagonal 32 D Transversal 32 A,LA MAGNOLIA,Urbana,"(6.175128619, -75.583985655)"
2162205,08/27/2016,10:05 p.m.,sábado,AUTOMOVIL,PARTICULAR,Conductor,Masculino,No,N/A,SOLO DAÑOS,Choque,Desobedecer senales,Diagonal 32 D Transversal 32 A,LA MAGNOLIA,Urbana,"(6.175128619, -75.583985655)"
2162208,08/27/2016,10:15 p.m.,sábado,AUTOMOVIL,PARTICULAR,Conductor,Masculino,No,N/A,SOLO DAÑOS,Choque,No mantener distancia de seguridad,Calle 21  Sur Carrera 41,ZU├æIGA,Urbana,"(6.182165945, -75.576776678)"
2162208,08/27/2016,10:15 p.m.,sábado,CAMPERO,PARTICULAR,Conductor,Masculino,No,N/A,SOLO DAÑOS,Choque,No mantener distancia de seguridad,Calle 21  Sur Carrera 41,ZU├æIGA,Urbana,"(6.182165945, -75.576776678)"
2162219,08/28/2016,1:40 a.m.,domingo,MOTOCICLETA,PARTICULAR,Motociclista,Masculino,No,N/A,SOLO DAÑOS,Choque,Semaforo en rojo,Calle 32 B Sur Carrera 48,LAS VEGAS,Urbana,"(6.177255701, -75.590031365)"
2162219,08/28/2016,1:40 a.m.,domingo,AUTOMOVIL,PARTICULAR,Conductor,Masculino,No,N/A,SOLO DAÑOS,Choque,Semaforo en rojo,Calle 32 B Sur Carrera 48,LAS VEGAS,Urbana,"(6.177255701, -75.590031365)"
2162215,08/28/2016,9:30 a.m.,domingo,MAQ. INDUSTRIAL,PARTICULAR,Conductor,Masculino,No,N/A,SOLO DAÑOS,Choque,Desobedecer senales,Calle 37  Sur Carrera 50,LAS VEGAS,Urbana,
2162215,08/28/2016,9:30 a.m.,domingo,CAMION,PUBLICO,Conductor,Masculino,No,N/A,SOLO DAÑOS,Choque,Desobedecer senales,Calle 37  Sur Carrera 50,LAS VEGAS,Urbana,
2162202,08/28/2016,11:50 a.m.,domingo,AUTOMOVIL,PARTICULAR,Conductor,Femenino,No,N/A,SOLO DAÑOS,Choque,Adelantar por la derecha,Calle 32 B Sur Carrera 48,GLORIETA DE PELDAR,Urbana,"(6.177255701, -75.590031365)"
2162202,08/28/2016,11:50 a.m.,domingo,MOTOCICLETA,PARTICULAR,Motociclista,Masculino,No,N/A,SOLO DAÑOS,Choque,Adelantar por la derecha,Calle 32 B Sur Carrera 48,GLORIETA DE PELDAR,Urbana,"(6.177255701, -75.590031365)"
2162234,08/28/2016,12:00 p.m.,domingo,CAMPERO,PARTICULAR,Conductor,Masculino,No,N/A,SOLO DAÑOS,Choque,Desobedecer senales,Transversal 31  Sur Carrera 43 A,SAN MARCOS,Urbana,"(6.176823564, -75.585392151)"
2162234,08/28/2016,12:00 p.m.,domingo,CAMIONETA,PARTICULAR,Conductor,Masculino,No,N/A,SOLO DAÑOS,Choque,Desobedecer senales,Transversal 31  Sur Carrera 43 A,SAN MARCOS,Urbana,"(6.176823564, -75.585392151)"
2162226,08/28/2016,2:20 p.m.,domingo,AUTOMOVIL,PUBLICO,Conductor,Masculino,No,N/A,SOLO DAÑOS,Choque,No mantener distancia de seguridad,Tramo 12 Kilometro  15,VEREDA PALMAS,Rural,
2162226,08/28/2016,2:20 p.m.,domingo,CAMPERO,PARTICULAR,Conductor,Masculino,No,N/A,SOLO DAÑOS,Choque,No mantener distancia de seguridad,Tramo 12 Kilometro  15,VEREDA PALMAS,Rural,
2162226,08/28/2016,2:20 p.m.,domingo,AUTOMOVIL,PARTICULAR,Conductor,Masculino,No,N/A,SOLO DAÑOS,Choque,No mantener distancia de seguridad,Tramo 12 Kilometro  15,VEREDA PALMAS,Rural,
2162232,08/28/2016,3:40 p.m.,domingo,AUTOMOVIL,PARTICULAR,Conductor,Femenino,No,N/A,SOLO DAÑOS,Choque,No mantener distancia de seguridad,Calle 37  Sur Carrera 50,LAS VEGAS,Urbana,
2162232,08/28/2016,3:40 p.m.,domingo,CAMIONETA,PARTICULAR,Conductor,Masculino,No,N/A,SOLO DAÑOS,Choque,No mantener distancia de seguridad,Calle 37  Sur Carrera 50,LAS VEGAS,Urbana,
2162235,08/29/2016,11:00 a.m.,lunes,AUTOMOVIL,PARTICULAR,Conductor,Masculino,No,N/A,SOLO DAÑOS,Choque,Desobedecer senales,Calle 37  Sur Carrera 36,ZONA CENTRO,Urbana,"(6.168044613, -75.583236971)"
2162235,08/29/2016,11:00 a.m.,lunes,TRACTOCAMION,PUBLICO,Conductor,Masculino,No,N/A,SOLO DAÑOS,Choque,Desobedecer senales,Calle 37  Sur Carrera 36,ZONA CENTRO,Urbana,"(6.168044613, -75.583236971)"
2162245,08/29/2016,11:45 a.m.,lunes,BUS,PUBLICO,Conductor,Femenino,No,N/A,HERIDO,Atropello,Cruzar sin observar,Calle 43  Sur Carrera 48,MILAN VALLEJUELOS,Urbana,"(6.168592602, -75.597528999)"
2162243,08/29/2016,1:25 p.m.,lunes,CAMIONETA,PARTICULAR,Conductor,Masculino,No,N/A,HERIDO,Choque,No respetar prelacion,Calle 40 B Sur Carrera 37,MESA,Urbana,"(6.164256506, -75.586419998)"
2162243,08/29/2016,1:25 p.m.,lunes,MOTOCICLETA,PARTICULAR,Motociclista,Masculino,No,N/A,HERIDO,Choque,No respetar prelacion,Calle 40 B Sur Carrera 37,MESA,Urbana,"(6.164256506, -75.586419998)"
2162257,08/29/2016,2:40 p.m.,lunes,CAMIONETA,PARTICULAR,Conductor,Femenino,No,N/A,SOLO DAÑOS,Choque,No respetar prelacion,Calle 37  Sur Carrera 43,ZONA CENTRO,Urbana,"(6.170662973, -75.587448517)"
2162257,08/29/2016,2:40 p.m.,lunes,AUTOMOVIL,PARTICULAR,Conductor,Masculino,No,N/A,SOLO DAÑOS,Choque,Desobedecer senales,Calle 37  Sur Carrera 43,ZONA CENTRO,Urbana,"(6.170662973, -75.587448517)"
2162257,08/29/2016,2:40 p.m.,lunes,AUTOMOVIL,PARTICULAR,Conductor,Masculino,No,N/A,SOLO DAÑOS,Choque,No respetar prelacion,Calle 37  Sur Carrera 43,ZONA CENTRO,Urbana,"(6.170662973, -75.587448517)"
2162257,08/29/2016,2:40 p.m.,lunes,CAMIONETA,PARTICULAR,Conductor,Femenino,No,N/A,SOLO DAÑOS,Choque,Desobedecer senales,Calle 37  Sur Carrera 43,ZONA CENTRO,Urbana,"(6.170662973, -75.587448517)"
2162248,08/29/2016,3:01 p.m.,lunes,MOTOCICLETA,PARTICULAR,Motociclista,Masculino,No,N/A,HERIDO,Choque,Desobedecer senales,Diagonal 32 B Transversal 34 A,OBRERO,Urbana,"(6.172777915, -75.582237861)"
2162248,08/29/2016,3:01 p.m.,lunes,MOTOCICLETA,OFICIAL,Motociclista,Masculino,No,N/A,HERIDO,Choque,Desobedecer senales,Diagonal 32 B Transversal 34 A,OBRERO,Urbana,"(6.172777915, -75.582237861)"
2162238,08/29/2016,3:40 p.m.,lunes,AUTOMOVIL,PARTICULAR,Conductor,Masculino,No,N/A,SOLO DAÑOS,Choque,No mantener distancia de seguridad,Calle 50  Sur Carrera 48,LAS CASITAS,Urbana,
2162238,08/29/2016,3:40 p.m.,lunes,AUTOMOVIL,PARTICULAR,Conductor,Masculino,No,N/A,SOLO DAÑOS,Choque,No mantener distancia de seguridad,Calle 50  Sur Carrera 48,LAS CASITAS,Urbana,
2162239,08/29/2016,3:55 p.m.,lunes,CAMIONETA,PARTICULAR,Conductor,Femenino,No,N/A,SOLO DAÑOS,Choque,No respetar prelacion,Calle 30  Sur Carrera 50,LAS VEGAS,Urbana,
2162239,08/29/2016,3:55 p.m.,lunes,MOTOCICLETA,PARTICULAR,Motociclista,Masculino,No,N/A,SOLO DAÑOS,Choque,No respetar prelacion,Calle 30  Sur Carrera 50,LAS VEGAS,Urbana,
2162236,08/29/2016,4:10 p.m.,lunes,AUTOMOVIL,PARTICULAR,Conductor,Femenino,No,N/A,SOLO DAÑOS,Choque,Reverso imprudente,Calle 23  Sur Carrera 25 B,ZU├æIGA,Urbana,"(6.17549466, -75.5638642)"
2162236,08/29/2016,4:10 p.m.,lunes,CAMION,PUBLICO,Conductor,Masculino,No,N/A,SOLO DAÑOS,Choque,Reverso imprudente,Calle 23  Sur Carrera 25 B,ZU├æIGA,Urbana,"(6.17549466, -75.5638642)"
2162237,08/29/2016,5:10 p.m.,lunes,MOTOCICLETA,PARTICULAR,Motociclista,Femenino,No,N/A,SOLO DAÑOS,Choque,Desobedecer senales,Diagonal 32 D Carrera 32,LA MAGNOLIA,Urbana,"(6.175661946, -75.584184038)"
2162237,08/29/2016,5:10 p.m.,lunes,AUTOMOVIL,PARTICULAR,Conductor,Femenino,No,N/A,SOLO DAÑOS,Choque,Desobedecer senales,Diagonal 32 D Carrera 32,LA MAGNOLIA,Urbana,"(6.175661946, -75.584184038)"
2162242,08/29/2016,5:10 p.m.,lunes,CAMIONETA,PARTICULAR,Conductor,Femenino,No,N/A,HERIDO,Choque,Desobedecer senales,Calle 38 A Sur Carrera 35,MESA,Urbana,"(6.166333039, -75.583606736)"
2162242,08/29/2016,5:10 p.m.,lunes,MOTOCICLETA,PARTICULAR,Motociclista,Masculino,No,N/A,HERIDO,Choque,Desobedecer senales,Calle 38 A Sur Carrera 35,MESA,Urbana,"(6.166333039, -75.583606736)"
2162231,08/29/2016,10:44 p.m.,lunes,AUTOMOVIL,PARTICULAR,Conductor,Masculino,No,N/A,SOLO DAÑOS,Choque,Impericia en el manejo,Calle 35 A Sur Carrera 48,EL PORTAL,Urbana,"(6.172888156, -75.588708969)"
2162246,08/30/2016,5:30 a.m.,martes,MOTOCICLETA,PARTICULAR,Motociclista,Femenino,No,N/A,HERIDO,Caida Ocupante,Transitar entre vehiculos,Calle 48  Sur Carrera 50,LAS VEGAS,Urbana,
2162246,08/30/2016,5:30 a.m.,martes,MOTOCICLETA,PARTICULAR,Motociclista,Masculino,No,N/A,HERIDO,Caida Ocupante,Transitar entre vehiculos,Calle 48  Sur Carrera 50,LAS VEGAS,Urbana,
2162247,08/30/2016,7:20 a.m.,martes,MOTOCICLETA,PARTICULAR,Motociclista,Masculino,No,N/A,SOLO DAÑOS,Choque,Exceso de velocidad,Calle 25  Sur Carrera 42 B,LAS ORQUIDEAS,Urbana,"(6.179561127, -75.579866326)"
2162247,08/30/2016,7:20 a.m.,martes,AUTOMOVIL,PARTICULAR,Conductor,Femenino,No,N/A,SOLO DAÑOS,Choque,Exceso de velocidad,Calle 25  Sur Carrera 42 B,LAS ORQUIDEAS,Urbana,"(6.179561127, -75.579866326)"
2162244,08/30/2016,8:40 a.m.,martes,CAMION,PUBLICO,Conductor,Masculino,No,N/A,SOLO DAÑOS,Choque,Adelantar cerrando,Calle 48  Sur Carrera 50,LAS VEGAS,Urbana,
2162244,08/30/2016,8:40 a.m.,martes,CAMION,PARTICULAR,Conductor,Masculino,No,N/A,SOLO DAÑOS,Choque,Adelantar cerrando,Calle 48  Sur Carrera 50,LAS VEGAS,Urbana,
2162258,08/30/2016,9:30 a.m.,martes,AUTOMOVIL,PARTICULAR,Conductor,Masculino,No,N/A,HERIDO,Choque,Adelantar cerrando,Calle 37  Sur Carrera 49,EL PORTAL,Urbana,"(6.174789471, -75.594204243)"
2162258,08/30/2016,9:30 a.m.,martes,MOTOCICLETA,PARTICULAR,Motociclista,Masculino,No,N/A,HERIDO,Choque,Adelantar cerrando,Calle 37  Sur Carrera 49,EL PORTAL,Urbana,"(6.174789471, -75.594204243)"
2162252,08/30/2016,10:10 a.m.,martes,CAMIONETA,PARTICULAR,Conductor,Masculino,No,N/A,SOLO DAÑOS,Choque,No mantener distancia de seguridad,Calle 42  Sur Carrera 50,LAS VEGAS,Urbana,
2162252,08/30/2016,10:10 a.m.,martes,AUTOMOVIL,PUBLICO,Conductor,Masculino,No,N/A,SOLO DAÑOS,Choque,No mantener distancia de seguridad,Calle 42  Sur Carrera 50,LAS VEGAS,Urbana,
2162265,08/30/2016,10:20 a.m.,martes,MICROBUS,PUBLICO,Conductor,Masculino,No,N/A,SOLO DAÑOS,Choque,Adelantar cerrando,Calle 37 B Sur Carrera 49,LAS VEGAS,Urbana,
2162265,08/30/2016,10:20 a.m.,martes,AUTOMOVIL,PARTICULAR,Conductor,Masculino,No,N/A,SOLO DAÑOS,Choque,Adelantar cerrando,Calle 37 B Sur Carrera 49,LAS VEGAS,Urbana,
2162254,08/30/2016,12:15 p.m.,martes,AUTOMOVIL,PARTICULAR,Conductor,Masculino,No,N/A,SOLO DAÑOS,Choque,No mantener distancia de seguridad,Calle 30  Sur Carrera 44 A,JARDINES,Urbana,"(6.177491165, -75.585774948)"
2162254,08/30/2016,12:15 p.m.,martes,CAMPERO,PARTICULAR,Conductor,Masculino,No,N/A,SOLO DAÑOS,Choque,No mantener distancia de seguridad,Calle 30  Sur Carrera 44 A,JARDINES,Urbana,"(6.177491165, -75.585774948)"
2162271,08/30/2016,1:55 p.m.,martes,MOTOCICLETA,PARTICULAR,Motociclista,Masculino,No,N/A,SOLO DAÑOS,Choque,Adelantar en zona prohibida,Calle 45 A Sur Carrera 39 D,N/R,Urbana,"(6.161471458, -75.590981836)"
2162271,08/30/2016,1:55 p.m.,martes,CAMIONETA,PARTICULAR,Conductor,Masculino,No,N/A,SOLO DAÑOS,Choque,Adelantar en zona prohibida,Calle 45 A Sur Carrera 39 D,N/R,Urbana,"(6.161471458, -75.590981836)"
2162266,08/30/2016,3:10 p.m.,martes,MOTOCICLETA,PARTICULAR,Motociclista,Masculino,No,N/A,SOLO DAÑOS,Choque,Desobedecer senales,Calle 45 B Sur Carrera 43,LA PAZ,Urbana,"(6.164485785, -75.594678415)"
2162266,08/30/2016,3:10 p.m.,martes,AUTOMOVIL,PARTICULAR,Conductor,Femenino,No,N/A,SOLO DAÑOS,Choque,Desobedecer senales,Calle 45 B Sur Carrera 43,LA PAZ,Urbana,"(6.164485785, -75.594678415)"
2162277,08/30/2016,3:45 p.m.,martes,CAMPERO,PARTICULAR,Conductor,Femenino,No,N/A,SOLO DAÑOS,Choque,Desobedecer senales,Calle 45 B Sur Carrera 43,LA PAZ,Urbana,"(6.164485785, -75.594678415)"
2162277,08/30/2016,3:45 p.m.,martes,AUTOMOVIL,PARTICULAR,Conductor,Masculino,No,N/A,SOLO DAÑOS,Choque,Desobedecer senales,Calle 45 B Sur Carrera 43,LA PAZ,Urbana,"(6.164485785, -75.594678415)"
2162251,08/30/2016,4:30 p.m.,martes,AUTOMOVIL,PARTICULAR,Conductor,Masculino,No,N/A,SOLO DAÑOS,Choque,No mantener distancia de seguridad,Calle 40  Sur Carrera 42,EL DORADO,Urbana,
2162251,08/30/2016,4:30 p.m.,martes,CAMPERO,PARTICULAR,Conductor,Femenino,No,N/A,SOLO DAÑOS,Choque,No mantener distancia de seguridad,Calle 40  Sur Carrera 42,EL DORADO,Urbana,
2162255,08/30/2016,5:30 p.m.,martes,AUTOMOVIL,PARTICULAR,Conductor,Masculino,No,N/A,SOLO DAÑOS,Choque,No mantener distancia de seguridad,Calle 25  Sur Carrera 45,ZU├æIGA,Urbana,"(6.182658265, -75.582042508)"
2162255,08/30/2016,5:30 p.m.,martes,MOTOCICLETA,PARTICULAR,Motociclista,Masculino,No,N/A,SOLO DAÑOS,Choque,No mantener distancia de seguridad,Calle 25  Sur Carrera 45,ZU├æIGA,Urbana,"(6.182658265, -75.582042508)"
2162256,08/30/2016,5:50 p.m.,martes,AUTOMOVIL,PARTICULAR,Conductor,Masculino,No,N/A,SOLO DAÑOS,Choque,Adelantar cerrando,Calle 37  Sur Carrera 49,LAS VEGAS,Urbana,"(6.174789471, -75.594204243)"
2162256,08/30/2016,5:50 p.m.,martes,CAMIONETA,PARTICULAR,Conductor,Masculino,No,N/A,SOLO DAÑOS,Choque,Adelantar cerrando,Calle 37  Sur Carrera 49,LAS VEGAS,Urbana,"(6.174789471, -75.594204243)"
2162249,08/30/2016,7:20 p.m.,martes,AUTOMOVIL,PARTICULAR,Conductor,Femenino,No,N/A,SOLO DAÑOS,Choque,No mantener distancia de seguridad,Calle 38  Sur Carrera 39,ZONA CENTRO,Urbana,"(6.16839174, -75.585247797)"
2162249,08/30/2016,7:20 p.m.,martes,MOTOCICLETA,PARTICULAR,Motociclista,Sin registro,No,N/A,SOLO DAÑOS,Choque,No mantener distancia de seguridad,Calle 38  Sur Carrera 39,ZONA CENTRO,Urbana,"(6.16839174, -75.585247797)"
2162250,08/30/2016,7:20 p.m.,martes,CAMPERO,PARTICULAR,Conductor,Masculino,No,N/A,SOLO DAÑOS,Choque,Adelantar cerrando,Calle 36  Sur Carrera 43 A,ZONA CENTRO,Urbana,"(6.171868319, -75.587748226)"
2162250,08/30/2016,7:20 p.m.,martes,AUTOMOVIL,PARTICULAR,Conductor,Femenino,No,N/A,SOLO DAÑOS,Choque,Adelantar cerrando,Calle 36  Sur Carrera 43 A,ZONA CENTRO,Urbana,"(6.171868319, -75.587748226)"
2163464,08/30/2016,7:40 p.m.,martes,AUTOMOVIL,PARTICULAR,Conductor,Masculino,No,N/A,SOLO DAÑOS,Choque,Otra,Calle 37  Sur Carrera 32,N/R,Urbana,"(6.166691719, -75.581185995)"
2163464,08/30/2016,7:40 p.m.,martes,AUTOMOVIL,DIPLOMATICO,Conductor,Masculino,No,N/A,SOLO DAÑOS,Choque,Otra,Calle 37  Sur Carrera 32,N/R,Urbana,"(6.166691719, -75.581185995)"
2162261,08/31/2016,7:55 a.m.,miércoles,MOTOCICLETA,PARTICULAR,Motociclista,Femenino,No,N/A,HERIDO,Atropello,Impericia en el manejo,Calle 37  Sur Carrera 48,LAS VEGAS,Urbana,"(6.17412211, -75.593061115)"
2162278,08/31/2016,10:30 a.m.,miércoles,MOTOCICLETA,PARTICULAR,Motociclista,Masculino,No,N/A,SOLO DAÑOS,Choque,No respetar prelacion,Calle 36 D Sur Carrera 27,VEREDA EL ESCOBERO,Urbana,"(6.162479576, -75.570222573)"
2162278,08/31/2016,10:30 a.m.,miércoles,AUTOMOVIL,PUBLICO,Conductor,Masculino,No,N/A,SOLO DAÑOS,Choque,No respetar prelacion,Calle 36 D Sur Carrera 27,VEREDA EL ESCOBERO,Urbana,"(6.162479576, -75.570222573)"
2162272,08/31/2016,11:50 a.m.,miércoles,MOTOCICLETA,PARTICULAR,Motociclista,Masculino,No,N/A,SOLO DAÑOS,Choque,Otra,Calle 38  Sur Carrera 32,MESA,Urbana,"(6.166011939, -75.581581213)"
2162272,08/31/2016,11:50 a.m.,miércoles,AUTOMOVIL,PUBLICO,Conductor,Masculino,No,N/A,SOLO DAÑOS,Choque,Otra,Calle 38  Sur Carrera 32,MESA,Urbana,"(6.166011939, -75.581581213)"
2162273,08/31/2016,12:05 p.m.,miércoles,AUTOMOVIL,DIPLOMATICO,Conductor,Femenino,No,N/A,HERIDO,Choque,No respetar prelacion,Calle 39  Sur Carrera 29 A,SAN JOSE,Urbana,"(6.164019418, -75.581208066)"
2162273,08/31/2016,12:05 p.m.,miércoles,MOTOCICLETA,PARTICULAR,Motociclista,Masculino,No,N/A,HERIDO,Choque,No respetar prelacion,Calle 39  Sur Carrera 29 A,SAN JOSE,Urbana,"(6.164019418, -75.581208066)"
2162267,08/31/2016,1:00 p.m.,miércoles,CAMIONETA,PARTICULAR,Conductor,Masculino,No,N/A,SOLO DAÑOS,Choque,Reverso imprudente,Calle 43 A Sur Carrera 43 A,PRIMAVERA,Urbana,"(6.166401394, -75.592384108)"
2162267,08/31/2016,1:00 p.m.,miércoles,MOTOCICLETA,PARTICULAR,Motociclista,Masculino,No,N/A,SOLO DAÑOS,Choque,Reverso imprudente,Calle 43 A Sur Carrera 43 A,PRIMAVERA,Urbana,"(6.166401394, -75.592384108)"
2162283,08/31/2016,1:25 p.m.,miércoles,MOTOCICLETA,PARTICULAR,Motociclista,Masculino,No,N/A,HERIDO,Choque,Desobedecer senales,Calle 46  Sur Carrera 42 B,LA PAZ,Urbana,"(6.162405159, -75.594349519)"
2162283,08/31/2016,1:25 p.m.,miércoles,CAMIONETA,PUBLICO,Conductor,Masculino,No,N/A,HERIDO,Choque,Desobedecer senales,Calle 46  Sur Carrera 42 B,LA PAZ,Urbana,"(6.162405159, -75.594349519)"
2162279,08/31/2016,3:21 p.m.,miércoles,AUTOMOVIL,PARTICULAR,Conductor,Masculino,No,N/A,SOLO DAÑOS,Choque,Adelantar en zona prohibida,Calle 39 A Sur Carrera 46,ZONA CENTRO,Urbana,"(6.170082274, -75.592914383)"
2162279,08/31/2016,3:21 p.m.,miércoles,MOTOCICLETA,PARTICULAR,Motociclista,Masculino,No,N/A,SOLO DAÑOS,Choque,Adelantar en zona prohibida,Calle 39 A Sur Carrera 46,ZONA CENTRO,Urbana,"(6.170082274, -75.592914383)"
2162268,08/31/2016,4:30 p.m.,miércoles,MOTOCICLETA,PARTICULAR,Motociclista,Masculino,No,N/A,HERIDO,Choque,Otra,Diagonal 31 Transversal 36  Sur,LA PRADERA,Urbana,"(6.168204377, -75.580205142)"
2162268,08/31/2016,4:30 p.m.,miércoles,BUS,PUBLICO,Conductor,Masculino,No,N/A,HERIDO,Choque,Otra,Diagonal 31 Transversal 36  Sur,LA PRADERA,Urbana,"(6.168204377, -75.580205142)"
2162269,08/31/2016,5:07 p.m.,miércoles,AUTOMOVIL,PARTICULAR,Conductor,Masculino,No,N/A,SOLO DAÑOS,Choque,Transitar entre vehiculos,Calle 38  Sur Carrera 44,ZONA CENTRO,Urbana,"(6.170783841, -75.589258782)"
2162269,08/31/2016,5:07 p.m.,miércoles,MOTOCICLETA,PARTICULAR,Motociclista,Masculino,No,N/A,SOLO DAÑOS,Choque,Transitar entre vehiculos,Calle 38  Sur Carrera 44,ZONA CENTRO,Urbana,"(6.170783841, -75.589258782)"
2162270,08/31/2016,5:45 p.m.,miércoles,CAMIONETA,PUBLICO,Conductor,Masculino,No,N/A,SOLO DAÑOS,Choque,Adelantar cerrando,Calle 31  Sur Carrera 48,LAS VEGAS,Urbana,
2162270,08/31/2016,5:45 p.m.,miércoles,MOTOCICLETA,PARTICULAR,Motociclista,Femenino,No,N/A,SOLO DAÑOS,Choque,Adelantar cerrando,Calle 31  Sur Carrera 48,LAS VEGAS,Urbana,
2162260,08/31/2016,7:45 p.m.,miércoles,MOTOCICLETA,PARTICULAR,Motociclista,Femenino,No,N/A,HERIDO,Otro,Impericia en el manejo,Calle 41  Sur Carrera 25 A,LA MINA,Urbana,"(6.154531978, -75.584346414)"
2162263,08/31/2016,8:00 p.m.,miércoles,AUTOMOVIL,PARTICULAR,Conductor,Masculino,No,N/A,SOLO DAÑOS,Choque,No respetar prelacion,Calle 37  Sur Carrera 48,LAS VEGAS,Urbana,"(6.17412211, -75.593061115)"
2162263,08/31/2016,8:00 p.m.,miércoles,CAMPERO,OFICIAL,Conductor,Masculino,No,N/A,SOLO DAÑOS,Choque,No respetar prelacion,Calle 37  Sur Carrera 48,LAS VEGAS,Urbana,"(6.17412211, -75.593061115)"
2162259,08/31/2016,9:50 p.m.,miércoles,MOTOCICLETA,PARTICULAR,Motociclista,Masculino,No,N/A,HERIDO,Caida Ocupante,Impericia en el manejo,Calle 40  Sur Carrera 48,LAS VEGAS,Urbana,"(6.158744179, -75.594597118)"