RADICADO,FECHA,HORA,DÍA DE LA SEMANA,CLASE DE VEHICULO,TIPO DE SERVICIO,TIPO DE VICTIMA,SEXO,ESTADO DE BEODEZ,RESULTADO DE BEODEZ,GRAVEDAD,CLASE DE ACCIDENTE,CAUSA,DIRECCIÓN,BARRIO,AREA,Coordenadas
2162752,09/10/2016,2:00 p.m.,sábado,MOTOCICLETA,PARTICULAR,Motociclista,Sin registro,No,N/A,HERIDO,Atropello,Otra,Diagonal 31 Transversal 34 D Sur,URIBE ANGEL,Urbana,"(6.17201459, -75.579216112)"
2162355,09/10/2016,2:40 p.m.,sábado,AUTOMOVIL,PARTICULAR,Conductor,Masculino,No,N/A,HERIDO,Choque,Transitar entre vehiculos,Calle 35  Sur Carrera 50,LAS VEGAS,Urbana,
2162355,09/10/2016,2:40 p.m.,sábado,MOTOCICLETA,PARTICULAR,Motociclista,Masculino,No,N/A,HERIDO,Choque,Transitar entre vehiculos,Calle 35  Sur Carrera 50,LAS VEGAS,Urbana,
2162355,09/10/2016,2:40 p.m.,sábado,AUTOMOVIL,PARTICULAR,Conductor,Masculino,No,N/A,HERIDO,Choque,Transitar entre vehiculos,Calle 35  Sur Carrera 50,LAS VEGAS,Urbana,
2162355,09/10/2016,2:40 p.m.,sábado,MOTOCICLETA,PARTICULAR,Motociclista,Femenino,No,N/A,HERIDO,Choque,Transitar entre vehiculos,Calle 35  Sur Carrera 50,LAS VEGAS,Urbana,
2162355,09/10/2016,2:40 p.m.,sábado,CAMIONETA,PARTICULAR,Conductor,Masculino,No,N/A,HERIDO,Choque,Transitar entre vehiculos,Calle 35  Sur Carrera 50,LAS VEGAS,Urbana,
2162355,09/10/2016,2:40 p.m.,sábado,MOTOCICLETA,PARTICULAR,Motociclista,Masculino,No,N/A,HERIDO,Choque,Transitar entre vehiculos,Calle 35  Sur Carrera 50,LAS VEGAS,Urbana,
2162374,09/10/2016,2:50 p.m.,sábado,AUTOMOVIL,PARTICULAR,Conductor,Masculino,No,N/A,SOLO DAÑOS,Choque,Transitar entre vehiculos,Calle 32 B Sur Carrera 48,LAS VEGAS,Urbana,"(6.177255701, -75.590031365)"
2162374,09/10/2016,2:50 p.m.,sábado,MOTOCICLETA,PARTICULAR,Motociclista,Masculino,No,N/A,SOLO DAÑOS,Choque,Transitar entre vehiculos,Calle 32 B Sur Carrera 48,LAS VEGAS,Urbana,"(6.177255701, -75.590031365)"
2162374,09/10/2016,2:50 p.m.,sábado,MOTOCICLETA,PARTICULAR,Motociclista,Masculino,No,N/A,SOLO DAÑOS,Choque,Transitar entre vehiculos,Calle 32 B Sur Carrera 48,LAS VEGAS,Urbana,"(6.177255701, -75.590031365)"
2162390,09/10/2016,3:30 p.m.,sábado,AUTOMOVIL,PARTICULAR,Conductor,Masculino,No,N/A,SOLO DAÑOS,Choque,No mantener distancia de seguridad,Calle 39 A Sur Carrera 48,LAS VEGAS,Urbana,"(6.168916704, -75.59147177)"
2162390,09/10/2016,3:30 p.m.,sábado,AUTOMOVIL,PARTICULAR,Conductor,Masculino,No,N/A,SOLO DAÑOS,Choque,No mantener distancia de seguridad,Calle 39 A Sur Carrera 48,LAS VEGAS,Urbana,"(6.168916704, -75.59147177)"
2162368,09/10/2016,5:40 p.m.,sábado,AUTOMOVIL,PARTICULAR,Conductor,Femenino,No,N/A,SOLO DAÑOS,Choque,Adelantar cerrando,Calle 39  Sur Carrera 27,EL CHINGU├ì,Urbana,"(6.159217585, -75.578834618)"
2162368,09/10/2016,5:40 p.m.,sábado,MOTOCICLETA,PARTICULAR,Motociclista,Masculino,No,N/A,SOLO DAÑOS,Choque,Adelantar cerrando,Calle 39  Sur Carrera 27,EL CHINGU├ì,Urbana,"(6.159217585, -75.578834618)"
2162383,09/10/2016,9:20 p.m.,sábado,AUTOMOVIL,PARTICULAR,Conductor,Masculino,No,N/A,SOLO DAÑOS,Choque,No mantener distancia de seguridad,Calle 33 B Sur Carrera 50,LAS VEGAS,Urbana,
2162383,09/10/2016,9:20 p.m.,sábado,AUTOMOVIL,PARTICULAR,Conductor,Masculino,No,N/A,SOLO DAÑOS,Choque,No mantener distancia de seguridad,Calle 33 B Sur Carrera 50,LAS VEGAS,Urbana,
2162381,09/10/2016,11:30 p.m.,sábado,AUTOMOVIL,PARTICULAR,Conductor,Masculino,No,N/A,SOLO DAÑOS,Choque,Otra,Calle 27 A Sur Carrera 43 A,VILLA GRANDE,Urbana,"(6.180069628, -75.585608003)"
2162381,09/10/2016,11:30 p.m.,sábado,AUTOMOVIL,PARTICULAR,Conductor,Masculino,No,N/A,SOLO DAÑOS,Choque,Otra,Calle 27 A Sur Carrera 43 A,VILLA GRANDE,Urbana,"(6.180069628, -75.585608003)"
2162373,09/11/2016,8:30 a.m.,domingo,AUTOMOVIL,PARTICULAR,Conductor,Masculino,No,N/A,HERIDO,Choque,Desobedecer senales,Calle 27  Sur Carrera 28,EL ESMERALDAL,Urbana,"(6.175346318, -75.574583402)"
2162373,09/11/2016,8:30 a.m.,domingo,MOTOCICLETA,PARTICULAR,Motociclista,Masculino,No,N/A,HERIDO,Choque,Desobedecer senales,Calle 27  Sur Carrera 28,EL ESMERALDAL,Urbana,"(6.175346318, -75.574583402)"
2162400,09/11/2016,11:10 a.m.,domingo,MOTOCICLETA,PARTICULAR,Motociclista,Masculino,No,N/A,HERIDO,Choque,Desobedecer senales,Calle 35  Sur Carrera 42,ZONA CENTRO,Urbana,"(6.17174158, -75.586068572)"
2162400,09/11/2016,11:10 a.m.,domingo,AUTOMOVIL,PUBLICO,Conductor,Masculino,No,N/A,HERIDO,Choque,Desobedecer senales,Calle 35  Sur Carrera 42,ZONA CENTRO,Urbana,"(6.17174158, -75.586068572)"
2162364,09/11/2016,11:15 a.m.,domingo,CAMIONETA,PUBLICO,Conductor,Masculino,No,N/A,SOLO DAÑOS,Choque,Impericia en el manejo,Calle 38  Sur Carrera 44,ZONA CENTRO,Urbana,"(6.170783841, -75.589258782)"
2162364,09/11/2016,11:15 a.m.,domingo,AUTOMOVIL,PARTICULAR,Conductor,Femenino,No,N/A,SOLO DAÑOS,Choque,Impericia en el manejo,Calle 38  Sur Carrera 44,ZONA CENTRO,Urbana,"(6.170783841, -75.589258782)"
2162387,09/11/2016,12:40 p.m.,domingo,AUTOMOVIL,PARTICULAR,Conductor,Masculino,No,N/A,SOLO DAÑOS,Choque,Impericia en el manejo,Diagonal 40 Transversal 34 B,OBRERO,Urbana,"(6.171277439, -75.584751199)"
2162392,09/11/2016,2:45 p.m.,domingo,AUTOMOVIL,PARTICULAR,Conductor,Masculino,No,N/A,SOLO DAÑOS,Choque,Reverso imprudente,Calle 37  Sur Carrera 28,VEREDA EL ESCOBERO,Urbana,"(6.165679454, -75.578340422)"
2162392,09/11/2016,2:45 p.m.,domingo,AUTOMOVIL,PARTICULAR,Conductor,Masculino,No,N/A,SOLO DAÑOS,Choque,Reverso imprudente,Calle 37  Sur Carrera 28,VEREDA EL ESCOBERO,Urbana,"(6.165679454, -75.578340422)"
2162360,09/11/2016,5:30 p.m.,domingo,AUTOMOVIL,PARTICULAR,Conductor,Sin registro,No,N/A,HERIDO,Caida Ocupante,Desobedecer senales,Diagonal 33 Transversal 34 D,OBRERO,Urbana,"(6.170891508, -75.583140175)"
2162360,09/11/2016,5:30 p.m.,domingo,MOTOCICLETA,PARTICULAR,Motociclista,Femenino,No,N/A,HERIDO,Caida Ocupante,Desobedecer senales,Diagonal 33 Transversal 34 D,OBRERO,Urbana,"(6.170891508, -75.583140175)"
2162386,09/11/2016,7:00 p.m.,domingo,AUTOMOVIL,PUBLICO,Conductor,Masculino,No,N/A,SOLO DAÑOS,Choque,Desobedecer senales,Calle 39 B Sur Carrera 29 A,MESA,Urbana,"(6.163042511, -75.581527444)"
2162386,09/11/2016,7:00 p.m.,domingo,MOTOCICLETA,PARTICULAR,Motociclista,Femenino,No,N/A,SOLO DAÑOS,Choque,Desobedecer senales,Calle 39 B Sur Carrera 29 A,MESA,Urbana,"(6.163042511, -75.581527444)"
2162384,09/11/2016,8:20 p.m.,domingo,AUTOMOVIL,PARTICULAR,Conductor,Masculino,No,N/A,SOLO DAÑOS,Choque,Impericia en el manejo,Calle 48 F Sur Carrera 42 D,LOMA DEL BARRO,Urbana,"(6.157476884, -75.598032245)"
2162384,09/11/2016,8:20 p.m.,domingo,AUTOMOVIL,PARTICULAR,Conductor,Femenino,No,N/A,SOLO DAÑOS,Choque,Impericia en el manejo,Calle 48 F Sur Carrera 42 D,LOMA DEL BARRO,Urbana,"(6.157476884, -75.598032245)"
2162366,09/12/2016,12:25 a.m.,lunes,MOTOCICLETA,PARTICULAR,Motociclista,Masculino,No,N/A,HERIDO,Choque,Desobedecer senales,Diagonal 32 B Transversal 34,OBRERO,Urbana,"(6.172777915, -75.582237861)"
2162366,09/12/2016,12:25 a.m.,lunes,MOTOCICLETA,PARTICULAR,Motociclista,Sin registro,No,N/A,HERIDO,Choque,Desobedecer senales,Diagonal 32 B Transversal 34,OBRERO,Urbana,"(6.172777915, -75.582237861)"
2162402,09/12/2016,5:50 a.m.,lunes,CAMIONETA,PARTICULAR,Conductor,Masculino,No,N/A,SOLO DAÑOS,Choque,Desobedecer senales,Tramo 372 Kilometro  120,VEREDA PALMAS,Rural,
2162402,09/12/2016,5:50 a.m.,lunes,AUTOMOVIL,PARTICULAR,Conductor,Masculino,No,N/A,SOLO DAÑOS,Choque,Desobedecer senales,Tramo 372 Kilometro  120,VEREDA PALMAS,Rural,
2162388,09/12/2016,6:00 a.m.,lunes,AUTOMOVIL,PARTICULAR,Conductor,Masculino,No,N/A,SOLO DAÑOS,Choque,No mantener distancia de seguridad,Calle 25  Sur Carrera 48,LAS VEGAS,Urbana,
2162388,09/12/2016,6:00 a.m.,lunes,BUS,PUBLICO,Conductor,Masculino,No,N/A,SOLO DAÑOS,Choque,No mantener distancia de seguridad,Calle 25  Sur Carrera 48,LAS VEGAS,Urbana,
2162396,09/12/2016,7:15 a.m.,lunes,AUTOMOVIL,PARTICULAR,Conductor,Masculino,No,N/A,SOLO DAÑOS,Choque,No mantener distancia de seguridad,Calle 39  Sur Carrera 48,LAS VEGAS,Urbana,"(6.17373153, -75.596883967)"
2162396,09/12/2016,7:15 a.m.,lunes,AUTOMOVIL,PARTICULAR,Conductor,Masculino,No,N/A,SOLO DAÑOS,Choque,No mantener distancia de seguridad,Calle 39  Sur Carrera 48,LAS VEGAS,Urbana,"(6.17373153, -75.596883967)"
2162396,09/12/2016,7:15 a.m.,lunes,AUTOMOVIL,DIPLOMATICO,Conductor,Masculino,No,N/A,SOLO DAÑOS,Choque,No mantener distancia de seguridad,Calle 39  Sur Carrera 48,LAS VEGAS,Urbana,"(6.17373153, -75.596883967)"
2162410,09/12/2016,8:40 a.m.,lunes,CAMIONETA,PARTICULAR,Conductor,Masculino,No,N/A,SOLO DAÑOS,Choque,No mantener distancia de seguridad,Calle 25  Sur Carrera 47,ZU├æIGA,Urbana,
2162410,09/12/2016,8:40 a.m.,lunes,MOTOCICLETA,PARTICULAR,Motociclista,Masculino,No,N/A,SOLO DAÑOS,Choque,No mantener distancia de seguridad,Calle 25  Sur Carrera 47,ZU├æIGA,Urbana,
2162406,09/12/2016,12:45 p.m.,lunes,AUTOMOVIL,PUBLICO,Conductor,Masculino,No,N/A,HERIDO,Choque,No mantener distancia de seguridad,Tramo 373 Kilometro  12,VEREDA PALMAS,Rural,
2162406,09/12/2016,12:45 p.m.,lunes,MOTOCICLETA,PARTICULAR,Motociclista,Masculino,No,N/A,HERIDO,Choque,No mantener distancia de seguridad,Tramo 373 Kilometro  12,VEREDA PALMAS,Rural,
2162406,09/12/2016,12:45 p.m.,lunes,AUTOMOVIL,PARTICULAR,Conductor,Femenino,No,N/A,HERIDO,Choque,No mantener distancia de seguridad,Tramo 373 Kilometro  12,VEREDA PALMAS,Rural,
2162414,09/12/2016,1:30 p.m.,lunes,BUS,PUBLICO,Conductor,Masculino,No,N/A,SOLO DAÑOS,Choque,No mantener distancia de seguridad,Calle 39 B Sur Carrera 29,SAN JOSE,Urbana,"(6.161392412, -75.580707343)"
2162414,09/12/2016,1:30 p.m.,lunes,AUTOMOVIL,PUBLICO,Conductor,Masculino,No,N/A,SOLO DAÑOS,Choque,No mantener distancia de seguridad,Calle 39 B Sur Carrera 29,SAN JOSE,Urbana,"(6.161392412, -75.580707343)"
2162403,09/12/2016,2:00 p.m.,lunes,MICROBUS,PUBLICO,Conductor,Masculino,No,N/A,SOLO DAÑOS,Choque,Exceso de velocidad,Diagonal 29 Transversal 34 DD,LA SEBASTIANA,Urbana,"(6.171592718, -75.577428355)"
2162403,09/12/2016,2:00 p.m.,lunes,AUTOMOVIL,PARTICULAR,Conductor,Femenino,No,N/A,SOLO DAÑOS,Choque,Exceso de velocidad,Diagonal 29 Transversal 34 DD,LA SEBASTIANA,Urbana,"(6.171592718, -75.577428355)"
2162425,09/12/2016,2:35 p.m.,lunes,CAMION,PARTICULAR,Conductor,Masculino,No,N/A,SOLO DAÑOS,Choque,Impericia en el manejo,Calle 31  Sur Carrera 43,SAN MARCOS,Urbana,"(6.176823564, -75.585392151)"
2162399,09/12/2016,3:30 p.m.,lunes,CAMION,PUBLICO,Conductor,Masculino,No,N/A,SOLO DAÑOS,Choque,No respetar prelacion,Tramo 181 Kilometro  100,VEREDA PALMAS,Rural,
2162399,09/12/2016,3:30 p.m.,lunes,CAMIONETA,PARTICULAR,Conductor,Femenino,No,N/A,SOLO DAÑOS,Choque,No respetar prelacion,Tramo 181 Kilometro  100,VEREDA PALMAS,Rural,
2162404,09/12/2016,3:30 p.m.,lunes,AUTOMOVIL,PARTICULAR,Conductor,Femenino,No,N/A,SOLO DAÑOS,Choque,No mantener distancia de seguridad,Calle 50  Sur Carrera 48,LAS CASITAS,Urbana,
2162404,09/12/2016,3:30 p.m.,lunes,AUTOMOVIL,PUBLICO,Conductor,Masculino,No,N/A,SOLO DAÑOS,Choque,No mantener distancia de seguridad,Calle 50  Sur Carrera 48,LAS CASITAS,Urbana,
2162409,09/12/2016,4:30 p.m.,lunes,AUTOMOVIL,PARTICULAR,Conductor,Masculino,No,N/A,SOLO DAÑOS,Choque,Adelantar cerrando,Calle 38 A Sur Carrera 40,ZONA CENTRO,Urbana,"(6.168097144, -75.586307809)"
2162409,09/12/2016,4:30 p.m.,lunes,CAMIONETA,PARTICULAR,Conductor,Masculino,No,N/A,SOLO DAÑOS,Choque,Adelantar cerrando,Calle 38 A Sur Carrera 40,ZONA CENTRO,Urbana,"(6.168097144, -75.586307809)"
2162429,09/12/2016,4:45 p.m.,lunes,AUTOMOVIL,PARTICULAR,Conductor,Masculino,No,N/A,SOLO DAÑOS,Choque,No mantener distancia de seguridad,Calle 37  Sur Carrera 49,LAS VEGAS,Urbana,"(6.174789471, -75.594204243)"
2162429,09/12/2016,4:45 p.m.,lunes,CAMIONETA,PARTICULAR,Conductor,Femenino,No,N/A,SOLO DAÑOS,Choque,No mantener distancia de seguridad,Calle 37  Sur Carrera 49,LAS VEGAS,Urbana,"(6.174789471, -75.594204243)"
2162407,09/13/2016,12:20 a.m.,martes,AUTOMOVIL,PUBLICO,Conductor,Masculino,No,N/A,HERIDO,Atropello,Cruzar sin observar,Calle 37  Sur Carrera 43,ZONA CENTRO,Urbana,"(6.170662973, -75.587448517)"
2162401,09/13/2016,5:50 a.m.,martes,BUS,PUBLICO,Conductor,Masculino,No,N/A,SOLO DAÑOS,Choque,Impericia en el manejo,Calle 48  Sur Carrera 40,EL TRIANON,Urbana,"(6.158853504, -75.594560879)"
2162401,09/13/2016,5:50 a.m.,martes,BUSETA,PUBLICO,Conductor,Masculino,No,N/A,SOLO DAÑOS,Choque,Reverso imprudente,Calle 48  Sur Carrera 40,EL TRIANON,Urbana,"(6.158853504, -75.594560879)"
2162401,09/13/2016,5:50 a.m.,martes,BUSETA,PUBLICO,Conductor,Masculino,No,N/A,SOLO DAÑOS,Choque,Impericia en el manejo,Calle 48  Sur Carrera 40,EL TRIANON,Urbana,"(6.158853504, -75.594560879)"
2162401,09/13/2016,5:50 a.m.,martes,BUS,PUBLICO,Conductor,Masculino,No,N/A,SOLO DAÑOS,Choque,Reverso imprudente,Calle 48  Sur Carrera 40,EL TRIANON,Urbana,"(6.158853504, -75.594560879)"
2162411,09/13/2016,6:20 a.m.,martes,MOTOCICLETA,PARTICULAR,Motociclista,Femenino,No,N/A,HERIDO,Choque,No mantener distancia de seguridad,Calle 25  Sur Carrera 48,LAS VEGAS,Urbana,
2162411,09/13/2016,6:20 a.m.,martes,MOTOCICLETA,PARTICULAR,Motociclista,Masculino,No,N/A,HERIDO,Choque,No mantener distancia de seguridad,Calle 25  Sur Carrera 48,LAS VEGAS,Urbana,
2162431,09/13/2016,7:30 a.m.,martes,AUTOMOVIL,PARTICULAR,Conductor,Masculino,No,N/A,SOLO DAÑOS,Choque,Reverso imprudente,Calle 52 D Sur Carrera 39,LA INMACULADA,Urbana,
2162431,09/13/2016,7:30 a.m.,martes,CAMIONETA,PARTICULAR,Conductor,Masculino,No,N/A,SOLO DAÑOS,Choque,Reverso imprudente,Calle 52 D Sur Carrera 39,LA INMACULADA,Urbana,
2162424,09/13/2016,11:10 a.m.,martes,MOTOCICLETA,PARTICULAR,Motociclista,Masculino,No,N/A,HERIDO,Atropello,Otra,Calle 40 F Sur Carrera 25 A,LA MINA,Urbana,"(6.155555232, -75.582316718)"
2162412,09/13/2016,11:40 a.m.,martes,AUTOMOVIL,PARTICULAR,Conductor,Femenino,No,N/A,SOLO DAÑOS,Choque,No mantener distancia de seguridad,Calle 25 AA Sur Carrera 48,LAS VEGAS,Urbana,"(6.18405129, -75.584783826)"
2162412,09/13/2016,11:40 a.m.,martes,MOTOCICLETA,PARTICULAR,Motociclista,Masculino,No,N/A,SOLO DAÑOS,Choque,No mantener distancia de seguridad,Calle 25 AA Sur Carrera 48,LAS VEGAS,Urbana,"(6.18405129, -75.584783826)"
2162418,09/13/2016,12:30 p.m.,martes,MICROBUS,PUBLICO,Conductor,Masculino,No,N/A,HERIDO,Choque,No mantener distancia de seguridad,Calle 37  Sur Carrera 48,LAS VEGAS,Urbana,"(6.17412211, -75.593061115)"
2162418,09/13/2016,12:30 p.m.,martes,MOTOCICLETA,PARTICULAR,Motociclista,Masculino,No,N/A,HERIDO,Choque,No mantener distancia de seguridad,Calle 37  Sur Carrera 48,LAS VEGAS,Urbana,"(6.17412211, -75.593061115)"
2162426,09/13/2016,2:15 p.m.,martes,AUTOMOVIL,PARTICULAR,Conductor,Masculino,No,N/A,SOLO DAÑOS,Choque,No mantener distancia de seguridad,Calle 28  Sur Carrera 50,LAS VEGAS,Urbana,
2162426,09/13/2016,2:15 p.m.,martes,CAMIONETA,PARTICULAR,Conductor,Masculino,No,N/A,SOLO DAÑOS,Choque,No mantener distancia de seguridad,Calle 28  Sur Carrera 50,LAS VEGAS,Urbana,
2162408,09/13/2016,3:15 p.m.,martes,BUSETA,PUBLICO,Conductor,Masculino,No,N/A,SOLO DAÑOS,Choque,Adelantar cerrando,Calle 19  Sur Carrera 48,ZU├æIGA,Urbana,
2162408,09/13/2016,3:15 p.m.,martes,CAMPERO,PARTICULAR,Conductor,Masculino,No,N/A,SOLO DAÑOS,Choque,Adelantar cerrando,Calle 19  Sur Carrera 48,ZU├æIGA,Urbana,
2162415,09/13/2016,3:20 p.m.,martes,CAMPERO,PARTICULAR,Conductor,Masculino,No,N/A,HERIDO,Choque,No mantener distancia de seguridad,Calle 39  Sur Carrera 29 A,EL CHINGU├ì,Urbana,"(6.164019418, -75.581208066)"
2162415,09/13/2016,3:20 p.m.,martes,MOTOCICLETA,PARTICULAR,Motociclista,Masculino,No,N/A,HERIDO,Choque,No mantener distancia de seguridad,Calle 39  Sur Carrera 29 A,EL CHINGU├ì,Urbana,"(6.164019418, -75.581208066)"
2162419,09/13/2016,3:30 p.m.,martes,AUTOMOVIL,PARTICULAR,Conductor,Masculino,No,N/A,SOLO DAÑOS,Choque,Desobedecer senales,Calle 39  Sur Carrera 29 A,EL CHINGU├ì,Urbana,"(6.164019418, -75.581208066)"
2162419,09/13/2016,3:30 p.m.,martes,AUTOMOVIL,PARTICULAR,Conductor,Masculino,No,N/A,SOLO DAÑOS,Choque,Desobedecer senales,Calle 39  Sur Carrera 29 A,EL CHINGU├ì,Urbana,"(6.164019418, -75.581208066)"
2162731,10/10/2016,9:40 a.m.,lunes,AUTOMOVIL,PARTICULAR,Conductor,Femenino,No,N/A,SOLO DAÑOS,Choque,Adelantar cerrando,Tramo 372 Kilometro  15,VEREDA PALMAS,Rural,
2162427,09/13/2016,3:30 p.m.,martes,AUTOMOVIL,PUBLICO,Conductor,Masculino,No,N/A,SOLO DAÑOS,Choque,No mantener distancia de seguridad,Calle 19  Sur Carrera 48,LAS VEGAS,Urbana,
2162427,09/13/2016,3:30 p.m.,martes,CAMPERO,PARTICULAR,Conductor,Masculino,No,N/A,SOLO DAÑOS,Choque,No mantener distancia de seguridad,Calle 19  Sur Carrera 48,LAS VEGAS,Urbana,
2162433,09/13/2016,4:50 p.m.,martes,CAMIONETA,PUBLICO,Conductor,Sin registro,No,N/A,HERIDO,Choque,Otra,Calle 49  Sur Carrera 50,LAS VEGAS,Urbana,
2162433,09/13/2016,4:50 p.m.,martes,MOTOCICLETA,PARTICULAR,Motociclista,Masculino,No,N/A,HERIDO,Choque,Otra,Calle 49  Sur Carrera 50,LAS VEGAS,Urbana,
2162417,09/13/2016,5:35 p.m.,martes,CAMIONETA,PARTICULAR,Conductor,Masculino,No,N/A,SOLO DAÑOS,Choque,No mantener distancia de seguridad,Calle 49  Sur Carrera 50,LAS VEGAS,Urbana,
2162417,09/13/2016,5:35 p.m.,martes,CAMION,PUBLICO,Conductor,Masculino,No,N/A,SOLO DAÑOS,Choque,No mantener distancia de seguridad,Calle 49  Sur Carrera 50,LAS VEGAS,Urbana,
2162413,09/14/2016,6:10 a.m.,miércoles,CAMIONETA,PARTICULAR,Conductor,Masculino,No,N/A,SOLO DAÑOS,Choque,No mantener distancia de seguridad,Calle 25 AA Sur Carrera 48,LAS VEGAS,Urbana,"(6.18405129, -75.584783826)"
2162413,09/14/2016,6:10 a.m.,miércoles,AUTOMOVIL,PARTICULAR,Conductor,Masculino,No,N/A,SOLO DAÑOS,Choque,No mantener distancia de seguridad,Calle 25 AA Sur Carrera 48,LAS VEGAS,Urbana,"(6.18405129, -75.584783826)"
2162434,09/14/2016,6:20 a.m.,miércoles,MICROBUS,OFICIAL,Conductor,Masculino,No,N/A,SOLO DAÑOS,Choque,Poner en marcha un vehiculo sin precauci,Calle 38  Sur Carrera 32,MESA,Urbana,"(6.166011939, -75.581581213)"
2162434,09/14/2016,6:20 a.m.,miércoles,AUTOMOVIL,PARTICULAR,Conductor,Masculino,No,N/A,SOLO DAÑOS,Choque,Poner en marcha un vehiculo sin precauci,Calle 38  Sur Carrera 32,MESA,Urbana,"(6.166011939, -75.581581213)"
2162420,09/14/2016,6:30 a.m.,miércoles,BUS,PUBLICO,Conductor,Masculino,No,N/A,SOLO DAÑOS,Choque,No mantener distancia de seguridad,Calle 37  Sur Carrera 33,MESA,Urbana,"(6.167021726, -75.581684577)"
2162420,09/14/2016,6:30 a.m.,miércoles,CAMPERO,PARTICULAR,Conductor,Femenino,No,N/A,SOLO DAÑOS,Choque,No mantener distancia de seguridad,Calle 37  Sur Carrera 33,MESA,Urbana,"(6.167021726, -75.581684577)"
2162423,09/14/2016,6:40 a.m.,miércoles,AUTOMOVIL,PARTICULAR,Conductor,Masculino,No,N/A,SOLO DAÑOS,Choque,Poner en marcha un vehiculo sin precauci,Calle 37  Sur Carrera 43 A,ZONA CENTRO,Urbana,"(6.171151654, -75.58815663)"
2162423,09/14/2016,6:40 a.m.,miércoles,AUTOMOVIL,PARTICULAR,Conductor,Femenino,No,N/A,SOLO DAÑOS,Choque,Poner en marcha un vehiculo sin precauci,Calle 37  Sur Carrera 43 A,ZONA CENTRO,Urbana,"(6.171151654, -75.58815663)"
2162435,09/14/2016,8:40 a.m.,miércoles,AUTOMOVIL,PARTICULAR,Conductor,Femenino,No,N/A,SOLO DAÑOS,Choque,No mantener distancia de seguridad,Calle 38  Sur Carrera 29 A,EL CHINGU├ì,Urbana,"(6.165022576, -75.580713107)"
2162435,09/14/2016,8:40 a.m.,miércoles,MOTOCICLETA,PARTICULAR,Motociclista,Masculino,No,N/A,SOLO DAÑOS,Choque,No mantener distancia de seguridad,Calle 38  Sur Carrera 29 A,EL CHINGU├ì,Urbana,"(6.165022576, -75.580713107)"
2162422,09/14/2016,1:25 p.m.,miércoles,MOTOCICLETA,PARTICULAR,Motociclista,Masculino,No,N/A,HERIDO,Atropello,Cruzar sin observar,Tramo 371 Kilometro  10,VEREDA EL ESCOBERO,Rural,
2162445,09/14/2016,2:20 p.m.,miércoles,CAMPERO,PARTICULAR,Conductor,Masculino,No,N/A,SOLO DAÑOS,Choque,Poner en marcha un vehiculo sin precauci,Calle 36  Sur Carrera 39,ZONA CENTRO,Urbana,"(6.169751787, -75.584351131)"
2162445,09/14/2016,2:20 p.m.,miércoles,MOTOCICLETA,PARTICULAR,Motociclista,Femenino,No,N/A,SOLO DAÑOS,Choque,Poner en marcha un vehiculo sin precauci,Calle 36  Sur Carrera 39,ZONA CENTRO,Urbana,"(6.169751787, -75.584351131)"
2162421,09/14/2016,3:40 p.m.,miércoles,BUS,PUBLICO,Conductor,Masculino,No,N/A,SOLO DAÑOS,Otro,Otra,Calle 38 A Sur Carrera 42,ZONA CENTRO,Urbana,"(6.169022232, -75.587722385)"
2162442,09/14/2016,4:30 p.m.,miércoles,AUTOMOVIL,PARTICULAR,Conductor,Femenino,No,N/A,SOLO DAÑOS,Choque,Reverso imprudente,Calle 38 A Sur Carrera 43,ZONA CENTRO,Urbana,"(6.169370628, -75.588315099)"
2162442,09/14/2016,4:30 p.m.,miércoles,CAMIONETA,PARTICULAR,Conductor,Masculino,No,N/A,SOLO DAÑOS,Choque,Reverso imprudente,Calle 38 A Sur Carrera 43,ZONA CENTRO,Urbana,"(6.169370628, -75.588315099)"
2162441,09/14/2016,5:05 p.m.,miércoles,CAMIONETA,PARTICULAR,Conductor,Masculino,No,N/A,SOLO DAÑOS,Choque,Impericia en el manejo,Calle 41 C Sur Carrera 42,EL DORADO,Urbana,"(6.16639828, -75.594283111)"
2162441,09/14/2016,5:05 p.m.,miércoles,AUTOMOVIL,PARTICULAR,Conductor,Masculino,No,N/A,SOLO DAÑOS,Choque,Impericia en el manejo,Calle 41 C Sur Carrera 42,EL DORADO,Urbana,"(6.16639828, -75.594283111)"
2162416,09/14/2016,6:00 p.m.,miércoles,TRACTOCAMION,PUBLICO,Conductor,Masculino,No,N/A,SOLO DAÑOS,Choque,Adelantar cerrando,Calle 32 A Sur Carrera 50,LAS VEGAS,Urbana,
2162416,09/14/2016,6:00 p.m.,miércoles,AUTOMOVIL,PARTICULAR,Conductor,Femenino,No,N/A,SOLO DAÑOS,Choque,Adelantar cerrando,Calle 32 A Sur Carrera 50,LAS VEGAS,Urbana,
2162439,09/14/2016,7:10 p.m.,miércoles,AUTOMOVIL,PARTICULAR,Conductor,Masculino,No,N/A,HERIDO,Choque,No respetar pelacion de interseccion o giros,Tramo 376 Kilometro  9,VEREDA PERICO,Rural,
2162439,09/14/2016,7:10 p.m.,miércoles,MOTOCICLETA,PARTICULAR,Motociclista,Masculino,No,N/A,HERIDO,Choque,No respetar pelacion de interseccion o giros,Tramo 376 Kilometro  9,VEREDA PERICO,Rural,