RADICADO,FECHA,HORA,DÍA DE LA SEMANA,CLASE DE VEHICULO,TIPO DE SERVICIO,TIPO DE VICTIMA,SEXO,ESTADO DE BEODEZ,RESULTADO DE BEODEZ,GRAVEDAD,CLASE DE ACCIDENTE,CAUSA,DIRECCIÓN,BARRIO,AREA,Coordenadas
2162488,09/18/2016,6:52 p.m.,domingo,CAMIONETA,PARTICULAR,Conductor,Masculino,No,N/A,SOLO DAÑOS,Choque,No mantener distancia de seguridad,Tramo 371 Kilometro  7,VEREDA PALMAS,Rural,
2162488,09/18/2016,6:52 p.m.,domingo,AUTOMOVIL,PARTICULAR,Conductor,Masculino,No,N/A,SOLO DAÑOS,Choque,No mantener distancia de seguridad,Tramo 371 Kilometro  7,VEREDA PALMAS,Rural,
2162505,09/18/2016,7:00 p.m.,domingo,AUTOMOVIL,PARTICULAR,Conductor,Masculino,No,N/A,SOLO DAÑOS,Choque,No mantener distancia de seguridad,Calle 40  Sur Carrera 46,ALCALA,Urbana,"(6.169002847, -75.593900174)"
2162505,09/18/2016,7:00 p.m.,domingo,CAMPERO,PARTICULAR,Conductor,Femenino,No,N/A,SOLO DAÑOS,Choque,No mantener distancia de seguridad,Calle 40  Sur Carrera 46,ALCALA,Urbana,"(6.169002847, -75.593900174)"
2162480,09/18/2016,8:20 p.m.,domingo,CAMIONETA,PARTICULAR,Conductor,Masculino,No,N/A,SOLO DAÑOS,Choque,Adelantar cerrando,Tramo 373 Kilometro  5,VEREDA PALMAS,Rural,
2162480,09/18/2016,8:20 p.m.,domingo,CAMIONETA,PARTICULAR,Conductor,Masculino,No,N/A,SOLO DAÑOS,Choque,Adelantar cerrando,Tramo 373 Kilometro  5,VEREDA PALMAS,Rural,
2162477,09/19/2016,8:00 a.m.,lunes,AUTOMOVIL,PUBLICO,Conductor,Masculino,No,N/A,SOLO DAÑOS,Choque,No mantener distancia de seguridad,Tramo 372 Kilometro  12,VEREDA PALMAS,Rural,
2162477,09/19/2016,8:00 a.m.,lunes,CAMIONETA,PARTICULAR,Conductor,Masculino,No,N/A,SOLO DAÑOS,Choque,No mantener distancia de seguridad,Tramo 372 Kilometro  12,VEREDA PALMAS,Rural,
2162481,09/19/2016,8:30 a.m.,lunes,CAMIONETA,PUBLICO,Conductor,Masculino,No,N/A,SOLO DAÑOS,Choque,Reverso imprudente,Calle 45 A Sur Carrera 39 B,LAS ANTILLAS,Urbana,"(6.160320892, -75.590005662)"
2162481,09/19/2016,8:30 a.m.,lunes,MICROBUS,PUBLICO,Conductor,Masculino,No,N/A,SOLO DAÑOS,Choque,Reverso imprudente,Calle 45 A Sur Carrera 39 B,LAS ANTILLAS,Urbana,"(6.160320892, -75.590005662)"
2162498,09/19/2016,11:00 a.m.,lunes,CAMIONETA,PARTICULAR,Conductor,Masculino,No,N/A,SOLO DAÑOS,Choque,Impericia en el manejo,Calle 37  Sur Carrera 28,LA MAGNOLIA,Urbana,"(6.165679454, -75.578340422)"
2162498,09/19/2016,11:00 a.m.,lunes,CAMIONETA,PARTICULAR,Conductor,Masculino,No,N/A,SOLO DAÑOS,Choque,Impericia en el manejo,Calle 37  Sur Carrera 28,LA MAGNOLIA,Urbana,"(6.165679454, -75.578340422)"
2162489,09/19/2016,2:00 p.m.,lunes,AUTOMOVIL,PARTICULAR,Conductor,Masculino,No,N/A,SOLO DAÑOS,Choque,Desobedecer senales,Calle 38  Sur Carrera 46,ALCALA,Urbana,"(6.171966643, -75.591369743)"
2162489,09/19/2016,2:00 p.m.,lunes,AUTOMOVIL,PARTICULAR,Conductor,Femenino,No,N/A,SOLO DAÑOS,Choque,Desobedecer senales,Calle 38  Sur Carrera 46,ALCALA,Urbana,"(6.171966643, -75.591369743)"
2162496,09/19/2016,3:30 p.m.,lunes,AUTOMOVIL,PARTICULAR,Conductor,Femenino,No,N/A,SOLO DAÑOS,Choque,Reverso imprudente,Tramo 371 Kilometro  4,VEREDA EL ESCOBERO,Rural,
2162496,09/19/2016,3:30 p.m.,lunes,AUTOMOVIL,PARTICULAR,Conductor,Femenino,No,N/A,SOLO DAÑOS,Choque,Reverso imprudente,Tramo 371 Kilometro  4,VEREDA EL ESCOBERO,Rural,
2162490,09/19/2016,3:31 p.m.,lunes,AUTOMOVIL,PARTICULAR,Conductor,Femenino,No,N/A,SOLO DAÑOS,Choque,Transitar entre vehiculos,Calle 26  Sur Carrera 50,LAS VEGAS,Urbana,
2162490,09/19/2016,3:31 p.m.,lunes,MOTOCICLETA,PARTICULAR,Motociclista,Masculino,No,N/A,SOLO DAÑOS,Choque,Impericia en el manejo,Calle 26  Sur Carrera 50,LAS VEGAS,Urbana,
2162490,09/19/2016,3:31 p.m.,lunes,MOTOCICLETA,PARTICULAR,Motociclista,Masculino,No,N/A,SOLO DAÑOS,Choque,Transitar entre vehiculos,Calle 26  Sur Carrera 50,LAS VEGAS,Urbana,
2162490,09/19/2016,3:31 p.m.,lunes,AUTOMOVIL,PARTICULAR,Conductor,Femenino,No,N/A,SOLO DAÑOS,Choque,Impericia en el manejo,Calle 26  Sur Carrera 50,LAS VEGAS,Urbana,
2162495,09/19/2016,9:30 p.m.,lunes,CAMIONETA,PARTICULAR,Conductor,Masculino,No,N/A,SOLO DAÑOS,Choque,Adelantar cerrando,Diagonal 31 E Transversal 34 D,LOS NARANJOS,Urbana,"(6.17201459, -75.579216112)"
2162495,09/19/2016,9:30 p.m.,lunes,CAMIONETA,PARTICULAR,Conductor,Masculino,No,N/A,SOLO DAÑOS,Choque,Adelantar cerrando,Diagonal 31 E Transversal 34 D,LOS NARANJOS,Urbana,"(6.17201459, -75.579216112)"
2162502,09/20/2016,7:40 a.m.,martes,AUTOMOVIL,PARTICULAR,Conductor,Femenino,No,N/A,HERIDO,Choque,Semaforo en rojo,Calle 25  Sur Carrera 43 A,MILAN VALLEJUELOS,Urbana,"(6.181560189, -75.582016491)"
2162502,09/20/2016,7:40 a.m.,martes,MOTOCICLETA,PARTICULAR,Motociclista,Masculino,No,N/A,HERIDO,Choque,Semaforo en rojo,Calle 25  Sur Carrera 43 A,MILAN VALLEJUELOS,Urbana,"(6.181560189, -75.582016491)"
2162515,09/20/2016,7:45 a.m.,martes,MOTOCICLETA,PARTICULAR,Motociclista,Masculino,No,N/A,HERIDO,Choque,Semaforo en rojo,Calle 37  Sur Carrera 31,MESA,Urbana,"(6.166120684, -75.580740605)"
2162515,09/20/2016,7:45 a.m.,martes,BUS,PUBLICO,Conductor,Masculino,No,N/A,HERIDO,Choque,Semaforo en rojo,Calle 37  Sur Carrera 31,MESA,Urbana,"(6.166120684, -75.580740605)"
2162512,09/20/2016,8:30 a.m.,martes,BUS,PUBLICO,Conductor,Masculino,No,N/A,SOLO DAÑOS,Choque,Reverso imprudente,Calle 27 B Sur Carrera 27 B,LOMA DE LAS BRUJAS,Urbana,"(6.169317472, -75.572212264)"
2162512,09/20/2016,8:30 a.m.,martes,AUTOMOVIL,PARTICULAR,Conductor,Masculino,No,N/A,SOLO DAÑOS,Choque,Reverso imprudente,Calle 27 B Sur Carrera 27 B,LOMA DE LAS BRUJAS,Urbana,"(6.169317472, -75.572212264)"
2162508,09/20/2016,8:45 a.m.,martes,MOTOCICLETA,PARTICULAR,Motociclista,Masculino,No,N/A,HERIDO,Choque,Superficie lisa,Calle 38  Sur Carrera 48,JARDINES,Urbana,
2162508,09/20/2016,8:45 a.m.,martes,MOTOCICLETA,PARTICULAR,Motociclista,Masculino,No,N/A,HERIDO,Choque,Superficie lisa,Calle 38  Sur Carrera 48,JARDINES,Urbana,
2162508,09/20/2016,8:45 a.m.,martes,MOTOCICLETA,PARTICULAR,Motociclista,Femenino,No,N/A,HERIDO,Choque,Superficie lisa,Calle 38  Sur Carrera 48,JARDINES,Urbana,
2162508,09/20/2016,8:45 a.m.,martes,MOTOCICLETA,PARTICULAR,Motociclista,Masculino,No,N/A,HERIDO,Choque,Superficie lisa,Calle 38  Sur Carrera 48,JARDINES,Urbana,
2162508,09/20/2016,8:45 a.m.,martes,MOTOCICLETA,PARTICULAR,Motociclista,Masculino,No,N/A,HERIDO,Choque,Superficie lisa,Calle 38  Sur Carrera 48,JARDINES,Urbana,
2162514,09/20/2016,9:20 a.m.,martes,MOTOCICLETA,PARTICULAR,Motociclista,Masculino,No,N/A,HERIDO,Caida Ocupante,Superficie lisa,Calle 30  Sur Carrera 48,LAS VEGAS,Urbana,"(6.180376127, -75.590288049)"
2162511,09/20/2016,9:45 a.m.,martes,CAMPERO,PARTICULAR,Conductor,Masculino,No,N/A,SOLO DAÑOS,Choque,No mantener distancia de seguridad,Tramo 372 Kilometro  13,VEREDA PALMAS,Rural,
2162511,09/20/2016,9:45 a.m.,martes,AUTOMOVIL,PARTICULAR,Conductor,Masculino,No,N/A,SOLO DAÑOS,Choque,No mantener distancia de seguridad,Tramo 372 Kilometro  13,VEREDA PALMAS,Rural,
2162501,09/20/2016,9:50 a.m.,martes,MOTOCICLETA,PARTICULAR,Motociclista,Masculino,No,N/A,SOLO DAÑOS,Choque,No mantener distancia de seguridad,Diagonal 31 Transversal 32,LA MAGNOLIA,Urbana,"(6.174681134, -75.578471041)"
2162501,09/20/2016,9:50 a.m.,martes,AUTOMOVIL,PARTICULAR,Conductor,Masculino,No,N/A,SOLO DAÑOS,Choque,No mantener distancia de seguridad,Diagonal 31 Transversal 32,LA MAGNOLIA,Urbana,"(6.174681134, -75.578471041)"
2162509,09/20/2016,11:45 a.m.,martes,AUTOMOVIL,PARTICULAR,Conductor,Masculino,No,N/A,SOLO DAÑOS,Choque,Reverso imprudente,Calle 32 B Sur Carrera 44 A,SAN MARCOS,Urbana,"(6.17529477, -75.586935468)"
2162509,09/20/2016,11:45 a.m.,martes,CAMION,OFICIAL,Conductor,Masculino,No,N/A,SOLO DAÑOS,Choque,Reverso imprudente,Calle 32 B Sur Carrera 44 A,SAN MARCOS,Urbana,"(6.17529477, -75.586935468)"
2162507,09/20/2016,2:10 p.m.,martes,CAMION,PUBLICO,Conductor,Masculino,No,N/A,SOLO DAÑOS,Choque,Reverso imprudente,Calle 45 B Sur Carrera 43 A,MILAN VALLEJUELOS,Urbana,"(6.164485785, -75.594678415)"
2162507,09/20/2016,2:10 p.m.,martes,AUTOMOVIL,PUBLICO,Conductor,Masculino,No,N/A,SOLO DAÑOS,Choque,Reverso imprudente,Calle 45 B Sur Carrera 43 A,MILAN VALLEJUELOS,Urbana,"(6.164485785, -75.594678415)"
2162507,09/20/2016,2:10 p.m.,martes,CAMPERO,PARTICULAR,Conductor,Masculino,No,N/A,SOLO DAÑOS,Choque,Reverso imprudente,Calle 45 B Sur Carrera 43 A,MILAN VALLEJUELOS,Urbana,"(6.164485785, -75.594678415)"
2162526,09/20/2016,5:00 p.m.,martes,AUTOMOVIL,PARTICULAR,Conductor,Masculino,No,N/A,SOLO DAÑOS,Choque,Poner en marcha un vehiculo sin precauci,Calle 36  Sur Carrera 39,ZONA CENTRO,Urbana,"(6.169751787, -75.584351131)"
2162526,09/20/2016,5:00 p.m.,martes,CAMIONETA,PARTICULAR,Conductor,Femenino,No,N/A,SOLO DAÑOS,Choque,Poner en marcha un vehiculo sin precauci,Calle 36  Sur Carrera 39,ZONA CENTRO,Urbana,"(6.169751787, -75.584351131)"
2162499,09/20/2016,5:30 p.m.,martes,CAMIONETA,PARTICULAR,Conductor,Masculino,No,N/A,SOLO DAÑOS,Choque,Adelantar cerrando,Calle 21  Sur Carrera 43 A,ZU├æIGA,Urbana,"(6.18399286, -75.579597643)"
2162499,09/20/2016,5:30 p.m.,martes,CAMIONETA,PARTICULAR,Conductor,Femenino,No,N/A,SOLO DAÑOS,Choque,Adelantar cerrando,Calle 21  Sur Carrera 43 A,ZU├æIGA,Urbana,"(6.18399286, -75.579597643)"
2162500,09/20/2016,5:30 p.m.,martes,CAMION,PUBLICO,Conductor,Masculino,No,N/A,SOLO DAÑOS,Choque,Adelantar cerrando,Calle 37  Sur Carrera 50,LAS VEGAS,Urbana,
2162500,09/20/2016,5:30 p.m.,martes,CAMION,PUBLICO,Conductor,Masculino,No,N/A,SOLO DAÑOS,Choque,Adelantar cerrando,Calle 37  Sur Carrera 50,LAS VEGAS,Urbana,
2162510,09/21/2016,5:30 a.m.,miércoles,MICROBUS,PUBLICO,Conductor,Masculino,No,N/A,SOLO DAÑOS,Choque,No respetar prelacion,Calle 38  Sur Carrera 38,ZONA CENTRO,Urbana,"(6.16803936, -75.584694353)"
2162510,09/21/2016,5:30 a.m.,miércoles,AUTOMOVIL,PARTICULAR,Conductor,Masculino,No,N/A,SOLO DAÑOS,Choque,No respetar prelacion,Calle 38  Sur Carrera 38,ZONA CENTRO,Urbana,"(6.16803936, -75.584694353)"
2162513,09/21/2016,6:55 a.m.,miércoles,MOTOCICLETA,PARTICULAR,Motociclista,Masculino,No,N/A,SOLO DAÑOS,Choque,Exceso de velocidad,Calle 49 D Sur Carrera 40 A,LA INMACULADA,Urbana,"(6.155814881, -75.600754668)"
2162513,09/21/2016,6:55 a.m.,miércoles,AUTOMOVIL,PARTICULAR,Conductor,Masculino,No,N/A,SOLO DAÑOS,Choque,Exceso de velocidad,Calle 49 D Sur Carrera 40 A,LA INMACULADA,Urbana,"(6.155814881, -75.600754668)"
2162520,09/21/2016,8:45 a.m.,miércoles,AUTOMOVIL,PARTICULAR,Conductor,Femenino,No,N/A,SOLO DAÑOS,Choque,Reverso imprudente,Calle 24  Sur Carrera 41,N/R,Urbana,
2162520,09/21/2016,8:45 a.m.,miércoles,MOTOCICLETA,PARTICULAR,Motociclista,Masculino,No,N/A,SOLO DAÑOS,Choque,Reverso imprudente,Calle 24  Sur Carrera 41,N/R,Urbana,
2162980,09/21/2016,8:50 a.m.,miércoles,AUTOMOVIL,PARTICULAR,Conductor,Femenino,No,N/A,SOLO DAÑOS,Choque,Otra,Calle 25  Sur Carrera 46,ZU├æIGA,Urbana,"(6.183044029, -75.582618497)"
2162980,09/21/2016,8:50 a.m.,miércoles,CAMPERO,PARTICULAR,Conductor,Femenino,No,N/A,SOLO DAÑOS,Choque,Otra,Calle 25  Sur Carrera 46,ZU├æIGA,Urbana,"(6.183044029, -75.582618497)"
2162524,09/21/2016,12:20 p.m.,miércoles,AUTOMOVIL,PUBLICO,Conductor,Masculino,No,N/A,SOLO DAÑOS,Choque,Semaforo en rojo,Calle 25  Sur Carrera 48,LAS VEGAS,Urbana,
2162524,09/21/2016,12:20 p.m.,miércoles,MOTOCICLETA,PARTICULAR,Motociclista,Masculino,No,N/A,SOLO DAÑOS,Choque,Semaforo en rojo,Calle 25  Sur Carrera 48,LAS VEGAS,Urbana,
2162535,09/21/2016,1:20 p.m.,miércoles,CAMIONETA,PARTICULAR,Conductor,Femenino,No,N/A,SOLO DAÑOS,Choque,No mantener distancia de seguridad,Calle 38  Sur Carrera 43 A,ZONA CENTRO,Urbana,"(6.170537577, -75.588625139)"
2162535,09/21/2016,1:20 p.m.,miércoles,MOTOCICLETA,PARTICULAR,Motociclista,Masculino,No,N/A,SOLO DAÑOS,Choque,No mantener distancia de seguridad,Calle 38  Sur Carrera 43 A,ZONA CENTRO,Urbana,"(6.170537577, -75.588625139)"
2162517,09/21/2016,2:30 p.m.,miércoles,AUTOMOVIL,PARTICULAR,Conductor,Masculino,No,N/A,SOLO DAÑOS,Choque,No mantener distancia de seguridad,Calle 37  Sur Carrera 50,LAS VEGAS,Urbana,
2162517,09/21/2016,2:30 p.m.,miércoles,AUTOMOVIL,PARTICULAR,Conductor,Femenino,No,N/A,SOLO DAÑOS,Choque,No mantener distancia de seguridad,Calle 37  Sur Carrera 50,LAS VEGAS,Urbana,
2162532,09/21/2016,2:45 p.m.,miércoles,AUTOMOVIL,PARTICULAR,Conductor,Masculino,No,N/A,SOLO DAÑOS,Choque,No mantener distancia de seguridad,Calle 36 D Sur Carrera 27 D,VEREDA EL ESCOBERO,Urbana,"(6.164970853, -75.574637268)"
2162532,09/21/2016,2:45 p.m.,miércoles,CAMIONETA,PARTICULAR,Conductor,Femenino,No,N/A,SOLO DAÑOS,Choque,No mantener distancia de seguridad,Calle 36 D Sur Carrera 27 D,VEREDA EL ESCOBERO,Urbana,"(6.164970853, -75.574637268)"
2162532,09/21/2016,2:45 p.m.,miércoles,AUTOMOVIL,PARTICULAR,Conductor,Masculino,No,N/A,SOLO DAÑOS,Choque,No mantener distancia de seguridad,Calle 36 D Sur Carrera 27 D,VEREDA EL ESCOBERO,Urbana,"(6.164970853, -75.574637268)"
2162532,09/21/2016,2:45 p.m.,miércoles,CAMIONETA,PARTICULAR,Conductor,Masculino,No,N/A,SOLO DAÑOS,Choque,No mantener distancia de seguridad,Calle 36 D Sur Carrera 27 D,VEREDA EL ESCOBERO,Urbana,"(6.164970853, -75.574637268)"
2162523,09/21/2016,2:50 p.m.,miércoles,AUTOMOVIL,PARTICULAR,Conductor,Masculino,No,N/A,HERIDO,Choque,No mantener distancia de seguridad,Calle 30  Sur Carrera 43 A,JARDINES,Urbana,"(6.177126039, -75.585250895)"
2162523,09/21/2016,2:50 p.m.,miércoles,AUTOMOVIL,PARTICULAR,Conductor,Femenino,No,N/A,HERIDO,Choque,No mantener distancia de seguridad,Calle 30  Sur Carrera 43 A,JARDINES,Urbana,"(6.177126039, -75.585250895)"
2162516,09/21/2016,4:30 p.m.,miércoles,VOLQUETA,PUBLICO,Conductor,Masculino,No,N/A,SOLO DAÑOS,Choque,Adelantar cerrando,Calle 38  Sur Carrera 29 A,MESA,Urbana,"(6.165022576, -75.580713107)"
2162516,09/21/2016,4:30 p.m.,miércoles,AUTOMOVIL,PARTICULAR,Conductor,Masculino,No,N/A,SOLO DAÑOS,Choque,Adelantar cerrando,Calle 38  Sur Carrera 29 A,MESA,Urbana,"(6.165022576, -75.580713107)"
2162525,09/21/2016,5:15 p.m.,miércoles,AUTOMOVIL,PARTICULAR,Conductor,Masculino,No,N/A,SOLO DAÑOS,Choque,Reverso imprudente,Calle 37 B Sur Carrera 28,N/R,Urbana,"(6.164360036, -75.578794609)"
2162525,09/21/2016,5:15 p.m.,miércoles,CAMIONETA,PARTICULAR,Conductor,Femenino,No,N/A,SOLO DAÑOS,Choque,Reverso imprudente,Calle 37 B Sur Carrera 28,N/R,Urbana,"(6.164360036, -75.578794609)"
2162518,09/21/2016,5:20 p.m.,miércoles,AUTOMOVIL,PARTICULAR,Conductor,Femenino,No,N/A,SOLO DAÑOS,Choque,Adelantar cerrando,Calle 37  Sur Carrera 29,LOMA DE LAS BRUJAS,Urbana,"(6.165886877, -75.579550992)"
2162518,09/21/2016,5:20 p.m.,miércoles,CAMIONETA,PARTICULAR,Conductor,Femenino,No,N/A,SOLO DAÑOS,Choque,Adelantar cerrando,Calle 37  Sur Carrera 29,LOMA DE LAS BRUJAS,Urbana,"(6.165886877, -75.579550992)"
2162527,09/21/2016,5:25 p.m.,miércoles,CAMIONETA,PUBLICO,Conductor,Masculino,No,N/A,SOLO DAÑOS,Choque,Adelantar cerrando,Diagonal 32 Transversal 35 A,LOS NARANJOS,Urbana,"(6.169858515, -75.580973363)"
2162527,09/21/2016,5:25 p.m.,miércoles,AUTOMOVIL,PARTICULAR,Conductor,Femenino,No,N/A,SOLO DAÑOS,Choque,Adelantar cerrando,Diagonal 32 Transversal 35 A,LOS NARANJOS,Urbana,"(6.169858515, -75.580973363)"
2162539,09/21/2016,5:50 p.m.,miércoles,BUS,PUBLICO,Conductor,Masculino,No,N/A,SOLO DAÑOS,Choque,Adelantar cerrando,Calle 38  Sur Carrera 32,MESA,Urbana,"(6.166011939, -75.581581213)"
2162539,09/21/2016,5:50 p.m.,miércoles,AUTOMOVIL,DIPLOMATICO,Conductor,Masculino,No,N/A,SOLO DAÑOS,Choque,Adelantar cerrando,Calle 38  Sur Carrera 32,MESA,Urbana,"(6.166011939, -75.581581213)"
2162540,09/22/2016,6:10 a.m.,jueves,CAMION,PUBLICO,Conductor,Masculino,No,N/A,SOLO DAÑOS,Choque,Reverso imprudente,Tramo 373 Kilometro  15,VEREDA PALMAS,Rural,
2162540,09/22/2016,6:10 a.m.,jueves,CAMIONETA,PUBLICO,Conductor,Masculino,No,N/A,SOLO DAÑOS,Choque,Reverso imprudente,Tramo 373 Kilometro  15,VEREDA PALMAS,Rural,
2162534,09/22/2016,7:00 a.m.,jueves,CAMPERO,PARTICULAR,Conductor,Femenino,No,N/A,SOLO DAÑOS,Choque,No mantener distancia de seguridad,Calle 36  Sur Carrera 27,EL CHOCHO,Urbana,"(6.167154903, -75.569336965)"
2162534,09/22/2016,7:00 a.m.,jueves,CAMIONETA,PARTICULAR,Conductor,Femenino,No,N/A,SOLO DAÑOS,Choque,No mantener distancia de seguridad,Calle 36  Sur Carrera 27,EL CHOCHO,Urbana,"(6.167154903, -75.569336965)"
2162521,09/22/2016,7:35 a.m.,jueves,BUS,PUBLICO,Conductor,Masculino,No,N/A,HERIDO,Caida Ocupante,Transitar con las puertas abiertas,Calle 48 C Sur Carrera 43 A,N/R,Urbana,"(6.162378903, -75.597630589)"
2162521,09/22/2016,7:35 a.m.,jueves,BUS,PUBLICO,Conductor,Masculino,No,N/A,HERIDO,Caida Ocupante,Arrancar sin precaucion,Calle 48 C Sur Carrera 43 A,N/R,Urbana,"(6.162378903, -75.597630589)"
2162522,09/22/2016,7:40 a.m.,jueves,CAMPERO,PARTICULAR,Conductor,Femenino,No,N/A,SOLO DAÑOS,Choque,No mantener distancia de seguridad,Calle 25  Sur Carrera 49,LAS VEGAS,Urbana,
2162522,09/22/2016,7:40 a.m.,jueves,MICROBUS,PUBLICO,Conductor,Masculino,No,N/A,SOLO DAÑOS,Choque,No mantener distancia de seguridad,Calle 25  Sur Carrera 49,LAS VEGAS,Urbana,
2162519,09/22/2016,7:45 a.m.,jueves,CAMION,PUBLICO,Conductor,Masculino,No,N/A,MUERTO,Otro,Vehiculo mal estacionado,Tramo 372 Kilometro  17,VEREDA PALMAS,Rural,
2162533,09/22/2016,7:45 a.m.,jueves,CAMIONETA,PARTICULAR,Conductor,Femenino,No,N/A,SOLO DAÑOS,Choque,Reverso imprudente,Calle 23  Sur Carrera 15,N/R,Urbana,"(6.174857575, -75.559615039)"
2162533,09/22/2016,7:45 a.m.,jueves,MICROBUS,PUBLICO,Conductor,Masculino,No,N/A,SOLO DAÑOS,Choque,Reverso imprudente,Calle 23  Sur Carrera 15,N/R,Urbana,"(6.174857575, -75.559615039)"
2162543,09/22/2016,8:10 a.m.,jueves,AUTOMOVIL,PARTICULAR,Conductor,Femenino,No,N/A,SOLO DAÑOS,Choque,Reverso imprudente,Calle 22 D Sur Carrera 46,ZU├æIGA,Urbana,
2162543,09/22/2016,8:10 a.m.,jueves,CAMION,PUBLICO,Conductor,Masculino,No,N/A,SOLO DAÑOS,Choque,Reverso imprudente,Calle 22 D Sur Carrera 46,ZU├æIGA,Urbana,
2162544,09/22/2016,8:20 a.m.,jueves,BUS,PUBLICO,Conductor,Masculino,No,N/A,SOLO DAÑOS,Choque,Impericia en el manejo,Diagonal 31 Transversal 33 A,LAS FLORES,Urbana,"(6.173761816, -75.578919701)"
2162544,09/22/2016,8:20 a.m.,jueves,AUTOMOVIL,PUBLICO,Conductor,Masculino,No,N/A,SOLO DAÑOS,Choque,Impericia en el manejo,Diagonal 31 Transversal 33 A,LAS FLORES,Urbana,"(6.173761816, -75.578919701)"
2162565,09/22/2016,10:20 a.m.,jueves,MOTOCICLETA,PARTICULAR,Motociclista,Masculino,No,N/A,HERIDO,Atropello,Exceso de velocidad,Diagonal 32 Transversal 36,LOS NARANJOS,Urbana,"(6.168258576, -75.580670172)"
2162537,09/23/2016,8:05 a.m.,viernes,AUTOMOVIL,PARTICULAR,Conductor,Masculino,No,N/A,SOLO DAÑOS,Choque,No mantener distancia de seguridad,Calle 37  Sur Carrera 50,LAS VEGAS,Urbana,
2162565,09/22/2016,10:20 a.m.,jueves,MOTOCICLETA,PARTICULAR,Motociclista,Masculino,No,N/A,HERIDO,Atropello,Cruzar sin observar,Diagonal 32 Transversal 36,LOS NARANJOS,Urbana,"(6.168258576, -75.580670172)"
2162528,09/22/2016,1:30 p.m.,jueves,AUTOMOVIL,PUBLICO,Conductor,Masculino,No,N/A,SOLO DAÑOS,Choque,No mantener distancia de seguridad,Calle 40 B Sur Carrera 27,LA MINA,Urbana,"(6.157910673, -75.581553601)"
2162528,09/22/2016,1:30 p.m.,jueves,AUTOMOVIL,PUBLICO,Conductor,Masculino,No,N/A,SOLO DAÑOS,Choque,No mantener distancia de seguridad,Calle 40 B Sur Carrera 27,LA MINA,Urbana,"(6.157910673, -75.581553601)"
2162529,09/22/2016,1:30 p.m.,jueves,AUTOMOVIL,PARTICULAR,Conductor,Masculino,No,N/A,SOLO DAÑOS,Choque,No mantener distancia de seguridad,Calle 32  Sur Carrera 46,EL PORTAL,Urbana,"(6.176931913, -75.588499114)"
2162529,09/22/2016,1:30 p.m.,jueves,AUTOMOVIL,PARTICULAR,Conductor,Masculino,No,N/A,SOLO DAÑOS,Choque,No mantener distancia de seguridad,Calle 32  Sur Carrera 46,EL PORTAL,Urbana,"(6.176931913, -75.588499114)"
2162545,09/22/2016,1:50 p.m.,jueves,Sin registro,PUBLICO,Conductor,Masculino,No,N/A,HERIDO,Choque,Transitar entre vehiculos,Calle 25  Sur Carrera 48,LAS VEGAS,Urbana,
2162545,09/22/2016,1:50 p.m.,jueves,MOTOCICLETA,PARTICULAR,Motociclista,Femenino,No,N/A,HERIDO,Choque,Transitar entre vehiculos,Calle 25  Sur Carrera 48,LAS VEGAS,Urbana,
2162531,09/22/2016,2:40 p.m.,jueves,CAMION,PARTICULAR,Conductor,Masculino,No,N/A,HERIDO,Choque,Transitar entre vehiculos,Calle 46  Sur Carrera 50,LAS VEGAS,Urbana,
2162531,09/22/2016,2:40 p.m.,jueves,MOTOCICLETA,PARTICULAR,Motociclista,Masculino,No,N/A,HERIDO,Choque,Transitar entre vehiculos,Calle 46  Sur Carrera 50,LAS VEGAS,Urbana,
2162531,09/22/2016,2:40 p.m.,jueves,CAMION,PUBLICO,Conductor,Masculino,No,N/A,HERIDO,Choque,Transitar entre vehiculos,Calle 46  Sur Carrera 50,LAS VEGAS,Urbana,
2162538,09/22/2016,2:45 p.m.,jueves,CAMIONETA,PUBLICO,Conductor,Masculino,No,N/A,HERIDO,Choque,Exceso de velocidad,Calle 46  Sur Carrera 50,LAS VEGAS,Urbana,
2162538,09/22/2016,2:45 p.m.,jueves,BICICLETA,PARTICULAR,Ciclista,Femenino,No,N/A,HERIDO,Choque,Exceso de velocidad,Calle 46  Sur Carrera 50,LAS VEGAS,Urbana,
2163183,09/22/2016,5:30 p.m.,jueves,MOTOCICLETA,DIPLOMATICO,Motociclista,Masculino,No,N/A,SOLO DAÑOS,Choque,Otra,Calle 36 D Sur Carrera 27,VEREDA EL ESCOBERO,Urbana,"(6.162479576, -75.570222573)"
2163183,09/22/2016,5:30 p.m.,jueves,AUTOMOVIL,PARTICULAR,Conductor,Femenino,No,N/A,SOLO DAÑOS,Choque,Otra,Calle 36 D Sur Carrera 27,VEREDA EL ESCOBERO,Urbana,"(6.162479576, -75.570222573)"
2162541,09/22/2016,6:50 p.m.,jueves,MOTOCICLETA,PARTICULAR,Motociclista,Masculino,No,N/A,SOLO DAÑOS,Choque,Transitar entre vehiculos,Calle 25  Sur Carrera 43 A,ZU├æIGA,Urbana,"(6.181560189, -75.582016491)"
2162541,09/22/2016,6:50 p.m.,jueves,AUTOMOVIL,PARTICULAR,Conductor,Masculino,No,N/A,SOLO DAÑOS,Choque,Transitar entre vehiculos,Calle 25  Sur Carrera 43 A,ZU├æIGA,Urbana,"(6.181560189, -75.582016491)"
2162530,09/22/2016,7:00 p.m.,jueves,BUS,PUBLICO,Conductor,Masculino,No,N/A,SOLO DAÑOS,Choque,Adelantar cerrando,Calle 39  Sur Carrera 31,MESA,Urbana,"(6.164350999, -75.581942513)"