RADICADO,FECHA,HORA,DÍA DE LA SEMANA,CLASE DE VEHICULO,TIPO DE SERVICIO,TIPO DE VICTIMA,SEXO,ESTADO DE BEODEZ,RESULTADO DE BEODEZ,GRAVEDAD,CLASE DE ACCIDENTE,CAUSA,DIRECCIÓN,BARRIO,AREA,Coordenadas
2162657,10/03/2016,1:50 p.m.,lunes,BUSETA,PUBLICO,Conductor,Masculino,No,N/A,SOLO DAÑOS,Choque,Desobedecer senales,Diagonal 33 B Transversal 34,LOS NARANJOS,Urbana,
2162641,10/03/2016,3:42 p.m.,lunes,AUTOMOVIL,PARTICULAR,Conductor,Masculino,No,N/A,SOLO DAÑOS,Choque,Desobedecer senales,Diagonal 32 D Transversal 32,LA MAGNOLIA,Urbana,"(6.175661946, -75.584184038)"
2162641,10/03/2016,3:42 p.m.,lunes,CAMION,PUBLICO,Conductor,Masculino,No,N/A,SOLO DAÑOS,Choque,Desobedecer senales,Diagonal 32 D Transversal 32,LA MAGNOLIA,Urbana,"(6.175661946, -75.584184038)"
2162680,10/03/2016,4:00 p.m.,lunes,AUTOMOVIL,PARTICULAR,Conductor,Masculino,No,N/A,SOLO DAÑOS,Choque,No mantener distancia de seguridad,Calle 32  Sur Carrera 50,LAS VEGAS,Urbana,
2162680,10/03/2016,4:00 p.m.,lunes,CAMPERO,PARTICULAR,Conductor,Masculino,No,N/A,SOLO DAÑOS,Choque,No mantener distancia de seguridad,Calle 32  Sur Carrera 50,LAS VEGAS,Urbana,
2162680,10/03/2016,4:00 p.m.,lunes,MOTOCICLETA,PARTICULAR,Motociclista,Masculino,No,N/A,SOLO DAÑOS,Choque,No mantener distancia de seguridad,Calle 32  Sur Carrera 50,LAS VEGAS,Urbana,
2162661,10/03/2016,4:40 p.m.,lunes,CAMIONETA,PARTICULAR,Conductor,Femenino,No,N/A,HERIDO,Choque,No respetar prelacion,Calle 37 B Sur Carrera 27 D,N/R,Urbana,"(6.159428343, -75.573788689)"
2162661,10/03/2016,4:40 p.m.,lunes,MOTOCICLETA,PARTICULAR,Motociclista,Femenino,No,N/A,HERIDO,Choque,No respetar prelacion,Calle 37 B Sur Carrera 27 D,N/R,Urbana,"(6.159428343, -75.573788689)"
2162654,10/03/2016,5:15 p.m.,lunes,AUTOMOVIL,PARTICULAR,Conductor,Femenino,No,N/A,SOLO DAÑOS,Choque,No mantener distancia de seguridad,Calle 37 B Sur Carrera 27 E,N/R,Urbana,"(6.159428343, -75.573788689)"
2162654,10/03/2016,5:15 p.m.,lunes,MOTOCICLETA,PARTICULAR,Motociclista,Masculino,No,N/A,SOLO DAÑOS,Choque,No mantener distancia de seguridad,Calle 37 B Sur Carrera 27 E,N/R,Urbana,"(6.159428343, -75.573788689)"
2162673,10/03/2016,7:45 p.m.,lunes,AUTOMOVIL,PARTICULAR,Conductor,Masculino,No,N/A,SOLO DAÑOS,Choque,Desobedecer senales,Calle 38 A Sur Carrera 38,MESA,Urbana,"(6.167339205, -75.585136359)"
2162673,10/03/2016,7:45 p.m.,lunes,MOTOCICLETA,PARTICULAR,Motociclista,Masculino,No,N/A,SOLO DAÑOS,Choque,Desobedecer senales,Calle 38 A Sur Carrera 38,MESA,Urbana,"(6.167339205, -75.585136359)"
2162662,10/04/2016,6:00 a.m.,martes,CAMION,PUBLICO,Conductor,Masculino,No,N/A,HERIDO,Choque,Desobedecer senales,Calle 37  Sur Carrera 50,LAS VEGAS,Urbana,
2162662,10/04/2016,6:00 a.m.,martes,MOTOCICLETA,PARTICULAR,Motociclista,Masculino,No,N/A,HERIDO,Choque,Desobedecer senales,Calle 37  Sur Carrera 50,LAS VEGAS,Urbana,
2162658,10/04/2016,6:40 a.m.,martes,CAMION,PUBLICO,Conductor,Masculino,No,N/A,SOLO DAÑOS,Choque,Desobedecer senales,Calle 37  Sur Carrera 50,LAS VEGAS,Urbana,
2162658,10/04/2016,6:40 a.m.,martes,AUTOMOVIL,PARTICULAR,Conductor,Femenino,No,N/A,SOLO DAÑOS,Choque,Desobedecer senales,Calle 37  Sur Carrera 50,LAS VEGAS,Urbana,
2162664,10/04/2016,6:50 a.m.,martes,AUTOMOVIL,PARTICULAR,Conductor,Masculino,No,N/A,SOLO DAÑOS,Choque,No respetar prelacion,Calle 26 A Sur Carrera 42 A,LAS ORQUIDEAS,Urbana,"(6.177324883, -75.579423678)"
2162664,10/04/2016,6:50 a.m.,martes,MOTOCICLETA,PARTICULAR,Motociclista,Masculino,No,N/A,SOLO DAÑOS,Choque,No respetar prelacion,Calle 26 A Sur Carrera 42 A,LAS ORQUIDEAS,Urbana,"(6.177324883, -75.579423678)"
2162675,10/04/2016,7:00 a.m.,martes,AUTOMOVIL,PARTICULAR,Conductor,Femenino,No,N/A,SOLO DAÑOS,Choque,No respetar prelacion,Calle 27  Sur Carrera 28,N/R,Urbana,"(6.175346318, -75.574583402)"
2162675,10/04/2016,7:00 a.m.,martes,MOTOCICLETA,PARTICULAR,Motociclista,Femenino,No,N/A,SOLO DAÑOS,Choque,No respetar prelacion,Calle 27  Sur Carrera 28,N/R,Urbana,"(6.175346318, -75.574583402)"
2162656,10/04/2016,7:20 a.m.,martes,AUTOMOVIL,PARTICULAR,Conductor,Masculino,No,N/A,SOLO DAÑOS,Choque,No respetar prelacion,Calle 25  Sur Carrera 43 A,VILLA GRANDE,Urbana,"(6.181560189, -75.582016491)"
2162656,10/04/2016,7:20 a.m.,martes,MOTOCICLETA,PARTICULAR,Motociclista,Masculino,No,N/A,SOLO DAÑOS,Choque,Exceso de velocidad,Calle 25  Sur Carrera 43 A,VILLA GRANDE,Urbana,"(6.181560189, -75.582016491)"
2162656,10/04/2016,7:20 a.m.,martes,MOTOCICLETA,PARTICULAR,Motociclista,Masculino,No,N/A,SOLO DAÑOS,Choque,No respetar prelacion,Calle 25  Sur Carrera 43 A,VILLA GRANDE,Urbana,"(6.181560189, -75.582016491)"
2162656,10/04/2016,7:20 a.m.,martes,AUTOMOVIL,PARTICULAR,Conductor,Masculino,No,N/A,SOLO DAÑOS,Choque,Exceso de velocidad,Calle 25  Sur Carrera 43 A,VILLA GRANDE,Urbana,"(6.181560189, -75.582016491)"
2162652,10/04/2016,9:30 a.m.,martes,CAMIONETA,PARTICULAR,Conductor,Femenino,No,N/A,HERIDO,Atropello,Exceso de velocidad,Calle 49  Sur Carrera 43 A,LAS CASITAS,Urbana,"(6.160925818, -75.599980088)"
2162653,10/04/2016,11:00 a.m.,martes,CAMPERO,DIPLOMATICO,Conductor,Masculino,No,N/A,SOLO DAÑOS,Choque,No mantener distancia de seguridad,Calle 23  Sur Carrera 27,ZU├æIGA,Urbana,"(6.176668041, -75.567525633)"
2162653,10/04/2016,11:00 a.m.,martes,AUTOMOVIL,PARTICULAR,Conductor,Masculino,No,N/A,SOLO DAÑOS,Choque,No mantener distancia de seguridad,Calle 23  Sur Carrera 27,ZU├æIGA,Urbana,"(6.176668041, -75.567525633)"
2162676,10/04/2016,11:30 a.m.,martes,AUTOMOVIL,OFICIAL,Conductor,Masculino,No,N/A,SOLO DAÑOS,Choque,No mantener distancia de seguridad,Calle 39 B Sur Carrera 50,LAS VEGAS,Urbana,
2162676,10/04/2016,11:30 a.m.,martes,MOTOCICLETA,PARTICULAR,Motociclista,Sin registro,No,N/A,SOLO DAÑOS,Choque,No mantener distancia de seguridad,Calle 39 B Sur Carrera 50,LAS VEGAS,Urbana,
2162676,10/04/2016,11:30 a.m.,martes,AUTOMOVIL,PARTICULAR,Conductor,Masculino,No,N/A,SOLO DAÑOS,Choque,No mantener distancia de seguridad,Calle 39 B Sur Carrera 50,LAS VEGAS,Urbana,
2162676,10/04/2016,11:30 a.m.,martes,AUTOMOVIL,PUBLICO,Conductor,Masculino,No,N/A,SOLO DAÑOS,Choque,No mantener distancia de seguridad,Calle 39 B Sur Carrera 50,LAS VEGAS,Urbana,
2162676,10/04/2016,11:30 a.m.,martes,AUTOMOVIL,PARTICULAR,Conductor,Femenino,No,N/A,SOLO DAÑOS,Choque,No mantener distancia de seguridad,Calle 39 B Sur Carrera 50,LAS VEGAS,Urbana,
2162669,10/04/2016,3:30 p.m.,martes,CAMIONETA,PARTICULAR,Conductor,Femenino,No,N/A,SOLO DAÑOS,Choque,Adelantar en zona prohibida,Calle 39  Sur Carrera 28,N/R,Urbana,"(6.160790572, -75.579428456)"
2162669,10/04/2016,3:30 p.m.,martes,MOTOCICLETA,PARTICULAR,Motociclista,Masculino,No,N/A,SOLO DAÑOS,Choque,Adelantar en zona prohibida,Calle 39  Sur Carrera 28,N/R,Urbana,"(6.160790572, -75.579428456)"
2162665,10/04/2016,4:20 p.m.,martes,CAMIONETA,PARTICULAR,Conductor,Masculino,No,N/A,HERIDO,Atropello,Otra,Calle 32 A Sur Carrera 43 A,SAN MARCOS,Urbana,"(6.174867987, -75.58533492)"
2162668,10/04/2016,6:00 p.m.,martes,MICROBUS,PUBLICO,Conductor,Masculino,No,N/A,HERIDO,Atropello,Transitar entre vehiculos,Carrera 43 A Transversal 27 D,SAN MARCOS,Urbana,"(6.179697995, -75.583177217)"
2162668,10/04/2016,6:00 p.m.,martes,MOTOCICLETA,PARTICULAR,Motociclista,Masculino,No,N/A,HERIDO,Atropello,Transitar entre vehiculos,Carrera 43 A Transversal 27 D,SAN MARCOS,Urbana,"(6.179697995, -75.583177217)"
2162663,10/04/2016,6:05 p.m.,martes,AUTOMOVIL,PUBLICO,Conductor,Masculino,No,N/A,SOLO DAÑOS,Choque,Adelantar cerrando,Calle 39  Sur Carrera 31,MESA,Urbana,"(6.164350999, -75.581942513)"
2162663,10/04/2016,6:05 p.m.,martes,BUS,PUBLICO,Conductor,Masculino,No,N/A,SOLO DAÑOS,Choque,Adelantar cerrando,Calle 39  Sur Carrera 31,MESA,Urbana,"(6.164350999, -75.581942513)"
2162678,10/04/2016,6:40 p.m.,martes,MOTOCICLETA,PARTICULAR,Motociclista,Masculino,No,N/A,HERIDO,Choque,Adelantar por la derecha,Calle 19  Sur Carrera 48,LAS VEGAS,Urbana,
2162704,10/06/2016,7:00 a.m.,jueves,AUTOMOVIL,PUBLICO,Conductor,Femenino,No,N/A,SOLO DAÑOS,Choque,Adelantar cerrando,Calle 30  Sur Carrera 43 A,JARDINES,Urbana,"(6.177126039, -75.585250895)"
2162666,10/04/2016,7:10 p.m.,martes,MOTOCICLETA,DIPLOMATICO,Motociclista,Masculino,No,N/A,HERIDO,Choque,Transitar en contravia,Calle 40 DD Sur Carrera 40 AA,EL DORADO,Urbana,"(6.16527158, -75.588878574)"
2162666,10/04/2016,7:10 p.m.,martes,BICICLETA,PARTICULAR,Ciclista,Masculino,No,N/A,HERIDO,Choque,Transitar en contravia,Calle 40 DD Sur Carrera 40 AA,EL DORADO,Urbana,"(6.16527158, -75.588878574)"
2162687,10/04/2016,8:30 p.m.,martes,CAMIONETA,PARTICULAR,Conductor,Masculino,No,N/A,HERIDO,Choque,Transitar entre vehiculos,Calle 43  Sur Carrera 50,LAS VEGAS,Urbana,"(6.159203801, -75.602594962)"
2162687,10/04/2016,8:30 p.m.,martes,MOTOCICLETA,PARTICULAR,Motociclista,Masculino,No,N/A,HERIDO,Choque,Transitar entre vehiculos,Calle 43  Sur Carrera 50,LAS VEGAS,Urbana,"(6.159203801, -75.602594962)"
2162687,10/04/2016,8:30 p.m.,martes,CAMPERO,PARTICULAR,Conductor,Femenino,No,N/A,HERIDO,Choque,Transitar entre vehiculos,Calle 43  Sur Carrera 50,LAS VEGAS,Urbana,"(6.159203801, -75.602594962)"
2162714,10/05/2016,6:25 a.m.,miércoles,MOTOCICLETA,PARTICULAR,Motociclista,Femenino,No,N/A,HERIDO,Choque,Semaforo en rojo,Diagonal 31 Transversal 33 A,LAS FLORES,Urbana,"(6.173761816, -75.578919701)"
2162714,10/05/2016,6:25 a.m.,miércoles,AUTOMOVIL,PUBLICO,Conductor,Sin registro,No,N/A,HERIDO,Choque,Semaforo en rojo,Diagonal 31 Transversal 33 A,LAS FLORES,Urbana,"(6.173761816, -75.578919701)"
2162683,10/05/2016,7:30 a.m.,miércoles,AUTOMOVIL,PUBLICO,Conductor,Femenino,No,N/A,HERIDO,Atropello,Poner en marcha un vehiculo sin precauci,Diagonal 32 Transversal 32  Sur,LA MAGNOLIA,Urbana,"(6.176182339, -75.582665219)"
2162671,10/05/2016,8:00 a.m.,miércoles,CAMPERO,PARTICULAR,Conductor,Femenino,No,N/A,SOLO DAÑOS,Choque,Reverso imprudente,Calle 48 F Sur Carrera 39 E,LOMA DEL BARRO,Urbana,"(6.156024221, -75.598072554)"
2162671,10/05/2016,8:00 a.m.,miércoles,AUTOMOVIL,PARTICULAR,Conductor,Femenino,No,N/A,SOLO DAÑOS,Choque,Reverso imprudente,Calle 48 F Sur Carrera 39 E,LOMA DEL BARRO,Urbana,"(6.156024221, -75.598072554)"
2162670,10/05/2016,9:15 a.m.,miércoles,CAMION,OFICIAL,Conductor,Masculino,No,N/A,SOLO DAÑOS,Choque,Vehiculo mal estacionado,Calle 36 E Sur Carrera 29 A,N/R,Urbana,
2162670,10/05/2016,9:15 a.m.,miércoles,AUTOMOVIL,PARTICULAR,Conductor,Femenino,No,N/A,SOLO DAÑOS,Choque,Vehiculo mal estacionado,Calle 36 E Sur Carrera 29 A,N/R,Urbana,
2162679,10/05/2016,10:40 a.m.,miércoles,AUTOMOVIL,PARTICULAR,Conductor,Masculino,No,N/A,HERIDO,Choque,No respetar prelacion,Tramo 373 Kilometro  14,VEREDA PALMAS,Rural,
2162679,10/05/2016,10:40 a.m.,miércoles,MOTOCICLETA,PARTICULAR,Motociclista,Femenino,No,N/A,HERIDO,Choque,No respetar prelacion,Tramo 373 Kilometro  14,VEREDA PALMAS,Rural,
2162690,10/05/2016,11:00 a.m.,miércoles,CAMION,PARTICULAR,Conductor,Masculino,No,N/A,HERIDO,Atropello,Reverso imprudente,Diagonal 29 Transversal 32 A,ALTO DE MISAEL,Urbana,"(6.175050214, -75.577890939)"
2162684,10/05/2016,11:47 a.m.,miércoles,AUTOMOVIL,PUBLICO,Conductor,Masculino,No,N/A,HERIDO,Choque,Desobedecer senales,Diagonal 32 D Transversal 32,LA MAGNOLIA,Urbana,"(6.175661946, -75.584184038)"
2162684,10/05/2016,11:47 a.m.,miércoles,MOTOCICLETA,PARTICULAR,Motociclista,Femenino,No,N/A,HERIDO,Choque,Desobedecer senales,Diagonal 32 D Transversal 32,LA MAGNOLIA,Urbana,"(6.175661946, -75.584184038)"
2162677,10/05/2016,12:20 p.m.,miércoles,AUTOMOVIL,PARTICULAR,Conductor,Masculino,No,N/A,HERIDO,Choque,Otra,Calle 30  Sur Carrera 48,LAS VEGAS,Urbana,"(6.180376127, -75.590288049)"
2162677,10/05/2016,12:20 p.m.,miércoles,MOTOCICLETA,PARTICULAR,Motociclista,Masculino,No,N/A,HERIDO,Choque,Otra,Calle 30  Sur Carrera 48,LAS VEGAS,Urbana,"(6.180376127, -75.590288049)"
2162677,10/05/2016,12:20 p.m.,miércoles,AUTOMOVIL,PUBLICO,Conductor,Masculino,No,N/A,HERIDO,Choque,Otra,Calle 30  Sur Carrera 48,LAS VEGAS,Urbana,"(6.180376127, -75.590288049)"
2162677,10/05/2016,12:20 p.m.,miércoles,AUTOMOVIL,PUBLICO,Conductor,Femenino,No,N/A,HERIDO,Choque,Otra,Calle 30  Sur Carrera 48,LAS VEGAS,Urbana,"(6.180376127, -75.590288049)"
2162674,10/05/2016,2:25 p.m.,miércoles,BUSETA,PUBLICO,Conductor,Masculino,No,N/A,SOLO DAÑOS,Choque,No respetar prelacion,Diagonal 40 Transversal 33,N/R,Urbana,"(6.173507784, -75.585457506)"
2162674,10/05/2016,2:25 p.m.,miércoles,AUTOMOVIL,PARTICULAR,Conductor,Femenino,No,N/A,SOLO DAÑOS,Choque,No respetar prelacion,Diagonal 40 Transversal 33,N/R,Urbana,"(6.173507784, -75.585457506)"
2162691,10/05/2016,2:30 p.m.,miércoles,CAMIONETA,PARTICULAR,Conductor,Masculino,No,N/A,SOLO DAÑOS,Choque,Impericia en el manejo,Calle 32 B Sur Carrera 49 B,LAS VEGAS,Urbana,"(6.175124981, -75.586515473)"
2162691,10/05/2016,2:30 p.m.,miércoles,CAMIONETA,PARTICULAR,Conductor,Femenino,No,N/A,SOLO DAÑOS,Choque,Impericia en el manejo,Calle 32 B Sur Carrera 49 B,LAS VEGAS,Urbana,"(6.175124981, -75.586515473)"
2162695,10/05/2016,2:30 p.m.,miércoles,AUTOMOVIL,PARTICULAR,Conductor,Masculino,No,N/A,SOLO DAÑOS,Choque,No mantener distancia de seguridad,Calle 36 D Sur Carrera 27,EL ESMERALDAL,Urbana,"(6.162479576, -75.570222573)"
2162695,10/05/2016,2:30 p.m.,miércoles,CAMIONETA,PARTICULAR,Conductor,Masculino,No,N/A,SOLO DAÑOS,Choque,No mantener distancia de seguridad,Calle 36 D Sur Carrera 27,EL ESMERALDAL,Urbana,"(6.162479576, -75.570222573)"
2162704,10/06/2016,7:00 a.m.,jueves,AUTOMOVIL,PARTICULAR,Conductor,Femenino,No,N/A,SOLO DAÑOS,Choque,Adelantar cerrando,Calle 30  Sur Carrera 43 A,JARDINES,Urbana,"(6.177126039, -75.585250895)"
2162700,10/06/2016,9:45 a.m.,jueves,BUS,PUBLICO,Conductor,Masculino,No,N/A,SOLO DAÑOS,Choque,Adelantar cerrando,Calle 39  Sur Carrera 43 A,ZONA CENTRO,Urbana,"(6.169120914, -75.589530358)"
2162700,10/06/2016,9:45 a.m.,jueves,AUTOMOVIL,PARTICULAR,Conductor,Masculino,No,N/A,SOLO DAÑOS,Choque,Adelantar cerrando,Calle 39  Sur Carrera 43 A,ZONA CENTRO,Urbana,"(6.169120914, -75.589530358)"
2162682,10/06/2016,12:40 p.m.,jueves,CAMIONETA,PUBLICO,Conductor,Masculino,No,N/A,HERIDO,Choque,Transitar entre vehiculos,Calle 37  Sur Carrera 38,ZONA CENTRO,Urbana,"(6.168685416, -75.584291241)"
2162682,10/06/2016,12:40 p.m.,jueves,MOTOCICLETA,PARTICULAR,Motociclista,Masculino,No,N/A,HERIDO,Choque,Transitar entre vehiculos,Calle 37  Sur Carrera 38,ZONA CENTRO,Urbana,"(6.168685416, -75.584291241)"
2162682,10/06/2016,12:40 p.m.,jueves,AUTOMOVIL,PARTICULAR,Conductor,Masculino,No,N/A,HERIDO,Choque,Transitar entre vehiculos,Calle 37  Sur Carrera 38,ZONA CENTRO,Urbana,"(6.168685416, -75.584291241)"
2162681,10/06/2016,1:10 p.m.,jueves,AUTOMOVIL,PUBLICO,Conductor,Masculino,No,N/A,SOLO DAÑOS,Choque,No mantener distancia de seguridad,Calle 37  Sur Carrera 50,LAS VEGAS,Urbana,
2162681,10/06/2016,1:10 p.m.,jueves,AUTOMOVIL,PARTICULAR,Conductor,Femenino,No,N/A,SOLO DAÑOS,Choque,No mantener distancia de seguridad,Calle 37  Sur Carrera 50,LAS VEGAS,Urbana,
2162711,10/06/2016,1:50 p.m.,jueves,CAMPERO,PARTICULAR,Conductor,Masculino,No,N/A,SOLO DAÑOS,Choque,No mantener distancia de seguridad,Calle 30  Sur Carrera 50,LAS VEGAS,Urbana,
2162711,10/06/2016,1:50 p.m.,jueves,MOTOCICLETA,PARTICULAR,Motociclista,Masculino,No,N/A,SOLO DAÑOS,Choque,No mantener distancia de seguridad,Calle 30  Sur Carrera 50,LAS VEGAS,Urbana,
2162685,10/06/2016,2:00 p.m.,jueves,CAMIONETA,PARTICULAR,Conductor,Masculino,No,N/A,SOLO DAÑOS,Choque,Impericia en el manejo,Diagonal 32 D Transversal 32 A,LA MAGNOLIA,Urbana,"(6.175128619, -75.583985655)"
2162685,10/06/2016,2:00 p.m.,jueves,AUTOMOVIL,PUBLICO,Conductor,Masculino,No,N/A,SOLO DAÑOS,Choque,Impericia en el manejo,Diagonal 32 D Transversal 32 A,LA MAGNOLIA,Urbana,"(6.175128619, -75.583985655)"
2162706,10/06/2016,3:50 p.m.,jueves,MICROBUS,PUBLICO,Conductor,Masculino,No,N/A,SOLO DAÑOS,Choque,No mantener distancia de seguridad,Calle 50  Sur Carrera 48,LAS VEGAS,Urbana,
2162706,10/06/2016,3:50 p.m.,jueves,CAMION,PUBLICO,Conductor,Masculino,No,N/A,SOLO DAÑOS,Choque,No mantener distancia de seguridad,Calle 50  Sur Carrera 48,LAS VEGAS,Urbana,
2162705,10/06/2016,4:00 p.m.,jueves,AUTOMOVIL,PARTICULAR,Conductor,Femenino,No,N/A,SOLO DAÑOS,Choque,No mantener distancia de seguridad,Calle 36 D Sur Carrera 27 B,VEREDA EL ESCOBERO,Urbana,"(6.162479576, -75.570222573)"
2162705,10/06/2016,4:00 p.m.,jueves,CAMPERO,PARTICULAR,Conductor,Femenino,No,N/A,SOLO DAÑOS,Choque,No mantener distancia de seguridad,Calle 36 D Sur Carrera 27 B,VEREDA EL ESCOBERO,Urbana,"(6.162479576, -75.570222573)"
2162686,10/06/2016,6:35 p.m.,jueves,AUTOMOVIL,DIPLOMATICO,Conductor,Masculino,No,N/A,SOLO DAÑOS,Choque,Impericia en el manejo,Calle 40 F Sur Carrera 29,N/R,Urbana,"(6.160257642, -75.584046412)"
2162686,10/06/2016,6:35 p.m.,jueves,AUTOMOVIL,PARTICULAR,Conductor,Femenino,No,N/A,SOLO DAÑOS,Choque,Impericia en el manejo,Calle 40 F Sur Carrera 29,N/R,Urbana,"(6.160257642, -75.584046412)"
2162712,10/06/2016,7:25 p.m.,jueves,MOTOCICLETA,PARTICULAR,Motociclista,Masculino,No,N/A,HERIDO,Choque,Otra,Calle 37  Sur Carrera 36,ZONA CENTRO,Urbana,"(6.168044613, -75.583236971)"
2162712,10/06/2016,7:25 p.m.,jueves,AUTOMOVIL,PARTICULAR,Conductor,Masculino,No,N/A,HERIDO,Choque,Otra,Calle 37  Sur Carrera 36,ZONA CENTRO,Urbana,"(6.168044613, -75.583236971)"
2162729,10/06/2016,10:00 p.m.,jueves,AUTOMOVIL,PARTICULAR,Conductor,Femenino,No,N/A,SOLO DAÑOS,Choque,Desobedecer senales,Calle 39  Sur Carrera 43,ZONA CENTRO,Urbana,"(6.168678771, -75.58876156)"
2162729,10/06/2016,10:00 p.m.,jueves,AUTOMOVIL,PARTICULAR,Conductor,Masculino,No,N/A,SOLO DAÑOS,Choque,Desobedecer senales,Calle 39  Sur Carrera 43,ZONA CENTRO,Urbana,"(6.168678771, -75.58876156)"
2162721,10/07/2016,4:40 a.m.,viernes,CAMIONETA,PARTICULAR,Conductor,Masculino,No,N/A,HERIDO,Choque,Semaforo en rojo,Calle 25 AA Sur Carrera 48,LAS VEGAS,Urbana,"(6.18405129, -75.584783826)"
2162721,10/07/2016,4:40 a.m.,viernes,MOTOCICLETA,PARTICULAR,Motociclista,Masculino,No,N/A,HERIDO,Choque,Semaforo en rojo,Calle 25 AA Sur Carrera 48,LAS VEGAS,Urbana,"(6.18405129, -75.584783826)"
2162716,10/07/2016,5:50 a.m.,viernes,MOTOCICLETA,PARTICULAR,Motociclista,Masculino,No,N/A,HERIDO,Caida Ocupante,Impericia en el manejo,Transversal 27 A Sur Carrera 43 A,AVENIDA EL POBLADO,Urbana,"(6.157531661, -75.583313155)"
2162703,10/07/2016,6:30 a.m.,viernes,AUTOMOVIL,PARTICULAR,Conductor,Masculino,No,N/A,SOLO DAÑOS,Choque,Transitar entre vehiculos,Calle 39 A Sur Carrera 48,LAS VEGAS,Urbana,"(6.168916704, -75.59147177)"
2162703,10/07/2016,6:30 a.m.,viernes,MOTOCICLETA,PARTICULAR,Motociclista,Masculino,No,N/A,SOLO DAÑOS,Choque,Transitar entre vehiculos,Calle 39 A Sur Carrera 48,LAS VEGAS,Urbana,"(6.168916704, -75.59147177)"
2162718,10/07/2016,9:20 a.m.,viernes,AUTOMOVIL,PUBLICO,Conductor,Masculino,No,N/A,HERIDO,Choque,No respetar prelacion,Calle 39 B Sur Carrera 30,SAN JOSE,Urbana,"(6.16327841, -75.581916425)"
2162718,10/07/2016,9:20 a.m.,viernes,MOTOCICLETA,PARTICULAR,Motociclista,Masculino,No,N/A,HERIDO,Choque,No respetar prelacion,Calle 39 B Sur Carrera 30,SAN JOSE,Urbana,"(6.16327841, -75.581916425)"
2162702,10/07/2016,12:05 p.m.,viernes,MICROBUS,PUBLICO,Conductor,Masculino,No,N/A,SOLO DAÑOS,Choque,Exceso de velocidad,Calle 25  Sur Carrera 25,EL CHOCHO,Urbana,
2162702,10/07/2016,12:05 p.m.,viernes,MOTOCICLETA,PARTICULAR,Motociclista,Masculino,No,N/A,SOLO DAÑOS,Choque,Exceso de velocidad,Calle 25  Sur Carrera 25,EL CHOCHO,Urbana,
2162713,10/07/2016,12:10 p.m.,viernes,Sin registro,PUBLICO,Conductor,Masculino,No,N/A,SOLO DAÑOS,Choque,No mantener distancia de seguridad,Calle 37  Sur Carrera 50,LAS VEGAS,Urbana,
2162713,10/07/2016,12:10 p.m.,viernes,AUTOMOVIL,PARTICULAR,Conductor,Femenino,No,N/A,SOLO DAÑOS,Choque,No mantener distancia de seguridad,Calle 37  Sur Carrera 50,LAS VEGAS,Urbana,
2162698,10/07/2016,2:00 p.m.,viernes,CAMION,PUBLICO,Conductor,Masculino,No,N/A,SOLO DAÑOS,Choque,No mantener distancia de seguridad,Calle 36  Sur Carrera 50,LAS VEGAS,Urbana,
2162698,10/07/2016,2:00 p.m.,viernes,AUTOMOVIL,PARTICULAR,Conductor,Masculino,No,N/A,SOLO DAÑOS,Choque,No mantener distancia de seguridad,Calle 36  Sur Carrera 50,LAS VEGAS,Urbana,
2162727,10/07/2016,2:40 p.m.,viernes,CAMION,PUBLICO,Conductor,Masculino,No,N/A,SOLO DAÑOS,Choque,Otra,Carrera 50 Calle 39 A Sur,LAS VEGAS,Urbana,
2162727,10/07/2016,2:40 p.m.,viernes,AUTOMOVIL,PARTICULAR,Conductor,Masculino,No,N/A,SOLO DAÑOS,Choque,Otra,Carrera 50 Calle 39 A Sur,LAS VEGAS,Urbana,
2162710,10/07/2016,2:50 p.m.,viernes,AUTOMOVIL,PARTICULAR,Conductor,Femenino,No,N/A,SOLO DAÑOS,Choque,No mantener distancia de seguridad,Calle 39 A Sur Carrera 48,ALCALA,Urbana,"(6.168916704, -75.59147177)"
2162710,10/07/2016,2:50 p.m.,viernes,MOTOCICLETA,PARTICULAR,Motociclista,Femenino,No,N/A,SOLO DAÑOS,Choque,No mantener distancia de seguridad,Calle 39 A Sur Carrera 48,ALCALA,Urbana,"(6.168916704, -75.59147177)"
2162737,10/07/2016,3:15 p.m.,viernes,AUTOMOVIL,PARTICULAR,Conductor,Femenino,No,N/A,SOLO DAÑOS,Choque,No respetar prelacion,Calle 37  Sur Carrera 48,LAS VEGAS,Urbana,"(6.17412211, -75.593061115)"
2162737,10/07/2016,3:15 p.m.,viernes,MOTOCICLETA,PARTICULAR,Motociclista,Masculino,No,N/A,SOLO DAÑOS,Choque,Transitar entre vehiculos,Calle 37  Sur Carrera 48,LAS VEGAS,Urbana,"(6.17412211, -75.593061115)"
2162989,10/10/2016,9:00 a.m.,lunes,CAMIONETA,PARTICULAR,Conductor,Femenino,No,N/A,SOLO DAÑOS,Choque,Otra,Calle 25  Sur Carrera 48,LAS VEGAS,Urbana,
2162737,10/07/2016,3:15 p.m.,viernes,MOTOCICLETA,PARTICULAR,Motociclista,Masculino,No,N/A,SOLO DAÑOS,Choque,No respetar prelacion,Calle 37  Sur Carrera 48,LAS VEGAS,Urbana,"(6.17412211, -75.593061115)"
2162737,10/07/2016,3:15 p.m.,viernes,AUTOMOVIL,PARTICULAR,Conductor,Femenino,No,N/A,SOLO DAÑOS,Choque,Transitar entre vehiculos,Calle 37  Sur Carrera 48,LAS VEGAS,Urbana,"(6.17412211, -75.593061115)"