RADICADO,FECHA,HORA,DÍA DE LA SEMANA,CLASE DE VEHICULO,TIPO DE SERVICIO,TIPO DE VICTIMA,SEXO,ESTADO DE BEODEZ,RESULTADO DE BEODEZ,GRAVEDAD,CLASE DE ACCIDENTE,CAUSA,DIRECCIÓN,BARRIO,AREA,Coordenadas
2162950,10/29/2016,1:00 p.m.,sábado,CAMIONETA,PARTICULAR,Conductor,Masculino,No,N/A,SOLO DAÑOS,Choque,No mantener distancia de seguridad,Calle 32 B Sur Carrera 50,LAS VEGAS,Urbana,
2162950,10/29/2016,1:00 p.m.,sábado,AUTOMOVIL,PARTICULAR,Conductor,Masculino,No,N/A,SOLO DAÑOS,Choque,No mantener distancia de seguridad,Calle 32 B Sur Carrera 50,LAS VEGAS,Urbana,
2162950,10/29/2016,1:00 p.m.,sábado,AUTOMOVIL,PARTICULAR,Conductor,Masculino,No,N/A,SOLO DAÑOS,Choque,No mantener distancia de seguridad,Calle 32 B Sur Carrera 50,LAS VEGAS,Urbana,
2162933,10/29/2016,2:00 p.m.,sábado,AUTOMOVIL,PARTICULAR,Conductor,Masculino,No,N/A,SOLO DAÑOS,Choque,No mantener distancia de seguridad,Calle 31  Sur Carrera 48,LAS VEGAS,Urbana,
2162933,10/29/2016,2:00 p.m.,sábado,MOTOCICLETA,PARTICULAR,Motociclista,Masculino,No,N/A,SOLO DAÑOS,Choque,No mantener distancia de seguridad,Calle 31  Sur Carrera 48,LAS VEGAS,Urbana,
2162936,10/29/2016,2:50 p.m.,sábado,AUTOMOVIL,PARTICULAR,Conductor,Femenino,No,N/A,SOLO DAÑOS,Choque,No mantener distancia de seguridad,Calle 25 A Sur Carrera 48,LAS VEGAS,Urbana,"(6.185202689, -75.583587178)"
2162936,10/29/2016,2:50 p.m.,sábado,MOTOCICLETA,PARTICULAR,Motociclista,Masculino,No,N/A,SOLO DAÑOS,Choque,No mantener distancia de seguridad,Calle 25 A Sur Carrera 48,LAS VEGAS,Urbana,"(6.185202689, -75.583587178)"
2162928,10/29/2016,4:00 p.m.,sábado,AUTOMOVIL,PUBLICO,Conductor,Masculino,No,N/A,SOLO DAÑOS,Choque,Desobedecer senales,Calle 30  Sur Carrera 43 A,BUCAREST,Urbana,"(6.177126039, -75.585250895)"
2162928,10/29/2016,4:00 p.m.,sábado,CAMIONETA,PARTICULAR,Conductor,Masculino,No,N/A,SOLO DAÑOS,Choque,Desobedecer senales,Calle 30  Sur Carrera 43 A,BUCAREST,Urbana,"(6.177126039, -75.585250895)"
2162947,10/29/2016,4:00 p.m.,sábado,AUTOMOVIL,PARTICULAR,Conductor,Masculino,No,N/A,SOLO DAÑOS,Choque,No mantener distancia de seguridad,Calle 37  Sur Carrera 50,LAS VEGAS,Urbana,
2162947,10/29/2016,4:00 p.m.,sábado,CAMION,PUBLICO,Conductor,Masculino,No,N/A,SOLO DAÑOS,Choque,No mantener distancia de seguridad,Calle 37  Sur Carrera 50,LAS VEGAS,Urbana,
2162925,10/29/2016,4:40 p.m.,sábado,MOTOCICLETA,PARTICULAR,Motociclista,Masculino,No,N/A,SOLO DAÑOS,Choque,No mantener distancia de seguridad,Transversal 34 DD Sur Diagonal 31,LA SEBASTIANA,Urbana,"(6.171640129, -75.579379099)"
2162925,10/29/2016,4:40 p.m.,sábado,AUTOMOVIL,PARTICULAR,Conductor,Femenino,No,N/A,SOLO DAÑOS,Choque,No mantener distancia de seguridad,Transversal 34 DD Sur Diagonal 31,LA SEBASTIANA,Urbana,"(6.171640129, -75.579379099)"
2162942,10/29/2016,4:40 p.m.,sábado,AUTOMOVIL,PARTICULAR,Conductor,Femenino,No,N/A,SOLO DAÑOS,Choque,Transitar por vias prohibidas,Calle 31  Sur Carrera 45 A,JARDINES,Urbana,"(6.17732964, -75.587025837)"
2162942,10/29/2016,4:40 p.m.,sábado,BICICLETA,PARTICULAR,Ciclista,Masculino,No,N/A,SOLO DAÑOS,Choque,Transitar por vias prohibidas,Calle 31  Sur Carrera 45 A,JARDINES,Urbana,"(6.17732964, -75.587025837)"
2162927,10/29/2016,5:40 p.m.,sábado,AUTOMOVIL,PARTICULAR,Conductor,Femenino,No,N/A,SOLO DAÑOS,Choque,Reverso imprudente,Calle 26  Sur Carrera 23 A,EL CHOCHO,Urbana,"(6.171326598, -75.565057159)"
2162927,10/29/2016,5:40 p.m.,sábado,AUTOMOVIL,PARTICULAR,Conductor,Femenino,No,N/A,SOLO DAÑOS,Choque,Reverso imprudente,Calle 26  Sur Carrera 23 A,EL CHOCHO,Urbana,"(6.171326598, -75.565057159)"
2162920,10/29/2016,6:30 p.m.,sábado,BUS,PUBLICO,Conductor,Masculino,No,N/A,SOLO DAÑOS,Choque,No mantener distancia de seguridad,Calle 38 A Sur Carrera 41,ZONA CENTRO,Urbana,"(6.168560755, -75.587015366)"
2162920,10/29/2016,6:30 p.m.,sábado,AUTOMOVIL,PARTICULAR,Conductor,Masculino,No,N/A,SOLO DAÑOS,Choque,No mantener distancia de seguridad,Calle 38 A Sur Carrera 41,ZONA CENTRO,Urbana,"(6.168560755, -75.587015366)"
2162968,10/29/2016,6:40 p.m.,sábado,AUTOMOVIL,PARTICULAR,Conductor,Femenino,No,N/A,SOLO DAÑOS,Choque,Adelantar cerrando,Calle 37  Sur Carrera 46 A,ALCALA,Urbana,"(6.173105489, -75.591260929)"
2162968,10/29/2016,6:40 p.m.,sábado,CAMION,PUBLICO,Conductor,Masculino,No,N/A,SOLO DAÑOS,Choque,Adelantar cerrando,Calle 37  Sur Carrera 46 A,ALCALA,Urbana,"(6.173105489, -75.591260929)"
2162953,10/29/2016,7:00 p.m.,sábado,MOTOCICLETA,PARTICULAR,Motociclista,Masculino,No,N/A,SOLO DAÑOS,Choque,No mantener distancia de seguridad,Calle 36  Sur Carrera 50,LAS VEGAS,Urbana,
2162953,10/29/2016,7:00 p.m.,sábado,CAMIONETA,PARTICULAR,Conductor,Masculino,No,N/A,SOLO DAÑOS,Choque,No mantener distancia de seguridad,Calle 36  Sur Carrera 50,LAS VEGAS,Urbana,
2162977,10/29/2016,8:30 p.m.,sábado,AUTOMOVIL,DIPLOMATICO,Conductor,Masculino,No,N/A,SOLO DAÑOS,Choque,Vehiculo mal estacionado,Calle 40  Sur Carrera 24 D,N/R,Urbana,"(6.147263187, -75.576335752)"
2162934,10/29/2016,9:40 p.m.,sábado,AUTOMOVIL,PARTICULAR,Conductor,Masculino,No,N/A,SOLO DAÑOS,Choque,No mantener distancia de seguridad,Tramo 372 Kilometro  12,VEREDA PALMAS,Rural,
2162934,10/29/2016,9:40 p.m.,sábado,CAMIONETA,PARTICULAR,Conductor,Masculino,No,N/A,SOLO DAÑOS,Choque,No mantener distancia de seguridad,Tramo 372 Kilometro  12,VEREDA PALMAS,Rural,
2162957,10/29/2016,10:40 p.m.,sábado,AUTOMOVIL,PARTICULAR,Conductor,Masculino,No,N/A,SOLO DAÑOS,Choque,No mantener distancia de seguridad,Tramo 371 Kilometro  12,VEREDA PALMAS,Rural,
2162957,10/29/2016,10:40 p.m.,sábado,CAMPERO,PARTICULAR,Conductor,Masculino,No,N/A,SOLO DAÑOS,Choque,No mantener distancia de seguridad,Tramo 371 Kilometro  12,VEREDA PALMAS,Rural,
2162957,10/29/2016,10:40 p.m.,sábado,CAMPERO,PARTICULAR,Conductor,Masculino,No,N/A,SOLO DAÑOS,Choque,No mantener distancia de seguridad,Tramo 371 Kilometro  12,VEREDA PALMAS,Rural,
2162957,10/29/2016,10:40 p.m.,sábado,AUTOMOVIL,PARTICULAR,Conductor,Masculino,No,N/A,SOLO DAÑOS,Choque,No mantener distancia de seguridad,Tramo 371 Kilometro  12,VEREDA PALMAS,Rural,
2162941,10/30/2016,8:00 a.m.,domingo,AUTOMOVIL,PARTICULAR,Conductor,Masculino,No,N/A,HERIDO,Atropello,No respetar prelacion,Calle 38 A Sur Carrera 43,ZONA CENTRO,Urbana,"(6.169370628, -75.588315099)"
2162943,10/30/2016,2:55 p.m.,domingo,MOTOCICLETA,PARTICULAR,Motociclista,Masculino,Si,1,HERIDO,Choque,Transitar entre vehiculos,Calle 39  Sur Carrera 48,LAS VEGAS,Urbana,"(6.17373153, -75.596883967)"
2162943,10/30/2016,2:55 p.m.,domingo,MOTOCICLETA,PARTICULAR,Motociclista,Masculino,No,N/A,HERIDO,Choque,Transitar entre vehiculos,Calle 39  Sur Carrera 48,LAS VEGAS,Urbana,"(6.17373153, -75.596883967)"
2162939,10/30/2016,4:30 p.m.,domingo,CAMIONETA,PARTICULAR,Conductor,Masculino,Si,3,HERIDO,Volcamiento,Embriaguez o droga,Calle 40  Sur Carrera 24 D,EL SALADO,Urbana,"(6.147263187, -75.576335752)"
2162939,10/30/2016,4:30 p.m.,domingo,CAMIONETA,PARTICULAR,Conductor,Masculino,Si,3,HERIDO,Volcamiento,Exceso de velocidad,Calle 40  Sur Carrera 24 D,EL SALADO,Urbana,"(6.147263187, -75.576335752)"
2162938,10/30/2016,4:40 p.m.,domingo,AUTOMOVIL,PARTICULAR,Conductor,Masculino,No,N/A,HERIDO,Choque,Transitar entre vehiculos,Tramo 372 Kilometro  7,VEREDA PALMAS,Rural,
2162938,10/30/2016,4:40 p.m.,domingo,MOTOCICLETA,PARTICULAR,Motociclista,Masculino,No,N/A,HERIDO,Choque,Transitar entre vehiculos,Tramo 372 Kilometro  7,VEREDA PALMAS,Rural,
2162937,10/30/2016,6:45 p.m.,domingo,CAMIONETA,PARTICULAR,Conductor,Masculino,No,N/A,HERIDO,Choque,Adelantar por la derecha,Tramo 372 Kilometro  11,VEREDA PALMAS,Rural,
2162937,10/30/2016,6:45 p.m.,domingo,MOTOCICLETA,PARTICULAR,Motociclista,Masculino,No,N/A,HERIDO,Choque,Adelantar por la derecha,Tramo 372 Kilometro  11,VEREDA PALMAS,Rural,
2162973,10/30/2016,8:00 p.m.,domingo,AUTOMOVIL,PARTICULAR,Conductor,Femenino,No,N/A,SOLO DAÑOS,Choque,Embriaguez o droga,Calle 48 C Sur Carrera 43 A,LOMA DEL BARRO,Urbana,"(6.162378903, -75.597630589)"
2162973,10/30/2016,8:00 p.m.,domingo,AUTOMOVIL,PARTICULAR,Conductor,Masculino,Si,1,SOLO DAÑOS,Choque,No mantener distancia de seguridad,Calle 48 C Sur Carrera 43 A,LOMA DEL BARRO,Urbana,"(6.162378903, -75.597630589)"
2162973,10/30/2016,8:00 p.m.,domingo,AUTOMOVIL,PARTICULAR,Conductor,Masculino,Si,1,SOLO DAÑOS,Choque,Embriaguez o droga,Calle 48 C Sur Carrera 43 A,LOMA DEL BARRO,Urbana,"(6.162378903, -75.597630589)"
2162973,10/30/2016,8:00 p.m.,domingo,AUTOMOVIL,PARTICULAR,Conductor,Femenino,No,N/A,SOLO DAÑOS,Choque,No mantener distancia de seguridad,Calle 48 C Sur Carrera 43 A,LOMA DEL BARRO,Urbana,"(6.162378903, -75.597630589)"
2162979,10/30/2016,9:10 p.m.,domingo,MICROBUS,PUBLICO,Conductor,Masculino,No,N/A,SOLO DAÑOS,Choque,Otra,Carrera 48 Calle 38  Sur,LAS VEGAS,Urbana,"(6.172747818, -75.592698171)"
2162979,10/30/2016,9:10 p.m.,domingo,AUTOMOVIL,PARTICULAR,Conductor,Masculino,No,N/A,SOLO DAÑOS,Choque,Otra,Carrera 48 Calle 38  Sur,LAS VEGAS,Urbana,"(6.172747818, -75.592698171)"
2162932,10/30/2016,9:30 p.m.,domingo,AUTOMOVIL,PARTICULAR,Conductor,Masculino,No,N/A,SOLO DAÑOS,Choque,Adelantar cerrando,Tramo 371 Kilometro  950,VEREDA PALMAS,Rural,
2162932,10/30/2016,9:30 p.m.,domingo,MOTOCICLETA,PARTICULAR,Motociclista,Masculino,No,N/A,SOLO DAÑOS,Choque,Adelantar cerrando,Tramo 371 Kilometro  950,VEREDA PALMAS,Rural,
2162971,10/31/2016,7:10 a.m.,lunes,MOTOCICLETA,PARTICULAR,Motociclista,Masculino,No,N/A,SOLO DAÑOS,Choque,Otra,Tramo 377 Kilometro  500,VEREDA PALMAS,Rural,
2162971,10/31/2016,7:10 a.m.,lunes,BUS,PUBLICO,Conductor,Masculino,No,N/A,SOLO DAÑOS,Choque,Otra,Tramo 377 Kilometro  500,VEREDA PALMAS,Rural,
2162958,10/31/2016,8:45 a.m.,lunes,MOTOCICLETA,PARTICULAR,Motociclista,Masculino,No,N/A,SOLO DAÑOS,Choque,No respetar prelacion,Calle 33 B Sur Carrera 45,JARDINES,Urbana,"(6.174167802, -75.587992107)"
2162958,10/31/2016,8:45 a.m.,lunes,AUTOMOVIL,PARTICULAR,Conductor,Masculino,No,N/A,SOLO DAÑOS,Choque,No respetar prelacion,Calle 33 B Sur Carrera 45,JARDINES,Urbana,"(6.174167802, -75.587992107)"
2162962,10/31/2016,12:30 p.m.,lunes,CAMION,PUBLICO,Conductor,Masculino,No,N/A,SOLO DAÑOS,Choque,Adelantar cerrando,Calle 37  Sur Carrera 50,LAS VEGAS,Urbana,
2162962,10/31/2016,12:30 p.m.,lunes,TRACTOCAMION,PUBLICO,Conductor,Masculino,No,N/A,SOLO DAÑOS,Choque,Adelantar cerrando,Calle 37  Sur Carrera 50,LAS VEGAS,Urbana,
2162987,10/31/2016,1:40 p.m.,lunes,AUTOMOVIL,PARTICULAR,Conductor,Masculino,No,N/A,HERIDO,Choque,Impericia en el manejo,Diagonal 31 Transversal 33 A,LA SEBASTIANA,Urbana,"(6.173761816, -75.578919701)"
2162974,10/31/2016,3:00 p.m.,lunes,AUTOMOVIL,PARTICULAR,Conductor,Femenino,No,N/A,HERIDO,Choque,Desobedecer senales,Calle 42 D Sur Carrera 42 D,LA PAZ,Urbana,"(6.159992907, -75.597954474)"
2162974,10/31/2016,3:00 p.m.,lunes,MOTOCICLETA,PARTICULAR,Motociclista,Masculino,No,N/A,HERIDO,Choque,Desobedecer senales,Calle 42 D Sur Carrera 42 D,LA PAZ,Urbana,"(6.159992907, -75.597954474)"
2162992,10/31/2016,3:20 p.m.,lunes,BUSETA,PUBLICO,Conductor,Masculino,No,N/A,SOLO DAÑOS,Choque,No respetar prelacion,Calle 46 D Sur Carrera 42 D,LA PAZ,Urbana,"(6.161005965, -75.595094671)"
2162992,10/31/2016,3:20 p.m.,lunes,AUTOMOVIL,PARTICULAR,Conductor,Masculino,No,N/A,SOLO DAÑOS,Choque,No respetar prelacion,Calle 46 D Sur Carrera 42 D,LA PAZ,Urbana,"(6.161005965, -75.595094671)"
2162948,10/31/2016,3:30 p.m.,lunes,MOTOCICLETA,PARTICULAR,Motociclista,Femenino,No,N/A,HERIDO,Choque,Otra,Calle 48 C Sur Carrera 46,LAS VEGAS,Urbana,"(6.162854875, -75.599744367)"
2162948,10/31/2016,3:30 p.m.,lunes,MOTOCICLETA,PARTICULAR,Motociclista,Masculino,No,N/A,HERIDO,Choque,Otra,Calle 48 C Sur Carrera 46,LAS VEGAS,Urbana,"(6.162854875, -75.599744367)"
2162964,10/31/2016,4:10 p.m.,lunes,AUTOMOVIL,PUBLICO,Conductor,Masculino,No,N/A,SOLO DAÑOS,Choque,No mantener distancia de seguridad,Calle 37  Sur Carrera 48,LAS VEGAS,Urbana,"(6.17412211, -75.593061115)"
2162964,10/31/2016,4:10 p.m.,lunes,CAMIONETA,PARTICULAR,Conductor,Masculino,No,N/A,SOLO DAÑOS,Choque,No mantener distancia de seguridad,Calle 37  Sur Carrera 48,LAS VEGAS,Urbana,"(6.17412211, -75.593061115)"
2162991,10/31/2016,4:20 p.m.,lunes,CAMPERO,DIPLOMATICO,Conductor,Femenino,No,N/A,SOLO DAÑOS,Choque,Adelantar cerrando,Calle 24  Sur Carrera 48,LAS VEGAS,Urbana,
2162991,10/31/2016,4:20 p.m.,lunes,AUTOMOVIL,DIPLOMATICO,Conductor,Masculino,No,N/A,SOLO DAÑOS,Choque,Adelantar cerrando,Calle 24  Sur Carrera 48,LAS VEGAS,Urbana,
2162952,10/31/2016,6:15 p.m.,lunes,AUTOMOVIL,PARTICULAR,Conductor,Masculino,No,N/A,HERIDO,Choque,Desobedecer senales,Calle 30  Sur Carrera 46 A,JARDINES,Urbana,"(6.179166125, -75.587495869)"
2162952,10/31/2016,6:15 p.m.,lunes,MOTOCICLETA,PARTICULAR,Motociclista,Masculino,No,N/A,HERIDO,Choque,Desobedecer senales,Calle 30  Sur Carrera 46 A,JARDINES,Urbana,"(6.179166125, -75.587495869)"
2162993,10/31/2016,6:15 p.m.,lunes,AUTOMOVIL,PUBLICO,Conductor,Masculino,No,N/A,SOLO DAÑOS,Choque,Desobedecer senales,Calle 47  Sur Carrera 40,EL TRIANON,Urbana,"(6.15929595, -75.593774797)"
2162993,10/31/2016,6:15 p.m.,lunes,BUS,PUBLICO,Conductor,Masculino,No,N/A,SOLO DAÑOS,Choque,Adelantar cerrando,Calle 47  Sur Carrera 40,EL TRIANON,Urbana,"(6.15929595, -75.593774797)"
2162993,10/31/2016,6:15 p.m.,lunes,BUS,PUBLICO,Conductor,Masculino,No,N/A,SOLO DAÑOS,Choque,Desobedecer senales,Calle 47  Sur Carrera 40,EL TRIANON,Urbana,"(6.15929595, -75.593774797)"
2162993,10/31/2016,6:15 p.m.,lunes,AUTOMOVIL,PUBLICO,Conductor,Masculino,No,N/A,SOLO DAÑOS,Choque,Adelantar cerrando,Calle 47  Sur Carrera 40,EL TRIANON,Urbana,"(6.15929595, -75.593774797)"
2162975,10/31/2016,7:00 p.m.,lunes,AUTOMOVIL,PARTICULAR,Conductor,Masculino,No,N/A,SOLO DAÑOS,Choque,Desobedecer senales,Calle 40  Sur Carrera 29 A,SAN JOSE,Urbana,"(6.162116724, -75.582120043)"
2162975,10/31/2016,7:00 p.m.,lunes,AUTOMOVIL,PUBLICO,Conductor,Masculino,No,N/A,SOLO DAÑOS,Choque,Desobedecer senales,Calle 40  Sur Carrera 29 A,SAN JOSE,Urbana,"(6.162116724, -75.582120043)"
2162960,10/31/2016,7:30 p.m.,lunes,AUTOMOVIL,PARTICULAR,Conductor,Femenino,No,N/A,SOLO DAÑOS,Choque,Poner en marcha un vehiculo sin precauci,Calle 39  Sur Carrera 40,ZONA CENTRO,Urbana,"(6.167409609, -75.586720978)"
2162960,10/31/2016,7:30 p.m.,lunes,AUTOMOVIL,PUBLICO,Conductor,Masculino,No,N/A,SOLO DAÑOS,Choque,Poner en marcha un vehiculo sin precauci,Calle 39  Sur Carrera 40,ZONA CENTRO,Urbana,"(6.167409609, -75.586720978)"
2162995,10/31/2016,7:40 p.m.,lunes,MOTOCICLETA,DIPLOMATICO,Motociclista,Masculino,No,N/A,SOLO DAÑOS,Choque,No mantener distancia de seguridad,Calle 45 B Sur Carrera 38,LAS ANTILLAS,Urbana,"(6.156508956, -75.589876613)"
2162995,10/31/2016,7:40 p.m.,lunes,AUTOMOVIL,PARTICULAR,Conductor,Femenino,No,N/A,SOLO DAÑOS,Choque,No mantener distancia de seguridad,Calle 45 B Sur Carrera 38,LAS ANTILLAS,Urbana,"(6.156508956, -75.589876613)"
2162955,10/31/2016,8:00 p.m.,lunes,BUSETA,PUBLICO,Conductor,Masculino,No,N/A,HERIDO,Choque,Transitar con las puertas abiertas,Calle 48 C Sur Carrera 42,LOMA DEL BARRO,Urbana,"(6.159138282, -75.596259706)"
2162955,10/31/2016,8:00 p.m.,lunes,AUTOMOVIL,PARTICULAR,Conductor,Masculino,No,N/A,HERIDO,Choque,Transitar con las puertas abiertas,Calle 48 C Sur Carrera 42,LOMA DEL BARRO,Urbana,"(6.159138282, -75.596259706)"
2162988,10/31/2016,8:55 p.m.,lunes,CAMIONETA,PARTICULAR,Conductor,Femenino,No,N/A,SOLO DAÑOS,Choque,Adelantar cerrando,Carrera 43 A Calle 38  Sur,ZONA CENTRO,Urbana,"(6.170421178, -75.588598773)"
2162988,10/31/2016,8:55 p.m.,lunes,CAMIONETA,PARTICULAR,Conductor,Masculino,No,N/A,SOLO DAÑOS,Choque,Adelantar cerrando,Carrera 43 A Calle 38  Sur,ZONA CENTRO,Urbana,"(6.170421178, -75.588598773)"
2162954,10/31/2016,9:20 p.m.,lunes,MOTOCICLETA,PARTICULAR,Motociclista,Masculino,No,N/A,HERIDO,Atropello,Cruzar sin observar,Diagonal 32 D Transversal 33,LA MAGNOLIA,Urbana,"(6.174101275, -75.583606066)"
2162966,10/31/2016,9:20 p.m.,lunes,BUS,PUBLICO,Conductor,Masculino,No,N/A,SOLO DAÑOS,Choque,Impericia en el manejo,Calle 35  Sur Carrera 43 A,LAS VEGAS,Urbana,"(6.17249645, -75.587328326)"
2162966,10/31/2016,9:20 p.m.,lunes,AUTOMOVIL,PUBLICO,Conductor,Masculino,No,N/A,SOLO DAÑOS,Choque,Girar bruscamente,Calle 35  Sur Carrera 43 A,LAS VEGAS,Urbana,"(6.17249645, -75.587328326)"
2162966,10/31/2016,9:20 p.m.,lunes,AUTOMOVIL,PUBLICO,Conductor,Masculino,No,N/A,SOLO DAÑOS,Choque,Impericia en el manejo,Calle 35  Sur Carrera 43 A,LAS VEGAS,Urbana,"(6.17249645, -75.587328326)"
2162966,10/31/2016,9:20 p.m.,lunes,BUS,PUBLICO,Conductor,Masculino,No,N/A,SOLO DAÑOS,Choque,Girar bruscamente,Calle 35  Sur Carrera 43 A,LAS VEGAS,Urbana,"(6.17249645, -75.587328326)"
2162963,11/01/2016,11:10 a.m.,martes,MOTOCICLETA,PARTICULAR,Motociclista,Masculino,No,N/A,SOLO DAÑOS,Choque,Adelantar por la derecha,Calle 40  Sur Carrera 46 A,ALCALA,Urbana,"(6.169204277, -75.594295389)"
2162963,11/01/2016,11:10 a.m.,martes,AUTOMOVIL,PARTICULAR,Conductor,Masculino,No,N/A,SOLO DAÑOS,Choque,Adelantar por la derecha,Calle 40  Sur Carrera 46 A,ALCALA,Urbana,"(6.169204277, -75.594295389)"
2163001,11/01/2016,12:40 p.m.,martes,AUTOMOVIL,PUBLICO,Conductor,Masculino,No,N/A,SOLO DAÑOS,Choque,Otra,Calle 25  Sur Carrera 41 B,N/R,Urbana,"(6.179149922, -75.578345053)"
2163001,11/01/2016,12:40 p.m.,martes,AUTOMOVIL,PARTICULAR,Conductor,Femenino,No,N/A,SOLO DAÑOS,Choque,Otra,Calle 25  Sur Carrera 41 B,N/R,Urbana,"(6.179149922, -75.578345053)"
2162990,11/01/2016,1:30 p.m.,martes,CAMION,PUBLICO,Conductor,Masculino,No,N/A,SOLO DAÑOS,Choque,Desobedecer senales,Calle 39  Sur Carrera 32,MESA,Urbana,"(6.164669196, -75.582458648)"
2162990,11/01/2016,1:30 p.m.,martes,BUS,PUBLICO,Conductor,Masculino,No,N/A,SOLO DAÑOS,Choque,Adelantar cerrando,Calle 39  Sur Carrera 32,MESA,Urbana,"(6.164669196, -75.582458648)"
2162990,11/01/2016,1:30 p.m.,martes,BUS,PUBLICO,Conductor,Masculino,No,N/A,SOLO DAÑOS,Choque,Desobedecer senales,Calle 39  Sur Carrera 32,MESA,Urbana,"(6.164669196, -75.582458648)"
2162990,11/01/2016,1:30 p.m.,martes,CAMION,PUBLICO,Conductor,Masculino,No,N/A,SOLO DAÑOS,Choque,Adelantar cerrando,Calle 39  Sur Carrera 32,MESA,Urbana,"(6.164669196, -75.582458648)"
2162999,11/01/2016,1:30 p.m.,martes,BUS,PUBLICO,Conductor,Masculino,No,N/A,SOLO DAÑOS,Choque,Poner en marcha un vehiculo sin precauci,Calle 39  Sur Carrera 49,N/R,Urbana,
2162999,11/01/2016,1:30 p.m.,martes,CAMIONETA,PARTICULAR,Conductor,Femenino,No,N/A,SOLO DAÑOS,Choque,Poner en marcha un vehiculo sin precauci,Calle 39  Sur Carrera 49,N/R,Urbana,
2162970,11/01/2016,2:30 p.m.,martes,MOTOCICLETA,PARTICULAR,Motociclista,Masculino,No,N/A,HERIDO,Atropello,Cruzar sin observar,Calle 49  Sur Carrera 48,LAS CASITAS,Urbana,"(6.163238618, -75.602507178)"
2162970,11/01/2016,2:30 p.m.,martes,MOTOCICLETA,PARTICULAR,Motociclista,Masculino,No,N/A,HERIDO,Atropello,Impericia en el manejo,Calle 49  Sur Carrera 48,LAS CASITAS,Urbana,"(6.163238618, -75.602507178)"
2162978,11/01/2016,5:30 p.m.,martes,MOTOCICLETA,PARTICULAR,Motociclista,Masculino,No,N/A,HERIDO,Choque,Otra,Calle 36  Sur Carrera 50,LAS VEGAS,Urbana,
2162978,11/01/2016,5:30 p.m.,martes,MOTOCICLETA,PARTICULAR,Motociclista,Masculino,No,N/A,HERIDO,Choque,Otra,Calle 36  Sur Carrera 50,LAS VEGAS,Urbana,
2162984,11/01/2016,6:15 p.m.,martes,CAMIONETA,PARTICULAR,Conductor,Masculino,No,N/A,HERIDO,Choque,Otra,Calle 36  Sur Carrera 50,LAS VEGAS,Urbana,
2162984,11/01/2016,6:15 p.m.,martes,MOTOCICLETA,PARTICULAR,Motociclista,Masculino,No,N/A,HERIDO,Choque,Otra,Calle 36  Sur Carrera 50,LAS VEGAS,Urbana,
2162969,11/01/2016,7:20 p.m.,martes,CAMPERO,PARTICULAR,Conductor,Femenino,No,N/A,HERIDO,Atropello,Otra,Diagonal 31 Transversal 36 A,URIBE ANGEL,Urbana,"(6.167967817, -75.580281768)"
2162972,11/01/2016,8:30 p.m.,martes,CAMION,PUBLICO,Conductor,Masculino,No,N/A,SOLO DAÑOS,Choque,Impericia en el manejo,Calle 34  Sur Carrera 47,LAS VEGAS,Urbana,"(6.175152875, -75.590256231)"
2162972,11/01/2016,8:30 p.m.,martes,AUTOMOVIL,PARTICULAR,Conductor,Femenino,No,N/A,SOLO DAÑOS,Choque,Impericia en el manejo,Calle 34  Sur Carrera 47,LAS VEGAS,Urbana,"(6.175152875, -75.590256231)"
2163000,11/01/2016,10:00 p.m.,martes,BUS,PUBLICO,Conductor,Femenino,No,N/A,SOLO DAÑOS,Choque,Desobedecer senales,Diagonal 31 E Transversal 32 A,N/R,Urbana,"(6.174681134, -75.578471041)"
2163000,11/01/2016,10:00 p.m.,martes,AUTOMOVIL,PARTICULAR,Conductor,Femenino,No,N/A,SOLO DAÑOS,Choque,Desobedecer senales,Diagonal 31 E Transversal 32 A,N/R,Urbana,"(6.174681134, -75.578471041)"
2163382,11/02/2016,5:30 a.m.,miércoles,AUTOMOVIL,PARTICULAR,Conductor,Femenino,No,N/A,SOLO DAÑOS,Choque,Otra,Calle 38  Sur Carrera 50,LAS VEGAS,Urbana,
2163382,11/02/2016,5:30 a.m.,miércoles,MOTOCICLETA,PARTICULAR,Motociclista,Masculino,No,N/A,SOLO DAÑOS,Choque,Otra,Calle 38  Sur Carrera 50,LAS VEGAS,Urbana,
2162976,11/02/2016,9:50 a.m.,miércoles,AUTOMOVIL,PARTICULAR,Conductor,Femenino,No,N/A,SOLO DAÑOS,Choque,No mantener distancia de seguridad,Calle 46  Sur Carrera 48,LAS VEGAS,Urbana,"(6.162824447, -75.599686607)"
2162976,11/02/2016,9:50 a.m.,miércoles,AUTOMOVIL,PARTICULAR,Conductor,Masculino,No,N/A,SOLO DAÑOS,Choque,No mantener distancia de seguridad,Calle 46  Sur Carrera 48,LAS VEGAS,Urbana,"(6.162824447, -75.599686607)"
2162982,11/02/2016,10:30 a.m.,miércoles,AUTOMOVIL,PARTICULAR,Conductor,Femenino,No,N/A,SOLO DAÑOS,Choque,Adelantar por la derecha,Carrera 43 A Calle 49  Sur,LAS CASITAS,Urbana,"(6.160914202, -75.600022989)"
2162982,11/02/2016,10:30 a.m.,miércoles,MOTOCICLETA,PARTICULAR,Motociclista,Masculino,No,N/A,SOLO DAÑOS,Choque,Adelantar por la derecha,Carrera 43 A Calle 49  Sur,LAS CASITAS,Urbana,"(6.160914202, -75.600022989)"
2162986,11/02/2016,1:30 p.m.,miércoles,BUSETA,PUBLICO,Conductor,Masculino,No,N/A,SOLO DAÑOS,Choque,Adelantar cerrando,Carrera 43 A Calle 39  Sur,ALCALA,Urbana,"(6.169011071, -75.589484903)"