RADICADO,FECHA,HORA,DÍA DE LA SEMANA,CLASE DE VEHICULO,TIPO DE SERVICIO,TIPO DE VICTIMA,SEXO,ESTADO DE BEODEZ,RESULTADO DE BEODEZ,GRAVEDAD,CLASE DE ACCIDENTE,CAUSA,DIRECCIÓN,BARRIO,AREA,Coordenadas
2163249,11/23/2016,5:00 p.m.,miércoles,MOTOCICLETA,PARTICULAR,Motociclista,Masculino,No,N/A,SOLO DAÑOS,Choque,Impericia en el manejo,Carrera 43 A Calle 40  Sur,AVENIDA EL POBLADO,Urbana,"(6.168044687, -75.59026877)"
2163257,11/23/2016,5:40 p.m.,miércoles,CAMION,PUBLICO,Conductor,Masculino,No,N/A,MUERTO,Choque,Adelantar cerrando,Carrera 43 A Calle 45 B Sur,LA PAZ,Urbana,"(6.164786739, -75.594935267)"
2163257,11/23/2016,5:40 p.m.,miércoles,MOTOCICLETA,PARTICULAR,Motociclista,Masculino,No,N/A,MUERTO,Choque,Adelantar cerrando,Carrera 43 A Calle 45 B Sur,LA PAZ,Urbana,"(6.164786739, -75.594935267)"
2163256,11/23/2016,7:30 p.m.,miércoles,BUS,PUBLICO,Conductor,Masculino,No,N/A,SOLO DAÑOS,Choque,No mantener distancia de seguridad,Calle 50  Sur Carrera 48,LAS VEGAS,Urbana,
2163256,11/23/2016,7:30 p.m.,miércoles,BUS,PUBLICO,Conductor,Sin registro,No,N/A,SOLO DAÑOS,Choque,No mantener distancia de seguridad,Calle 50  Sur Carrera 48,LAS VEGAS,Urbana,
2163276,11/24/2016,6:15 a.m.,jueves,AUTOMOVIL,PARTICULAR,Conductor,Femenino,No,N/A,SOLO DAÑOS,Choque,Desobedecer senales,Calle 39  Sur Carrera 37,MESA,Urbana,"(6.166324664, -75.585039754)"
2163276,11/24/2016,6:15 a.m.,jueves,AUTOMOVIL,PARTICULAR,Conductor,Masculino,No,N/A,SOLO DAÑOS,Choque,Desobedecer senales,Calle 39  Sur Carrera 37,MESA,Urbana,"(6.166324664, -75.585039754)"
2163287,11/24/2016,7:05 a.m.,jueves,AUTOMOVIL,PUBLICO,Conductor,Masculino,No,N/A,HERIDO,Choque,No respetar prelacion,Calle 38 A Sur Carrera 36,MESA,Urbana,"(6.166666222, -75.584118268)"
2163287,11/24/2016,7:05 a.m.,jueves,MOTOCICLETA,PARTICULAR,Motociclista,Femenino,No,N/A,HERIDO,Choque,No respetar prelacion,Calle 38 A Sur Carrera 36,MESA,Urbana,"(6.166666222, -75.584118268)"
2163255,11/24/2016,8:55 a.m.,jueves,AUTOMOVIL,PARTICULAR,Conductor,Masculino,No,N/A,SOLO DAÑOS,Choque,Otra,Calle 38 A Sur Carrera 36,MESA,Urbana,"(6.166666222, -75.584118268)"
2163255,11/24/2016,8:55 a.m.,jueves,CAMPERO,PARTICULAR,Conductor,Masculino,No,N/A,SOLO DAÑOS,Choque,Otra,Calle 38 A Sur Carrera 36,MESA,Urbana,"(6.166666222, -75.584118268)"
2163259,11/24/2016,9:30 a.m.,jueves,MOTOCICLETA,PARTICULAR,Motociclista,Masculino,No,N/A,HERIDO,Choque,Exceso de velocidad,Tramo 372 Kilometro  15,VEREDA PALMAS,Rural,
2163259,11/24/2016,9:30 a.m.,jueves,MOTOCICLETA,PARTICULAR,Motociclista,Masculino,No,N/A,HERIDO,Choque,Exceso de velocidad,Tramo 372 Kilometro  15,VEREDA PALMAS,Rural,
2163259,11/24/2016,9:30 a.m.,jueves,AUTOMOVIL,PARTICULAR,Conductor,Masculino,No,N/A,HERIDO,Choque,Exceso de velocidad,Tramo 372 Kilometro  15,VEREDA PALMAS,Rural,
2163253,11/24/2016,11:50 a.m.,jueves,AUTOMOVIL,PUBLICO,Conductor,Masculino,No,N/A,SOLO DAÑOS,Choque,Otra,Carrera 50 Calle 30  Sur,LAS VEGAS,Urbana,
2163253,11/24/2016,11:50 a.m.,jueves,MOTOCICLETA,PARTICULAR,Motociclista,Masculino,No,N/A,SOLO DAÑOS,Choque,Otra,Carrera 50 Calle 30  Sur,LAS VEGAS,Urbana,
2163277,11/24/2016,12:00 p.m.,jueves,CAMION,PUBLICO,Conductor,Masculino,No,N/A,SOLO DAÑOS,Choque,No mantener distancia de seguridad,Calle 36 D Sur Carrera 27 D,VEREDA EL ESCOBERO,Urbana,"(6.164970853, -75.574637268)"
2163277,11/24/2016,12:00 p.m.,jueves,MOTOCICLETA,PARTICULAR,Motociclista,Masculino,No,N/A,SOLO DAÑOS,Choque,No mantener distancia de seguridad,Calle 36 D Sur Carrera 27 D,VEREDA EL ESCOBERO,Urbana,"(6.164970853, -75.574637268)"
2163264,11/24/2016,4:30 p.m.,jueves,AUTOMOVIL,PARTICULAR,Conductor,Femenino,No,N/A,SOLO DAÑOS,Choque,Desobedecer senales,Calle 30  Sur Carrera 43 A,LAS VEGAS,Urbana,"(6.177126039, -75.585250895)"
2163264,11/24/2016,4:30 p.m.,jueves,MOTOCICLETA,PARTICULAR,Motociclista,Masculino,No,N/A,SOLO DAÑOS,Choque,Desobedecer senales,Calle 30  Sur Carrera 43 A,LAS VEGAS,Urbana,"(6.177126039, -75.585250895)"
2163262,11/24/2016,5:00 p.m.,jueves,MOTOCICLETA,PARTICULAR,Motociclista,Masculino,No,N/A,SOLO DAÑOS,Choque,Transitar entre vehiculos,Calle 48 C Sur Carrera 48,LAS VEGAS,Urbana,"(6.159138282, -75.596259706)"
2163262,11/24/2016,5:00 p.m.,jueves,AUTOMOVIL,PARTICULAR,Conductor,Masculino,No,N/A,SOLO DAÑOS,Choque,Transitar entre vehiculos,Calle 48 C Sur Carrera 48,LAS VEGAS,Urbana,"(6.159138282, -75.596259706)"
2163292,11/24/2016,7:30 p.m.,jueves,AUTOMOVIL,PARTICULAR,Conductor,Masculino,No,N/A,SOLO DAÑOS,Choque,Transitar entre vehiculos,Carrera 50 Calle 39  Sur,LAS VEGAS,Urbana,
2163292,11/24/2016,7:30 p.m.,jueves,MOTOCICLETA,PARTICULAR,Motociclista,Sin registro,No,N/A,SOLO DAÑOS,Choque,Transitar entre vehiculos,Carrera 50 Calle 39  Sur,LAS VEGAS,Urbana,
2163263,11/24/2016,8:10 p.m.,jueves,BUS,PUBLICO,Conductor,Masculino,No,N/A,SOLO DAÑOS,Choque,No mantener distancia de seguridad,Calle 25 A Sur Carrera 43 A,LAS VEGAS,Urbana,"(6.181689385, -75.582417986)"
2163263,11/24/2016,8:10 p.m.,jueves,AUTOMOVIL,PARTICULAR,Conductor,Femenino,No,N/A,SOLO DAÑOS,Choque,No mantener distancia de seguridad,Calle 25 A Sur Carrera 43 A,LAS VEGAS,Urbana,"(6.181689385, -75.582417986)"
2163260,11/24/2016,9:20 p.m.,jueves,AUTOMOVIL,PARTICULAR,Conductor,Masculino,No,N/A,HERIDO,Choque,No mantener distancia de seguridad,Calle 35  Sur Carrera 27 G,LA SEBASTIANA,Urbana,"(6.169124713, -75.577319237)"
2163260,11/24/2016,9:20 p.m.,jueves,BICICLETA,PARTICULAR,Ciclista,Masculino,No,N/A,HERIDO,Choque,No mantener distancia de seguridad,Calle 35  Sur Carrera 27 G,LA SEBASTIANA,Urbana,"(6.169124713, -75.577319237)"
2163285,11/25/2016,6:30 a.m.,viernes,BUS,PUBLICO,Conductor,Masculino,No,N/A,HERIDO,Choque,Otra,Calle 33 B Sur Carrera 45,SAN MARCOS,Urbana,"(6.174167802, -75.587992107)"
2163285,11/25/2016,6:30 a.m.,viernes,AUTOMOVIL,PARTICULAR,Conductor,Femenino,No,N/A,HERIDO,Choque,Otra,Calle 33 B Sur Carrera 45,SAN MARCOS,Urbana,"(6.174167802, -75.587992107)"
2163281,11/25/2016,10:15 a.m.,viernes,AUTOMOVIL,PARTICULAR,Conductor,Femenino,No,N/A,SOLO DAÑOS,Choque,No mantener distancia de seguridad,Carrera 48 Calle 32 B Sur,LAS VEGAS,Urbana,"(6.176994311, -75.589841192)"
2163281,11/25/2016,10:15 a.m.,viernes,AUTOMOVIL,PARTICULAR,Conductor,Masculino,No,N/A,SOLO DAÑOS,Choque,No mantener distancia de seguridad,Carrera 48 Calle 32 B Sur,LAS VEGAS,Urbana,"(6.176994311, -75.589841192)"
2163315,11/25/2016,10:40 a.m.,viernes,CAMIONETA,OFICIAL,Conductor,Masculino,No,N/A,SOLO DAÑOS,Choque,Girar bruscamente,Calle 46  Sur Carrera 44,PRIMAVERA,Urbana,"(6.164371719, -75.596317156)"
2163315,11/25/2016,10:40 a.m.,viernes,AUTOMOVIL,PARTICULAR,Conductor,Femenino,No,N/A,SOLO DAÑOS,Choque,Girar bruscamente,Calle 46  Sur Carrera 44,PRIMAVERA,Urbana,"(6.164371719, -75.596317156)"
2163271,11/25/2016,11:00 a.m.,viernes,AUTOMOVIL,PARTICULAR,Conductor,Femenino,No,N/A,SOLO DAÑOS,Choque,No mantener distancia de seguridad,Carrera 50 Calle 47  Sur,LAS VEGAS,Urbana,
2163271,11/25/2016,11:00 a.m.,viernes,CAMION,PUBLICO,Conductor,Masculino,No,N/A,SOLO DAÑOS,Choque,No mantener distancia de seguridad,Carrera 50 Calle 47  Sur,LAS VEGAS,Urbana,
2163282,11/25/2016,11:45 a.m.,viernes,AUTOMOVIL,PARTICULAR,Conductor,Masculino,No,N/A,SOLO DAÑOS,Choque,Reverso imprudente,Carrera 48 Calle 35  Sur,GLORIETA DE PELDAR,Urbana,"(6.174910353, -75.591144032)"
2163282,11/25/2016,11:45 a.m.,viernes,AUTOMOVIL,PARTICULAR,Conductor,Masculino,No,N/A,SOLO DAÑOS,Choque,Reverso imprudente,Carrera 48 Calle 35  Sur,GLORIETA DE PELDAR,Urbana,"(6.174910353, -75.591144032)"
2163310,11/25/2016,1:00 p.m.,viernes,AUTOMOVIL,PARTICULAR,Conductor,Masculino,No,N/A,SOLO DAÑOS,Choque,No mantener distancia de seguridad,Tramo 372 Kilometro  14,VEREDA PALMAS,Rural,
2163310,11/25/2016,1:00 p.m.,viernes,CAMIONETA,PARTICULAR,Conductor,Masculino,No,N/A,SOLO DAÑOS,Choque,No mantener distancia de seguridad,Tramo 372 Kilometro  14,VEREDA PALMAS,Rural,
2163288,11/25/2016,1:40 p.m.,viernes,MICROBUS,PUBLICO,Conductor,Masculino,No,N/A,HERIDO,Caida Ocupante,Transitar con las puertas abiertas,Calle 38 A Sur Carrera 41,ZONA CENTRO,Urbana,"(6.168560755, -75.587015366)"
2163312,11/25/2016,1:40 p.m.,viernes,CAMPERO,PARTICULAR,Conductor,Masculino,No,N/A,SOLO DAÑOS,Choque,Exceso de velocidad,Tramo 371 Kilometro  9,VEREDA PALMAS,Rural,
2163312,11/25/2016,1:40 p.m.,viernes,AUTOMOVIL,PARTICULAR,Conductor,Femenino,No,N/A,SOLO DAÑOS,Choque,Exceso de velocidad,Tramo 371 Kilometro  9,VEREDA PALMAS,Rural,
2163302,11/25/2016,1:45 p.m.,viernes,CAMIONETA,PARTICULAR,Conductor,Femenino,No,N/A,HERIDO,Choque,No mantener distancia de seguridad,Tramo 371 Kilometro  16,VEREDA PALMAS,Rural,
2163302,11/25/2016,1:45 p.m.,viernes,MOTOCICLETA,PARTICULAR,Motociclista,Masculino,No,N/A,HERIDO,Choque,No mantener distancia de seguridad,Tramo 371 Kilometro  16,VEREDA PALMAS,Rural,
2163274,11/25/2016,2:05 p.m.,viernes,AUTOMOVIL,PUBLICO,Conductor,Masculino,No,N/A,SOLO DAÑOS,Choque,Adelantar cerrando,Carrera 43 A Calle 23  Sur,AVENIDA EL POBLADO,Urbana,"(6.182555831, -75.580177931)"
2163274,11/25/2016,2:05 p.m.,viernes,MOTOCICLETA,PARTICULAR,Motociclista,Masculino,No,N/A,SOLO DAÑOS,Choque,Adelantar cerrando,Carrera 43 A Calle 23  Sur,AVENIDA EL POBLADO,Urbana,"(6.182555831, -75.580177931)"
2163267,11/25/2016,2:30 p.m.,viernes,AUTOMOVIL,PARTICULAR,Conductor,Masculino,No,N/A,HERIDO,Choque,Transitar entre vehiculos,Carrera 43 A Calle 23  Sur,VILLA GRANDE,Urbana,"(6.182555831, -75.580177931)"
2163267,11/25/2016,2:30 p.m.,viernes,MOTOCICLETA,PARTICULAR,Motociclista,Masculino,No,N/A,HERIDO,Choque,Transitar entre vehiculos,Carrera 43 A Calle 23  Sur,VILLA GRANDE,Urbana,"(6.182555831, -75.580177931)"
2163284,11/25/2016,2:45 p.m.,viernes,AUTOMOVIL,PARTICULAR,Conductor,Masculino,No,N/A,SOLO DAÑOS,Choque,No mantener distancia de seguridad,Carrera 48 Calle 19  Sur,LAS VEGAS,Urbana,"(6.187349001, -75.581535682)"
2163284,11/25/2016,2:45 p.m.,viernes,MOTOCICLETA,PARTICULAR,Motociclista,Masculino,No,N/A,SOLO DAÑOS,Choque,No mantener distancia de seguridad,Carrera 48 Calle 19  Sur,LAS VEGAS,Urbana,"(6.187349001, -75.581535682)"
2163275,11/25/2016,5:00 p.m.,viernes,CAMIONETA,PARTICULAR,Conductor,Femenino,No,N/A,SOLO DAÑOS,Choque,Adelantar cerrando,Calle 21  Sur Carrera 43 A,ZU├æIGA,Urbana,"(6.18399286, -75.579597643)"
2163275,11/25/2016,5:00 p.m.,viernes,CAMIONETA,PARTICULAR,Conductor,Masculino,No,N/A,SOLO DAÑOS,Choque,Adelantar cerrando,Calle 21  Sur Carrera 43 A,ZU├æIGA,Urbana,"(6.18399286, -75.579597643)"
2163272,11/25/2016,6:15 p.m.,viernes,AUTOMOVIL,PARTICULAR,Conductor,Masculino,No,N/A,SOLO DAÑOS,Choque,Exceso de velocidad,Tramo 371 Kilometro  5,VEREDA EL ESCOBERO,Rural,
2163265,11/25/2016,9:30 p.m.,viernes,MOTOCICLETA,PARTICULAR,Motociclista,Femenino,No,N/A,HERIDO,Choque,Semaforo en rojo,Carrera 48 Calle 46  Sur,LAS VEGAS,Urbana,"(6.166195386, -75.599285489)"
2163265,11/25/2016,9:30 p.m.,viernes,MOTOCICLETA,PARTICULAR,Motociclista,Masculino,No,N/A,HERIDO,Choque,Semaforo en rojo,Carrera 48 Calle 46  Sur,LAS VEGAS,Urbana,"(6.166195386, -75.599285489)"
2163300,11/26/2016,2:00 a.m.,sábado,MOTOCICLETA,PARTICULAR,Motociclista,Masculino,Si,1,HERIDO,Choque,Semaforo en rojo,Calle 37  Sur Diagonal 31,LA PRADERA,Urbana,"(6.166120684, -75.580740605)"
2163300,11/26/2016,2:00 a.m.,sábado,MOTOCICLETA,PARTICULAR,Motociclista,Masculino,No,N/A,HERIDO,Choque,Semaforo en rojo,Calle 37  Sur Diagonal 31,LA PRADERA,Urbana,"(6.166120684, -75.580740605)"
2163298,11/26/2016,5:30 a.m.,sábado,MOTOCICLETA,PARTICULAR,Motociclista,Masculino,No,N/A,HERIDO,Choque,Otra,Carrera 50 Calle 32 B Sur,LAS VEGAS,Urbana,"(6.178248378, -75.591688281)"
2163298,11/26/2016,5:30 a.m.,sábado,MOTOCICLETA,PARTICULAR,Motociclista,Masculino,No,N/A,HERIDO,Choque,Otra,Carrera 50 Calle 32 B Sur,LAS VEGAS,Urbana,"(6.178248378, -75.591688281)"
2163270,11/26/2016,10:45 a.m.,sábado,AUTOMOVIL,PARTICULAR,Conductor,Masculino,No,N/A,SOLO DAÑOS,Choque,Girar bruscamente,Calle 40  Sur Carrera 46,ALCALA,Urbana,"(6.169002847, -75.593900174)"
2163270,11/26/2016,10:45 a.m.,sábado,CAMIONETA,PUBLICO,Conductor,Masculino,No,N/A,SOLO DAÑOS,Choque,Girar bruscamente,Calle 40  Sur Carrera 46,ALCALA,Urbana,"(6.169002847, -75.593900174)"
2163309,11/26/2016,11:15 a.m.,sábado,MOTOCICLETA,PARTICULAR,Motociclista,Masculino,No,N/A,SOLO DAÑOS,Choque,Transitar entre vehiculos,Carrera 50 Calle 32  Sur,LAS VEGAS,Urbana,"(6.178248378, -75.591688281)"
2163309,11/26/2016,11:15 a.m.,sábado,AUTOMOVIL,PUBLICO,Conductor,Masculino,No,N/A,SOLO DAÑOS,Choque,Transitar entre vehiculos,Carrera 50 Calle 32  Sur,LAS VEGAS,Urbana,"(6.178248378, -75.591688281)"
2163309,11/26/2016,11:15 a.m.,sábado,MOTOCICLETA,PARTICULAR,Motociclista,Masculino,No,N/A,SOLO DAÑOS,Choque,Transitar entre vehiculos,Carrera 50 Calle 32  Sur,LAS VEGAS,Urbana,"(6.178248378, -75.591688281)"
2163291,11/26/2016,1:30 p.m.,sábado,MICROBUS,PUBLICO,Conductor,Masculino,No,N/A,SOLO DAÑOS,Choque,Semaforo en rojo,Carrera 48 Calle 46  Sur,LAS VEGAS,Urbana,"(6.166195386, -75.599285489)"
2163291,11/26/2016,1:30 p.m.,sábado,AUTOMOVIL,PARTICULAR,Conductor,Femenino,No,N/A,SOLO DAÑOS,Choque,Semaforo en rojo,Carrera 48 Calle 46  Sur,LAS VEGAS,Urbana,"(6.166195386, -75.599285489)"
2163303,11/26/2016,1:30 p.m.,sábado,CAMIONETA,PARTICULAR,Conductor,Femenino,No,N/A,HERIDO,Choque,Desobedecer senales,Tramo 371 Kilometro  1,VEREDA PALMAS,Rural,
2163303,11/26/2016,1:30 p.m.,sábado,MOTOCICLETA,PARTICULAR,Motociclista,Masculino,No,N/A,HERIDO,Choque,Desobedecer senales,Tramo 371 Kilometro  1,VEREDA PALMAS,Rural,
2163279,11/26/2016,2:40 p.m.,sábado,CAMION,PARTICULAR,Conductor,Masculino,No,N/A,SOLO DAÑOS,Choque,Adelantar cerrando,Calle 37  Sur Carrera 43 A,ZONA CENTRO,Urbana,"(6.171151654, -75.58815663)"
2163279,11/26/2016,2:40 p.m.,sábado,CAMIONETA,PARTICULAR,Conductor,Masculino,No,N/A,SOLO DAÑOS,Choque,Adelantar cerrando,Calle 37  Sur Carrera 43 A,ZONA CENTRO,Urbana,"(6.171151654, -75.58815663)"
2163268,11/26/2016,3:15 p.m.,sábado,CAMIONETA,PARTICULAR,Conductor,Masculino,No,N/A,SOLO DAÑOS,Choque,No mantener distancia de seguridad,Tramo 371 Kilometro  7,VEREDA PALMAS,Rural,
2163268,11/26/2016,3:15 p.m.,sábado,AUTOMOVIL,PUBLICO,Conductor,Masculino,No,N/A,SOLO DAÑOS,Choque,No mantener distancia de seguridad,Tramo 371 Kilometro  7,VEREDA PALMAS,Rural,
2163268,11/26/2016,3:15 p.m.,sábado,AUTOMOVIL,PARTICULAR,Conductor,Masculino,No,N/A,SOLO DAÑOS,Choque,No mantener distancia de seguridad,Tramo 371 Kilometro  7,VEREDA PALMAS,Rural,
2163280,11/26/2016,3:30 p.m.,sábado,AUTOMOVIL,PARTICULAR,Conductor,Femenino,No,N/A,SOLO DAÑOS,Choque,Poner en marcha un vehiculo sin precauci,Carrera 43 A Calle 33  Sur,SAN MARCOS,Urbana,"(6.173661976, -75.586503646)"
2163280,11/26/2016,3:30 p.m.,sábado,AUTOMOVIL,PARTICULAR,Conductor,Femenino,No,N/A,SOLO DAÑOS,Choque,Poner en marcha un vehiculo sin precauci,Carrera 43 A Calle 33  Sur,SAN MARCOS,Urbana,"(6.173661976, -75.586503646)"
2163269,11/26/2016,5:00 p.m.,sábado,MOTOCICLETA,PARTICULAR,Motociclista,Masculino,No,N/A,SOLO DAÑOS,Choque,Semaforo en rojo,Calle 39  Sur Carrera 42,ZONA CENTRO,Urbana,"(6.168300638, -75.588159271)"
2163269,11/26/2016,5:00 p.m.,sábado,MOTOCICLETA,PARTICULAR,Motociclista,Masculino,No,N/A,SOLO DAÑOS,Choque,Semaforo en rojo,Calle 39  Sur Carrera 42,ZONA CENTRO,Urbana,"(6.168300638, -75.588159271)"
2163297,11/27/2016,4:45 a.m.,domingo,AUTOMOVIL,PARTICULAR,Conductor,Masculino,No,N/A,SOLO DAÑOS,Choque,Exceso de velocidad,Tramo 371 Kilometro  9,VEREDA PALMAS,Rural,
2163307,11/27/2016,6:30 a.m.,domingo,AUTOMOVIL,PUBLICO,Conductor,Masculino,No,N/A,SOLO DAÑOS,Choque,No mantener distancia de seguridad,Diagonal 31 Transversal 34,N/R,Urbana,"(6.172689669, -75.578827286)"
2163307,11/27/2016,6:30 a.m.,domingo,AUTOMOVIL,DIPLOMATICO,Conductor,Masculino,No,N/A,SOLO DAÑOS,Choque,No mantener distancia de seguridad,Diagonal 31 Transversal 34,N/R,Urbana,"(6.172689669, -75.578827286)"
2163273,11/27/2016,9:00 a.m.,domingo,MOTOCICLETA,PARTICULAR,Motociclista,Masculino,No,N/A,SOLO DAÑOS,Choque,Desobedecer senales,Calle 38  Sur Carrera 46,ALCALA,Urbana,"(6.171966643, -75.591369743)"
2163273,11/27/2016,9:00 a.m.,domingo,AUTOMOVIL,PARTICULAR,Conductor,Masculino,No,N/A,SOLO DAÑOS,Choque,Desobedecer senales,Calle 38  Sur Carrera 46,ALCALA,Urbana,"(6.171966643, -75.591369743)"
2163293,11/27/2016,12:40 p.m.,domingo,AUTOMOVIL,PARTICULAR,Conductor,Masculino,No,N/A,SOLO DAÑOS,Choque,No respetar prelacion,Calle 38 A Sur Carrera 32,MESA,Urbana,"(6.165315433, -75.582029486)"
2163293,11/27/2016,12:40 p.m.,domingo,AUTOMOVIL,PUBLICO,Conductor,Masculino,No,N/A,SOLO DAÑOS,Choque,No respetar prelacion,Calle 38 A Sur Carrera 32,MESA,Urbana,"(6.165315433, -75.582029486)"
2163296,11/27/2016,3:30 p.m.,domingo,CAMIONETA,PARTICULAR,Conductor,Masculino,No,N/A,SOLO DAÑOS,Choque,Impericia en el manejo,Carrera 24 F Calle 40  Sur,EL SALADO,Urbana,"(6.150574304, -75.577670449)"
2163266,11/27/2016,9:30 p.m.,domingo,AUTOMOVIL,PUBLICO,Conductor,Masculino,No,N/A,SOLO DAÑOS,Choque,Adelantar cerrando,Calle 38 B Sur Carrera 26,EL CHINGU├ì,Urbana,
2163266,11/27/2016,9:30 p.m.,domingo,AUTOMOVIL,PARTICULAR,Conductor,Masculino,No,N/A,SOLO DAÑOS,Choque,Adelantar cerrando,Calle 38 B Sur Carrera 26,EL CHINGU├ì,Urbana,
2163283,11/27/2016,9:30 p.m.,domingo,CAMPERO,PARTICULAR,Conductor,Femenino,No,N/A,SOLO DAÑOS,Choque,Exceso de velocidad,Carrera 42 A Calle 26 A Sur,LAS ORQUIDEAS,Urbana,"(6.177792644, -75.578683538)"
2163283,11/27/2016,9:30 p.m.,domingo,AUTOMOVIL,PARTICULAR,Conductor,Masculino,No,N/A,SOLO DAÑOS,Choque,Exceso de velocidad,Carrera 42 A Calle 26 A Sur,LAS ORQUIDEAS,Urbana,"(6.177792644, -75.578683538)"
2163311,11/28/2016,6:00 a.m.,lunes,MOTOCICLETA,PARTICULAR,Motociclista,Masculino,No,N/A,HERIDO,Choque,Transitar entre vehiculos,Calle 37  Sur Carrera 49,LAS VEGAS,Urbana,"(6.174789471, -75.594204243)"
2163311,11/28/2016,6:00 a.m.,lunes,BICICLETA,PARTICULAR,Ciclista,Masculino,No,N/A,HERIDO,Choque,Transitar entre vehiculos,Calle 37  Sur Carrera 49,LAS VEGAS,Urbana,"(6.174789471, -75.594204243)"
2163286,11/28/2016,7:00 a.m.,lunes,MOTOCICLETA,PARTICULAR,Motociclista,Masculino,No,N/A,HERIDO,Choque,Adelantar cerrando,Tramo 372 Kilometro  16,VEREDA PALMAS,Rural,
2163286,11/28/2016,7:00 a.m.,lunes,MOTOCICLETA,PARTICULAR,Motociclista,Masculino,No,N/A,HERIDO,Choque,Adelantar cerrando,Tramo 372 Kilometro  16,VEREDA PALMAS,Rural,
2163308,11/28/2016,7:20 a.m.,lunes,AUTOMOVIL,PARTICULAR,Conductor,Masculino,No,N/A,SOLO DAÑOS,Choque,No mantener distancia de seguridad,Carrera 48 Calle 50  Sur,LAS CASITAS,Urbana,
2163308,11/28/2016,7:20 a.m.,lunes,AUTOMOVIL,PUBLICO,Conductor,Masculino,No,N/A,SOLO DAÑOS,Choque,No mantener distancia de seguridad,Carrera 48 Calle 50  Sur,LAS CASITAS,Urbana,
2163290,11/28/2016,7:45 a.m.,lunes,MOTOCICLETA,PARTICULAR,Motociclista,Masculino,No,N/A,SOLO DAÑOS,Choque,Adelantar por la derecha,Carrera 49 Calle 43  Sur,LAS VEGAS,Urbana,"(6.160925818, -75.599980088)"
2163290,11/28/2016,7:45 a.m.,lunes,AUTOMOVIL,DIPLOMATICO,Conductor,Masculino,No,N/A,SOLO DAÑOS,Choque,Adelantar por la derecha,Carrera 49 Calle 43  Sur,LAS VEGAS,Urbana,"(6.160925818, -75.599980088)"
2170419,11/28/2016,8:00 a.m.,lunes,AUTOMOVIL,PARTICULAR,Conductor,Femenino,No,N/A,SOLO DAÑOS,Choque,Otra,Tramo 372 Kilometro  3,VEREDA PALMAS,Rural,
2170419,11/28/2016,8:00 a.m.,lunes,MICROBUS,PUBLICO,Conductor,Masculino,No,N/A,SOLO DAÑOS,Choque,Otra,Tramo 372 Kilometro  3,VEREDA PALMAS,Rural,
2163289,11/28/2016,11:00 a.m.,lunes,CAMIONETA,PARTICULAR,Conductor,Masculino,No,N/A,SOLO DAÑOS,Choque,No respetar prelacion,Calle 37  Sur Carrera 32,MESA,Urbana,"(6.166691719, -75.581185995)"
2163289,11/28/2016,11:00 a.m.,lunes,AUTOMOVIL,PUBLICO,Conductor,Masculino,No,N/A,SOLO DAÑOS,Choque,No respetar prelacion,Calle 37  Sur Carrera 32,MESA,Urbana,"(6.166691719, -75.581185995)"
2163305,11/28/2016,12:30 p.m.,lunes,AUTOMOVIL,PARTICULAR,Conductor,Femenino,No,N/A,SOLO DAÑOS,Choque,Adelantar en zona prohibida,Calle 45 C Sur Carrera 39 E,LAS ANTILLAS,Urbana,"(6.161304446, -75.591726041)"
2163305,11/28/2016,12:30 p.m.,lunes,MOTOCICLETA,PARTICULAR,Motociclista,Masculino,No,N/A,SOLO DAÑOS,Choque,Adelantar en zona prohibida,Calle 45 C Sur Carrera 39 E,LAS ANTILLAS,Urbana,"(6.161304446, -75.591726041)"
2163319,11/28/2016,3:20 p.m.,lunes,CAMIONETA,PARTICULAR,Conductor,Masculino,No,N/A,SOLO DAÑOS,Choque,Girar bruscamente,Carrera 49 Calle 25 AA Sur,LAS VEGAS,Urbana,"(6.18641241, -75.585062957)"
2163319,11/28/2016,3:20 p.m.,lunes,CAMIONETA,PARTICULAR,Conductor,Masculino,No,N/A,SOLO DAÑOS,Choque,Girar bruscamente,Carrera 49 Calle 25 AA Sur,LAS VEGAS,Urbana,"(6.18641241, -75.585062957)"
2163329,11/28/2016,3:40 p.m.,lunes,CAMIONETA,PARTICULAR,Conductor,Femenino,No,N/A,SOLO DAÑOS,Choque,No mantener distancia de seguridad,Carrera 43 A Calle 31  Sur,SAN MARCOS,Urbana,"(6.176754685, -75.585468966)"
2163329,11/28/2016,3:40 p.m.,lunes,MOTOCICLETA,PARTICULAR,Motociclista,Masculino,No,N/A,SOLO DAÑOS,Choque,No mantener distancia de seguridad,Carrera 43 A Calle 31  Sur,SAN MARCOS,Urbana,"(6.176754685, -75.585468966)"
2163324,11/28/2016,4:00 p.m.,lunes,MOTOCICLETA,PARTICULAR,Motociclista,Masculino,No,N/A,SOLO DAÑOS,Choque,Desobedecer senales,Carrera 41 Calle 40 B Sur,EL DORADO,Urbana,"(6.166298108, -75.588219288)"
2163324,11/28/2016,4:00 p.m.,lunes,AUTOMOVIL,PARTICULAR,Conductor,Masculino,No,N/A,SOLO DAÑOS,Choque,Desobedecer senales,Carrera 41 Calle 40 B Sur,EL DORADO,Urbana,"(6.166298108, -75.588219288)"
2163320,11/28/2016,5:40 p.m.,lunes,CAMIONETA,DIPLOMATICO,Conductor,Masculino,No,N/A,SOLO DAÑOS,Choque,Reverso imprudente,Carrera 48 Calle 37  Sur,GLORIETA DE PELDAR,Urbana,"(6.172859211, -75.592769925)"