RADICADO,FECHA,HORA,DÍA DE LA SEMANA,CLASE DE VEHICULO,TIPO DE SERVICIO,TIPO DE VICTIMA,SEXO,ESTADO DE BEODEZ,RESULTADO DE BEODEZ,GRAVEDAD,CLASE DE ACCIDENTE,CAUSA,DIRECCIÓN,BARRIO,AREA,Coordenadas
2163401,12/11/2016,3:10 a.m.,domingo,MOTOCICLETA,PARTICULAR,Motociclista,Masculino,No,N/A,HERIDO,Choque,Semaforo en rojo,Calle 39  Sur Carrera 41,ZONA CENTRO,Urbana,"(6.167870042, -75.587448707)"
2163423,12/11/2016,7:35 a.m.,domingo,CAMIONETA,PUBLICO,Conductor,Masculino,No,N/A,SOLO DAÑOS,Choque,Desobedecer senales,Calle 25  Sur Carrera 43 A,LAS ORQUIDEAS,Urbana,"(6.181560189, -75.582016491)"
2163423,12/11/2016,7:35 a.m.,domingo,MOTOCICLETA,PARTICULAR,Motociclista,Masculino,No,N/A,SOLO DAÑOS,Choque,Desobedecer senales,Calle 25  Sur Carrera 43 A,LAS ORQUIDEAS,Urbana,"(6.181560189, -75.582016491)"
2163402,12/11/2016,1:45 p.m.,domingo,AUTOMOVIL,PARTICULAR,Conductor,Masculino,No,N/A,SOLO DAÑOS,Choque,Reverso imprudente,Diagonal 29 Transversal 25,ZU├æIGA,Urbana,"(6.17938169, -75.578980838)"
2163402,12/11/2016,1:45 p.m.,domingo,AUTOMOVIL,PARTICULAR,Conductor,Masculino,No,N/A,SOLO DAÑOS,Choque,Reverso imprudente,Diagonal 29 Transversal 25,ZU├æIGA,Urbana,"(6.17938169, -75.578980838)"
2163420,12/11/2016,6:05 p.m.,domingo,AUTOMOVIL,PUBLICO,Conductor,Masculino,No,N/A,SOLO DAÑOS,Choque,Desobedecer senales,Diagonal 32 Transversal 32 A,LA MAGNOLIA,Urbana,"(6.17563197, -75.582466544)"
2163420,12/11/2016,6:05 p.m.,domingo,CAMIONETA,PUBLICO,Conductor,Sin registro,No,N/A,SOLO DAÑOS,Choque,Desobedecer senales,Diagonal 32 Transversal 32 A,LA MAGNOLIA,Urbana,"(6.17563197, -75.582466544)"
2163449,12/11/2016,6:45 p.m.,domingo,MOTOCICLETA,PARTICULAR,Motociclista,Masculino,No,N/A,SOLO DAÑOS,Choque,Desobedecer senales,Diagonal 32 B Transversal 32,LA MAGNOLIA,Urbana,"(6.175921286, -75.583420855)"
2163449,12/11/2016,6:45 p.m.,domingo,CAMIONETA,PARTICULAR,Conductor,Masculino,No,N/A,SOLO DAÑOS,Choque,Desobedecer senales,Diagonal 32 B Transversal 32,LA MAGNOLIA,Urbana,"(6.175921286, -75.583420855)"
2163424,12/11/2016,6:50 p.m.,domingo,MOTOCICLETA,PARTICULAR,Motociclista,Masculino,No,N/A,SOLO DAÑOS,Choque,Transitar entre vehiculos,Carrera 42 Calle 41 B Sur,EL DORADO,Urbana,"(6.165452222, -75.591569907)"
2163424,12/11/2016,6:50 p.m.,domingo,CAMPERO,PARTICULAR,Conductor,Masculino,No,N/A,SOLO DAÑOS,Choque,Transitar entre vehiculos,Carrera 42 Calle 41 B Sur,EL DORADO,Urbana,"(6.165452222, -75.591569907)"
2163421,12/12/2016,6:50 a.m.,lunes,AUTOMOVIL,PUBLICO,Conductor,Masculino,No,N/A,SOLO DAÑOS,Choque,Adelantar en zona prohibida,Calle 41 A Sur Carrera 42,EL DORADO,Urbana,"(6.165845136, -75.591611648)"
2163421,12/12/2016,6:50 a.m.,lunes,MOTOCICLETA,PARTICULAR,Motociclista,Masculino,No,N/A,SOLO DAÑOS,Choque,Adelantar en zona prohibida,Calle 41 A Sur Carrera 42,EL DORADO,Urbana,"(6.165845136, -75.591611648)"
2163426,12/12/2016,8:50 a.m.,lunes,AUTOMOVIL,PARTICULAR,Conductor,Masculino,No,N/A,SOLO DAÑOS,Choque,Impericia en el manejo,Calle 39  Sur Carrera 39,MESA,Urbana,"(6.166978259, -75.586044922)"
2163426,12/12/2016,8:50 a.m.,lunes,CAMION,PUBLICO,Conductor,Masculino,No,N/A,SOLO DAÑOS,Choque,Impericia en el manejo,Calle 39  Sur Carrera 39,MESA,Urbana,"(6.166978259, -75.586044922)"
2163419,12/12/2016,10:30 a.m.,lunes,MICROBUS,PUBLICO,Conductor,Masculino,No,N/A,SOLO DAÑOS,Choque,Reverso imprudente,Carrera 24 F Calle 40  Sur,EL SALADO,Urbana,"(6.150574304, -75.577670449)"
2163419,12/12/2016,10:30 a.m.,lunes,AUTOMOVIL,PUBLICO,Conductor,Masculino,No,N/A,SOLO DAÑOS,Choque,Reverso imprudente,Carrera 24 F Calle 40  Sur,EL SALADO,Urbana,"(6.150574304, -75.577670449)"
2163431,12/12/2016,11:00 a.m.,lunes,MOTOCICLETA,PARTICULAR,Motociclista,Masculino,No,N/A,SOLO DAÑOS,Choque,Transitar entre vehiculos,Calle 38  Sur Carrera 43,ZONA CENTRO,Urbana,"(6.170061667, -75.587839128)"
2163431,12/12/2016,11:00 a.m.,lunes,AUTOMOVIL,PARTICULAR,Conductor,Masculino,No,N/A,SOLO DAÑOS,Choque,Transitar entre vehiculos,Calle 38  Sur Carrera 43,ZONA CENTRO,Urbana,"(6.170061667, -75.587839128)"
2163441,12/12/2016,11:40 a.m.,lunes,MOTOCICLETA,PARTICULAR,Motociclista,Masculino,No,N/A,SOLO DAÑOS,Choque,Reverso imprudente,Carrera 44 A Calle 32  Sur,SAN MARCOS,Urbana,"(6.175714751, -75.58666738)"
2163441,12/12/2016,11:40 a.m.,lunes,CAMPERO,PARTICULAR,Conductor,Femenino,No,N/A,SOLO DAÑOS,Choque,Reverso imprudente,Carrera 44 A Calle 32  Sur,SAN MARCOS,Urbana,"(6.175714751, -75.58666738)"
2163434,12/12/2016,12:00 p.m.,lunes,CAMION,PARTICULAR,Conductor,Masculino,No,N/A,SOLO DAÑOS,Choque,Adelantar cerrando,Calle 32  Sur Carrera 43 A,SAN MARCOS,Urbana,"(6.175707678, -75.586262412)"
2163434,12/12/2016,12:00 p.m.,lunes,CAMIONETA,PARTICULAR,Conductor,Masculino,No,N/A,SOLO DAÑOS,Choque,Adelantar cerrando,Calle 32  Sur Carrera 43 A,SAN MARCOS,Urbana,"(6.175707678, -75.586262412)"
2163439,12/12/2016,3:00 p.m.,lunes,AUTOMOVIL,PARTICULAR,Conductor,Femenino,No,N/A,SOLO DAÑOS,Choque,Poner en marcha un vehiculo sin precauci,Calle 38  Sur Carrera 43,ZONA CENTRO,Urbana,"(6.170061667, -75.587839128)"
2163439,12/12/2016,3:00 p.m.,lunes,CAMIONETA,PARTICULAR,Conductor,Masculino,No,N/A,SOLO DAÑOS,Choque,Poner en marcha un vehiculo sin precauci,Calle 38  Sur Carrera 43,ZONA CENTRO,Urbana,"(6.170061667, -75.587839128)"
2163446,12/12/2016,3:00 p.m.,lunes,PAVIMENTADORA,PARTICULAR,Conductor,Masculino,No,N/A,SOLO DAÑOS,Choque,Impericia en el manejo,Carrera 27 Calle 26  Sur,LA MINA,Urbana,
2163446,12/12/2016,3:00 p.m.,lunes,MOTOCICLETA,PARTICULAR,Motociclista,Masculino,No,N/A,SOLO DAÑOS,Choque,Impericia en el manejo,Carrera 27 Calle 26  Sur,LA MINA,Urbana,
2163436,12/12/2016,8:00 p.m.,lunes,MICROBUS,PUBLICO,Conductor,Masculino,No,N/A,SOLO DAÑOS,Choque,No mantener distancia de seguridad,Calle 36 A Sur Carrera 27,LA SEBASTIANA,Urbana,"(6.167621297, -75.578524101)"
2163436,12/12/2016,8:00 p.m.,lunes,CAMPERO,PARTICULAR,Conductor,Masculino,No,N/A,SOLO DAÑOS,Choque,No mantener distancia de seguridad,Calle 36 A Sur Carrera 27,LA SEBASTIANA,Urbana,"(6.167621297, -75.578524101)"
2163443,12/12/2016,8:30 p.m.,lunes,AUTOMOVIL,PARTICULAR,Conductor,Masculino,No,N/A,SOLO DAÑOS,Choque,Semaforo en rojo,Carrera 43 A Transversal 27,AVENIDA EL POBLADO,Urbana,"(6.179697995, -75.583177217)"
2163513,12/18/2016,12:10 p.m.,domingo,AUTOMOVIL,PARTICULAR,Conductor,Masculino,No,N/A,SOLO DAÑOS,Choque,Otra,Calle 26 A Sur Carrera 42 B,LAS ORQUIDEAS,Urbana,"(6.177324883, -75.579423678)"
2163443,12/12/2016,8:30 p.m.,lunes,MOTOCICLETA,PARTICULAR,Motociclista,Masculino,No,N/A,SOLO DAÑOS,Choque,Semaforo en rojo,Carrera 43 A Transversal 27,AVENIDA EL POBLADO,Urbana,"(6.179697995, -75.583177217)"
2163425,12/12/2016,9:35 p.m.,lunes,MICROBUS,PUBLICO,Conductor,Masculino,No,N/A,HERIDO,Choque,Desobedecer senales,Calle 39  Sur Carrera 38,MESA,Urbana,"(6.166656476, -75.585553364)"
2163425,12/12/2016,9:35 p.m.,lunes,BICICLETA,PARTICULAR,Ciclista,Femenino,No,N/A,HERIDO,Choque,Desobedecer senales,Calle 39  Sur Carrera 38,MESA,Urbana,"(6.166656476, -75.585553364)"
2163433,12/13/2016,6:55 a.m.,martes,AUTOMOVIL,PARTICULAR,Conductor,Masculino,No,N/A,SOLO DAÑOS,Choque,Adelantar cerrando,Calle 32 B Sur Carrera 48,LAS VEGAS,Urbana,"(6.177255701, -75.590031365)"
2163433,12/13/2016,6:55 a.m.,martes,AUTOMOVIL,PARTICULAR,Conductor,Masculino,No,N/A,SOLO DAÑOS,Choque,Adelantar cerrando,Calle 32 B Sur Carrera 48,LAS VEGAS,Urbana,"(6.177255701, -75.590031365)"
2163440,12/13/2016,7:20 a.m.,martes,AUTOMOVIL,PARTICULAR,Conductor,Masculino,No,N/A,SOLO DAÑOS,Choque,No mantener distancia de seguridad,Calle 39  Sur Carrera 33,MESA,Urbana,"(6.164989355, -75.58296685)"
2163440,12/13/2016,7:20 a.m.,martes,AUTOMOVIL,PARTICULAR,Conductor,Masculino,No,N/A,SOLO DAÑOS,Choque,No mantener distancia de seguridad,Calle 39  Sur Carrera 33,MESA,Urbana,"(6.164989355, -75.58296685)"
2163437,12/13/2016,7:35 a.m.,martes,BUS,PUBLICO,Conductor,Masculino,No,N/A,SOLO DAÑOS,Choque,Poner en marcha un vehiculo sin precauci,Carrera 43 A Calle 40  Sur,ALCALA,Urbana,"(6.168044687, -75.59026877)"
2163437,12/13/2016,7:35 a.m.,martes,BUSETA,PUBLICO,Conductor,Masculino,No,N/A,SOLO DAÑOS,Choque,Poner en marcha un vehiculo sin precauci,Carrera 43 A Calle 40  Sur,ALCALA,Urbana,"(6.168044687, -75.59026877)"
2163438,12/13/2016,8:40 a.m.,martes,MOTOCICLETA,PARTICULAR,Motociclista,Masculino,No,N/A,SOLO DAÑOS,Choque,Adelantar en zona prohibida,Carrera 27 Calle 36  Sur,LA INMACULADA,Urbana,"(6.167009975, -75.569278076)"
2163438,12/13/2016,8:40 a.m.,martes,AUTOMOVIL,PARTICULAR,Conductor,Femenino,No,N/A,SOLO DAÑOS,Choque,Adelantar en zona prohibida,Carrera 27 Calle 36  Sur,LA INMACULADA,Urbana,"(6.167009975, -75.569278076)"
2163448,12/13/2016,9:30 a.m.,martes,CAMIONETA,PARTICULAR,Conductor,Masculino,No,N/A,SOLO DAÑOS,Choque,Reverso imprudente,Carrera 47 Calle 20  Sur,ZU├æIGA,Urbana,"(6.185657752, -75.581745219)"
2163448,12/13/2016,9:30 a.m.,martes,CAMIONETA,PUBLICO,Conductor,Masculino,No,N/A,SOLO DAÑOS,Choque,Reverso imprudente,Carrera 47 Calle 20  Sur,ZU├æIGA,Urbana,"(6.185657752, -75.581745219)"
2163435,12/13/2016,10:50 a.m.,martes,MOTOCICLETA,DIPLOMATICO,Motociclista,Femenino,No,N/A,HERIDO,Caida Ocupante,Impericia en el manejo,Calle 39 D Sur Carrera 25,EL CHINGU├ì,Urbana,"(6.154343948, -75.578021489)"
2163447,12/13/2016,11:30 a.m.,martes,MOTOCICLETA,PARTICULAR,Motociclista,Masculino,No,N/A,SOLO DAÑOS,Choque,No mantener distancia de seguridad,Carrera 20 Calle 22  Sur,ZU├æIGA,Urbana,"(6.175205128, -75.56106191)"
2163447,12/13/2016,11:30 a.m.,martes,AUTOMOVIL,PARTICULAR,Conductor,Masculino,No,N/A,SOLO DAÑOS,Choque,No mantener distancia de seguridad,Carrera 20 Calle 22  Sur,ZU├æIGA,Urbana,"(6.175205128, -75.56106191)"
2163463,12/13/2016,1:30 p.m.,martes,AUTOMOVIL,PARTICULAR,Conductor,Masculino,No,N/A,SOLO DAÑOS,Choque,Adelantar cerrando,Carrera 29 B Calle 37  Sur,URIBE ANGEL,Urbana,"(6.163948121, -75.581155458)"
2163463,12/13/2016,1:30 p.m.,martes,CAMION,PUBLICO,Conductor,Masculino,No,N/A,SOLO DAÑOS,Choque,Adelantar cerrando,Carrera 29 B Calle 37  Sur,URIBE ANGEL,Urbana,"(6.163948121, -75.581155458)"
2163459,12/13/2016,3:30 p.m.,martes,CAMION,PUBLICO,Conductor,Masculino,No,N/A,SOLO DAÑOS,Choque,Impericia en el manejo,Calle 39 B Sur Carrera 47 A,ALCALA,Urbana,"(6.17027247, -75.594508299)"
2163459,12/13/2016,3:30 p.m.,martes,AUTOMOVIL,PARTICULAR,Conductor,Femenino,No,N/A,SOLO DAÑOS,Choque,Impericia en el manejo,Calle 39 B Sur Carrera 47 A,ALCALA,Urbana,"(6.17027247, -75.594508299)"
2163442,12/13/2016,4:50 p.m.,martes,BUS,PUBLICO,Conductor,Masculino,No,N/A,SOLO DAÑOS,Choque,Adelantar cerrando,Carrera 49 Calle 43  Sur,LAS VEGAS,Urbana,"(6.160925818, -75.599980088)"
2163442,12/13/2016,4:50 p.m.,martes,AUTOMOVIL,PUBLICO,Conductor,Masculino,No,N/A,SOLO DAÑOS,Choque,Adelantar cerrando,Carrera 49 Calle 43  Sur,LAS VEGAS,Urbana,"(6.160925818, -75.599980088)"
2163444,12/13/2016,4:50 p.m.,martes,AUTOMOVIL,PARTICULAR,Conductor,Masculino,No,N/A,SOLO DAÑOS,Choque,Reverso imprudente,Carrera 43 Calle 33  Sur,ZONA CENTRO,Urbana,"(6.173540656, -75.585683369)"
2163444,12/13/2016,4:50 p.m.,martes,CAMIONETA,PARTICULAR,Conductor,Masculino,No,N/A,SOLO DAÑOS,Choque,Reverso imprudente,Carrera 43 Calle 33  Sur,ZONA CENTRO,Urbana,"(6.173540656, -75.585683369)"
2163467,12/13/2016,5:00 p.m.,martes,BUS,PUBLICO,Conductor,Masculino,No,N/A,SOLO DAÑOS,Choque,No respetar prelacion,Carrera 31 Calle 38 A Sur,MESA,Urbana,"(6.164876858, -75.581505827)"
2163467,12/13/2016,5:00 p.m.,martes,AUTOMOVIL,PARTICULAR,Conductor,Masculino,No,N/A,SOLO DAÑOS,Choque,No respetar prelacion,Carrera 31 Calle 38 A Sur,MESA,Urbana,"(6.164876858, -75.581505827)"
2163455,12/13/2016,5:55 p.m.,martes,CAMIONETA,PARTICULAR,Conductor,Masculino,No,N/A,SOLO DAÑOS,Choque,No mantener distancia de seguridad,Calle 25 AA Sur Carrera 48,LAS VEGAS,Urbana,"(6.18405129, -75.584783826)"
2163455,12/13/2016,5:55 p.m.,martes,AUTOMOVIL,PARTICULAR,Conductor,Femenino,No,N/A,SOLO DAÑOS,Choque,No mantener distancia de seguridad,Calle 25 AA Sur Carrera 48,LAS VEGAS,Urbana,"(6.18405129, -75.584783826)"
2163452,12/13/2016,6:15 p.m.,martes,MOTOCICLETA,PARTICULAR,Motociclista,Masculino,No,N/A,HERIDO,Choque,Girar bruscamente,Calle 36  Sur Carrera 38,ZONA CENTRO,Urbana,"(6.169465734, -75.583858682)"
2163452,12/13/2016,6:15 p.m.,martes,AUTOMOVIL,PARTICULAR,Conductor,Masculino,No,N/A,HERIDO,Choque,Girar bruscamente,Calle 36  Sur Carrera 38,ZONA CENTRO,Urbana,"(6.169465734, -75.583858682)"
2163454,12/13/2016,6:35 p.m.,martes,CAMPERO,PARTICULAR,Conductor,Masculino,No,N/A,SOLO DAÑOS,Choque,No mantener distancia de seguridad,Calle 50 AD Sur Carrera 43 A,LAS CASITAS,Urbana,
2163454,12/13/2016,6:35 p.m.,martes,AUTOMOVIL,PARTICULAR,Conductor,Masculino,No,N/A,SOLO DAÑOS,Choque,No mantener distancia de seguridad,Calle 50 AD Sur Carrera 43 A,LAS CASITAS,Urbana,
2163451,12/14/2016,7:50 a.m.,miércoles,MOTOCICLETA,PARTICULAR,Motociclista,Femenino,No,N/A,SOLO DAÑOS,Choque,Transitar entre vehiculos,Calle 25 AA Sur Carrera 50,LAS VEGAS,Urbana,"(6.182478523, -75.583313359)"
2163451,12/14/2016,7:50 a.m.,miércoles,CAMION,PUBLICO,Conductor,Masculino,No,N/A,SOLO DAÑOS,Choque,No mantener distancia de seguridad,Calle 25 AA Sur Carrera 50,LAS VEGAS,Urbana,"(6.182478523, -75.583313359)"
2163451,12/14/2016,7:50 a.m.,miércoles,CAMION,PUBLICO,Conductor,Masculino,No,N/A,SOLO DAÑOS,Choque,Transitar entre vehiculos,Calle 25 AA Sur Carrera 50,LAS VEGAS,Urbana,"(6.182478523, -75.583313359)"
2163451,12/14/2016,7:50 a.m.,miércoles,AUTOMOVIL,PARTICULAR,Conductor,Femenino,No,N/A,SOLO DAÑOS,Choque,No mantener distancia de seguridad,Calle 25 AA Sur Carrera 50,LAS VEGAS,Urbana,"(6.182478523, -75.583313359)"
2163451,12/14/2016,7:50 a.m.,miércoles,AUTOMOVIL,PARTICULAR,Conductor,Femenino,No,N/A,SOLO DAÑOS,Choque,Transitar entre vehiculos,Calle 25 AA Sur Carrera 50,LAS VEGAS,Urbana,"(6.182478523, -75.583313359)"
2163451,12/14/2016,7:50 a.m.,miércoles,MOTOCICLETA,PARTICULAR,Motociclista,Femenino,No,N/A,SOLO DAÑOS,Choque,No mantener distancia de seguridad,Calle 25 AA Sur Carrera 50,LAS VEGAS,Urbana,"(6.182478523, -75.583313359)"
2163453,12/14/2016,8:50 a.m.,miércoles,CAMION,PUBLICO,Conductor,Masculino,No,N/A,SOLO DAÑOS,Choque,Transitar entre vehiculos,Calle 46  Sur Carrera 48,LAS VEGAS,Urbana,"(6.162824447, -75.599686607)"
2163453,12/14/2016,8:50 a.m.,miércoles,AUTOMOVIL,PARTICULAR,Conductor,Femenino,No,N/A,SOLO DAÑOS,Choque,Transitar entre vehiculos,Calle 46  Sur Carrera 48,LAS VEGAS,Urbana,"(6.162824447, -75.599686607)"
2163453,12/14/2016,8:50 a.m.,miércoles,MOTOCICLETA,PARTICULAR,Motociclista,Masculino,No,N/A,SOLO DAÑOS,Choque,Transitar entre vehiculos,Calle 46  Sur Carrera 48,LAS VEGAS,Urbana,"(6.162824447, -75.599686607)"
2163501,12/14/2016,1:30 p.m.,miércoles,AUTOMOVIL,PARTICULAR,Conductor,Masculino,No,N/A,SOLO DAÑOS,Choque,No respetar prelacion,Calle 37  Sur Carrera 28,LA MAGNOLIA,Urbana,"(6.165679454, -75.578340422)"
2163501,12/14/2016,1:30 p.m.,miércoles,AUTOMOVIL,PARTICULAR,Conductor,Masculino,No,N/A,SOLO DAÑOS,Choque,No respetar prelacion,Calle 37  Sur Carrera 28,LA MAGNOLIA,Urbana,"(6.165679454, -75.578340422)"
2163490,12/14/2016,1:35 p.m.,miércoles,AUTOMOVIL,PARTICULAR,Conductor,Masculino,No,N/A,SOLO DAÑOS,Choque,Girar bruscamente,Calle 24  Sur Carrera 38,N/R,Urbana,"(6.177798131, -75.5727217)"
2163490,12/14/2016,1:35 p.m.,miércoles,CAMION,PARTICULAR,Conductor,Masculino,No,N/A,SOLO DAÑOS,Choque,Girar bruscamente,Calle 24  Sur Carrera 38,N/R,Urbana,"(6.177798131, -75.5727217)"
2163462,12/14/2016,3:00 p.m.,miércoles,CAMION,PUBLICO,Conductor,Masculino,No,N/A,SOLO DAÑOS,Choque,Girar bruscamente,Calle 38 A Sur Carrera 48,LAS VEGAS,Urbana,"(6.168560755, -75.587015366)"
2163462,12/14/2016,3:00 p.m.,miércoles,AUTOMOVIL,PARTICULAR,Conductor,Masculino,No,N/A,SOLO DAÑOS,Choque,Girar bruscamente,Calle 38 A Sur Carrera 48,LAS VEGAS,Urbana,"(6.168560755, -75.587015366)"
2163468,12/14/2016,3:30 p.m.,miércoles,MICROBUS,PUBLICO,Conductor,Masculino,No,N/A,SOLO DAÑOS,Choque,Cruzar sin observar,Carrera 49 Calle 39 B Sur,LAS VEGAS,Urbana,"(6.173609359, -75.597070569)"
2163468,12/14/2016,3:30 p.m.,miércoles,BICICLETA,PARTICULAR,Ciclista,Masculino,No,N/A,SOLO DAÑOS,Choque,Impericia en el manejo,Carrera 49 Calle 39 B Sur,LAS VEGAS,Urbana,"(6.173609359, -75.597070569)"
2163468,12/14/2016,3:30 p.m.,miércoles,BICICLETA,PARTICULAR,Ciclista,Masculino,No,N/A,SOLO DAÑOS,Choque,Cruzar sin observar,Carrera 49 Calle 39 B Sur,LAS VEGAS,Urbana,"(6.173609359, -75.597070569)"
2163468,12/14/2016,3:30 p.m.,miércoles,MICROBUS,PUBLICO,Conductor,Masculino,No,N/A,SOLO DAÑOS,Choque,Impericia en el manejo,Carrera 49 Calle 39 B Sur,LAS VEGAS,Urbana,"(6.173609359, -75.597070569)"
2163457,12/15/2016,6:50 a.m.,jueves,AUTOMOVIL,PARTICULAR,Conductor,Masculino,No,N/A,SOLO DAÑOS,Choque,No mantener distancia de seguridad,Calle 37 B Sur Carrera 27 A,LOMA DE LAS BRUJAS,Urbana,"(6.159881312, -75.574653531)"
2163457,12/15/2016,6:50 a.m.,jueves,AUTOMOVIL,PUBLICO,Conductor,Masculino,No,N/A,SOLO DAÑOS,Choque,No mantener distancia de seguridad,Calle 37 B Sur Carrera 27 A,LOMA DE LAS BRUJAS,Urbana,"(6.159881312, -75.574653531)"
2163461,12/15/2016,8:00 a.m.,jueves,AUTOMOVIL,PARTICULAR,Conductor,Masculino,No,N/A,SOLO DAÑOS,Choque,Girar bruscamente,Carrera 31 Calle 38  Sur,MESA,Urbana,"(6.165466746, -75.581111233)"
2163461,12/15/2016,8:00 a.m.,jueves,CAMIONETA,PARTICULAR,Conductor,Femenino,No,N/A,SOLO DAÑOS,Choque,Girar bruscamente,Carrera 31 Calle 38  Sur,MESA,Urbana,"(6.165466746, -75.581111233)"
2163470,12/15/2016,9:45 a.m.,jueves,AUTOMOVIL,PUBLICO,Conductor,Masculino,No,N/A,HERIDO,Atropello,Cruzar sin observar,Calle 38 A Sur Carrera 39,ZONA CENTRO,Urbana,"(6.167679571, -75.585676277)"
2163458,12/15/2016,10:00 a.m.,jueves,AUTOMOVIL,PUBLICO,Conductor,Masculino,No,N/A,SOLO DAÑOS,Choque,No mantener distancia de seguridad,Calle 37  Sur Carrera 31,LA PRADERA,Urbana,"(6.166120684, -75.580740605)"
2163458,12/15/2016,10:00 a.m.,jueves,AUTOMOVIL,PARTICULAR,Conductor,Masculino,No,N/A,SOLO DAÑOS,Choque,No mantener distancia de seguridad,Calle 37  Sur Carrera 31,LA PRADERA,Urbana,"(6.166120684, -75.580740605)"
2163460,12/15/2016,11:31 a.m.,jueves,BUS,PUBLICO,Conductor,Masculino,No,N/A,SOLO DAÑOS,Choque,Adelantar cerrando,Diagonal 32 Transversal 36,LA PRADERA,Urbana,"(6.168258576, -75.580670172)"
2163460,12/15/2016,11:31 a.m.,jueves,CAMION,PUBLICO,Conductor,Masculino,No,N/A,SOLO DAÑOS,Choque,Adelantar cerrando,Diagonal 32 Transversal 36,LA PRADERA,Urbana,"(6.168258576, -75.580670172)"
2163475,12/15/2016,1:30 p.m.,jueves,AUTOMOVIL,PARTICULAR,Conductor,Masculino,No,N/A,SOLO DAÑOS,Choque,Otra,Carrera 48 Calle 19  Sur,LAS VEGAS,Urbana,"(6.187349001, -75.581535682)"
2163475,12/15/2016,1:30 p.m.,jueves,MOTOCICLETA,PARTICULAR,Motociclista,Masculino,No,N/A,SOLO DAÑOS,Choque,Otra,Carrera 48 Calle 19  Sur,LAS VEGAS,Urbana,"(6.187349001, -75.581535682)"
2163496,12/15/2016,3:00 p.m.,jueves,AUTOMOVIL,PARTICULAR,Conductor,Masculino,No,N/A,SOLO DAÑOS,Choque,No mantener distancia de seguridad,Carrera 43 A Calle 36  Sur,ZONA CENTRO,Urbana,"(6.171753325, -75.587727675)"
2163496,12/15/2016,3:00 p.m.,jueves,AUTOMOVIL,PARTICULAR,Conductor,Femenino,No,N/A,SOLO DAÑOS,Choque,No mantener distancia de seguridad,Carrera 43 A Calle 36  Sur,ZONA CENTRO,Urbana,"(6.171753325, -75.587727675)"
2163474,12/15/2016,4:30 p.m.,jueves,CAMPERO,DIPLOMATICO,Conductor,Masculino,No,N/A,HERIDO,Choque,No mantener distancia de seguridad,Tramo 372 Kilometro  12,VEREDA PALMAS,Rural,
2163474,12/15/2016,4:30 p.m.,jueves,AUTOMOVIL,PARTICULAR,Conductor,Femenino,No,N/A,HERIDO,Choque,No respetar prelacion,Tramo 372 Kilometro  12,VEREDA PALMAS,Rural,
2163474,12/15/2016,4:30 p.m.,jueves,AUTOMOVIL,PARTICULAR,Conductor,Femenino,No,N/A,HERIDO,Choque,No mantener distancia de seguridad,Tramo 372 Kilometro  12,VEREDA PALMAS,Rural,
2163474,12/15/2016,4:30 p.m.,jueves,AUTOMOVIL,PARTICULAR,Conductor,Masculino,No,N/A,HERIDO,Choque,No respetar prelacion,Tramo 372 Kilometro  12,VEREDA PALMAS,Rural,
2163474,12/15/2016,4:30 p.m.,jueves,AUTOMOVIL,PARTICULAR,Conductor,Masculino,No,N/A,HERIDO,Choque,No mantener distancia de seguridad,Tramo 372 Kilometro  12,VEREDA PALMAS,Rural,
2163474,12/15/2016,4:30 p.m.,jueves,CAMPERO,DIPLOMATICO,Conductor,Masculino,No,N/A,HERIDO,Choque,No respetar prelacion,Tramo 372 Kilometro  12,VEREDA PALMAS,Rural,
2163499,12/15/2016,6:55 p.m.,jueves,AUTOMOVIL,PARTICULAR,Conductor,Masculino,No,N/A,SOLO DAÑOS,Choque,Girar bruscamente,Calle 38  Sur Carrera 31,MESA,Urbana,"(6.165577674, -75.581121822)"
2163499,12/15/2016,6:55 p.m.,jueves,MOTOCICLETA,PARTICULAR,Motociclista,Masculino,No,N/A,SOLO DAÑOS,Choque,Adelantar por la derecha,Calle 38  Sur Carrera 31,MESA,Urbana,"(6.165577674, -75.581121822)"
2163499,12/15/2016,6:55 p.m.,jueves,MOTOCICLETA,PARTICULAR,Motociclista,Masculino,No,N/A,SOLO DAÑOS,Choque,Girar bruscamente,Calle 38  Sur Carrera 31,MESA,Urbana,"(6.165577674, -75.581121822)"
2163499,12/15/2016,6:55 p.m.,jueves,AUTOMOVIL,PARTICULAR,Conductor,Masculino,No,N/A,SOLO DAÑOS,Choque,Adelantar por la derecha,Calle 38  Sur Carrera 31,MESA,Urbana,"(6.165577674, -75.581121822)"
2163498,12/16/2016,11:20 a.m.,viernes,CAMIONETA,PARTICULAR,Conductor,Masculino,No,N/A,SOLO DAÑOS,Choque,Desobedecer senales,Diagonal 33 Transversal 35,LOS NARANJOS,Urbana,"(6.169487409, -75.582046839)"
2163498,12/16/2016,11:20 a.m.,viernes,AUTOMOVIL,PUBLICO,Conductor,Masculino,No,N/A,SOLO DAÑOS,Choque,Desobedecer senales,Diagonal 33 Transversal 35,LOS NARANJOS,Urbana,"(6.169487409, -75.582046839)"
2163473,12/16/2016,12:25 p.m.,viernes,AUTOMOVIL,PARTICULAR,Conductor,Masculino,No,N/A,SOLO DAÑOS,Choque,Adelantar cerrando,Carrera 48 Calle 37  Sur,GLORIETA EXITO,Urbana,"(6.172859211, -75.592769925)"