RADICADO,FECHA,HORA,DÍA DE LA SEMANA,CLASE DE VEHICULO,TIPO DE SERVICIO,TIPO DE VICTIMA,SEXO,ESTADO DE BEODEZ,RESULTADO DE BEODEZ,GRAVEDAD,CLASE DE ACCIDENTE,CAUSA,DIRECCIÓN,BARRIO,AREA,Coordenadas
2163473,12/16/2016,12:25 p.m.,viernes,CAMION,PUBLICO,Conductor,Masculino,No,N/A,SOLO DAÑOS,Choque,Adelantar cerrando,Carrera 48 Calle 37  Sur,GLORIETA EXITO,Urbana,"(6.172859211, -75.592769925)"
2163487,12/16/2016,1:53 p.m.,viernes,MOTOCICLETA,PARTICULAR,Motociclista,Masculino,No,N/A,SOLO DAÑOS,Choque,No respetar prelacion,Calle 37  Sur Carrera 32,LA PRADERA,Urbana,"(6.166691719, -75.581185995)"
2163487,12/16/2016,1:53 p.m.,viernes,AUTOMOVIL,PARTICULAR,Conductor,Masculino,No,N/A,SOLO DAÑOS,Choque,No respetar prelacion,Calle 37  Sur Carrera 32,LA PRADERA,Urbana,"(6.166691719, -75.581185995)"
2163481,12/16/2016,2:30 p.m.,viernes,AUTOMOVIL,PARTICULAR,Conductor,Masculino,No,N/A,HERIDO,Choque,Desobedecer senales,Diagonal 33 Transversal 34 D,LOS NARANJOS,Urbana,"(6.170891508, -75.583140175)"
2163481,12/16/2016,2:30 p.m.,viernes,MOTOCICLETA,PARTICULAR,Motociclista,Femenino,No,N/A,HERIDO,Choque,Desobedecer senales,Diagonal 33 Transversal 34 D,LOS NARANJOS,Urbana,"(6.170891508, -75.583140175)"
2163483,12/16/2016,2:40 p.m.,viernes,BUS,PUBLICO,Conductor,Masculino,No,N/A,SOLO DAÑOS,Choque,Adelantar cerrando,Carrera 43 A Calle 31  Sur,AVENIDA EL POBLADO,Urbana,"(6.176754685, -75.585468966)"
2163483,12/16/2016,2:40 p.m.,viernes,AUTOMOVIL,PARTICULAR,Conductor,Femenino,No,N/A,SOLO DAÑOS,Choque,Adelantar cerrando,Carrera 43 A Calle 31  Sur,AVENIDA EL POBLADO,Urbana,"(6.176754685, -75.585468966)"
2163493,12/16/2016,3:50 p.m.,viernes,CAMIONETA,PARTICULAR,Conductor,Masculino,No,N/A,SOLO DAÑOS,Choque,No mantener distancia de seguridad,Carrera 50 Calle 46  Sur,LAS VEGAS,Urbana,"(6.16131219, -75.603198185)"
2163493,12/16/2016,3:50 p.m.,viernes,CAMION,PUBLICO,Conductor,Masculino,No,N/A,SOLO DAÑOS,Choque,No mantener distancia de seguridad,Carrera 50 Calle 46  Sur,LAS VEGAS,Urbana,"(6.16131219, -75.603198185)"
2163509,12/16/2016,4:30 p.m.,viernes,CAMPERO,PARTICULAR,Conductor,Masculino,No,N/A,SOLO DAÑOS,Choque,Desobedecer senales,Carrera 43 A Calle 44  Sur,PRIMAVERA,Urbana,"(6.1654766, -75.594017219)"
2163509,12/16/2016,4:30 p.m.,viernes,MOTOCICLETA,PARTICULAR,Motociclista,Masculino,No,N/A,SOLO DAÑOS,Choque,Desobedecer senales,Carrera 43 A Calle 44  Sur,PRIMAVERA,Urbana,"(6.1654766, -75.594017219)"
2163508,12/16/2016,6:40 p.m.,viernes,MICROBUS,PUBLICO,Conductor,Masculino,No,N/A,SOLO DAÑOS,Choque,No mantener distancia de seguridad,Calle 50  Sur Carrera 48,LAS VEGAS,Urbana,
2163508,12/16/2016,6:40 p.m.,viernes,CAMIONETA,PARTICULAR,Conductor,Masculino,No,N/A,SOLO DAÑOS,Choque,No mantener distancia de seguridad,Calle 50  Sur Carrera 48,LAS VEGAS,Urbana,
2163497,12/16/2016,7:00 p.m.,viernes,MOTOCICLETA,PARTICULAR,Motociclista,Masculino,No,N/A,HERIDO,Atropello,Otra,Calle 38  Sur Carrera 46,ALCALA,Urbana,"(6.171966643, -75.591369743)"
2163497,12/16/2016,7:00 p.m.,viernes,MOTOCICLETA,PARTICULAR,Motociclista,Masculino,No,N/A,HERIDO,Atropello,Otra,Calle 38  Sur Carrera 46,ALCALA,Urbana,"(6.171966643, -75.591369743)"
2163500,12/16/2016,7:45 p.m.,viernes,CAMPERO,DIPLOMATICO,Conductor,Masculino,No,N/A,SOLO DAÑOS,Choque,No mantener distancia de seguridad,Carrera 48 Calle 35 A Sur,LAS VEGAS,Urbana,"(6.174372875, -75.591531842)"
2163500,12/16/2016,7:45 p.m.,viernes,AUTOMOVIL,PUBLICO,Conductor,Masculino,No,N/A,SOLO DAÑOS,Choque,No mantener distancia de seguridad,Carrera 48 Calle 35 A Sur,LAS VEGAS,Urbana,"(6.174372875, -75.591531842)"
2163502,12/16/2016,10:10 p.m.,viernes,AUTOMOVIL,PARTICULAR,Conductor,Masculino,No,N/A,SOLO DAÑOS,Choque,No respetar prelacion,Tramo 371 Kilometro  12,VEREDA PALMAS,Rural,
2163502,12/16/2016,10:10 p.m.,viernes,MOTOCICLETA,PARTICULAR,Motociclista,Masculino,No,N/A,SOLO DAÑOS,Choque,Poner en marcha un vehiculo sin precauci,Tramo 371 Kilometro  12,VEREDA PALMAS,Rural,
2163502,12/16/2016,10:10 p.m.,viernes,MOTOCICLETA,PARTICULAR,Motociclista,Masculino,No,N/A,SOLO DAÑOS,Choque,No respetar prelacion,Tramo 371 Kilometro  12,VEREDA PALMAS,Rural,
2163502,12/16/2016,10:10 p.m.,viernes,AUTOMOVIL,PARTICULAR,Conductor,Masculino,No,N/A,SOLO DAÑOS,Choque,Poner en marcha un vehiculo sin precauci,Tramo 371 Kilometro  12,VEREDA PALMAS,Rural,
2163488,12/17/2016,8:10 a.m.,sábado,MOTOCICLETA,PARTICULAR,Motociclista,Masculino,No,N/A,HERIDO,Choque,Adelantar por la derecha,Calle 48 C Sur Carrera 43 A,LAS VEGAS,Urbana,"(6.162378903, -75.597630589)"
2163488,12/17/2016,8:10 a.m.,sábado,AUTOMOVIL,PARTICULAR,Conductor,Masculino,No,N/A,HERIDO,Choque,Adelantar por la derecha,Calle 48 C Sur Carrera 43 A,LAS VEGAS,Urbana,"(6.162378903, -75.597630589)"
2163476,12/17/2016,8:50 a.m.,sábado,Sin registro,PUBLICO,Conductor,Masculino,No,N/A,SOLO DAÑOS,Choque,No mantener distancia de seguridad,Calle 25  Sur Carrera 49,LAS VEGAS,Urbana,
2163476,12/17/2016,8:50 a.m.,sábado,AUTOMOVIL,PARTICULAR,Conductor,Masculino,No,N/A,SOLO DAÑOS,Choque,No mantener distancia de seguridad,Calle 25  Sur Carrera 49,LAS VEGAS,Urbana,
2163485,12/17/2016,12:20 p.m.,sábado,AUTOMOVIL,PARTICULAR,Conductor,Femenino,No,N/A,SOLO DAÑOS,Choque,No mantener distancia de seguridad,Tramo 371 Kilometro  13,VEREDA PALMAS,Rural,
2163485,12/17/2016,12:20 p.m.,sábado,CAMIONETA,PARTICULAR,Conductor,Masculino,No,N/A,SOLO DAÑOS,Choque,No mantener distancia de seguridad,Tramo 371 Kilometro  13,VEREDA PALMAS,Rural,
2163485,12/17/2016,12:20 p.m.,sábado,CAMIONETA,PARTICULAR,Conductor,Masculino,No,N/A,SOLO DAÑOS,Choque,No mantener distancia de seguridad,Tramo 371 Kilometro  13,VEREDA PALMAS,Rural,
2163471,12/17/2016,1:30 p.m.,sábado,AUTOMOVIL,PUBLICO,Conductor,Masculino,No,N/A,SOLO DAÑOS,Choque,No mantener distancia de seguridad,Calle 39 A Sur Carrera 30,SAN JOSE,Urbana,
2163471,12/17/2016,1:30 p.m.,sábado,MOTOCICLETA,PARTICULAR,Motociclista,Masculino,No,N/A,SOLO DAÑOS,Choque,No mantener distancia de seguridad,Calle 39 A Sur Carrera 30,SAN JOSE,Urbana,
2163507,12/17/2016,2:00 p.m.,sábado,AUTOMOVIL,PARTICULAR,Conductor,Femenino,No,N/A,SOLO DAÑOS,Choque,No mantener distancia de seguridad,Carrera 48 Calle 32 B Sur,LAS VEGAS,Urbana,"(6.176994311, -75.589841192)"
2163507,12/17/2016,2:00 p.m.,sábado,AUTOMOVIL,PARTICULAR,Conductor,Masculino,No,N/A,SOLO DAÑOS,Choque,No mantener distancia de seguridad,Carrera 48 Calle 32 B Sur,LAS VEGAS,Urbana,"(6.176994311, -75.589841192)"
2163480,12/17/2016,2:10 p.m.,sábado,MOTOCICLETA,PARTICULAR,Motociclista,Masculino,No,N/A,HERIDO,Caida Ocupante,Impericia en el manejo,Calle 40  Sur Carrera 27,SAN JOSE,Urbana,"(6.158366235, -75.580807934)"
2163503,12/17/2016,3:15 p.m.,sábado,AUTOMOVIL,PARTICULAR,Conductor,Masculino,No,N/A,SOLO DAÑOS,Choque,No mantener distancia de seguridad,Carrera 48 Calle 19  Sur,LAS VEGAS,Urbana,"(6.187349001, -75.581535682)"
2163503,12/17/2016,3:15 p.m.,sábado,CAMPERO,PARTICULAR,Conductor,Masculino,No,N/A,SOLO DAÑOS,Choque,No mantener distancia de seguridad,Carrera 48 Calle 19  Sur,LAS VEGAS,Urbana,"(6.187349001, -75.581535682)"
2163511,12/17/2016,3:15 p.m.,sábado,MOTOCICLETA,PARTICULAR,Motociclista,Masculino,No,N/A,SOLO DAÑOS,Choque,Adelantar en zona prohibida,Calle 36 D Sur Carrera 27 A,VEREDA EL ESCOBERO,Urbana,"(6.164831751, -75.574234965)"
2163511,12/17/2016,3:15 p.m.,sábado,CAMPERO,PARTICULAR,Conductor,Masculino,No,N/A,SOLO DAÑOS,Choque,Adelantar en zona prohibida,Calle 36 D Sur Carrera 27 A,VEREDA EL ESCOBERO,Urbana,"(6.164831751, -75.574234965)"
2163510,12/17/2016,4:50 p.m.,sábado,AUTOMOVIL,PARTICULAR,Conductor,Femenino,No,N/A,SOLO DAÑOS,Choque,Adelantar por la derecha,Tramo 372 Kilometro  16,VEREDA PALMAS,Rural,
2163510,12/17/2016,4:50 p.m.,sábado,MOTOCICLETA,PARTICULAR,Motociclista,Masculino,No,N/A,SOLO DAÑOS,Choque,Adelantar por la derecha,Tramo 372 Kilometro  16,VEREDA PALMAS,Rural,
2163484,12/17/2016,6:00 p.m.,sábado,MOTOCICLETA,DIPLOMATICO,Motociclista,Masculino,No,N/A,HERIDO,Choque,Desobedecer senales,Diagonal 33 Transversal 32 C Sur,LA MAGNOLIA,Urbana,"(6.174362764, -75.584458996)"
2163484,12/17/2016,6:00 p.m.,sábado,AUTOMOVIL,PARTICULAR,Conductor,Masculino,No,N/A,HERIDO,Choque,Desobedecer senales,Diagonal 33 Transversal 32 C Sur,LA MAGNOLIA,Urbana,"(6.174362764, -75.584458996)"
2163482,12/17/2016,6:45 p.m.,sábado,CAMPERO,PARTICULAR,Conductor,Masculino,No,N/A,SOLO DAÑOS,Choque,Vehiculo mal estacionado,Calle 39 D Sur Carrera 25,EL SALADO,Urbana,"(6.154343948, -75.578021489)"
2163482,12/17/2016,6:45 p.m.,sábado,CAMIONETA,PARTICULAR,Conductor,Masculino,No,N/A,SOLO DAÑOS,Choque,Impericia en el manejo,Calle 39 D Sur Carrera 25,EL SALADO,Urbana,"(6.154343948, -75.578021489)"
2163482,12/17/2016,6:45 p.m.,sábado,CAMIONETA,PARTICULAR,Conductor,Masculino,No,N/A,SOLO DAÑOS,Choque,Vehiculo mal estacionado,Calle 39 D Sur Carrera 25,EL SALADO,Urbana,"(6.154343948, -75.578021489)"
2163482,12/17/2016,6:45 p.m.,sábado,CAMPERO,PARTICULAR,Conductor,Masculino,No,N/A,SOLO DAÑOS,Choque,Impericia en el manejo,Calle 39 D Sur Carrera 25,EL SALADO,Urbana,"(6.154343948, -75.578021489)"
2163516,12/17/2016,10:05 p.m.,sábado,AUTOMOVIL,PARTICULAR,Conductor,Femenino,No,N/A,SOLO DAÑOS,Choque,Adelantar cerrando,Carrera 43 A Calle 40  Sur,ZONA CENTRO,Urbana,"(6.168044687, -75.59026877)"
2163516,12/17/2016,10:05 p.m.,sábado,AUTOMOVIL,PARTICULAR,Conductor,Masculino,No,N/A,SOLO DAÑOS,Choque,Adelantar cerrando,Carrera 43 A Calle 40  Sur,ZONA CENTRO,Urbana,"(6.168044687, -75.59026877)"
2163477,12/17/2016,10:50 p.m.,sábado,MOTOCICLETA,DIPLOMATICO,Motociclista,Sin registro,No,N/A,HERIDO,Choque,Semaforo en rojo,Calle 37  Sur Carrera 48,LAS VEGAS,Urbana,"(6.17412211, -75.593061115)"
2163477,12/17/2016,10:50 p.m.,sábado,MOTOCICLETA,PARTICULAR,Motociclista,Masculino,No,N/A,HERIDO,Choque,Semaforo en rojo,Calle 37  Sur Carrera 48,LAS VEGAS,Urbana,"(6.17412211, -75.593061115)"
2163491,12/17/2016,11:30 p.m.,sábado,AUTOMOVIL,PARTICULAR,Conductor,Masculino,No,N/A,SOLO DAÑOS,Choque,Semaforo en rojo,Carrera 48 Calle 30  Sur,LAS VEGAS,Urbana,"(6.179366643, -75.588084104)"
2163491,12/17/2016,11:30 p.m.,sábado,AUTOMOVIL,PARTICULAR,Conductor,Masculino,No,N/A,SOLO DAÑOS,Choque,Semaforo en rojo,Carrera 48 Calle 30  Sur,LAS VEGAS,Urbana,"(6.179366643, -75.588084104)"
2163529,12/18/2016,11:20 a.m.,domingo,MOTOCICLETA,PARTICULAR,Motociclista,Masculino,No,N/A,SOLO DAÑOS,Choque,Adelantar en zona prohibida,Transversal 34  Sur Diagonal 32 D,LA MAGNOLIA,Urbana,"(6.172948966, -75.583251171)"
2163529,12/18/2016,11:20 a.m.,domingo,AUTOMOVIL,PARTICULAR,Conductor,Masculino,No,N/A,SOLO DAÑOS,Choque,Adelantar en zona prohibida,Transversal 34  Sur Diagonal 32 D,LA MAGNOLIA,Urbana,"(6.172948966, -75.583251171)"
2163513,12/18/2016,12:10 p.m.,domingo,MOTOCICLETA,DIPLOMATICO,Motociclista,Masculino,No,N/A,SOLO DAÑOS,Choque,Otra,Calle 26 A Sur Carrera 42 B,LAS ORQUIDEAS,Urbana,"(6.177324883, -75.579423678)"
2163518,12/18/2016,2:50 p.m.,domingo,BUS,PUBLICO,Conductor,Masculino,No,N/A,SOLO DAÑOS,Choque,Adelantar en zona prohibida,Calle 21  Sur Carrera 41 AA,N/R,Urbana,"(6.182549881, -75.577500332)"
2163518,12/18/2016,2:50 p.m.,domingo,AUTOMOVIL,PARTICULAR,Conductor,Masculino,No,N/A,SOLO DAÑOS,Choque,Desobedecer senales,Calle 21  Sur Carrera 41 AA,N/R,Urbana,"(6.182549881, -75.577500332)"
2163518,12/18/2016,2:50 p.m.,domingo,AUTOMOVIL,PARTICULAR,Conductor,Masculino,No,N/A,SOLO DAÑOS,Choque,Adelantar en zona prohibida,Calle 21  Sur Carrera 41 AA,N/R,Urbana,"(6.182549881, -75.577500332)"
2163518,12/18/2016,2:50 p.m.,domingo,BUS,PUBLICO,Conductor,Masculino,No,N/A,SOLO DAÑOS,Choque,Desobedecer senales,Calle 21  Sur Carrera 41 AA,N/R,Urbana,"(6.182549881, -75.577500332)"
2163486,12/18/2016,4:36 p.m.,domingo,MOTOCICLETA,PARTICULAR,Motociclista,Masculino,No,N/A,SOLO DAÑOS,Choque,Semaforo en rojo,Calle 38  Sur Carrera 39,ZONA CENTRO,Urbana,"(6.16839174, -75.585247797)"
2163486,12/18/2016,4:36 p.m.,domingo,AUTOMOVIL,PARTICULAR,Conductor,Femenino,No,N/A,SOLO DAÑOS,Choque,Semaforo en rojo,Calle 38  Sur Carrera 39,ZONA CENTRO,Urbana,"(6.16839174, -75.585247797)"
2163472,12/18/2016,4:40 p.m.,domingo,MOTOCICLETA,PARTICULAR,Motociclista,Femenino,No,N/A,SOLO DAÑOS,Choque,Adelantar en zona prohibida,Calle 40 F Sur Carrera 25 AB,LA MINA,Urbana,"(6.156115722, -75.582407469)"
2163472,12/18/2016,4:40 p.m.,domingo,AUTOMOVIL,PARTICULAR,Conductor,Masculino,No,N/A,SOLO DAÑOS,Choque,Adelantar en zona prohibida,Calle 40 F Sur Carrera 25 AB,LA MINA,Urbana,"(6.156115722, -75.582407469)"
2163469,12/18/2016,7:40 p.m.,domingo,MOTOCICLETA,PARTICULAR,Motociclista,Masculino,No,N/A,HERIDO,Caida Ocupante,Impericia en el manejo,Calle 40  Sur Carrera 24 F,EL SALADO,Urbana,"(6.151179811, -75.577599332)"
2163495,12/18/2016,7:50 p.m.,domingo,AUTOMOVIL,PARTICULAR,Conductor,Masculino,No,N/A,SOLO DAÑOS,Choque,Otra,Carrera 50 Calle 37  Sur,LAS VEGAS,Urbana,
2163495,12/18/2016,7:50 p.m.,domingo,MOTOCICLETA,PARTICULAR,Motociclista,Masculino,No,N/A,SOLO DAÑOS,Choque,Otra,Carrera 50 Calle 37  Sur,LAS VEGAS,Urbana,
2170415,12/19/2016,7:30 p.m.,lunes,AUTOMOVIL,PARTICULAR,Conductor,Femenino,No,N/A,SOLO DAÑOS,Choque,Otra,Calle 32  Sur Carrera 48,LAS VEGAS,Urbana,
2163492,12/18/2016,8:30 p.m.,domingo,AUTOMOVIL,PARTICULAR,Conductor,Masculino,No,N/A,SOLO DAÑOS,Choque,Otra,Calle 39 B Sur Carrera 25,EL CHINGU├ì,Urbana,"(6.154772856, -75.574886148)"
2163492,12/18/2016,8:30 p.m.,domingo,AUTOMOVIL,PARTICULAR,Conductor,Masculino,No,N/A,SOLO DAÑOS,Choque,Otra,Calle 39 B Sur Carrera 25,EL CHINGU├ì,Urbana,"(6.154772856, -75.574886148)"
2163494,12/18/2016,8:55 p.m.,domingo,AUTOMOVIL,PARTICULAR,Conductor,Femenino,No,N/A,SOLO DAÑOS,Choque,No mantener distancia de seguridad,Tramo 371 Kilometro  8,VEREDA PALMAS,Rural,
2163494,12/18/2016,8:55 p.m.,domingo,AUTOMOVIL,PARTICULAR,Conductor,Masculino,No,N/A,SOLO DAÑOS,Choque,No mantener distancia de seguridad,Tramo 371 Kilometro  8,VEREDA PALMAS,Rural,
2163504,12/18/2016,9:45 p.m.,domingo,CAMIONETA,PARTICULAR,Conductor,Masculino,No,N/A,SOLO DAÑOS,Choque,Obstaculos en la via,Calle 38 B Sur Carrera 26,N/R,Urbana,
2163506,12/18/2016,11:40 p.m.,domingo,CAMPERO,PARTICULAR,Conductor,Masculino,No,N/A,SOLO DAÑOS,Choque,Dejar o movilizar semovientes,Tramo 371 Kilometro  12,VEREDA PALMAS,Rural,
2163506,12/18/2016,11:40 p.m.,domingo,AUTOMOVIL,PARTICULAR,Conductor,Masculino,No,N/A,SOLO DAÑOS,Choque,Dejar o movilizar semovientes,Tramo 371 Kilometro  12,VEREDA PALMAS,Rural,
2163515,12/19/2016,11:40 a.m.,lunes,AUTOMOVIL,PARTICULAR,Conductor,Masculino,No,N/A,SOLO DAÑOS,Choque,No mantener distancia de seguridad,Calle 46 A Sur Carrera 50,LAS VEGAS,Urbana,
2163515,12/19/2016,11:40 a.m.,lunes,AUTOMOVIL,PARTICULAR,Conductor,Masculino,No,N/A,SOLO DAÑOS,Choque,No mantener distancia de seguridad,Calle 46 A Sur Carrera 50,LAS VEGAS,Urbana,
2163515,12/19/2016,11:40 a.m.,lunes,MOTOCICLETA,PARTICULAR,Motociclista,Masculino,No,N/A,SOLO DAÑOS,Choque,No mantener distancia de seguridad,Calle 46 A Sur Carrera 50,LAS VEGAS,Urbana,
2163531,12/19/2016,12:30 p.m.,lunes,CAMIONETA,PARTICULAR,Conductor,Sin registro,No,N/A,SOLO DAÑOS,Choque,Poner en marcha un vehiculo sin precauci,Diagonal 40 Transversal 36,LA MAGNOLIA,Urbana,
2163531,12/19/2016,12:30 p.m.,lunes,CAMIONETA,PARTICULAR,Conductor,Femenino,No,N/A,SOLO DAÑOS,Choque,Poner en marcha un vehiculo sin precauci,Diagonal 40 Transversal 36,LA MAGNOLIA,Urbana,
2163526,12/19/2016,1:10 p.m.,lunes,Sin registro,PARTICULAR,Conductor,Femenino,No,N/A,SOLO DAÑOS,Choque,Exceso de velocidad,Tramo 376 Kilometro  9,VEREDA PERICO,Rural,
2163526,12/19/2016,1:10 p.m.,lunes,MOTOCICLETA,PARTICULAR,Motociclista,Masculino,No,N/A,SOLO DAÑOS,Choque,Exceso de velocidad,Tramo 376 Kilometro  9,VEREDA PERICO,Rural,
2163519,12/19/2016,1:30 p.m.,lunes,MICROBUS,PUBLICO,Conductor,Masculino,No,N/A,SOLO DAÑOS,Choque,Desobedecer senales,Calle 38  Sur Carrera 43 A,ZONA CENTRO,Urbana,"(6.170537577, -75.588625139)"
2163519,12/19/2016,1:30 p.m.,lunes,CAMIONETA,PUBLICO,Conductor,Masculino,No,N/A,SOLO DAÑOS,Choque,Desobedecer senales,Calle 38  Sur Carrera 43 A,ZONA CENTRO,Urbana,"(6.170537577, -75.588625139)"
2163512,12/19/2016,2:40 p.m.,lunes,CAMPERO,PARTICULAR,Conductor,Masculino,No,N/A,SOLO DAÑOS,Choque,Adelantar cerrando,Carrera 48 Calle 25 AA Sur,LAS VEGAS,Urbana,"(6.183765745, -75.584690349)"
2163512,12/19/2016,2:40 p.m.,lunes,AUTOMOVIL,PARTICULAR,Conductor,Femenino,No,N/A,SOLO DAÑOS,Choque,Adelantar cerrando,Carrera 48 Calle 25 AA Sur,LAS VEGAS,Urbana,"(6.183765745, -75.584690349)"
2163532,12/19/2016,3:30 p.m.,lunes,AUTOMOVIL,PUBLICO,Conductor,Masculino,No,N/A,SOLO DAÑOS,Choque,No mantener distancia de seguridad,Calle 48 C Sur Carrera 48,LAS VEGAS,Urbana,"(6.159138282, -75.596259706)"
2163532,12/19/2016,3:30 p.m.,lunes,CAMIONETA,PARTICULAR,Conductor,Masculino,No,N/A,SOLO DAÑOS,Choque,No mantener distancia de seguridad,Calle 48 C Sur Carrera 48,LAS VEGAS,Urbana,"(6.159138282, -75.596259706)"
2163514,12/19/2016,5:00 p.m.,lunes,AUTOMOVIL,PARTICULAR,Conductor,Masculino,No,N/A,SOLO DAÑOS,Choque,No mantener distancia de seguridad,Carrera 50 Calle 38  Sur,LAS VEGAS,Urbana,
2163514,12/19/2016,5:00 p.m.,lunes,MOTOCICLETA,PARTICULAR,Motociclista,Masculino,No,N/A,SOLO DAÑOS,Choque,No mantener distancia de seguridad,Carrera 50 Calle 38  Sur,LAS VEGAS,Urbana,
2163527,12/19/2016,5:04 p.m.,lunes,CAMPERO,PARTICULAR,Conductor,Femenino,No,N/A,SOLO DAÑOS,Choque,Transitar entre vehiculos,Tramo 372 Kilometro  16,VEREDA PALMAS,Rural,
2163527,12/19/2016,5:04 p.m.,lunes,MOTOCICLETA,PARTICULAR,Motociclista,Masculino,No,N/A,SOLO DAÑOS,Choque,Transitar entre vehiculos,Tramo 372 Kilometro  16,VEREDA PALMAS,Rural,
2170415,12/19/2016,7:30 p.m.,lunes,MOTOCICLETA,PARTICULAR,Motociclista,Masculino,No,N/A,SOLO DAÑOS,Choque,Otra,Calle 32  Sur Carrera 48,LAS VEGAS,Urbana,
2163520,12/19/2016,8:00 p.m.,lunes,CAMIONETA,PUBLICO,Conductor,Masculino,No,N/A,SOLO DAÑOS,Choque,No mantener distancia de seguridad,Carrera 43 A Calle 50  Sur,LAS CASITAS,Urbana,"(6.160125495, -75.602078994)"
2163520,12/19/2016,8:00 p.m.,lunes,CAMIONETA,PARTICULAR,Conductor,Femenino,No,N/A,SOLO DAÑOS,Choque,No mantener distancia de seguridad,Carrera 43 A Calle 50  Sur,LAS CASITAS,Urbana,"(6.160125495, -75.602078994)"
2163537,12/19/2016,8:40 p.m.,lunes,AUTOMOVIL,PARTICULAR,Conductor,Masculino,No,N/A,HERIDO,Atropello,Cruzar sin observar,Carrera 50 Calle 30  Sur,LAS VEGAS,Urbana,
2163517,12/19/2016,10:00 p.m.,lunes,AUTOMOVIL,PARTICULAR,Conductor,Masculino,No,N/A,SOLO DAÑOS,Choque,Otra,Diagonal 40 Transversal 34  Sur,OBRERO,Urbana,"(6.172071276, -75.58511796)"
2163517,12/19/2016,10:00 p.m.,lunes,MOTOCICLETA,PARTICULAR,Motociclista,Sin registro,No,N/A,SOLO DAÑOS,Choque,Otra,Diagonal 40 Transversal 34  Sur,OBRERO,Urbana,"(6.172071276, -75.58511796)"
2163530,12/20/2016,6:40 a.m.,martes,AUTOMOVIL,PARTICULAR,Conductor,Masculino,No,N/A,SOLO DAÑOS,Choque,No mantener distancia de seguridad,Carrera 48 Calle 38 A Sur,LAS VEGAS,Urbana,"(6.172315595, -75.59309025)"
2163530,12/20/2016,6:40 a.m.,martes,AUTOMOVIL,PUBLICO,Conductor,Masculino,No,N/A,SOLO DAÑOS,Choque,No mantener distancia de seguridad,Carrera 48 Calle 38 A Sur,LAS VEGAS,Urbana,"(6.172315595, -75.59309025)"
2163549,12/20/2016,8:20 a.m.,martes,BUS,PUBLICO,Conductor,Masculino,No,N/A,SOLO DAÑOS,Choque,Desobedecer senales,Calle 38  Sur Carrera 36,MESA,Urbana,"(6.167371692, -75.58367367)"
2163549,12/20/2016,8:20 a.m.,martes,CAMIONETA,PARTICULAR,Conductor,Masculino,No,N/A,SOLO DAÑOS,Choque,Desobedecer senales,Calle 38  Sur Carrera 36,MESA,Urbana,"(6.167371692, -75.58367367)"
2163525,12/20/2016,10:30 a.m.,martes,AUTOMOVIL,PARTICULAR,Conductor,Masculino,No,N/A,SOLO DAÑOS,Choque,Girar bruscamente,Carrera 38 Calle 38 A Sur,MESA,Urbana,"(6.167222359, -75.585113611)"
2163525,12/20/2016,10:30 a.m.,martes,CAMION,PUBLICO,Conductor,Masculino,No,N/A,SOLO DAÑOS,Choque,Girar bruscamente,Carrera 38 Calle 38 A Sur,MESA,Urbana,"(6.167222359, -75.585113611)"
2163524,12/20/2016,11:00 a.m.,martes,CAMIONETA,PARTICULAR,Conductor,Sin registro,No,N/A,SOLO DAÑOS,Choque,Semaforo en rojo,Calle 21  Sur Carrera 43 A,ZU├æIGA,Urbana,"(6.18399286, -75.579597643)"
2163524,12/20/2016,11:00 a.m.,martes,MOTOCICLETA,PARTICULAR,Motociclista,Masculino,No,N/A,SOLO DAÑOS,Choque,Semaforo en rojo,Calle 21  Sur Carrera 43 A,ZU├æIGA,Urbana,"(6.18399286, -75.579597643)"
2163543,12/20/2016,12:00 p.m.,martes,MOTOCICLETA,PARTICULAR,Motociclista,Masculino,No,N/A,SOLO DAÑOS,Choque,Transitar entre vehiculos,Calle 19  Sur Carrera 48,LAS VEGAS,Urbana,
2163543,12/20/2016,12:00 p.m.,martes,CAMPERO,DIPLOMATICO,Conductor,Masculino,No,N/A,SOLO DAÑOS,Choque,Transitar entre vehiculos,Calle 19  Sur Carrera 48,LAS VEGAS,Urbana,
2163538,12/20/2016,1:20 p.m.,martes,AUTOMOVIL,PARTICULAR,Conductor,Femenino,No,N/A,SOLO DAÑOS,Choque,Adelantar por la derecha,Carrera 27 D Calle 34  Sur,LA INMACULADA,Urbana,"(6.171895479, -75.57503368)"
2163538,12/20/2016,1:20 p.m.,martes,MOTOCICLETA,PARTICULAR,Motociclista,Masculino,No,N/A,SOLO DAÑOS,Choque,Adelantar por la derecha,Carrera 27 D Calle 34  Sur,LA INMACULADA,Urbana,"(6.171895479, -75.57503368)"
2163528,12/20/2016,1:40 p.m.,martes,AUTOMOVIL,PARTICULAR,Conductor,Masculino,No,N/A,SOLO DAÑOS,Choque,No mantener distancia de seguridad,Carrera 50 Calle 43  Sur,LAS VEGAS,Urbana,
2163528,12/20/2016,1:40 p.m.,martes,CAMIONETA,PARTICULAR,Conductor,Masculino,No,N/A,SOLO DAÑOS,Choque,No mantener distancia de seguridad,Carrera 50 Calle 43  Sur,LAS VEGAS,Urbana,
2163540,12/20/2016,2:00 p.m.,martes,AUTOMOVIL,PARTICULAR,Conductor,Femenino,No,N/A,SOLO DAÑOS,Choque,Impericia en el manejo,Calle 24  Sur Carrera 38,ZU├æIGA,Urbana,"(6.177798131, -75.5727217)"
2163542,12/20/2016,3:30 p.m.,martes,AUTOMOVIL,PUBLICO,Conductor,Masculino,No,N/A,SOLO DAÑOS,Choque,Desobedecer senales,Carrera 39 B Calle 46 E Sur,EL TRIANON,Urbana,"(6.158812668, -75.591686599)"