RADICADO,FECHA,HORA,DÍA DE LA SEMANA,CLASE DE VEHICULO,TIPO DE SERVICIO,TIPO DE VICTIMA,SEXO,ESTADO DE BEODEZ,RESULTADO DE BEODEZ,GRAVEDAD,CLASE DE ACCIDENTE,CAUSA,DIRECCIÓN,BARRIO,AREA,Coordenadas
2163542,12/20/2016,3:30 p.m.,martes,MOTOCICLETA,PARTICULAR,Motociclista,Femenino,No,N/A,SOLO DAÑOS,Choque,Desobedecer senales,Carrera 39 B Calle 46 E Sur,EL TRIANON,Urbana,"(6.158812668, -75.591686599)"
2163533,12/20/2016,3:50 p.m.,martes,AUTOMOVIL,PUBLICO,Conductor,Masculino,No,N/A,HERIDO,Choque,Desobedecer senales,Calle 37  Sur Carrera 49,LAS VEGAS,Urbana,"(6.174789471, -75.594204243)"
2163533,12/20/2016,3:50 p.m.,martes,MOTOCICLETA,PARTICULAR,Motociclista,Femenino,No,N/A,HERIDO,Choque,Desobedecer senales,Calle 37  Sur Carrera 49,LAS VEGAS,Urbana,"(6.174789471, -75.594204243)"
2163558,12/20/2016,5:00 p.m.,martes,AUTOMOVIL,PARTICULAR,Conductor,Masculino,No,N/A,SOLO DAÑOS,Choque,Exceso de velocidad,Tramo 376 Kilometro  2,VEREDA PERICO,Rural,
2163558,12/20/2016,5:00 p.m.,martes,AUTOMOVIL,PARTICULAR,Conductor,Masculino,No,N/A,SOLO DAÑOS,Choque,Exceso de velocidad,Tramo 376 Kilometro  2,VEREDA PERICO,Rural,
2171381,12/20/2016,7:05 p.m.,martes,BUS,PUBLICO,Conductor,Masculino,No,N/A,SOLO DAÑOS,Choque,Otra,Calle 38  Sur Carrera 42,N/R,Urbana,"(6.16961293, -75.587384695)"
2171381,12/20/2016,7:05 p.m.,martes,AUTOMOVIL,PARTICULAR,Conductor,Femenino,No,N/A,SOLO DAÑOS,Choque,Otra,Calle 38  Sur Carrera 42,N/R,Urbana,"(6.16961293, -75.587384695)"
2163547,12/20/2016,9:15 p.m.,martes,AUTOMOVIL,DIPLOMATICO,Conductor,Masculino,No,N/A,SOLO DAÑOS,Choque,Girar bruscamente,Calle 42  Sur Carrera 25,LAS ANTILLAS,Urbana,
2163547,12/20/2016,9:15 p.m.,martes,AUTOMOVIL,PARTICULAR,Conductor,Masculino,No,N/A,SOLO DAÑOS,Choque,Girar bruscamente,Calle 42  Sur Carrera 25,LAS ANTILLAS,Urbana,
2163522,12/20/2016,11:00 p.m.,martes,AUTOMOVIL,PUBLICO,Conductor,Masculino,No,N/A,HERIDO,Choque,Exceso de velocidad,Calle 37  Sur Carrera 48,ALCALA,Urbana,"(6.17412211, -75.593061115)"
2163523,12/21/2016,12:15 a.m.,miércoles,AUTOMOVIL,PARTICULAR,Conductor,Masculino,No,N/A,SOLO DAÑOS,Choque,Otra,Carrera 43 A Calle 21  Sur,AVENIDA EL POBLADO,Urbana,"(6.183599544, -75.579409862)"
2163523,12/21/2016,12:15 a.m.,miércoles,MOTOCICLETA,PARTICULAR,Motociclista,Femenino,No,N/A,SOLO DAÑOS,Choque,Otra,Carrera 43 A Calle 21  Sur,AVENIDA EL POBLADO,Urbana,"(6.183599544, -75.579409862)"
2163536,12/21/2016,6:50 a.m.,miércoles,AUTOMOVIL,PARTICULAR,Conductor,Femenino,No,N/A,SOLO DAÑOS,Choque,No mantener distancia de seguridad,Carrera 50 Calle 26  Sur,LAS VEGAS,Urbana,"(6.184812544, -75.586911093)"
2163536,12/21/2016,6:50 a.m.,miércoles,AUTOMOVIL,PARTICULAR,Conductor,Masculino,No,N/A,SOLO DAÑOS,Choque,No mantener distancia de seguridad,Carrera 50 Calle 26  Sur,LAS VEGAS,Urbana,"(6.184812544, -75.586911093)"
2163536,12/21/2016,6:50 a.m.,miércoles,AUTOMOVIL,PARTICULAR,Conductor,Femenino,No,N/A,SOLO DAÑOS,Choque,No mantener distancia de seguridad,Carrera 50 Calle 26  Sur,LAS VEGAS,Urbana,"(6.184812544, -75.586911093)"
2163546,12/21/2016,7:10 a.m.,miércoles,AUTOMOVIL,PUBLICO,Conductor,Masculino,No,N/A,SOLO DAÑOS,Choque,Poner en marcha un vehiculo sin precauci,Tramo 372 Kilometro  5,VEREDA PALMAS,Rural,
2163546,12/21/2016,7:10 a.m.,miércoles,MOTOCICLETA,PARTICULAR,Motociclista,Masculino,No,N/A,SOLO DAÑOS,Choque,Poner en marcha un vehiculo sin precauci,Tramo 372 Kilometro  5,VEREDA PALMAS,Rural,
2163534,12/21/2016,7:40 a.m.,miércoles,MOTOCICLETA,PARTICULAR,Motociclista,Masculino,No,N/A,SOLO DAÑOS,Choque,No mantener distancia de seguridad,Calle 37  Sur Carrera 29,LA MAGNOLIA,Urbana,"(6.165886877, -75.579550992)"
2163534,12/21/2016,7:40 a.m.,miércoles,CAMPERO,PARTICULAR,Conductor,Masculino,No,N/A,SOLO DAÑOS,Choque,No mantener distancia de seguridad,Calle 37  Sur Carrera 29,LA MAGNOLIA,Urbana,"(6.165886877, -75.579550992)"
2163535,12/21/2016,8:10 a.m.,miércoles,CAMPERO,PARTICULAR,Conductor,Sin registro,No,N/A,SOLO DAÑOS,Choque,No mantener distancia de seguridad,Calle 46 A Sur Carrera 50,LAS VEGAS,Urbana,
2163535,12/21/2016,8:10 a.m.,miércoles,AUTOMOVIL,PARTICULAR,Conductor,Femenino,No,N/A,SOLO DAÑOS,Choque,No mantener distancia de seguridad,Calle 46 A Sur Carrera 50,LAS VEGAS,Urbana,
2163548,12/21/2016,11:00 a.m.,miércoles,CAMPERO,PARTICULAR,Conductor,Masculino,No,N/A,SOLO DAÑOS,Choque,Desobedecer senales,Carrera 27 Calle 36  Sur,EL CHOCHO,Urbana,"(6.167009975, -75.569278076)"
2163548,12/21/2016,11:00 a.m.,miércoles,CAMPERO,PARTICULAR,Conductor,Masculino,No,N/A,SOLO DAÑOS,Choque,Desobedecer senales,Carrera 27 Calle 36  Sur,EL CHOCHO,Urbana,"(6.167009975, -75.569278076)"
2163551,12/21/2016,11:00 a.m.,miércoles,CAMIONETA,PARTICULAR,Conductor,Femenino,No,N/A,SOLO DAÑOS,Otro,Impericia en el manejo,Calle 38 A Sur Carrera 41,ZONA CENTRO,Urbana,"(6.168560755, -75.587015366)"
2163554,12/21/2016,12:45 p.m.,miércoles,AUTOMOVIL,PARTICULAR,Conductor,Femenino,No,N/A,SOLO DAÑOS,Choque,Desobedecer senales,Carrera 42 D Calle 46 E Sur,LA PAZ,Urbana,"(6.162815564, -75.595438787)"
2163554,12/21/2016,12:45 p.m.,miércoles,AUTOMOVIL,PARTICULAR,Conductor,Masculino,No,N/A,SOLO DAÑOS,Choque,Desobedecer senales,Carrera 42 D Calle 46 E Sur,LA PAZ,Urbana,"(6.162815564, -75.595438787)"
2163556,12/21/2016,2:15 p.m.,miércoles,CAMIONETA,PARTICULAR,Conductor,Masculino,No,N/A,SOLO DAÑOS,Choque,No mantener distancia de seguridad,Tramo 371 Kilometro  1,N/R,Rural,
2163556,12/21/2016,2:15 p.m.,miércoles,AUTOMOVIL,PARTICULAR,Conductor,Masculino,No,N/A,SOLO DAÑOS,Choque,No mantener distancia de seguridad,Tramo 371 Kilometro  1,N/R,Rural,
2163541,12/21/2016,2:20 p.m.,miércoles,AUTOMOVIL,PARTICULAR,Conductor,Femenino,No,N/A,SOLO DAÑOS,Choque,No mantener distancia de seguridad,Carrera 48 Calle 39  Sur,LAS VEGAS,Urbana,"(6.17163722, -75.593649993)"
2163541,12/21/2016,2:20 p.m.,miércoles,AUTOMOVIL,PARTICULAR,Conductor,Femenino,No,N/A,SOLO DAÑOS,Choque,No mantener distancia de seguridad,Carrera 48 Calle 39  Sur,LAS VEGAS,Urbana,"(6.17163722, -75.593649993)"
2163544,12/21/2016,2:40 p.m.,miércoles,AUTOMOVIL,PARTICULAR,Conductor,Masculino,No,N/A,SOLO DAÑOS,Choque,No mantener distancia de seguridad,Calle 41  Sur Carrera 31,SAN JOSE,Urbana,"(6.160543478, -75.585336075)"
2163544,12/21/2016,2:40 p.m.,miércoles,MOTOCICLETA,PARTICULAR,Motociclista,Masculino,No,N/A,SOLO DAÑOS,Choque,Reverso imprudente,Calle 41  Sur Carrera 31,SAN JOSE,Urbana,"(6.160543478, -75.585336075)"
2163544,12/21/2016,2:40 p.m.,miércoles,MOTOCICLETA,PARTICULAR,Motociclista,Masculino,No,N/A,SOLO DAÑOS,Choque,No mantener distancia de seguridad,Calle 41  Sur Carrera 31,SAN JOSE,Urbana,"(6.160543478, -75.585336075)"
2163544,12/21/2016,2:40 p.m.,miércoles,AUTOMOVIL,PARTICULAR,Conductor,Masculino,No,N/A,SOLO DAÑOS,Choque,Reverso imprudente,Calle 41  Sur Carrera 31,SAN JOSE,Urbana,"(6.160543478, -75.585336075)"
2163539,12/21/2016,6:20 p.m.,miércoles,AUTOMOVIL,PUBLICO,Conductor,Masculino,No,N/A,HERIDO,Atropello,Impericia en el manejo,Calle 38  Sur Carrera 41,ZONA CENTRO,Urbana,"(6.169244976, -75.586588065)"
2163552,12/21/2016,7:00 p.m.,miércoles,AUTOMOVIL,PUBLICO,Conductor,Masculino,No,N/A,SOLO DAÑOS,Choque,Adelantar cerrando,Calle 37  Sur Carrera 48,LAS VEGAS,Urbana,"(6.17412211, -75.593061115)"
2163552,12/21/2016,7:00 p.m.,miércoles,CAMPERO,PARTICULAR,Conductor,Masculino,No,N/A,SOLO DAÑOS,Choque,Adelantar cerrando,Calle 37  Sur Carrera 48,LAS VEGAS,Urbana,"(6.17412211, -75.593061115)"
2163545,12/21/2016,10:50 p.m.,miércoles,CAMPERO,PARTICULAR,Conductor,Masculino,No,N/A,SOLO DAÑOS,Choque,No mantener distancia de seguridad,Carrera 27 B Calle 27 D Sur,N/R,Urbana,"(6.169317472, -75.572212264)"
2163545,12/21/2016,10:50 p.m.,miércoles,CAMPERO,PARTICULAR,Conductor,Masculino,No,N/A,SOLO DAÑOS,Choque,No mantener distancia de seguridad,Carrera 27 B Calle 27 D Sur,N/R,Urbana,"(6.169317472, -75.572212264)"
2163550,12/22/2016,8:05 a.m.,jueves,AUTOMOVIL,PARTICULAR,Conductor,Masculino,No,N/A,SOLO DAÑOS,Choque,No mantener distancia de seguridad,Calle 50  Sur Carrera 48,LAS VEGAS,Urbana,
2163550,12/22/2016,8:05 a.m.,jueves,AUTOMOVIL,PARTICULAR,Conductor,Femenino,No,N/A,SOLO DAÑOS,Choque,No mantener distancia de seguridad,Calle 50  Sur Carrera 48,LAS VEGAS,Urbana,
2163568,12/22/2016,8:15 a.m.,jueves,BUS,PUBLICO,Conductor,Masculino,No,N/A,SOLO DAÑOS,Choque,No mantener distancia de seguridad,Carrera 40 Calle 38  Sur,ZONA CENTRO,Urbana,"(6.168682985, -75.585870246)"
2163568,12/22/2016,8:15 a.m.,jueves,AUTOMOVIL,PUBLICO,Conductor,Masculino,No,N/A,SOLO DAÑOS,Choque,No mantener distancia de seguridad,Carrera 40 Calle 38  Sur,ZONA CENTRO,Urbana,"(6.168682985, -75.585870246)"
2163559,12/22/2016,9:10 a.m.,jueves,MOTOCICLETA,PARTICULAR,Motociclista,Masculino,No,N/A,SOLO DAÑOS,Choque,No mantener distancia de seguridad,Calle 37  Sur Carrera 43 A,ZONA CENTRO,Urbana,"(6.171151654, -75.58815663)"
2163559,12/22/2016,9:10 a.m.,jueves,AUTOMOVIL,PUBLICO,Conductor,Masculino,No,N/A,SOLO DAÑOS,Choque,No mantener distancia de seguridad,Calle 37  Sur Carrera 43 A,ZONA CENTRO,Urbana,"(6.171151654, -75.58815663)"
2163553,12/22/2016,1:25 p.m.,jueves,AUTOMOVIL,PUBLICO,Conductor,Masculino,No,N/A,SOLO DAÑOS,Choque,No mantener distancia de seguridad,Carrera 33 Calle 27  Sur,MESA,Urbana,
2163553,12/22/2016,1:25 p.m.,jueves,AUTOMOVIL,PARTICULAR,Conductor,Femenino,No,N/A,SOLO DAÑOS,Choque,No mantener distancia de seguridad,Carrera 33 Calle 27  Sur,MESA,Urbana,
2163576,12/22/2016,1:40 p.m.,jueves,CAMIONETA,PARTICULAR,Conductor,Masculino,No,N/A,SOLO DAÑOS,Choque,No mantener distancia de seguridad,Carrera 43 A Calle 39  Sur,ZONA CENTRO,Urbana,"(6.169011071, -75.589484903)"
2163576,12/22/2016,1:40 p.m.,jueves,MOTOCICLETA,PARTICULAR,Motociclista,Masculino,No,N/A,SOLO DAÑOS,Choque,No mantener distancia de seguridad,Carrera 43 A Calle 39  Sur,ZONA CENTRO,Urbana,"(6.169011071, -75.589484903)"
2163578,12/22/2016,2:15 p.m.,jueves,AUTOMOVIL,PUBLICO,Conductor,Sin registro,No,N/A,SOLO DAÑOS,Choque,No mantener distancia de seguridad,Carrera 41 Calle 35  Sur,ZONA CENTRO,Urbana,"(6.171178893, -75.585314019)"
2163578,12/22/2016,2:15 p.m.,jueves,CAMIONETA,PARTICULAR,Conductor,Masculino,No,N/A,SOLO DAÑOS,Choque,No mantener distancia de seguridad,Carrera 41 Calle 35  Sur,ZONA CENTRO,Urbana,"(6.171178893, -75.585314019)"
2163555,12/22/2016,2:30 p.m.,jueves,CAMIONETA,PARTICULAR,Conductor,Masculino,No,N/A,SOLO DAÑOS,Choque,Desobedecer senales,Calle 40  Sur Carrera 46 A,ALCALA,Urbana,"(6.169204277, -75.594295389)"
2163555,12/22/2016,2:30 p.m.,jueves,CAMPERO,PARTICULAR,Conductor,Masculino,No,N/A,SOLO DAÑOS,Choque,Desobedecer senales,Calle 40  Sur Carrera 46 A,ALCALA,Urbana,"(6.169204277, -75.594295389)"
2163557,12/22/2016,2:45 p.m.,jueves,CAMIONETA,PARTICULAR,Conductor,Masculino,No,N/A,HERIDO,Choque,Semaforo en rojo,Carrera 43 A Transversal 27 A,LAS VEGAS,Urbana,"(6.178993539, -75.583605914)"
2163557,12/22/2016,2:45 p.m.,jueves,MOTOCICLETA,PARTICULAR,Motociclista,Masculino,No,N/A,HERIDO,Choque,Semaforo en rojo,Carrera 43 A Transversal 27 A,LAS VEGAS,Urbana,"(6.178993539, -75.583605914)"
2163590,12/22/2016,9:20 p.m.,jueves,AUTOMOVIL,PARTICULAR,Conductor,Masculino,No,N/A,HERIDO,Choque,Adelantar cerrando,Calle 46 A Sur Carrera 50,LAS VEGAS,Urbana,
2163590,12/22/2016,9:20 p.m.,jueves,MOTOCICLETA,PARTICULAR,Motociclista,Femenino,No,N/A,HERIDO,Choque,Adelantar cerrando,Calle 46 A Sur Carrera 50,LAS VEGAS,Urbana,
2163590,12/22/2016,9:20 p.m.,jueves,MOTOCICLETA,PARTICULAR,Motociclista,Femenino,No,N/A,HERIDO,Choque,Adelantar cerrando,Calle 46 A Sur Carrera 50,LAS VEGAS,Urbana,
2163590,12/22/2016,9:20 p.m.,jueves,MOTOCICLETA,PARTICULAR,Motociclista,Masculino,No,N/A,HERIDO,Choque,Adelantar cerrando,Calle 46 A Sur Carrera 50,LAS VEGAS,Urbana,
2163579,12/22/2016,10:35 p.m.,jueves,AUTOMOVIL,PUBLICO,Conductor,Masculino,No,N/A,HERIDO,Choque,No respetar prelacion,Calle 33 B Sur Carrera 45,EL PORTAL,Urbana,"(6.174167802, -75.587992107)"
2163579,12/22/2016,10:35 p.m.,jueves,MOTOCICLETA,PARTICULAR,Motociclista,Masculino,No,N/A,HERIDO,Choque,No respetar prelacion,Calle 33 B Sur Carrera 45,EL PORTAL,Urbana,"(6.174167802, -75.587992107)"
2163560,12/23/2016,2:15 a.m.,viernes,CAMIONETA,OFICIAL,Conductor,Masculino,No,N/A,SOLO DAÑOS,Choque,Reverso imprudente,Carrera 44 Calle 38 A Sur,ALCALA,Urbana,"(6.170005172, -75.58957757)"
2163560,12/23/2016,2:15 a.m.,viernes,AUTOMOVIL,PARTICULAR,Conductor,Masculino,Si,3,SOLO DAÑOS,Choque,Reverso imprudente,Carrera 44 Calle 38 A Sur,ALCALA,Urbana,"(6.170005172, -75.58957757)"
2163581,12/23/2016,10:10 a.m.,viernes,TRACTOCAMION,PUBLICO,Conductor,Masculino,No,N/A,SOLO DAÑOS,Choque,Girar bruscamente,Calle 30  Sur Carrera 46 A,JARDINES,Urbana,"(6.179166125, -75.587495869)"
2163581,12/23/2016,10:10 a.m.,viernes,CAMION,PUBLICO,Conductor,Masculino,No,N/A,SOLO DAÑOS,Choque,Girar bruscamente,Calle 30  Sur Carrera 46 A,JARDINES,Urbana,"(6.179166125, -75.587495869)"
2163577,12/23/2016,1:40 p.m.,viernes,CAMIONETA,PARTICULAR,Conductor,Masculino,No,N/A,SOLO DAÑOS,Choque,No mantener distancia de seguridad,Calle 21  Sur Carrera 43 A,ZU├æIGA,Urbana,"(6.18399286, -75.579597643)"
2163577,12/23/2016,1:40 p.m.,viernes,CAMIONETA,PARTICULAR,Conductor,Masculino,No,N/A,SOLO DAÑOS,Choque,No mantener distancia de seguridad,Calle 21  Sur Carrera 43 A,ZU├æIGA,Urbana,"(6.18399286, -75.579597643)"
2163573,12/23/2016,4:00 p.m.,viernes,AUTOMOVIL,PUBLICO,Conductor,Masculino,No,N/A,SOLO DAÑOS,Choque,Girar bruscamente,Carrera 42 B Calle 25  Sur,LAS ORQUIDEAS,Urbana,"(6.179579813, -75.580396889)"
2163573,12/23/2016,4:00 p.m.,viernes,AUTOMOVIL,PUBLICO,Conductor,Masculino,No,N/A,SOLO DAÑOS,Choque,Girar bruscamente,Carrera 42 B Calle 25  Sur,LAS ORQUIDEAS,Urbana,"(6.179579813, -75.580396889)"
2163574,12/23/2016,4:05 p.m.,viernes,CAMIONETA,PARTICULAR,Conductor,Masculino,No,N/A,SOLO DAÑOS,Choque,Exceso de velocidad,Transversal 32 C Sur Diagonal 29,LAS FLORES,Urbana,
2163574,12/23/2016,4:05 p.m.,viernes,MOTOCICLETA,PARTICULAR,Motociclista,Sin registro,No,N/A,SOLO DAÑOS,Choque,Exceso de velocidad,Transversal 32 C Sur Diagonal 29,LAS FLORES,Urbana,
2163598,12/23/2016,4:20 p.m.,viernes,AUTOMOVIL,PARTICULAR,Conductor,Masculino,No,N/A,SOLO DAÑOS,Choque,No mantener distancia de seguridad,Calle 35  Sur Carrera 41,ZONA CENTRO,Urbana,"(6.171300757, -75.585342241)"
2163598,12/23/2016,4:20 p.m.,viernes,AUTOMOVIL,PARTICULAR,Conductor,Femenino,No,N/A,SOLO DAÑOS,Choque,No mantener distancia de seguridad,Calle 35  Sur Carrera 41,ZONA CENTRO,Urbana,"(6.171300757, -75.585342241)"
2163580,12/23/2016,4:30 p.m.,viernes,MICROBUS,PUBLICO,Conductor,Masculino,No,N/A,HERIDO,Caida Ocupante,Otra,Calle 40  Sur Carrera 24 F,EL SALADO,Urbana,"(6.151179811, -75.577599332)"
2163571,12/23/2016,4:50 p.m.,viernes,AUTOMOVIL,PARTICULAR,Conductor,Femenino,No,N/A,SOLO DAÑOS,Choque,No respetar prelacion,Carrera 48 Calle 50  Sur,LAS VEGAS,Urbana,
2163571,12/23/2016,4:50 p.m.,viernes,MOTOCICLETA,PARTICULAR,Motociclista,Masculino,No,N/A,SOLO DAÑOS,Choque,No respetar prelacion,Carrera 48 Calle 50  Sur,LAS VEGAS,Urbana,
2163562,12/23/2016,5:20 p.m.,viernes,AUTOMOVIL,PARTICULAR,Conductor,Masculino,No,N/A,HERIDO,Choque,Reverso imprudente,Transversal 32 C Sur Diagonal 31,LAS FLORES,Urbana,"(6.174738982, -75.578581856)"
2163562,12/23/2016,5:20 p.m.,viernes,MOTOCICLETA,PARTICULAR,Motociclista,Masculino,No,N/A,HERIDO,Choque,Reverso imprudente,Transversal 32 C Sur Diagonal 31,LAS FLORES,Urbana,"(6.174738982, -75.578581856)"
2163570,12/23/2016,8:00 p.m.,viernes,CAMPERO,PARTICULAR,Conductor,Masculino,No,N/A,SOLO DAÑOS,Choque,Adelantar cerrando,Calle 38  Sur Carrera 41,ZONA CENTRO,Urbana,"(6.169244976, -75.586588065)"
2163570,12/23/2016,8:00 p.m.,viernes,CAMIONETA,PARTICULAR,Conductor,Masculino,No,N/A,SOLO DAÑOS,Choque,Adelantar cerrando,Calle 38  Sur Carrera 41,ZONA CENTRO,Urbana,"(6.169244976, -75.586588065)"
2163564,12/23/2016,8:50 p.m.,viernes,CAMPERO,PARTICULAR,Conductor,Masculino,No,N/A,SOLO DAÑOS,Choque,Impericia en el manejo,Calle 36  Sur Carrera 41,ZONA CENTRO,Urbana,"(6.170639628, -75.58578509)"
2163564,12/23/2016,8:50 p.m.,viernes,AUTOMOVIL,PARTICULAR,Conductor,Femenino,No,N/A,SOLO DAÑOS,Choque,Impericia en el manejo,Calle 36  Sur Carrera 41,ZONA CENTRO,Urbana,"(6.170639628, -75.58578509)"
2163569,12/23/2016,10:00 p.m.,viernes,CAMPERO,PARTICULAR,Conductor,Masculino,No,N/A,SOLO DAÑOS,Choque,No respetar prelacion,Calle 38  Sur Carrera 31,MESA,Urbana,"(6.165577674, -75.581121822)"
2163569,12/23/2016,10:00 p.m.,viernes,CAMIONETA,PARTICULAR,Conductor,Femenino,No,N/A,SOLO DAÑOS,Choque,No respetar prelacion,Calle 38  Sur Carrera 31,MESA,Urbana,"(6.165577674, -75.581121822)"
2170775,12/23/2016,10:00 p.m.,viernes,CAMIONETA,PARTICULAR,Conductor,Masculino,No,N/A,SOLO DAÑOS,Choque,Otra,Calle 23 B Sur Carrera 43 A,LAS VEGAS,Urbana,
2163566,12/24/2016,2:30 a.m.,sábado,CAMIONETA,PARTICULAR,Conductor,Masculino,No,N/A,SOLO DAÑOS,Choque,No mantener distancia de seguridad,Carrera 50 Calle 25 AA Sur,LAS VEGAS,Urbana,"(6.18564452, -75.586338909)"
2163566,12/24/2016,2:30 a.m.,sábado,CAMION,PUBLICO,Conductor,Masculino,No,N/A,SOLO DAÑOS,Choque,No mantener distancia de seguridad,Carrera 50 Calle 25 AA Sur,LAS VEGAS,Urbana,"(6.18564452, -75.586338909)"
2163586,12/24/2016,9:10 a.m.,sábado,BUS,PUBLICO,Conductor,Masculino,No,N/A,SOLO DAÑOS,Choque,Desobedecer senales,Calle 38 A Sur Carrera 44,ZONA CENTRO,Urbana,"(6.170343187, -75.58995471)"
2163586,12/24/2016,9:10 a.m.,sábado,AUTOMOVIL,PARTICULAR,Conductor,Femenino,No,N/A,SOLO DAÑOS,Choque,Desobedecer senales,Calle 38 A Sur Carrera 44,ZONA CENTRO,Urbana,"(6.170343187, -75.58995471)"
2163575,12/24/2016,10:30 a.m.,sábado,CAMION,PUBLICO,Conductor,Masculino,No,N/A,SOLO DAÑOS,Choque,Adelantar cerrando,Carrera 49 Calle 39  Sur,LAS VEGAS,Urbana,"(6.173609359, -75.597070569)"
2163575,12/24/2016,10:30 a.m.,sábado,MICROBUS,PUBLICO,Conductor,Masculino,No,N/A,SOLO DAÑOS,Choque,Adelantar cerrando,Carrera 49 Calle 39  Sur,LAS VEGAS,Urbana,"(6.173609359, -75.597070569)"
2163585,12/24/2016,11:15 a.m.,sábado,MOTOCICLETA,PARTICULAR,Motociclista,Sin registro,No,N/A,SOLO DAÑOS,Choque,Adelantar por la derecha,Carrera 40 Calle 35  Sur,ZONA CENTRO,Urbana,"(6.170776136, -75.584583255)"
2163585,12/24/2016,11:15 a.m.,sábado,BUS,PUBLICO,Conductor,Masculino,No,N/A,SOLO DAÑOS,Choque,Adelantar por la derecha,Carrera 40 Calle 35  Sur,ZONA CENTRO,Urbana,"(6.170776136, -75.584583255)"
2163561,12/24/2016,3:50 p.m.,sábado,BUS,PUBLICO,Conductor,Masculino,No,N/A,HERIDO,Caida Ocupante,Otra,Calle 41 A Sur Carrera 25,LA MINA,Urbana,"(6.157546483, -75.583386351)"
2163563,12/24/2016,3:55 p.m.,sábado,AUTOMOVIL,PARTICULAR,Conductor,Masculino,No,N/A,SOLO DAÑOS,Choque,Adelantar por la derecha,Carrera 43 A Transversal 27 A,AVENIDA EL POBLADO,Urbana,"(6.178993539, -75.583605914)"
2163563,12/24/2016,3:55 p.m.,sábado,MOTOCICLETA,PARTICULAR,Motociclista,Masculino,No,N/A,SOLO DAÑOS,Choque,Adelantar por la derecha,Carrera 43 A Transversal 27 A,AVENIDA EL POBLADO,Urbana,"(6.178993539, -75.583605914)"
2163567,12/24/2016,7:20 p.m.,sábado,MOTOCICLETA,PARTICULAR,Motociclista,Masculino,No,N/A,SOLO DAÑOS,Choque,Vehiculo mal estacionado,Carrera 30 Calle 39 D Sur,SAN JOSE,Urbana,"(6.163964222, -75.581376453)"
2163567,12/24/2016,7:20 p.m.,sábado,AUTOMOVIL,PARTICULAR,Conductor,Masculino,No,N/A,SOLO DAÑOS,Choque,Impericia en el manejo,Carrera 30 Calle 39 D Sur,SAN JOSE,Urbana,"(6.163964222, -75.581376453)"
2163567,12/24/2016,7:20 p.m.,sábado,AUTOMOVIL,PARTICULAR,Conductor,Masculino,No,N/A,SOLO DAÑOS,Choque,Vehiculo mal estacionado,Carrera 30 Calle 39 D Sur,SAN JOSE,Urbana,"(6.163964222, -75.581376453)"
2163567,12/24/2016,7:20 p.m.,sábado,CAMIONETA,PARTICULAR,Conductor,Femenino,No,N/A,SOLO DAÑOS,Choque,Impericia en el manejo,Carrera 30 Calle 39 D Sur,SAN JOSE,Urbana,"(6.163964222, -75.581376453)"
2163567,12/24/2016,7:20 p.m.,sábado,CAMIONETA,PARTICULAR,Conductor,Femenino,No,N/A,SOLO DAÑOS,Choque,Vehiculo mal estacionado,Carrera 30 Calle 39 D Sur,SAN JOSE,Urbana,"(6.163964222, -75.581376453)"
2163567,12/24/2016,7:20 p.m.,sábado,MOTOCICLETA,PARTICULAR,Motociclista,Masculino,No,N/A,SOLO DAÑOS,Choque,Impericia en el manejo,Carrera 30 Calle 39 D Sur,SAN JOSE,Urbana,"(6.163964222, -75.581376453)"
2170537,12/25/2016,1:00 a.m.,domingo,MOTOCICLETA,PARTICULAR,Motociclista,Masculino,No,N/A,HERIDO,Choque,Otra,Calle 29  Sur Carrera 27,ALTO DE MISAEL,Urbana,
2170537,12/25/2016,1:00 a.m.,domingo,CAMIONETA,PARTICULAR,Conductor,Masculino,No,N/A,HERIDO,Choque,Otra,Calle 29  Sur Carrera 27,ALTO DE MISAEL,Urbana,
2163565,12/25/2016,2:40 a.m.,domingo,AUTOMOVIL,PARTICULAR,Conductor,Masculino,No,N/A,HERIDO,Choque,Desobedecer senales,Calle 39  Sur Carrera 41,ZONA CENTRO,Urbana,"(6.167870042, -75.587448707)"
2163565,12/25/2016,2:40 a.m.,domingo,CAMIONETA,PARTICULAR,Conductor,Femenino,No,N/A,HERIDO,Choque,Semaforo en rojo,Calle 39  Sur Carrera 41,ZONA CENTRO,Urbana,"(6.167870042, -75.587448707)"
2163565,12/25/2016,2:40 a.m.,domingo,CAMIONETA,PARTICULAR,Conductor,Femenino,No,N/A,HERIDO,Choque,Desobedecer senales,Calle 39  Sur Carrera 41,ZONA CENTRO,Urbana,"(6.167870042, -75.587448707)"
2163565,12/25/2016,2:40 a.m.,domingo,AUTOMOVIL,PARTICULAR,Conductor,Masculino,No,N/A,HERIDO,Choque,Semaforo en rojo,Calle 39  Sur Carrera 41,ZONA CENTRO,Urbana,"(6.167870042, -75.587448707)"
2163572,12/25/2016,2:00 p.m.,domingo,AUTOMOVIL,PUBLICO,Conductor,Masculino,No,N/A,SOLO DAÑOS,Choque,Poner en marcha un vehiculo sin precauci,Calle 40  Sur Carrera 24,EL SALADO,Urbana,"(6.147263187, -75.576335752)"